,corp_brand_id,corporate_brand,material_type,level,date,snapshot_date,Brand_ΔFIP_%,Brand_Abs_Impact,Brand_MT_Abs_Impact,Net_vs_Abs_Ratio,Signal_SKU_%,Impact_from_Signal_%,Top_1_SKU_%,Top_5_SKU_%,Top_10_SKU_%,Plant_Concentration_%,Qty_Impact_%,Cost_Impact_%,Weighted_Dominance,Driver_Conflict_%,Avg_Persistence,Structural_Shift_Index,MaterialType_Impact_%,Actionability_Index,Ownership_Clarity_Index,Explainability_Score
544,00201790,All Other Pharmaceut,,BRAND,202612,2025-07-18,,0.0,,,100.0,,,,,,,,,0.0,0.0,0.0,,,,
545,00201790,All Other Pharmaceut,,BRAND,202612,2025-07-25,-0.1,2308031.81,,5.0,44.03,100.0,10.88,42.79,62.99,48.36,100.0,-0.0,1.0,19.39,0.1,0.0,,42.79,100.0,35.07
546,00201790,All Other Pharmaceut,,BRAND,202612,2025-08-01,-0.18,1559786.84,,14.14,44.01,100.0,26.93,52.96,67.43,50.24,100.0,-0.0,1.0,19.41,0.14,0.0,,52.96,100.0,39.26
547,00201790,All Other Pharmaceut,,BRAND,202612,2025-08-08,15.99,26733370.42,,71.23,44.7,100.0,29.8,72.52,87.25,56.1,100.0,0.0,1.0,28.37,0.22,0.0,,72.52,100.0,47.62
548,00201790,All Other Pharmaceut,,BRAND,202612,2025-08-15,-4.31,9201404.04,,65.78,45.0,100.0,30.93,74.01,84.71,49.68,100.0,-0.0,1.0,27.78,0.22,0.0,,74.01,100.0,48.34
549,00201790,All Other Pharmaceut,,BRAND,202612,2025-08-22,-1.2,3256743.43,,49.45,45.04,100.0,21.73,50.68,63.19,73.47,100.0,-0.0,1.0,29.97,0.26,0.0,,50.68,100.0,39.16
550,00201790,All Other Pharmaceut,,BRAND,202612,2025-08-26,,0.0,,,45.31,,,,,,,,,0.0,0.0,0.0,,,,
551,00201790,All Other Pharmaceut,,BRAND,202612,2025-08-29,2.59,6200958.35,,55.55,43.58,91.7,27.71,66.49,78.55,51.54,100.0,0.0,1.0,26.56,0.15,0.0,,60.97,100.0,44.54
552,00201790,All Other Pharmaceut,,BRAND,202612,2025-09-05,-2.6,5426642.11,,65.44,43.14,55.46,37.83,77.35,84.83,68.0,100.0,-0.0,1.0,21.35,0.18,1.24,,42.9,100.0,48.8
553,00201790,All Other Pharmaceut,,BRAND,202612,2025-09-12,-1.17,6685807.11,,23.33,42.23,76.67,11.47,45.67,67.6,67.99,100.0,-0.0,1.0,24.0,0.25,1.49,,35.01,100.0,36.0
554,00201790,All Other Pharmaceut,,BRAND,202612,2025-09-18,9.0,29751678.31,,36.18,40.74,86.42,57.38,74.25,81.84,79.26,100.0,0.0,1.0,36.31,0.46,1.53,,64.17,100.0,47.54
555,00201790,All Other Pharmaceut,,BRAND,202612,2025-09-19,-0.35,4245305.91,,10.92,39.83,65.32,26.21,42.99,54.77,66.83,100.0,-0.0,1.0,26.56,0.43,1.56,,28.08,100.0,34.55
556,00201790,All Other Pharmaceut,,BRAND,202612,2025-09-26,-0.17,6301729.05,,3.5,64.88,76.53,14.15,48.73,62.72,50.01,100.0,-0.0,1.0,27.2,0.5,1.1,,37.29,100.0,47.1
557,00201790,All Other Pharmaceut,,BRAND,202612,2025-10-03,-0.23,5137385.34,,5.8,53.63,67.92,17.36,52.42,63.98,58.85,100.0,-0.0,1.0,19.37,0.3,0.76,,35.6,100.0,43.42
558,00201790,All Other Pharmaceut,,BRAND,202612,2025-10-10,0.0,0.0,,,43.55,,,,,,,,,0.0,0.0,0.0,,,,
559,00201790,All Other Pharmaceut,,BRAND,202612,2025-10-17,-0.42,9618159.0,,5.63,41.63,85.98,7.99,32.61,45.66,40.96,100.0,-0.0,1.0,41.83,0.27,0.0,,28.04,100.0,30.6
560,00201790,All Other Pharmaceut,,BRAND,202612,2025-10-24,-0.37,5876427.8,,8.37,41.08,80.09,12.78,40.86,52.94,49.42,100.0,-0.0,1.0,28.97,0.37,2.9,,32.72,100.0,33.99
561,00201790,All Other Pharmaceut,,BRAND,202612,2025-10-31,1.55,6624286.68,,30.97,42.46,91.78,19.4,69.46,78.97,37.48,100.0,0.0,1.0,24.52,0.29,1.23,,63.75,100.0,45.74
562,00201790,All Other Pharmaceut,,BRAND,202612,2025-11-07,2.04,7020527.16,,39.08,42.42,69.61,22.61,58.0,68.79,28.64,100.0,0.0,1.0,30.48,0.32,1.14,,40.37,100.0,41.24
563,00201790,All Other Pharmaceut,,BRAND,202612,2025-11-14,-1.27,5458515.77,,31.99,41.27,74.22,28.61,54.77,66.9,31.74,100.0,-0.0,1.0,26.56,0.29,1.76,,40.65,100.0,39.39
564,00201790,All Other Pharmaceut,,BRAND,202612,2025-11-19,72.98,104214026.87,,92.62,40.68,8.9,89.37,93.99,95.32,89.97,100.0,0.0,1.0,38.1,0.48,3.21,,8.36,100.0,55.48
565,00201790,All Other Pharmaceut,,BRAND,202612,2025-11-21,68.26,98152077.85,,94.86,39.5,3.88,94.81,98.2,98.71,96.63,100.0,0.0,1.0,21.45,0.36,1.96,,3.81,100.0,56.29
566,00201790,All Other Pharmaceut,,BRAND,202612,2025-11-28,-47.56,111143056.13,,98.22,42.93,99.56,83.74,98.15,98.76,84.04,100.0,-0.0,1.0,28.22,0.36,1.34,,97.72,100.0,57.62
567,00201790,All Other Pharmaceut,,BRAND,202612,2025-12-05,-1.17,6316420.3,,22.33,45.77,59.96,32.7,60.73,71.19,53.12,100.0,-0.0,1.0,25.9,0.35,1.8,,36.41,100.0,43.75
568,00201790,All Other Pharmaceut,,BRAND,202612,2025-12-12,0.78,3263827.24,,29.09,46.38,80.98,20.7,41.17,51.77,43.87,100.0,0.0,1.0,31.89,0.37,1.47,,33.34,100.0,36.26
569,00201790,All Other Pharmaceut,,BRAND,202612,2025-12-17,-47.45,118896294.55,,91.94,45.6,83.19,78.29,94.12,95.26,78.67,100.0,-0.0,1.0,33.23,0.5,2.09,,78.29,100.0,57.56
570,00201790,All Other Pharmaceut,,BRAND,202612,2025-12-19,202.22,887544729.21,,99.18,43.14,99.76,99.05,99.46,99.61,99.24,100.0,0.0,1.0,26.05,0.42,1.47,,99.22,100.0,58.43
571,00201790,All Other Pharmaceut,,BRAND,202612,2025-12-26,1.22,21524961.6,,74.8,46.04,78.36,49.43,85.03,92.7,68.08,100.0,0.0,1.0,25.79,0.31,0.69,,66.63,100.0,53.45
572,00201790,All Other Pharmaceut,,BRAND,202612,2026-01-02,0.45,10561953.96,,56.71,54.31,81.23,9.87,33.48,51.37,44.66,24.1,77.17,-0.44,48.73,0.27,0.85,,27.19,53.08,36.0
573,00201790,All Other Pharmaceut,,BRAND,202612,2026-01-09,-8.07,13721299.42,,86.69,49.38,99.14,85.51,90.31,93.01,91.64,100.0,-0.0,1.0,20.44,0.23,0.09,,89.53,100.0,56.66
574,00201790,All Other Pharmaceut,,BRAND,202612,2026-01-16,-14.71,34811342.86,,55.18,46.7,59.96,16.99,56.24,67.4,29.69,100.0,-0.0,1.0,41.44,0.4,0.74,,33.72,100.0,42.5
575,00201790,All Other Pharmaceut,,BRAND,202612,2026-01-23,-76.23,345520977.11,,94.66,40.23,2.28,90.32,93.87,95.25,91.07,-141.71,94.21,0.26,42.82,0.66,4.02,,2.14,235.92,55.83
576,00201790,All Other Pharmaceut,,BRAND,202612,2026-01-30,-3.39,9604459.43,,38.69,44.96,13.87,50.59,74.84,81.94,53.0,100.0,-0.0,1.0,20.88,0.4,2.96,,10.38,100.0,49.26
577,00201790,All Other Pharmaceut,,BRAND,202612,2026-02-06,1.92,14618161.84,,14.03,50.68,45.87,23.22,57.61,68.29,42.75,136.24,-36.24,0.9,27.08,0.33,0.0,,26.43,172.48,44.43
578,00201790,All Other Pharmaceut,,BRAND,202712,2025-07-18,,0.0,,,100.0,,,,,,,,,0.0,0.0,0.0,,,,
579,00201790,All Other Pharmaceut,,BRAND,202712,2025-07-25,-0.14,2164997.13,,7.84,44.03,100.0,11.6,47.16,68.73,46.94,100.0,-0.0,1.0,19.39,0.1,0.0,,47.16,100.0,36.82
580,00201790,All Other Pharmaceut,,BRAND,202712,2025-08-01,-0.18,1553848.13,,14.24,44.01,100.0,27.04,53.63,70.41,52.65,100.0,-0.0,1.0,19.18,0.14,0.0,,53.63,100.0,39.53
581,00201790,All Other Pharmaceut,,BRAND,202712,2025-08-08,28.08,42557880.66,,81.4,44.7,100.0,40.23,78.21,89.4,46.25,100.0,0.0,1.0,29.03,0.22,0.0,,78.21,100.0,49.9
582,00201790,All Other Pharmaceut,,BRAND,202712,2025-08-15,-13.69,24568676.57,,89.42,45.0,100.0,69.68,88.03,92.89,80.11,100.0,-0.0,1.0,27.89,0.22,0.0,,88.03,100.0,53.95
583,00201790,All Other Pharmaceut,,BRAND,202712,2025-08-22,-1.04,3372597.03,,42.87,45.04,100.0,20.99,50.32,62.86,68.45,100.0,-0.0,1.0,30.4,0.27,0.0,,50.32,100.0,39.03
584,00201790,All Other Pharmaceut,,BRAND,202712,2025-08-26,,0.0,,,45.31,,,,,,,,,0.0,0.0,0.0,,,,
585,00201790,All Other Pharmaceut,,BRAND,202712,2025-08-29,2.6,6104244.69,,58.31,43.77,90.5,28.15,67.54,79.41,51.57,100.0,0.0,1.0,26.44,0.15,0.0,,61.13,100.0,45.03
586,00201790,All Other Pharmaceut,,BRAND,202712,2025-09-05,-2.6,5456102.94,,67.14,43.09,57.85,37.63,77.24,85.74,67.64,100.0,-0.0,1.0,21.48,0.18,1.46,,44.68,100.0,48.74
587,00201790,All Other Pharmaceut,,BRAND,202712,2025-09-12,-1.26,6790591.19,,25.47,42.81,75.61,11.29,47.17,69.06,68.57,100.0,-0.0,1.0,24.24,0.24,1.24,,35.67,100.0,36.8
588,00201790,All Other Pharmaceut,,BRAND,202712,2025-09-18,8.73,29827435.8,,36.24,41.36,81.62,57.24,74.07,82.84,79.83,100.0,0.0,1.0,35.53,0.44,1.16,,60.46,100.0,47.64
589,00201790,All Other Pharmaceut,,BRAND,202712,2025-09-19,-0.21,4191144.27,,6.64,40.4,65.96,26.55,43.23,52.97,68.29,100.0,-0.0,1.0,26.42,0.41,1.54,,28.51,100.0,34.81
590,00201790,All Other Pharmaceut,,BRAND,202712,2025-09-26,-0.05,6339566.97,,0.95,65.42,65.34,14.07,48.44,62.34,49.55,100.0,-0.0,1.0,27.38,0.49,0.95,,31.65,100.0,47.16
591,00201790,All Other Pharmaceut,,BRAND,202712,2025-10-03,-0.18,5079477.97,,4.59,53.74,50.44,17.56,53.01,64.71,58.15,100.0,-0.0,1.0,19.14,0.3,0.76,,26.74,100.0,43.69
592,00201790,All Other Pharmaceut,,BRAND,202712,2025-10-10,0.0,0.0,,,43.4,,,,,,,,,0.0,0.0,0.0,,,,
593,00201790,All Other Pharmaceut,,BRAND,202712,2025-10-17,-0.69,9604799.02,,9.54,41.63,78.86,8.0,32.65,45.73,40.97,100.0,-0.0,1.0,41.71,0.27,0.0,,25.75,100.0,30.61
594,00201790,All Other Pharmaceut,,BRAND,202712,2025-10-24,-1.97,7476592.83,,36.01,41.03,62.09,12.63,45.42,57.93,40.24,100.0,-0.0,1.0,29.81,0.37,2.67,,28.2,100.0,35.81
595,00201790,All Other Pharmaceut,,BRAND,202712,2025-10-31,1.31,6317502.04,,27.83,42.42,73.97,20.35,71.93,80.05,39.3,100.0,0.0,1.0,24.78,0.29,1.35,,53.21,100.0,46.71
596,00201790,All Other Pharmaceut,,BRAND,202712,2025-11-07,3.52,7333950.79,,65.3,42.37,60.37,21.64,57.66,68.51,26.06,100.0,0.0,1.0,30.4,0.32,1.26,,34.81,100.0,41.07
597,00201790,All Other Pharmaceut,,BRAND,202712,2025-11-14,-1.59,5559401.76,,40.59,41.66,74.09,28.1,54.49,65.91,35.2,100.0,-0.0,1.0,26.31,0.28,2.1,,40.37,100.0,39.41
598,00201790,All Other Pharmaceut,,BRAND,202712,2025-11-19,70.55,105106671.37,,91.35,40.53,9.65,88.56,93.41,95.34,89.38,100.0,0.0,1.0,37.87,0.48,3.11,,9.01,100.0,55.16
599,00201790,All Other Pharmaceut,,BRAND,202712,2025-11-21,66.65,98202491.77,,94.81,39.35,3.84,94.74,98.09,98.51,96.61,100.0,0.0,1.0,22.02,0.37,1.6,,3.76,100.0,56.22
600,00201790,All Other Pharmaceut,,BRAND,202712,2025-11-28,-47.03,111467701.74,,98.22,43.03,99.56,83.47,97.92,98.48,83.69,100.0,-0.0,1.0,30.73,0.35,1.01,,97.49,100.0,57.55
601,00201790,All Other Pharmaceut,,BRAND,202712,2025-12-05,-1.6,6147105.35,,32.06,45.68,55.88,33.6,62.4,71.85,52.87,100.0,-0.0,1.0,26.55,0.34,1.7,,34.87,100.0,44.36
602,00201790,All Other Pharmaceut,,BRAND,202712,2025-12-12,0.63,3188835.26,,24.2,46.61,73.24,21.18,39.88,50.03,38.3,100.0,0.0,1.0,31.35,0.37,1.17,,29.2,100.0,35.82
603,00201790,All Other Pharmaceut,,BRAND,202712,2025-12-17,-48.22,118489990.62,,95.1,45.87,84.16,78.51,94.35,95.53,78.86,100.0,-0.0,1.0,34.52,0.5,1.68,,79.41,100.0,57.76
604,00201790,All Other Pharmaceut,,BRAND,202712,2025-12-19,281.6,360198525.5,,97.45,43.41,99.47,97.76,98.77,99.06,98.18,100.0,0.0,1.0,28.18,0.43,1.36,,98.24,100.0,58.31
605,00201790,All Other Pharmaceut,,BRAND,202712,2025-12-26,43.29,211315721.1,,97.29,45.91,98.16,90.21,98.51,99.29,90.25,100.0,0.0,1.0,23.59,0.29,0.59,,96.7,100.0,58.74
606,00201790,All Other Pharmaceut,,BRAND,202712,2026-01-02,0.79,9335512.11,,57.42,54.36,78.39,20.42,42.08,55.54,44.82,26.84,74.13,-0.42,50.0,0.27,0.75,,32.99,47.29,39.49
607,00201790,All Other Pharmaceut,,BRAND,202712,2026-01-09,-7.8,13396883.14,,84.82,49.52,99.25,86.87,91.32,93.71,93.78,100.0,-0.0,1.0,20.85,0.23,0.0,,90.64,100.0,57.12
608,00201790,All Other Pharmaceut,,BRAND,202712,2026-01-16,-22.89,45872259.29,,65.11,46.29,56.92,18.44,60.28,75.15,35.9,100.0,-0.0,1.0,42.8,0.41,0.25,,34.31,100.0,44.0
609,00201790,All Other Pharmaceut,,BRAND,202712,2026-01-23,-23.9,46691947.15,,59.83,39.48,24.77,17.75,53.93,66.12,38.16,-3605.4,-14.05,0.84,43.19,0.67,2.93,,13.36,3591.35,39.59
610,00201790,All Other Pharmaceut,,BRAND,202712,2026-01-30,-6.87,10013888.98,,69.51,44.38,19.58,45.97,70.28,82.36,48.69,100.0,-0.0,1.0,22.45,0.43,3.39,,13.76,100.0,47.29
611,00201790,All Other Pharmaceut,,BRAND,202712,2026-02-06,0.85,12044144.1,,6.7,49.72,42.54,28.18,54.73,67.38,29.34,220.35,-120.35,0.84,25.2,0.35,0.0,,23.28,340.7,42.95
612,00201790,All Other Pharmaceut,,BRAND,202812,2025-07-18,,0.0,,,100.0,,,,,,,,,0.0,0.0,0.0,,,,
613,00201790,All Other Pharmaceut,,BRAND,202812,2025-07-25,-0.03,8423410.24,,0.57,66.96,100.0,37.73,82.92,90.28,48.49,100.0,-0.0,1.0,24.23,0.2,0.0,,82.92,100.0,60.6
614,00201790,All Other Pharmaceut,,BRAND,202812,2025-08-01,-0.15,1566330.21,,13.15,66.96,100.0,26.82,53.21,69.85,51.99,100.0,-0.0,1.0,24.96,0.28,0.0,,53.21,100.0,49.0
615,00201790,All Other Pharmaceut,,BRAND,202812,2025-08-08,12.68,31739589.53,,54.86,69.45,100.0,53.94,85.09,93.14,53.94,100.0,0.0,1.0,28.93,0.37,0.0,,85.09,100.0,63.04
616,00201790,All Other Pharmaceut,,BRAND,202812,2025-08-15,-11.23,28373449.1,,68.0,69.36,100.0,60.34,89.22,93.42,60.34,100.0,-0.0,1.0,33.42,0.4,0.0,,89.22,100.0,64.78
617,00201790,All Other Pharmaceut,,BRAND,202812,2025-08-22,-0.87,3393002.38,,38.98,69.32,100.0,20.86,50.94,63.75,66.12,100.0,-0.0,1.0,36.29,0.49,0.0,,50.94,100.0,49.73
618,00201790,All Other Pharmaceut,,BRAND,202812,2025-08-26,,0.0,,,69.62,,,,,,,,,0.0,0.0,0.0,,,,
619,00201790,All Other Pharmaceut,,BRAND,202812,2025-08-29,2.25,5844209.49,,58.22,67.12,97.99,29.4,70.55,80.64,54.41,100.0,0.0,1.0,31.73,0.27,0.0,,69.13,100.0,55.97
620,00201790,All Other Pharmaceut,,BRAND,202812,2025-09-05,-2.3,5399937.86,,65.84,65.83,56.7,38.02,78.04,86.42,68.34,100.0,-0.0,1.0,26.02,0.34,1.08,,44.25,100.0,58.67
621,00201790,All Other Pharmaceut,,BRAND,202812,2025-09-12,-1.51,6375592.46,,35.81,65.17,81.37,12.03,50.25,71.27,73.04,100.0,-0.0,1.0,29.23,0.43,0.81,,40.88,100.0,47.61
622,00201790,All Other Pharmaceut,,BRAND,202812,2025-09-18,8.03,27287162.62,,40.41,62.01,82.97,62.57,79.46,87.33,81.97,100.0,0.0,1.0,36.45,0.72,1.42,,65.93,100.0,58.99
623,00201790,All Other Pharmaceut,,BRAND,202812,2025-09-19,0.05,2207588.17,,3.16,61.39,51.78,9.02,34.4,50.13,73.81,100.0,0.0,1.0,23.5,0.59,1.58,,17.81,100.0,40.3
624,00201790,All Other Pharmaceut,,BRAND,202812,2025-09-26,0.01,6508138.46,,0.28,65.33,70.49,13.71,47.19,60.73,49.6,100.0,0.0,1.0,27.69,0.49,0.95,,33.26,100.0,46.64
625,00201790,All Other Pharmaceut,,BRAND,202812,2025-10-03,-0.1,5144353.13,,2.86,65.45,48.96,17.34,52.35,63.89,58.18,100.0,-0.0,1.0,26.19,0.5,1.09,,25.63,100.0,48.79
626,00201790,All Other Pharmaceut,,BRAND,202812,2025-10-10,0.0,0.0,,,65.47,,,,,,,,,0.0,0.0,0.0,,,,
627,00201790,All Other Pharmaceut,,BRAND,202812,2025-10-17,-0.32,9089480.44,,5.18,63.6,73.62,8.45,34.5,47.01,42.05,100.0,-0.0,1.0,39.89,0.4,0.0,,25.4,100.0,40.58
628,00201790,All Other Pharmaceut,,BRAND,202812,2025-10-24,-1.84,8445343.2,,33.41,61.73,74.98,18.88,46.78,62.31,40.05,100.0,-0.0,1.0,31.7,0.59,3.37,,35.08,100.0,45.38
629,00201790,All Other Pharmaceut,,BRAND,202812,2025-10-31,1.28,6132952.48,,31.33,64.34,74.35,20.96,74.1,82.46,40.48,100.0,0.0,1.0,24.16,0.46,1.74,,55.09,100.0,56.91
630,00201790,All Other Pharmaceut,,BRAND,202812,2025-11-07,2.29,6008853.13,,58.14,65.88,75.93,26.41,68.81,77.84,27.69,100.0,0.0,1.0,31.11,0.48,1.34,,52.25,100.0,55.47
631,00201790,All Other Pharmaceut,,BRAND,202812,2025-11-14,-0.65,4302903.42,,23.63,65.64,91.46,36.3,65.11,75.56,41.18,100.0,-0.0,1.0,26.57,0.44,2.27,,59.55,100.0,53.77
632,00201790,All Other Pharmaceut,,BRAND,202812,2025-11-19,62.75,106125831.7,,90.07,63.78,11.05,87.71,93.37,95.42,88.37,100.0,0.0,1.0,38.68,0.75,3.7,,10.32,100.0,65.35
633,00201790,All Other Pharmaceut,,BRAND,202812,2025-11-21,59.58,97946847.03,,94.75,59.35,3.72,94.94,98.3,98.72,96.75,100.0,0.0,1.0,19.73,0.56,1.77,,3.65,100.0,64.93
634,00201790,All Other Pharmaceut,,BRAND,202812,2025-11-28,-44.12,111179401.53,,98.63,65.41,99.6,83.64,98.13,98.7,83.9,100.0,-0.0,1.0,29.32,0.52,1.07,,97.74,100.0,67.16
635,00201790,All Other Pharmaceut,,BRAND,202812,2025-12-05,8.87,15680958.56,,78.57,65.59,21.13,76.64,87.93,91.36,83.16,100.0,0.0,1.0,30.41,0.56,2.47,,18.58,100.0,63.29
636,00201790,All Other Pharmaceut,,BRAND,202812,2025-12-12,0.58,2639434.14,,33.39,64.84,83.62,25.59,45.05,56.1,42.52,100.0,0.0,1.0,25.03,0.55,2.21,,37.67,100.0,45.78
637,00201790,All Other Pharmaceut,,BRAND,202812,2025-12-17,-39.01,104775117.59,,92.87,64.16,98.25,88.76,93.36,94.74,89.21,100.0,-0.0,1.0,40.81,0.87,2.65,,91.72,100.0,65.9
638,00201790,All Other Pharmaceut,,BRAND,202812,2025-12-19,-3.05,13531436.16,,34.43,59.11,28.62,34.34,68.39,76.57,52.66,100.0,-0.0,1.0,26.62,0.69,2.56,,19.58,100.0,53.3
639,00201790,All Other Pharmaceut,,BRAND,202812,2025-12-26,2.88,9751071.04,,43.5,64.01,77.27,47.96,83.09,90.31,47.97,100.0,0.0,1.0,17.68,0.39,0.69,,64.2,100.0,60.14
640,00201790,All Other Pharmaceut,,BRAND,202812,2026-01-02,4.52,10591448.98,,64.65,81.13,87.13,40.62,59.43,69.32,40.62,11.88,90.84,-0.61,25.03,0.19,0.44,,51.79,78.96,56.87
641,00201790,All Other Pharmaceut,,BRAND,202812,2026-01-09,-8.9,17104562.94,,85.67,60.62,99.57,88.77,92.12,94.09,94.17,100.0,-0.0,1.0,17.71,0.23,0.08,,91.73,100.0,61.87
642,00201790,All Other Pharmaceut,,BRAND,202812,2026-01-16,-25.43,50332101.86,,74.0,48.61,59.98,18.58,62.56,75.46,33.74,100.0,-0.0,1.0,43.62,0.41,0.36,,37.52,100.0,45.84
643,00201790,All Other Pharmaceut,,BRAND,202812,2026-01-23,-35.46,68136152.11,,76.34,42.66,42.25,21.15,62.97,77.45,48.11,-916.88,-13.87,0.88,22.36,0.49,1.22,,26.6,903.01,43.89
644,00201790,All Other Pharmaceut,,BRAND,202812,2026-01-30,-4.72,8936465.85,,56.84,47.74,19.76,43.81,66.42,76.78,48.37,100.0,-0.0,1.0,27.55,0.34,1.46,,13.12,100.0,46.8
645,00201790,All Other Pharmaceut,,BRAND,202812,2026-02-06,0.48,12967829.7,,3.81,51.59,54.88,26.18,46.59,58.98,33.04,200.98,-100.98,0.92,29.8,0.32,0.0,,25.57,301.96,40.34
11100,03302043,ABRAXANE,,BRAND,202612,2025-07-18,,0.0,,,100.0,,,,,,,,,0.0,0.0,0.0,,,,
11101,03302043,ABRAXANE,,BRAND,202612,2025-07-25,6.48,8848301.26,,72.68,97.16,100.0,26.76,76.88,98.03,71.6,100.0,0.0,1.0,25.55,0.25,0.0,,76.88,100.0,70.45
11102,03302043,ABRAXANE,,BRAND,202612,2025-08-01,-4.17,14676118.95,,30.01,97.14,100.0,22.97,61.4,77.26,53.95,100.0,-0.0,1.0,41.91,0.49,0.0,,61.4,100.0,65.06
11103,03302043,ABRAXANE,,BRAND,202612,2025-08-08,2.72,20394410.21,,13.51,97.14,100.0,13.67,44.66,61.95,32.83,100.0,0.0,1.0,69.85,0.84,0.0,,44.66,100.0,59.51
11104,03302043,ABRAXANE,,BRAND,202612,2025-08-15,3.22,17691190.88,,18.91,97.12,100.0,17.08,55.83,81.05,58.9,100.0,0.0,1.0,37.78,0.55,0.0,,55.83,100.0,63.0
11105,03302043,ABRAXANE,,BRAND,202612,2025-08-22,-2.9,28668710.13,,10.84,97.14,100.0,19.88,64.44,88.32,78.08,100.0,-0.0,1.0,34.56,0.45,0.0,,64.44,100.0,66.13
11106,03302043,ABRAXANE,,BRAND,202612,2025-08-26,,0.0,,,97.14,,,,,,,,,0.0,0.0,0.0,,,,
11107,03302043,ABRAXANE,,BRAND,202612,2025-08-29,2.69,15918947.18,,17.62,94.29,42.3,39.47,77.03,93.97,83.74,100.0,0.0,1.0,29.55,0.31,0.0,,32.58,100.0,69.58
11108,03302043,ABRAXANE,,BRAND,202612,2025-09-05,2.35,14260095.65,,17.63,87.14,80.72,10.12,42.17,70.92,36.74,100.0,0.0,1.0,55.74,0.73,0.82,,34.04,100.0,54.15
11109,03302043,ABRAXANE,,BRAND,202612,2025-09-12,-1.55,28028462.68,,6.05,81.43,62.82,25.81,75.87,90.59,40.66,100.0,-0.0,1.0,37.72,0.56,0.88,,47.66,100.0,64.78
11110,03302043,ABRAXANE,,BRAND,202612,2025-09-18,-8.38,39925776.38,,23.45,75.71,39.13,15.74,48.47,69.53,48.39,100.0,-0.0,1.0,66.04,1.14,2.83,,18.97,100.0,53.48
11111,03302043,ABRAXANE,,BRAND,202612,2025-09-19,-7.81,24694654.72,,34.12,75.71,34.83,25.44,77.5,92.32,61.12,100.0,-0.0,1.0,22.64,0.64,0.94,,26.99,100.0,63.4
11112,03302043,ABRAXANE,,BRAND,202612,2025-09-26,2.78,5734023.11,,47.22,90.37,85.46,21.11,83.14,91.87,88.68,100.0,0.0,1.0,27.05,0.47,0.0,,71.05,100.0,70.98
11113,03302043,ABRAXANE,,BRAND,202612,2025-10-03,-4.08,24928454.2,,16.37,80.85,73.69,15.88,45.41,68.27,49.06,100.0,-0.0,1.0,55.26,0.85,1.75,,33.46,100.0,53.34
11114,03302043,ABRAXANE,,BRAND,202612,2025-10-10,0.0,0.0,,,82.76,,,,,,,,,0.0,0.0,0.0,,,,
11115,03302043,ABRAXANE,,BRAND,202612,2025-10-17,1.55,34326316.65,,4.63,81.94,56.67,19.79,49.18,71.48,58.86,100.0,0.0,1.0,63.56,0.67,0.0,,27.87,100.0,54.69
11116,03302043,ABRAXANE,,BRAND,202612,2025-10-24,7.61,24873008.52,,29.73,73.61,64.6,27.0,58.37,82.59,66.32,100.0,0.0,1.0,41.51,0.78,4.72,,37.71,100.0,55.39
11117,03302043,ABRAXANE,,BRAND,202612,2025-10-31,2.4,5499948.16,,45.88,81.38,27.69,56.8,88.02,95.99,56.93,100.0,0.0,1.0,20.34,0.35,0.0,,24.37,100.0,68.93
11118,03302043,ABRAXANE,,BRAND,202612,2025-11-07,0.15,12699563.57,,1.33,79.58,69.57,13.44,49.06,66.81,36.11,100.0,0.0,1.0,59.29,0.77,0.0,,34.13,100.0,54.04
11119,03302043,ABRAXANE,,BRAND,202612,2025-11-14,-3.21,11666522.24,,30.3,77.3,64.61,26.42,56.62,79.18,32.66,100.0,-0.0,1.0,27.52,0.41,0.0,,36.58,100.0,54.94
11120,03302043,ABRAXANE,,BRAND,202612,2025-11-19,0.72,36687083.69,,2.05,77.3,67.95,23.96,65.54,79.16,46.87,100.0,0.0,1.0,60.55,1.0,1.83,,44.53,100.0,60.47
11121,03302043,ABRAXANE,,BRAND,202612,2025-11-21,69.94,93517233.19,,79.71,73.94,13.59,47.6,91.26,98.34,48.07,100.0,0.0,1.0,20.95,0.53,0.95,,12.4,100.0,67.84
11122,03302043,ABRAXANE,,BRAND,202612,2025-11-28,-23.38,59010740.82,,71.77,84.4,17.57,75.44,92.61,96.53,78.05,100.0,-0.0,1.0,35.29,0.52,0.0,,16.27,100.0,72.53
11123,03302043,ABRAXANE,,BRAND,202612,2025-12-05,-7.71,53022088.78,,20.18,81.56,47.38,31.05,80.2,89.39,84.38,100.0,-0.0,1.0,51.3,0.72,0.0,,38.0,100.0,67.09
11124,03302043,ABRAXANE,,BRAND,202612,2025-12-12,-0.18,24210556.16,,0.95,72.14,74.91,22.34,79.04,94.65,74.42,100.0,-0.0,1.0,25.74,0.49,0.0,,59.21,100.0,62.12
11125,03302043,ABRAXANE,,BRAND,202612,2025-12-17,22.45,56591178.32,,42.56,74.29,28.33,33.74,67.94,84.49,79.62,100.0,0.0,1.0,62.5,1.03,0.96,,19.25,100.0,60.32
11126,03302043,ABRAXANE,,BRAND,202612,2025-12-19,2.39,20787321.78,,14.72,72.86,40.77,28.55,88.88,97.0,60.31,100.0,0.0,1.0,28.43,0.84,4.9,,36.24,100.0,67.5
11127,03302043,ABRAXANE,,BRAND,202612,2025-12-26,0.92,17608681.46,,6.86,87.86,24.36,36.74,89.44,98.79,60.39,100.0,0.0,1.0,18.7,0.43,0.81,,21.79,100.0,72.35
11128,03302043,ABRAXANE,,BRAND,202612,2026-01-02,26.15,35537131.07,,97.23,86.52,87.26,22.31,66.75,82.17,52.82,9.1,88.24,-0.7,47.54,0.77,0.82,,58.25,79.14,63.89
11129,03302043,ABRAXANE,,BRAND,202612,2026-01-09,-0.46,4953345.53,,15.45,82.27,28.96,52.74,87.45,98.63,88.78,100.0,-0.0,1.0,12.93,0.32,0.0,,25.32,100.0,68.95
11130,03302043,ABRAXANE,,BRAND,202612,2026-01-16,0.13,6754468.67,,3.14,85.51,62.98,23.38,74.62,95.71,55.03,100.0,0.0,1.0,18.64,0.41,0.0,,46.99,100.0,65.43
11131,03302043,ABRAXANE,,BRAND,202612,2026-01-23,1.96,80437203.0,,3.2,76.81,53.88,24.15,54.75,78.74,66.74,-1004.42,1174.99,0.33,37.74,0.92,1.89,,29.5,2179.41,55.69
11132,03302043,ABRAXANE,,BRAND,202612,2026-01-30,-20.02,85116097.93,,39.23,77.54,27.27,33.3,70.94,90.04,81.25,100.0,-0.0,1.0,24.3,0.57,0.0,,19.34,100.0,61.3
11133,03302043,ABRAXANE,,BRAND,202612,2026-02-06,7.79,20453858.17,,50.78,81.62,53.45,18.05,51.96,73.97,42.38,100.0,0.0,1.0,46.85,0.82,0.0,,27.77,100.0,56.18
11134,03302043,ABRAXANE,,BRAND,202712,2025-07-18,,0.0,,,100.0,,,,,,,,,0.0,0.0,0.0,,,,
11135,03302043,ABRAXANE,,BRAND,202712,2025-07-25,5.6,10627929.8,,39.23,97.16,100.0,29.06,78.05,98.67,83.79,100.0,0.0,1.0,24.09,0.23,0.0,,78.05,100.0,70.86
11136,03302043,ABRAXANE,,BRAND,202712,2025-08-01,-5.53,14116648.44,,30.82,97.14,100.0,26.5,67.83,84.49,55.93,100.0,-0.0,1.0,39.71,0.46,0.0,,67.83,100.0,67.51
11137,03302043,ABRAXANE,,BRAND,202712,2025-08-08,0.03,15006470.19,,0.17,97.14,100.0,20.96,50.75,67.83,44.35,100.0,0.0,1.0,55.15,0.66,0.0,,50.75,100.0,61.37
11138,03302043,ABRAXANE,,BRAND,202712,2025-08-15,26.46,32495613.98,,60.52,97.12,100.0,20.61,75.53,92.17,82.46,100.0,0.0,1.0,33.33,0.44,0.0,,75.53,100.0,70.52
11139,03302043,ABRAXANE,,BRAND,202712,2025-08-22,-15.65,32258348.35,,45.59,97.14,100.0,20.91,78.03,93.32,87.94,100.0,-0.0,1.0,33.09,0.4,0.0,,78.03,100.0,71.4
11140,03302043,ABRAXANE,,BRAND,202712,2025-08-26,,0.0,,,97.14,,,,,,,,,0.0,0.0,0.0,,,,
11141,03302043,ABRAXANE,,BRAND,202712,2025-08-29,12.23,18799435.11,,51.61,92.86,35.59,50.13,80.32,95.24,84.72,100.0,0.0,1.0,27.69,0.31,0.0,,28.59,100.0,70.29
11142,03302043,ABRAXANE,,BRAND,202712,2025-09-05,10.3,16011712.55,,57.24,81.43,68.45,22.33,67.8,88.42,55.83,100.0,0.0,1.0,40.35,0.54,0.0,,46.41,100.0,61.5
11143,03302043,ABRAXANE,,BRAND,202712,2025-09-12,0.78,23555488.57,,3.27,83.57,54.41,22.54,77.55,94.79,39.75,100.0,0.0,1.0,36.75,0.51,0.0,,42.2,100.0,66.14
11144,03302043,ABRAXANE,,BRAND,202712,2025-09-18,2.87,45765744.14,,5.71,78.57,42.82,20.59,62.59,81.05,66.71,100.0,0.0,1.0,58.18,1.04,2.73,,26.8,100.0,59.92
11145,03302043,ABRAXANE,,BRAND,202712,2025-09-19,-5.57,36465491.8,,15.11,77.14,36.83,25.85,72.01,91.35,75.92,100.0,-0.0,1.0,22.22,0.62,0.0,,26.52,100.0,61.73
11146,03302043,ABRAXANE,,BRAND,202712,2025-09-26,2.25,3433886.46,,59.85,89.63,56.99,28.69,79.43,89.86,73.79,100.0,0.0,1.0,23.97,0.42,0.0,,45.27,100.0,69.03
11147,03302043,ABRAXANE,,BRAND,202712,2025-10-03,-8.6,16255932.59,,49.45,82.98,52.76,17.5,59.87,80.48,58.76,100.0,-0.0,1.0,48.72,0.72,0.85,,31.59,100.0,59.53
11148,03302043,ABRAXANE,,BRAND,202712,2025-10-10,0.0,0.0,,,83.45,,,,,,,,,0.0,0.0,0.0,,,,
11149,03302043,ABRAXANE,,BRAND,202712,2025-10-17,-11.79,19519531.05,,56.5,80.56,73.68,26.38,54.45,77.21,48.15,100.0,-0.0,1.0,63.79,0.67,0.0,,40.12,100.0,56.22
11150,03302043,ABRAXANE,,BRAND,202712,2025-10-24,-2.37,16598469.83,,12.37,72.22,75.63,18.41,50.39,75.5,51.2,100.0,-0.0,1.0,52.88,1.01,3.85,,38.11,100.0,52.4
11151,03302043,ABRAXANE,,BRAND,202712,2025-10-31,-1.27,2757806.55,,39.16,86.21,75.96,18.99,67.5,86.97,54.9,100.0,-0.0,1.0,20.8,0.36,0.8,,51.27,100.0,62.68
11152,03302043,ABRAXANE,,BRAND,202712,2025-11-07,-0.33,26610753.76,,1.05,76.06,68.27,11.78,41.47,63.13,38.91,100.0,-0.0,1.0,58.33,0.78,1.85,,28.31,100.0,49.62
11153,03302043,ABRAXANE,,BRAND,202712,2025-11-14,0.06,8837233.86,,0.59,74.47,43.89,13.44,52.75,79.93,34.31,100.0,0.0,1.0,19.05,0.43,1.9,,23.15,100.0,52.33
11154,03302043,ABRAXANE,,BRAND,202712,2025-11-19,3.69,37307335.74,,8.09,69.5,40.52,24.84,51.68,66.27,33.96,100.0,0.0,1.0,55.1,0.95,3.06,,20.94,100.0,51.64
11155,03302043,ABRAXANE,,BRAND,202712,2025-11-21,13.16,40767511.33,,27.34,71.13,21.34,33.68,78.8,92.9,60.77,100.0,0.0,1.0,18.81,0.58,3.96,,16.81,100.0,61.89
11156,03302043,ABRAXANE,,BRAND,202712,2025-11-28,5.14,18669153.68,,26.41,82.27,74.83,26.49,66.92,85.63,57.71,100.0,0.0,1.0,37.93,0.6,0.86,,50.08,100.0,61.69
11157,03302043,ABRAXANE,,BRAND,202712,2025-12-05,-4.47,26612821.48,,16.94,81.56,54.56,31.07,62.11,81.34,54.6,100.0,-0.0,1.0,49.57,0.68,1.74,,33.89,100.0,59.74
11158,03302043,ABRAXANE,,BRAND,202712,2025-12-12,-4.79,22694187.83,,20.31,75.0,67.64,23.93,75.06,90.61,62.6,100.0,-0.0,1.0,26.67,0.49,1.9,,50.77,100.0,61.67
11159,03302043,ABRAXANE,,BRAND,202712,2025-12-17,9.5,40167330.75,,20.68,82.14,66.85,28.28,66.57,83.56,66.96,100.0,0.0,1.0,61.74,1.03,0.0,,44.5,100.0,62.91
11160,03302043,ABRAXANE,,BRAND,202712,2025-12-19,3.98,21617684.48,,16.89,75.0,42.83,27.45,88.51,96.8,64.22,100.0,0.0,1.0,27.62,0.68,3.81,,37.91,100.0,67.66
11161,03302043,ABRAXANE,,BRAND,202712,2025-12-26,1.36,20011842.58,,6.47,87.14,21.86,32.33,80.62,97.83,53.5,100.0,0.0,1.0,14.75,0.36,0.0,,17.62,100.0,68.32
11162,03302043,ABRAXANE,,BRAND,202712,2026-01-02,33.52,36032103.6,,89.88,86.52,76.76,20.36,57.13,74.44,39.83,13.32,83.26,-0.45,41.8,0.7,1.64,,43.85,69.94,59.78
11163,03302043,ABRAXANE,,BRAND,202712,2026-01-09,-0.7,4822225.05,,18.61,85.11,44.01,54.17,90.71,98.87,91.31,100.0,-0.0,1.0,16.67,0.28,0.0,,39.92,100.0,71.25
11164,03302043,ABRAXANE,,BRAND,202712,2026-01-16,-0.54,6616085.81,,10.37,88.41,97.11,23.86,77.86,95.91,57.52,100.0,-0.0,1.0,18.85,0.36,0.0,,75.61,100.0,67.69
11165,03302043,ABRAXANE,,BRAND,202712,2026-01-23,18.78,55156422.56,,32.57,73.19,58.68,14.38,56.44,71.36,50.85,-49.36,148.48,0.04,41.58,0.86,1.98,,33.12,197.83,54.73
11166,03302043,ABRAXANE,,BRAND,202712,2026-01-30,-4.43,45378622.5,,12.55,79.71,62.1,17.29,67.4,89.57,73.53,100.0,-0.0,1.0,20.0,0.51,0.0,,41.86,100.0,60.54
11167,03302043,ABRAXANE,,BRAND,202712,2026-02-06,11.12,22556844.06,,60.52,83.09,30.85,20.57,58.23,78.69,64.83,100.0,0.0,1.0,45.13,0.76,0.0,,17.96,100.0,59.08
11168,03302043,ABRAXANE,,BRAND,202812,2025-07-18,,0.0,,,100.0,,,,,,,,,0.0,0.0,0.0,,,,
11169,03302043,ABRAXANE,,BRAND,202812,2025-07-25,1.28,7554681.13,,12.89,97.14,100.0,40.88,91.8,98.85,77.48,100.0,0.0,1.0,22.79,0.22,0.0,,91.8,100.0,76.32
11170,03302043,ABRAXANE,,BRAND,202812,2025-08-01,-3.94,12307473.54,,24.63,97.12,100.0,27.39,68.96,85.43,60.37,100.0,-0.0,1.0,37.04,0.42,0.0,,68.96,100.0,67.85
11171,03302043,ABRAXANE,,BRAND,202812,2025-08-08,0.29,14095943.3,,1.54,97.12,100.0,22.32,49.33,64.78,39.6,100.0,0.0,1.0,46.67,0.55,0.0,,49.33,100.0,60.43
11172,03302043,ABRAXANE,,BRAND,202812,2025-08-15,45.26,38436147.17,,87.25,97.12,100.0,34.95,86.81,95.27,91.23,100.0,0.0,1.0,32.59,0.4,0.0,,86.81,100.0,74.89
11173,03302043,ABRAXANE,,BRAND,202812,2025-08-22,-31.08,40574825.59,,82.45,97.14,100.0,33.11,81.36,92.59,89.3,100.0,-0.0,1.0,31.62,0.41,0.0,,81.36,100.0,72.76
11174,03302043,ABRAXANE,,BRAND,202812,2025-08-26,,0.0,,,97.12,,,,,,,,,0.0,0.0,0.0,,,,
11175,03302043,ABRAXANE,,BRAND,202812,2025-08-29,-5.13,9357010.2,,40.69,91.37,44.35,18.95,63.34,88.95,52.32,100.0,-0.0,1.0,24.41,0.28,0.0,,28.09,100.0,62.82
11176,03302043,ABRAXANE,,BRAND,202812,2025-09-05,33.43,28764341.2,,81.82,82.73,86.36,32.45,77.03,89.51,77.63,100.0,0.0,1.0,33.91,0.5,0.0,,66.53,100.0,65.56
11177,03302043,ABRAXANE,,BRAND,202812,2025-09-12,-13.28,34613969.42,,36.03,78.42,29.25,25.61,83.64,94.3,61.73,100.0,-0.0,1.0,27.52,0.44,0.92,,24.47,100.0,66.29
11178,03302043,ABRAXANE,,BRAND,202812,2025-09-18,10.29,26215232.14,,28.97,74.1,29.72,25.84,62.88,79.52,52.04,100.0,0.0,1.0,44.66,0.85,1.94,,18.68,100.0,57.62
11179,03302043,ABRAXANE,,BRAND,202812,2025-09-19,0.32,22597240.46,,1.17,80.58,58.78,29.58,70.44,90.99,69.72,100.0,0.0,1.0,21.43,0.52,1.79,,41.41,100.0,62.13
11180,03302043,ABRAXANE,,BRAND,202812,2025-09-26,1.93,2761869.18,,55.17,90.37,97.65,48.29,86.64,94.82,71.01,100.0,0.0,1.0,19.67,0.33,0.0,,84.61,100.0,71.92
11181,03302043,ABRAXANE,,BRAND,202812,2025-10-03,-10.32,16254805.01,,51.12,85.0,61.1,17.5,64.02,82.07,60.02,100.0,-0.0,1.0,39.5,0.63,0.0,,39.12,100.0,61.7
11182,03302043,ABRAXANE,,BRAND,202812,2025-10-10,0.0,0.0,,,86.81,,,,,,,,,0.0,0.0,0.0,,,,
11183,03302043,ABRAXANE,,BRAND,202812,2025-10-17,-9.25,12398371.49,,60.65,87.41,86.21,14.74,56.8,77.71,35.31,100.0,-0.0,1.0,57.6,0.59,0.0,,48.97,100.0,59.67
11184,03302043,ABRAXANE,,BRAND,202812,2025-10-24,3.09,12274617.6,,18.63,84.62,86.72,21.41,64.9,83.75,50.74,100.0,0.0,1.0,52.07,0.9,6.61,,56.29,100.0,62.79
11185,03302043,ABRAXANE,,BRAND,202812,2025-10-31,-3.45,3356116.43,,79.2,90.28,45.92,48.83,78.9,92.32,48.83,100.0,-0.0,1.0,19.23,0.33,0.77,,36.23,100.0,68.76
11186,03302043,ABRAXANE,,BRAND,202812,2025-11-07,10.22,12710851.41,,59.79,86.52,82.4,21.29,61.92,78.19,68.25,100.0,0.0,1.0,40.98,0.53,0.82,,51.02,100.0,61.15
11187,03302043,ABRAXANE,,BRAND,202812,2025-11-14,-1.6,5435987.77,,24.1,86.43,65.2,19.23,62.59,88.21,46.94,100.0,-0.0,1.0,18.18,0.25,0.0,,40.81,100.0,60.44
11188,03302043,ABRAXANE,,BRAND,202812,2025-11-19,13.25,24123380.28,,40.24,77.14,78.22,40.41,67.62,78.84,49.89,100.0,0.0,1.0,46.3,0.7,0.0,,52.89,100.0,60.24
11189,03302043,ABRAXANE,,BRAND,202812,2025-11-21,18.6,44394974.07,,33.78,74.1,23.97,30.93,72.36,87.54,57.28,100.0,0.0,1.0,19.42,0.51,2.91,,17.34,100.0,60.29
11190,03302043,ABRAXANE,,BRAND,202812,2025-11-28,4.28,19606785.81,,20.87,81.88,74.07,25.22,64.19,82.38,59.16,100.0,0.0,1.0,32.74,0.48,0.0,,47.54,100.0,60.02
11191,03302043,ABRAXANE,,BRAND,202812,2025-12-05,-9.1,20161428.76,,45.04,83.33,45.42,41.01,70.0,90.33,72.2,100.0,-0.0,1.0,33.91,0.49,1.74,,31.79,100.0,62.95
11192,03302043,ABRAXANE,,BRAND,202812,2025-12-12,-6.42,18513251.84,,31.42,84.67,96.11,29.33,88.5,96.54,74.24,100.0,-0.0,1.0,19.83,0.34,0.0,,85.06,100.0,70.39
11193,03302043,ABRAXANE,,BRAND,202812,2025-12-17,4.1,37083173.29,,9.47,83.21,59.81,30.63,68.2,84.65,73.35,100.0,0.0,1.0,48.25,0.77,2.63,,40.79,100.0,63.14
11194,03302043,ABRAXANE,,BRAND,202812,2025-12-19,5.2,20244037.67,,21.8,81.02,73.56,29.32,92.25,98.42,66.29,100.0,0.0,1.0,26.13,0.58,0.9,,67.86,100.0,71.26
11195,03302043,ABRAXANE,,BRAND,202812,2025-12-26,0.42,19137206.53,,1.97,87.59,23.1,33.8,82.65,98.79,62.35,100.0,0.0,1.0,11.67,0.34,0.0,,19.09,100.0,69.22
11196,03302043,ABRAXANE,,BRAND,202812,2026-01-02,36.64,33771594.51,,97.26,87.94,87.21,28.77,66.25,80.82,40.13,19.03,74.13,-0.49,44.35,0.5,0.0,,57.78,55.1,63.33
11197,03302043,ABRAXANE,,BRAND,202812,2026-01-09,-0.89,4476206.14,,24.39,85.82,39.15,58.36,95.9,99.6,91.07,100.0,-0.0,1.0,37.19,0.54,0.83,,37.54,100.0,74.48
11198,03302043,ABRAXANE,,BRAND,202812,2026-01-16,-1.56,6909995.9,,27.34,89.13,96.87,25.69,84.78,96.43,50.89,100.0,-0.0,1.0,15.45,0.31,0.0,,82.13,100.0,70.6
11199,03302043,ABRAXANE,,BRAND,202812,2026-01-23,17.7,48973753.01,,32.19,74.64,49.31,18.62,59.74,75.86,45.19,-55.29,154.51,0.02,39.81,0.8,0.0,,29.46,209.8,56.43
11200,03302043,ABRAXANE,,BRAND,202812,2026-01-30,-6.73,39553113.51,,20.36,85.51,54.15,19.84,72.46,93.45,72.83,100.0,-0.0,1.0,20.34,0.46,3.39,,39.23,100.0,64.71
11201,03302043,ABRAXANE,,BRAND,202812,2026-02-06,13.98,21301271.35,,73.29,80.88,55.78,24.29,70.3,86.49,70.85,100.0,0.0,1.0,40.0,0.64,0.0,,39.21,100.0,62.61
11202,03302101,REVLIMID,,BRAND,202612,2025-07-18,,0.0,,,100.0,,,,,,,,,0.0,0.0,0.0,,,,
11203,03302101,REVLIMID,,BRAND,202612,2025-07-25,-9.74,6131980.79,,45.93,99.78,100.0,21.63,63.79,82.08,55.87,100.0,-0.0,1.0,19.27,0.19,0.0,,63.79,100.0,66.07
11204,03302101,REVLIMID,,BRAND,202612,2025-08-01,-0.89,2653641.43,,8.81,99.78,100.0,18.38,46.72,66.66,25.83,100.0,-0.0,1.0,21.05,0.25,0.0,,46.72,100.0,59.43
11205,03302101,REVLIMID,,BRAND,202612,2025-08-08,-5.33,8066822.15,,17.14,99.78,100.0,6.37,23.39,35.39,22.95,100.0,-0.0,1.0,52.64,0.6,0.0,,23.39,100.0,51.27
11206,03302101,REVLIMID,,BRAND,202612,2025-08-15,41.59,14986528.08,,68.16,99.78,100.0,28.6,55.3,65.07,39.58,100.0,0.0,1.0,30.33,0.38,0.0,,55.3,100.0,63.3
11207,03302101,REVLIMID,,BRAND,202612,2025-08-22,2.26,5571195.82,,14.62,99.67,100.0,24.67,60.98,75.47,56.18,100.0,0.0,1.0,21.24,0.29,0.0,,60.98,100.0,65.24
11208,03302101,REVLIMID,,BRAND,202612,2025-08-26,,0.0,,,99.67,,,,,,,,,0.0,0.0,0.0,,,,
11209,03302101,REVLIMID,,BRAND,202612,2025-08-29,0.84,4116423.05,,7.56,96.24,67.41,9.87,40.55,60.87,26.16,100.0,0.0,1.0,18.97,0.22,0.0,,27.33,100.0,55.44
11210,03302101,REVLIMID,,BRAND,202612,2025-09-05,-23.74,11854308.97,,74.48,88.12,61.96,35.94,57.39,64.55,39.44,100.0,-0.0,1.0,38.54,0.52,1.26,,35.56,100.0,59.95
11211,03302101,REVLIMID,,BRAND,202612,2025-09-12,-8.82,4401863.99,,55.32,89.31,32.48,43.58,63.93,74.11,57.05,100.0,-0.0,1.0,15.37,0.3,0.38,,20.76,100.0,62.29
11212,03302101,REVLIMID,,BRAND,202612,2025-09-18,-32.24,15710544.81,,75.51,85.97,68.26,26.77,60.93,69.89,48.75,100.0,-0.0,1.0,47.76,0.74,0.79,,41.59,100.0,61.22
11213,03302101,REVLIMID,,BRAND,202612,2025-09-19,-2.16,4321127.03,,12.57,85.63,47.88,11.98,37.15,55.75,19.11,100.0,-0.0,1.0,20.21,0.48,0.92,,17.79,100.0,50.73
11214,03302101,REVLIMID,,BRAND,202612,2025-09-26,0.36,1539986.96,,5.78,92.96,58.06,13.89,43.58,59.24,26.12,100.0,0.0,1.0,13.03,0.25,0.5,,25.31,100.0,55.45
11215,03302101,REVLIMID,,BRAND,202612,2025-10-03,1.64,4979648.9,,8.15,90.21,60.81,9.49,31.2,44.38,21.78,100.0,0.0,1.0,40.03,0.55,0.63,,18.97,100.0,50.38
11216,03302101,REVLIMID,,BRAND,202612,2025-10-10,0.0,0.0,,,92.44,,,,,,,,,0.0,0.0,0.0,,,,
11217,03302101,REVLIMID,,BRAND,202612,2025-10-17,4.53,7081134.19,,15.92,88.71,70.33,6.89,26.44,39.81,16.74,100.0,0.0,1.0,49.49,0.56,0.0,,18.6,100.0,47.92
11218,03302101,REVLIMID,,BRAND,202612,2025-10-24,8.29,6096456.04,,34.14,82.66,54.85,10.43,35.46,49.46,27.44,100.0,0.0,1.0,26.93,0.6,1.62,,19.45,100.0,49.25
11219,03302101,REVLIMID,,BRAND,202612,2025-10-31,-4.13,4353692.7,,25.84,88.35,63.25,8.53,28.65,45.88,26.93,100.0,-0.0,1.0,21.23,0.41,1.01,,18.12,100.0,48.15
11220,03302101,REVLIMID,,BRAND,202612,2025-11-07,-0.84,4097475.21,,5.38,87.78,41.62,9.21,33.63,44.95,41.34,100.0,-0.0,1.0,37.72,0.56,1.39,,14.0,100.0,50.44
11221,03302101,REVLIMID,,BRAND,202612,2025-11-14,154.89,42792505.5,,94.22,88.48,11.74,84.45,88.76,91.76,86.72,100.0,0.0,1.0,21.74,0.35,0.63,,10.42,100.0,72.07
11222,03302101,REVLIMID,,BRAND,202612,2025-11-19,22.22,11713525.47,,48.89,80.29,48.45,6.54,20.47,32.5,19.27,100.0,0.0,1.0,53.56,0.87,1.67,,9.92,100.0,43.21
11223,03302101,REVLIMID,,BRAND,202612,2025-11-21,43.48,30918537.09,,93.28,82.19,5.3,82.66,89.54,91.72,91.36,100.0,0.0,1.0,20.71,0.54,1.63,,4.75,100.0,70.49
11224,03302101,REVLIMID,,BRAND,202612,2025-11-28,-1.57,3385829.65,,44.2,93.6,51.71,39.17,57.66,67.78,46.45,100.0,-0.0,1.0,18.71,0.33,0.6,,29.82,100.0,61.59
11225,03302101,REVLIMID,,BRAND,202612,2025-12-05,-69.35,69484121.11,,93.41,87.3,5.03,89.57,92.35,93.99,90.95,100.0,-0.0,1.0,45.06,0.67,0.26,,4.65,100.0,74.09
11226,03302101,REVLIMID,,BRAND,202612,2025-12-12,2360.9,681437126.8,,99.4,86.76,0.51,98.97,99.43,99.6,99.36,100.0,0.0,1.0,14.99,0.29,0.26,,0.51,100.0,75.45
11227,03302101,REVLIMID,,BRAND,202612,2025-12-17,2121.2,683140862.0,,98.74,85.03,0.7,98.67,99.03,99.24,99.08,100.0,0.0,1.0,51.87,0.78,0.67,,0.69,100.0,76.23
11228,03302101,REVLIMID,,BRAND,202612,2025-12-19,0.1,1393420.69,,52.05,84.9,30.73,10.4,33.9,50.41,44.72,100.0,0.0,1.0,12.57,0.38,1.47,,10.42,100.0,48.79
11229,03302101,REVLIMID,,BRAND,202612,2025-12-26,-0.22,2608201.5,,58.65,95.17,95.18,13.22,51.17,78.42,31.48,100.0,-0.0,1.0,13.04,0.2,0.72,,48.7,100.0,59.19
11230,03302101,REVLIMID,,BRAND,202612,2026-01-02,116.15,826057663.22,,99.08,93.47,99.86,97.81,98.21,98.39,98.27,-0.15,100.24,-0.99,60.05,0.52,0.49,,98.07,100.39,78.41
11231,03302101,REVLIMID,,BRAND,202612,2026-01-09,-97.93,1493309215.67,,99.91,87.29,0.22,99.27,99.57,99.68,99.46,100.0,-0.0,1.0,15.62,0.28,0.26,,0.22,100.0,75.67
11232,03302101,REVLIMID,,BRAND,202612,2026-01-16,29.74,12344771.44,,75.31,87.1,44.67,21.63,48.66,59.98,37.45,100.0,0.0,1.0,22.75,0.36,0.0,,21.74,100.0,55.5
11233,03302101,REVLIMID,,BRAND,202612,2026-01-23,-94.07,697437772.5,,95.15,78.78,2.56,96.7,97.48,97.74,97.65,101.79,-123.59,-0.09,54.03,0.91,0.73,,2.5,225.37,73.52
11234,03302101,REVLIMID,,BRAND,202612,2026-01-30,0.0,12141459.53,,0.01,79.65,27.41,13.97,33.12,44.63,36.25,100.0,0.0,1.0,24.53,0.62,1.45,,9.08,100.0,47.19
11235,03302101,REVLIMID,,BRAND,202612,2026-02-06,-2.63,4668936.24,,22.86,84.66,42.82,12.15,34.6,45.27,31.43,100.0,-0.0,1.0,41.77,0.69,0.0,,14.81,100.0,50.01
11236,03302101,REVLIMID,,BRAND,202712,2025-07-18,,0.0,,,100.0,,,,,,,,,0.0,0.0,0.0,,,,
11237,03302101,REVLIMID,,BRAND,202712,2025-07-25,-8.43,5565399.71,,39.58,99.78,100.0,23.83,58.08,80.87,49.16,100.0,-0.0,1.0,19.27,0.19,0.0,,58.08,100.0,63.79
11238,03302101,REVLIMID,,BRAND,202712,2025-08-01,1.59,2529749.18,,15.04,99.78,100.0,21.2,53.91,70.85,26.11,100.0,0.0,1.0,19.15,0.23,0.0,,53.91,100.0,62.25
11239,03302101,REVLIMID,,BRAND,202712,2025-08-08,-24.77,10639736.1,,56.76,99.78,100.0,11.29,32.92,44.73,19.57,100.0,-0.0,1.0,46.34,0.55,0.0,,32.92,100.0,54.91
11240,03302101,REVLIMID,,BRAND,202712,2025-08-15,71.77,17457617.79,,75.38,99.78,100.0,21.06,46.99,58.04,31.86,100.0,0.0,1.0,32.33,0.39,0.0,,46.99,100.0,60.0
11241,03302101,REVLIMID,,BRAND,202712,2025-08-22,3.15,4780746.57,,21.61,99.67,100.0,28.75,56.75,70.63,57.44,100.0,0.0,1.0,20.35,0.29,0.0,,56.75,100.0,63.53
11242,03302101,REVLIMID,,BRAND,202712,2025-08-26,,0.0,,,99.67,,,,,,,,,0.0,0.0,0.0,,,,
11243,03302101,REVLIMID,,BRAND,202712,2025-08-29,1.28,4578432.72,,9.43,97.68,77.32,15.91,53.36,70.5,37.85,100.0,0.0,1.0,19.48,0.21,0.0,,41.26,100.0,61.12
11244,03302101,REVLIMID,,BRAND,202712,2025-09-05,-15.73,8431253.65,,63.89,91.12,23.95,34.09,72.12,77.87,46.39,100.0,-0.0,1.0,31.79,0.43,0.49,,17.27,100.0,66.74
11245,03302101,REVLIMID,,BRAND,202712,2025-09-12,-25.53,8199763.74,,87.54,87.06,29.8,23.4,61.89,71.58,32.36,100.0,-0.0,1.0,21.58,0.38,0.26,,18.44,100.0,60.86
11246,03302101,REVLIMID,,BRAND,202712,2025-09-18,-39.16,15731509.12,,83.13,83.71,53.06,22.82,64.39,74.66,39.65,100.0,-0.0,1.0,43.92,0.83,1.62,,34.17,100.0,61.99
11247,03302101,REVLIMID,,BRAND,202712,2025-09-19,-2.74,2791020.07,,20.56,87.67,39.98,27.62,52.85,62.81,32.67,100.0,-0.0,1.0,21.94,0.52,0.65,,21.13,100.0,57.93
11248,03302101,REVLIMID,,BRAND,202712,2025-09-26,0.11,871501.52,,2.47,94.0,53.78,15.3,41.42,60.47,54.2,100.0,0.0,1.0,12.64,0.25,0.61,,22.28,100.0,55.01
11249,03302101,REVLIMID,,BRAND,202712,2025-10-03,-0.66,3366516.15,,3.97,91.8,53.73,24.61,43.29,51.74,37.86,100.0,-0.0,1.0,32.63,0.47,0.99,,23.26,100.0,55.6
11250,03302101,REVLIMID,,BRAND,202712,2025-10-10,0.0,0.0,,,93.79,,,,,,,,,0.0,0.0,0.0,,,,
11251,03302101,REVLIMID,,BRAND,202712,2025-10-17,-1.35,5735949.02,,4.75,86.12,45.61,14.45,30.41,40.78,27.88,100.0,-0.0,1.0,47.58,0.55,0.0,,13.87,100.0,48.45
11252,03302101,REVLIMID,,BRAND,202712,2025-10-24,8.04,4988874.52,,32.6,85.35,61.8,15.73,43.31,55.74,33.11,100.0,0.0,1.0,36.04,0.72,1.44,,26.76,100.0,53.87
11253,03302101,REVLIMID,,BRAND,202712,2025-10-31,-0.27,2216562.7,,2.65,92.23,69.1,18.69,44.26,65.25,36.9,100.0,-0.0,1.0,18.17,0.36,0.72,,30.58,100.0,55.81
11254,03302101,REVLIMID,,BRAND,202712,2025-11-07,-26.51,10481833.54,,55.9,79.44,38.78,11.44,25.65,36.61,23.82,100.0,-0.0,1.0,37.48,0.63,1.54,,9.95,100.0,44.13
11255,03302101,REVLIMID,,BRAND,202712,2025-11-14,122.29,22591395.01,,87.78,86.58,5.97,42.4,88.45,92.87,86.18,100.0,0.0,1.0,14.86,0.29,0.39,,5.28,100.0,70.98
11256,03302101,REVLIMID,,BRAND,202712,2025-11-19,14.11,9221393.33,,30.23,83.2,52.1,6.57,21.62,36.04,25.25,100.0,0.0,1.0,49.13,0.78,1.21,,11.27,100.0,44.53
11257,03302101,REVLIMID,,BRAND,202712,2025-11-21,138.01,69913114.67,,71.13,81.63,6.22,75.42,89.96,91.78,90.08,100.0,0.0,1.0,23.87,0.61,0.69,,5.59,100.0,70.66
11258,03302101,REVLIMID,,BRAND,202712,2025-11-28,-1.83,2892144.86,,54.26,90.12,60.26,20.37,58.08,70.86,44.58,100.0,-0.0,1.0,14.69,0.28,0.5,,35.0,100.0,60.21
11259,03302101,REVLIMID,,BRAND,202712,2025-12-05,-75.8,68674646.21,,92.84,87.19,3.3,90.62,92.86,94.52,92.63,100.0,-0.0,1.0,40.57,0.59,0.39,,3.06,100.0,73.98
11260,03302101,REVLIMID,,BRAND,202712,2025-12-12,3355.25,684988984.1,,99.69,83.37,1.04,98.45,99.0,99.25,98.92,100.0,0.0,1.0,21.85,0.39,0.68,,1.03,100.0,74.25
11261,03302101,REVLIMID,,BRAND,202712,2025-12-17,2982.07,686874664.95,,99.04,81.07,0.85,98.13,98.6,98.86,98.61,100.0,0.0,1.0,51.47,0.91,0.98,,0.84,100.0,74.89
11262,03302101,REVLIMID,,BRAND,202712,2025-12-19,0.05,1648765.86,,21.49,84.68,31.73,25.13,47.2,62.69,36.83,100.0,0.0,1.0,13.4,0.36,1.47,,14.98,100.0,53.96
11263,03302101,REVLIMID,,BRAND,202712,2025-12-26,-0.23,3111954.51,,51.77,95.86,97.83,13.31,54.29,75.31,26.38,100.0,-0.0,1.0,13.19,0.21,0.72,,53.11,100.0,60.78
11264,03302101,REVLIMID,,BRAND,202712,2026-01-02,116.59,823323537.11,,99.32,94.16,99.88,98.14,98.39,98.56,98.53,0.01,99.99,-0.99,60.22,0.5,0.36,,98.27,99.98,78.7
11265,03302101,REVLIMID,,BRAND,202712,2026-01-09,-98.5,1497205300.91,,99.95,78.92,0.18,98.91,99.21,99.35,99.14,100.0,-0.0,1.0,20.9,0.48,0.58,,0.17,100.0,72.85
11266,03302101,REVLIMID,,BRAND,202712,2026-01-16,77.65,19699139.46,,88.84,80.18,63.51,7.65,31.21,42.72,31.59,100.0,0.0,1.0,30.75,0.47,0.29,,19.82,100.0,46.12
11267,03302101,REVLIMID,,BRAND,202712,2026-01-23,-94.28,691422384.35,,95.76,77.39,1.85,97.12,97.57,97.78,97.7,101.73,-123.46,-0.09,51.12,0.93,0.6,,1.8,225.2,73.08
11268,03302101,REVLIMID,,BRAND,202712,2026-01-30,-4.05,10278601.02,,15.79,82.54,42.7,9.26,28.21,41.55,39.79,100.0,-0.0,1.0,24.93,0.59,1.54,,12.05,100.0,46.28
11269,03302101,REVLIMID,,BRAND,202712,2026-02-06,-1.77,4428655.54,,15.34,85.71,53.24,12.95,37.17,47.11,28.63,100.0,-0.0,1.0,41.67,0.7,0.0,,19.79,100.0,51.49
11270,03302101,REVLIMID,,BRAND,202812,2025-07-18,,0.0,,,100.0,,,,,,,,,0.0,0.0,0.0,,,,
11271,03302101,REVLIMID,,BRAND,202812,2025-07-25,-5.08,4812040.69,,22.8,99.78,100.0,27.56,57.87,74.75,37.08,100.0,-0.0,1.0,18.15,0.18,0.0,,57.87,100.0,63.66
11272,03302101,REVLIMID,,BRAND,202812,2025-08-01,-4.68,2262080.2,,42.47,99.78,100.0,12.77,51.21,71.32,24.9,100.0,-0.0,1.0,19.12,0.23,0.0,,51.21,100.0,61.15
11273,03302101,REVLIMID,,BRAND,202812,2025-08-08,-13.5,5477003.55,,48.26,99.77,100.0,8.06,29.34,42.62,17.57,100.0,-0.0,1.0,43.75,0.52,0.0,,29.34,100.0,53.39
11274,03302101,REVLIMID,,BRAND,202812,2025-08-15,76.65,14985361.92,,86.63,99.78,100.0,19.54,42.75,54.27,29.48,100.0,0.0,1.0,41.98,0.48,0.0,,42.75,100.0,58.62
11275,03302101,REVLIMID,,BRAND,202812,2025-08-22,-1.35,5642126.88,,7.48,99.67,100.0,24.78,75.15,84.7,69.27,100.0,-0.0,1.0,20.02,0.28,0.0,,75.15,100.0,70.86
11276,03302101,REVLIMID,,BRAND,202812,2025-08-26,,0.0,,,99.66,,,,,,,,,0.0,0.0,0.0,,,,
11277,03302101,REVLIMID,,BRAND,202812,2025-08-29,2.78,2713908.7,,31.51,96.76,49.63,14.59,54.59,68.58,28.49,100.0,0.0,1.0,19.08,0.21,0.0,,27.09,100.0,61.25
11278,03302101,REVLIMID,,BRAND,202812,2025-09-05,-18.25,7457543.24,,77.38,88.5,49.05,27.08,58.94,66.77,43.75,100.0,-0.0,1.0,31.59,0.46,0.51,,28.91,100.0,60.49
11279,03302101,REVLIMID,,BRAND,202812,2025-09-12,-11.05,4187169.84,,66.25,88.46,26.31,45.81,63.88,73.31,63.37,100.0,-0.0,1.0,17.7,0.32,0.39,,16.81,100.0,62.02
11280,03302101,REVLIMID,,BRAND,202812,2025-09-18,-28.75,12438301.02,,69.33,84.78,36.45,16.23,58.73,68.44,42.22,100.0,-0.0,1.0,42.91,0.73,0.27,,21.41,100.0,59.85
11281,03302101,REVLIMID,,BRAND,202812,2025-09-19,-4.18,3259228.64,,28.62,87.99,43.01,20.59,46.68,57.25,24.98,100.0,-0.0,1.0,22.24,0.52,0.13,,20.08,100.0,55.6
11282,03302101,REVLIMID,,BRAND,202812,2025-09-26,-0.49,584407.67,,17.89,91.7,57.13,9.7,36.58,59.7,26.04,100.0,-0.0,1.0,11.32,0.26,0.0,,20.89,100.0,52.17
11283,03302101,REVLIMID,,BRAND,202812,2025-10-03,0.75,3572951.39,,4.44,92.61,60.2,11.6,35.3,46.41,23.87,100.0,0.0,1.0,33.67,0.45,0.25,,21.25,100.0,52.66
11284,03302101,REVLIMID,,BRAND,202812,2025-10-10,0.0,0.0,,,93.25,,,,,,,,,0.0,0.0,0.0,,,,
11285,03302101,REVLIMID,,BRAND,202812,2025-10-17,1.77,5395559.45,,6.96,89.24,71.02,8.53,30.34,41.94,16.87,100.0,0.0,1.0,53.46,0.58,0.0,,21.55,100.0,49.77
11286,03302101,REVLIMID,,BRAND,202812,2025-10-24,0.53,5231256.41,,2.14,81.08,49.26,12.16,35.41,49.11,24.51,100.0,0.0,1.0,43.0,0.9,2.4,,17.44,100.0,49.61
11287,03302101,REVLIMID,,BRAND,202812,2025-10-31,0.74,2644740.47,,5.99,90.67,71.14,5.39,24.09,44.05,16.45,100.0,0.0,1.0,22.84,0.45,1.0,,17.14,100.0,47.41
11288,03302101,REVLIMID,,BRAND,202812,2025-11-07,-32.3,10500976.45,,66.39,79.64,14.92,11.35,36.37,49.47,13.3,100.0,-0.0,1.0,32.57,0.66,1.43,,5.43,100.0,48.59
11289,03302101,REVLIMID,,BRAND,202812,2025-11-14,162.02,25539322.4,,92.53,86.56,18.46,70.82,78.83,83.53,76.61,100.0,0.0,1.0,24.87,0.38,0.39,,14.56,100.0,67.42
11290,03302101,REVLIMID,,BRAND,202812,2025-11-19,-10.01,12495467.63,,17.19,78.7,32.06,9.54,29.21,41.57,21.38,100.0,-0.0,1.0,47.32,0.84,1.59,,9.37,100.0,45.98
11291,03302101,REVLIMID,,BRAND,202812,2025-11-21,112.69,45701213.77,,95.17,85.08,2.36,95.43,96.9,97.72,96.88,100.0,0.0,1.0,20.88,0.48,1.2,,2.29,100.0,74.4
11292,03302101,REVLIMID,,BRAND,202812,2025-11-28,-1.47,3968946.27,,30.3,91.68,57.39,17.85,51.68,68.79,37.67,100.0,-0.0,1.0,15.8,0.28,0.25,,29.66,100.0,58.28
11293,03302101,REVLIMID,,BRAND,202812,2025-12-05,812.77,786090603.51,,83.56,88.99,91.68,91.5,99.56,99.69,99.56,100.0,0.0,1.0,31.57,0.47,0.13,,91.28,100.0,76.99
11294,03302101,REVLIMID,,BRAND,202812,2025-12-12,-5.11,1401955065.92,,2.69,81.85,51.76,51.32,99.52,99.63,99.48,100.0,-0.0,1.0,25.94,0.47,0.56,,51.51,100.0,74.13
11295,03302101,REVLIMID,,BRAND,202812,2025-12-17,3307.11,684732084.43,,99.28,79.52,0.7,98.25,98.73,98.93,98.65,100.0,0.0,1.0,48.63,0.96,1.15,,0.69,100.0,74.49
11296,03302101,REVLIMID,,BRAND,202812,2025-12-19,0.09,1232395.53,,53.61,85.45,37.08,11.76,34.04,51.37,32.81,100.0,0.0,1.0,13.94,0.36,0.8,,12.62,100.0,48.98
11297,03302101,REVLIMID,,BRAND,202812,2025-12-26,-0.2,2090190.83,,67.6,95.13,87.46,16.49,55.35,77.78,39.28,100.0,-0.0,1.0,12.32,0.21,0.24,,48.41,100.0,60.89
11298,03302101,REVLIMID,,BRAND,202812,2026-01-02,116.85,822632044.14,,99.24,94.27,99.79,98.03,98.51,98.66,98.65,-0.02,100.05,-0.99,64.16,0.42,0.36,,98.3,100.06,78.51
11299,03302101,REVLIMID,,BRAND,202812,2026-01-09,-97.63,1482545692.79,,99.79,91.87,0.16,99.69,99.81,99.88,99.77,100.0,-0.0,1.0,31.55,0.44,0.5,,0.16,100.0,78.14
11300,03302101,REVLIMID,,BRAND,202812,2026-01-16,0.24,5982295.09,,1.46,87.79,75.17,26.67,51.4,63.32,45.41,100.0,0.0,1.0,19.03,0.34,0.39,,38.63,100.0,56.8
11301,03302101,REVLIMID,,BRAND,202812,2026-01-23,-94.98,692682671.53,,95.91,81.55,2.25,97.17,97.73,97.97,97.86,101.54,-122.9,-0.1,50.92,0.9,1.41,,2.2,224.44,74.72
11302,03302101,REVLIMID,,BRAND,202812,2026-01-30,-1.16,11600966.09,,3.58,82.43,48.16,16.49,45.35,57.39,48.9,100.0,-0.0,1.0,26.51,0.6,1.82,,21.84,100.0,53.13
11303,03302101,REVLIMID,,BRAND,202812,2026-02-06,-4.22,3885586.38,,38.33,84.89,48.73,14.93,33.34,44.27,29.67,100.0,-0.0,1.0,42.9,0.71,0.0,,16.25,100.0,49.65
16657,00201790,All Other Pharmaceut,FIN,BRAND_MATERIAL_TYPE,202612,2025-07-18,,,0.0,,100.0,,,,,,,,,0.0,0.0,0.0,,,,
16658,00201790,All Other Pharmaceut,FIN,BRAND_MATERIAL_TYPE,202612,2025-07-25,,,0.0,,3.23,,,,,,,,,0.0,0.0,0.0,-0.0,,,
16659,00201790,All Other Pharmaceut,FIN,BRAND_MATERIAL_TYPE,202612,2025-08-01,,,0.0,,3.23,,,,,,,,,0.0,0.0,0.0,-0.0,,,
16660,00201790,All Other Pharmaceut,FIN,BRAND_MATERIAL_TYPE,202612,2025-08-08,,,0.0,,3.23,,,,,,,,,0.0,0.0,0.0,0.0,,,
16661,00201790,All Other Pharmaceut,FIN,BRAND_MATERIAL_TYPE,202612,2025-08-15,,,0.0,,3.23,,,,,,,,,0.0,0.0,0.0,-0.0,,,
16662,00201790,All Other Pharmaceut,FIN,BRAND_MATERIAL_TYPE,202612,2025-08-22,,,0.0,,3.23,,,,,,,,,0.0,0.0,0.0,-0.0,,,
16663,00201790,All Other Pharmaceut,FIN,BRAND_MATERIAL_TYPE,202612,2025-08-26,,,0.0,,3.23,,,,,,,,,0.0,0.0,0.0,,,,
16664,00201790,All Other Pharmaceut,FIN,BRAND_MATERIAL_TYPE,202612,2025-08-29,,,0.0,,3.23,,,,,,,,,0.0,0.0,0.0,0.0,,,
16665,00201790,All Other Pharmaceut,FIN,BRAND_MATERIAL_TYPE,202612,2025-09-05,,,0.0,,3.23,,,,,,,,,0.0,0.0,0.0,-0.0,,,
16666,00201790,All Other Pharmaceut,FIN,BRAND_MATERIAL_TYPE,202612,2025-09-12,,,0.0,,3.23,,,,,,,,,0.0,0.0,0.0,-0.0,,,
16667,00201790,All Other Pharmaceut,FIN,BRAND_MATERIAL_TYPE,202612,2025-09-18,,,0.0,,6.25,,,,,,,,,0.0,0.0,0.0,0.0,,,
16668,00201790,All Other Pharmaceut,FIN,BRAND_MATERIAL_TYPE,202612,2025-09-19,-100.0,,54.97,100.0,3.12,0.0,100.0,100.0,100.0,100.0,100.0,-0.0,1.0,0.0,0.03,0.0,0.01,0.0,100.0,41.35
16669,00201790,All Other Pharmaceut,FIN,BRAND_MATERIAL_TYPE,202612,2025-09-26,,,0.0,,100.0,,,,,,,,,0.0,0.0,0.0,-0.0,,,
16670,00201790,All Other Pharmaceut,FIN,BRAND_MATERIAL_TYPE,202612,2025-10-03,,,0.0,,11.11,,,,,,,,,0.0,0.0,0.0,-0.0,,,
16671,00201790,All Other Pharmaceut,FIN,BRAND_MATERIAL_TYPE,202612,2025-10-10,,,0.0,,3.33,,,,,,,,,0.0,0.0,0.0,,,,
16672,00201790,All Other Pharmaceut,FIN,BRAND_MATERIAL_TYPE,202612,2025-10-17,-100.0,,54.97,100.0,0.0,0.0,100.0,100.0,100.0,100.0,100.0,-0.0,1.0,,0.03,,0.01,0.0,100.0,40.11
16673,00201790,All Other Pharmaceut,FIN,BRAND_MATERIAL_TYPE,202612,2025-10-24,,,0.0,,3.33,,,,,,,,,0.0,0.0,0.0,-0.0,,,
16674,00201790,All Other Pharmaceut,FIN,BRAND_MATERIAL_TYPE,202612,2025-10-31,,,0.0,,3.33,,,,,,,,,0.0,0.0,0.0,0.0,,,
16675,00201790,All Other Pharmaceut,FIN,BRAND_MATERIAL_TYPE,202612,2025-11-07,,,0.0,,5.88,,,,,,,,,0.0,0.0,0.0,0.0,,,
16676,00201790,All Other Pharmaceut,FIN,BRAND_MATERIAL_TYPE,202612,2025-11-14,,,0.0,,5.88,,,,,,,,,0.0,0.0,0.0,-0.0,,,
16677,00201790,All Other Pharmaceut,FIN,BRAND_MATERIAL_TYPE,202612,2025-11-19,,,0.0,,5.88,,,,,,,,,0.0,0.0,0.0,0.0,,,
16678,00201790,All Other Pharmaceut,FIN,BRAND_MATERIAL_TYPE,202612,2025-11-21,,,0.0,,5.88,,,,,,,,,0.0,0.0,0.0,0.0,,,
16679,00201790,All Other Pharmaceut,FIN,BRAND_MATERIAL_TYPE,202612,2025-11-28,100.0,,5.5,100.0,0.0,0.0,100.0,100.0,100.0,100.0,100.0,0.0,1.0,,0.06,,-0.0,0.0,100.0,40.2
16680,00201790,All Other Pharmaceut,FIN,BRAND_MATERIAL_TYPE,202612,2025-12-05,,,0.0,,5.88,,,,,,,,,0.0,0.0,0.0,-0.0,,,
16681,00201790,All Other Pharmaceut,FIN,BRAND_MATERIAL_TYPE,202612,2025-12-12,,,0.0,,5.88,,,,,,,,,0.0,0.0,0.0,0.0,,,
16682,00201790,All Other Pharmaceut,FIN,BRAND_MATERIAL_TYPE,202612,2025-12-17,100.0,,401.25,100.0,0.0,0.0,100.0,100.0,100.0,100.0,100.0,0.0,1.0,,0.06,,-0.0,0.0,100.0,40.2
16683,00201790,All Other Pharmaceut,FIN,BRAND_MATERIAL_TYPE,202612,2025-12-19,100.0,,395.76,100.0,0.0,0.0,100.0,100.0,100.0,100.0,100.0,0.0,1.0,,0.12,,0.0,0.0,100.0,40.39
16684,00201790,All Other Pharmaceut,FIN,BRAND_MATERIAL_TYPE,202612,2025-12-26,,,0.0,,5.88,,,,,,,,,0.0,0.0,0.0,0.0,,,
16685,00201790,All Other Pharmaceut,FIN,BRAND_MATERIAL_TYPE,202612,2026-01-02,,,0.0,,5.88,,,,,,,,,0.0,0.0,0.0,0.0,,,
16686,00201790,All Other Pharmaceut,FIN,BRAND_MATERIAL_TYPE,202612,2026-01-09,,,0.0,,5.88,,,,,,,,,0.0,0.0,0.0,-0.0,,,
16687,00201790,All Other Pharmaceut,FIN,BRAND_MATERIAL_TYPE,202612,2026-01-16,,,0.0,,0.0,,,,,,,,,,0.0,,-0.0,,,
16688,00201790,All Other Pharmaceut,FIN,BRAND_MATERIAL_TYPE,202612,2026-01-23,,,0.0,,0.0,,,,,,,,,,0.0,,-0.0,,,
16689,00201790,All Other Pharmaceut,FIN,BRAND_MATERIAL_TYPE,202612,2026-01-30,,,0.0,,0.0,,,,,,,,,,0.0,,-0.0,,,
16690,00201790,All Other Pharmaceut,FIN,BRAND_MATERIAL_TYPE,202612,2026-02-06,,,0.0,,0.0,,,,,,,,,,0.0,,0.0,,,
16691,00201790,All Other Pharmaceut,FIN,BRAND_MATERIAL_TYPE,202712,2025-07-18,,,0.0,,100.0,,,,,,,,,0.0,0.0,0.0,,,,
16692,00201790,All Other Pharmaceut,FIN,BRAND_MATERIAL_TYPE,202712,2025-07-25,,,0.0,,3.23,,,,,,,,,0.0,0.0,0.0,-0.0,,,
16693,00201790,All Other Pharmaceut,FIN,BRAND_MATERIAL_TYPE,202712,2025-08-01,,,0.0,,3.23,,,,,,,,,0.0,0.0,0.0,-0.0,,,
16694,00201790,All Other Pharmaceut,FIN,BRAND_MATERIAL_TYPE,202712,2025-08-08,,,0.0,,3.23,,,,,,,,,0.0,0.0,0.0,0.0,,,
16695,00201790,All Other Pharmaceut,FIN,BRAND_MATERIAL_TYPE,202712,2025-08-15,,,0.0,,3.23,,,,,,,,,0.0,0.0,0.0,-0.0,,,
16696,00201790,All Other Pharmaceut,FIN,BRAND_MATERIAL_TYPE,202712,2025-08-22,,,0.0,,3.23,,,,,,,,,0.0,0.0,0.0,-0.0,,,
16697,00201790,All Other Pharmaceut,FIN,BRAND_MATERIAL_TYPE,202712,2025-08-26,,,0.0,,3.23,,,,,,,,,0.0,0.0,0.0,,,,
16698,00201790,All Other Pharmaceut,FIN,BRAND_MATERIAL_TYPE,202712,2025-08-29,,,0.0,,3.23,,,,,,,,,0.0,0.0,0.0,0.0,,,
16699,00201790,All Other Pharmaceut,FIN,BRAND_MATERIAL_TYPE,202712,2025-09-05,,,0.0,,3.23,,,,,,,,,0.0,0.0,0.0,-0.0,,,
16700,00201790,All Other Pharmaceut,FIN,BRAND_MATERIAL_TYPE,202712,2025-09-12,,,0.0,,3.23,,,,,,,,,0.0,0.0,0.0,-0.0,,,
16701,00201790,All Other Pharmaceut,FIN,BRAND_MATERIAL_TYPE,202712,2025-09-18,,,0.0,,6.25,,,,,,,,,0.0,0.0,0.0,0.0,,,
16702,00201790,All Other Pharmaceut,FIN,BRAND_MATERIAL_TYPE,202712,2025-09-19,-100.0,,54.97,100.0,3.12,0.0,100.0,100.0,100.0,100.0,100.0,-0.0,1.0,0.0,0.03,0.0,0.02,0.0,100.0,41.35
16703,00201790,All Other Pharmaceut,FIN,BRAND_MATERIAL_TYPE,202712,2025-09-26,,,0.0,,100.0,,,,,,,,,0.0,0.0,0.0,-0.0,,,
16704,00201790,All Other Pharmaceut,FIN,BRAND_MATERIAL_TYPE,202712,2025-10-03,,,0.0,,11.11,,,,,,,,,0.0,0.0,0.0,-0.0,,,
16705,00201790,All Other Pharmaceut,FIN,BRAND_MATERIAL_TYPE,202712,2025-10-10,,,0.0,,3.33,,,,,,,,,0.0,0.0,0.0,,,,
16706,00201790,All Other Pharmaceut,FIN,BRAND_MATERIAL_TYPE,202712,2025-10-17,-100.0,,54.97,100.0,0.0,0.0,100.0,100.0,100.0,100.0,100.0,-0.0,1.0,,0.03,,0.01,0.0,100.0,40.11
16707,00201790,All Other Pharmaceut,FIN,BRAND_MATERIAL_TYPE,202712,2025-10-24,,,0.0,,3.33,,,,,,,,,0.0,0.0,0.0,-0.0,,,
16708,00201790,All Other Pharmaceut,FIN,BRAND_MATERIAL_TYPE,202712,2025-10-31,,,0.0,,3.33,,,,,,,,,0.0,0.0,0.0,0.0,,,
16709,00201790,All Other Pharmaceut,FIN,BRAND_MATERIAL_TYPE,202712,2025-11-07,,,0.0,,5.88,,,,,,,,,0.0,0.0,0.0,0.0,,,
16710,00201790,All Other Pharmaceut,FIN,BRAND_MATERIAL_TYPE,202712,2025-11-14,,,0.0,,5.88,,,,,,,,,0.0,0.0,0.0,-0.0,,,
16711,00201790,All Other Pharmaceut,FIN,BRAND_MATERIAL_TYPE,202712,2025-11-19,,,0.0,,5.88,,,,,,,,,0.0,0.0,0.0,0.0,,,
16712,00201790,All Other Pharmaceut,FIN,BRAND_MATERIAL_TYPE,202712,2025-11-21,,,0.0,,5.88,,,,,,,,,0.0,0.0,0.0,0.0,,,
16713,00201790,All Other Pharmaceut,FIN,BRAND_MATERIAL_TYPE,202712,2025-11-28,100.0,,5.5,100.0,0.0,0.0,100.0,100.0,100.0,100.0,100.0,0.0,1.0,,0.06,,-0.0,0.0,100.0,40.2
16714,00201790,All Other Pharmaceut,FIN,BRAND_MATERIAL_TYPE,202712,2025-12-05,,,0.0,,5.88,,,,,,,,,0.0,0.0,0.0,-0.0,,,
16715,00201790,All Other Pharmaceut,FIN,BRAND_MATERIAL_TYPE,202712,2025-12-12,,,0.0,,5.88,,,,,,,,,0.0,0.0,0.0,0.0,,,
16716,00201790,All Other Pharmaceut,FIN,BRAND_MATERIAL_TYPE,202712,2025-12-17,100.0,,401.25,100.0,0.0,0.0,100.0,100.0,100.0,100.0,100.0,0.0,1.0,,0.06,,-0.0,0.0,100.0,40.2
16717,00201790,All Other Pharmaceut,FIN,BRAND_MATERIAL_TYPE,202712,2025-12-19,100.0,,395.76,100.0,0.0,0.0,100.0,100.0,100.0,100.0,100.0,0.0,1.0,,0.12,,0.0,0.0,100.0,40.39
16718,00201790,All Other Pharmaceut,FIN,BRAND_MATERIAL_TYPE,202712,2025-12-26,,,0.0,,5.88,,,,,,,,,0.0,0.0,0.0,0.0,,,
16719,00201790,All Other Pharmaceut,FIN,BRAND_MATERIAL_TYPE,202712,2026-01-02,,,0.0,,5.88,,,,,,,,,0.0,0.0,0.0,0.0,,,
16720,00201790,All Other Pharmaceut,FIN,BRAND_MATERIAL_TYPE,202712,2026-01-09,,,0.0,,5.88,,,,,,,,,0.0,0.0,0.0,-0.0,,,
16721,00201790,All Other Pharmaceut,FIN,BRAND_MATERIAL_TYPE,202712,2026-01-16,,,0.0,,0.0,,,,,,,,,,0.0,,-0.0,,,
16722,00201790,All Other Pharmaceut,FIN,BRAND_MATERIAL_TYPE,202712,2026-01-23,,,0.0,,0.0,,,,,,,,,,0.0,,-0.0,,,
16723,00201790,All Other Pharmaceut,FIN,BRAND_MATERIAL_TYPE,202712,2026-01-30,,,0.0,,0.0,,,,,,,,,,0.0,,-0.0,,,
16724,00201790,All Other Pharmaceut,FIN,BRAND_MATERIAL_TYPE,202712,2026-02-06,,,0.0,,0.0,,,,,,,,,,0.0,,0.0,,,
16725,00201790,All Other Pharmaceut,FIN,BRAND_MATERIAL_TYPE,202812,2025-07-18,,,0.0,,100.0,,,,,,,,,0.0,0.0,0.0,,,,
16726,00201790,All Other Pharmaceut,FIN,BRAND_MATERIAL_TYPE,202812,2025-07-25,,,0.0,,100.0,,,,,,,,,0.0,0.0,0.0,-0.0,,,
16727,00201790,All Other Pharmaceut,FIN,BRAND_MATERIAL_TYPE,202812,2025-08-01,,,0.0,,100.0,,,,,,,,,0.0,0.0,0.0,-0.0,,,
16728,00201790,All Other Pharmaceut,FIN,BRAND_MATERIAL_TYPE,202812,2025-08-08,,,0.0,,100.0,,,,,,,,,0.0,0.0,0.0,0.0,,,
16729,00201790,All Other Pharmaceut,FIN,BRAND_MATERIAL_TYPE,202812,2025-08-15,,,0.0,,100.0,,,,,,,,,0.0,0.0,0.0,-0.0,,,
16730,00201790,All Other Pharmaceut,FIN,BRAND_MATERIAL_TYPE,202812,2025-08-22,,,0.0,,100.0,,,,,,,,,0.0,0.0,0.0,-0.0,,,
16731,00201790,All Other Pharmaceut,FIN,BRAND_MATERIAL_TYPE,202812,2025-08-26,,,0.0,,100.0,,,,,,,,,0.0,0.0,0.0,,,,
16732,00201790,All Other Pharmaceut,FIN,BRAND_MATERIAL_TYPE,202812,2025-08-29,,,0.0,,100.0,,,,,,,,,0.0,0.0,0.0,0.0,,,
16733,00201790,All Other Pharmaceut,FIN,BRAND_MATERIAL_TYPE,202812,2025-09-05,,,0.0,,100.0,,,,,,,,,0.0,0.0,0.0,-0.0,,,
16734,00201790,All Other Pharmaceut,FIN,BRAND_MATERIAL_TYPE,202812,2025-09-12,,,0.0,,100.0,,,,,,,,,0.0,0.0,0.0,-0.0,,,
16735,00201790,All Other Pharmaceut,FIN,BRAND_MATERIAL_TYPE,202812,2025-09-18,,,0.0,,100.0,,,,,,,,,0.0,0.0,0.0,0.0,,,
16736,00201790,All Other Pharmaceut,FIN,BRAND_MATERIAL_TYPE,202812,2025-09-19,-100.0,,54.97,100.0,0.0,0.0,100.0,100.0,100.0,100.0,100.0,-0.0,1.0,,1.0,,-0.08,0.0,100.0,43.33
16737,00201790,All Other Pharmaceut,FIN,BRAND_MATERIAL_TYPE,202812,2025-09-26,,,0.0,,100.0,,,,,,,,,0.0,0.0,0.0,0.0,,,
16738,00201790,All Other Pharmaceut,FIN,BRAND_MATERIAL_TYPE,202812,2025-10-03,,,0.0,,100.0,,,,,,,,,0.0,0.0,0.0,-0.0,,,
16739,00201790,All Other Pharmaceut,FIN,BRAND_MATERIAL_TYPE,202812,2025-10-10,,,0.0,,100.0,,,,,,,,,0.0,0.0,0.0,,,,
16740,00201790,All Other Pharmaceut,FIN,BRAND_MATERIAL_TYPE,202812,2025-10-17,-100.0,,54.97,100.0,0.0,0.0,100.0,100.0,100.0,100.0,100.0,-0.0,1.0,,1.0,,0.01,0.0,100.0,43.33
16741,00201790,All Other Pharmaceut,FIN,BRAND_MATERIAL_TYPE,202812,2025-10-24,,,0.0,,100.0,,,,,,,,,0.0,0.0,0.0,-0.0,,,
16742,00201790,All Other Pharmaceut,FIN,BRAND_MATERIAL_TYPE,202812,2025-10-31,,,0.0,,100.0,,,,,,,,,0.0,0.0,0.0,0.0,,,
16743,00201790,All Other Pharmaceut,FIN,BRAND_MATERIAL_TYPE,202812,2025-11-07,,,0.0,,100.0,,,,,,,,,0.0,0.0,0.0,0.0,,,
16744,00201790,All Other Pharmaceut,FIN,BRAND_MATERIAL_TYPE,202812,2025-11-14,,,0.0,,100.0,,,,,,,,,0.0,0.0,0.0,-0.0,,,
16745,00201790,All Other Pharmaceut,FIN,BRAND_MATERIAL_TYPE,202812,2025-11-19,,,0.0,,100.0,,,,,,,,,0.0,0.0,0.0,0.0,,,
16746,00201790,All Other Pharmaceut,FIN,BRAND_MATERIAL_TYPE,202812,2025-11-21,,,0.0,,100.0,,,,,,,,,0.0,0.0,0.0,0.0,,,
16747,00201790,All Other Pharmaceut,FIN,BRAND_MATERIAL_TYPE,202812,2025-11-28,100.0,,5.5,100.0,0.0,0.0,100.0,100.0,100.0,100.0,100.0,0.0,1.0,,1.0,,-0.0,0.0,100.0,43.33
16748,00201790,All Other Pharmaceut,FIN,BRAND_MATERIAL_TYPE,202812,2025-12-05,,,0.0,,100.0,,,,,,,,,0.0,0.0,0.0,0.0,,,
16749,00201790,All Other Pharmaceut,FIN,BRAND_MATERIAL_TYPE,202812,2025-12-12,,,0.0,,100.0,,,,,,,,,0.0,0.0,0.0,0.0,,,
16750,00201790,All Other Pharmaceut,FIN,BRAND_MATERIAL_TYPE,202812,2025-12-17,100.0,,401.25,100.0,0.0,0.0,100.0,100.0,100.0,100.0,100.0,0.0,1.0,,1.0,,-0.0,0.0,100.0,43.33
16751,00201790,All Other Pharmaceut,FIN,BRAND_MATERIAL_TYPE,202812,2025-12-19,100.0,,395.76,100.0,0.0,0.0,100.0,100.0,100.0,100.0,100.0,0.0,1.0,,2.0,,-0.01,0.0,100.0,46.67
16752,00201790,All Other Pharmaceut,FIN,BRAND_MATERIAL_TYPE,202812,2025-12-26,,,0.0,,100.0,,,,,,,,,0.0,0.0,0.0,0.0,,,
16753,00201790,All Other Pharmaceut,FIN,BRAND_MATERIAL_TYPE,202812,2026-01-02,,,0.0,,100.0,,,,,,,,,0.0,0.0,0.0,0.0,,,
16754,00201790,All Other Pharmaceut,FIN,BRAND_MATERIAL_TYPE,202812,2026-01-09,,,0.0,,5.88,,,,,,,,,0.0,0.0,0.0,-0.0,,,
16755,00201790,All Other Pharmaceut,FIN,BRAND_MATERIAL_TYPE,202812,2026-01-16,,,0.0,,0.0,,,,,,,,,,0.0,,-0.0,,,
16756,00201790,All Other Pharmaceut,FIN,BRAND_MATERIAL_TYPE,202812,2026-01-23,,,0.0,,0.0,,,,,,,,,,0.0,,-0.0,,,
16757,00201790,All Other Pharmaceut,FIN,BRAND_MATERIAL_TYPE,202812,2026-01-30,,,0.0,,0.0,,,,,,,,,,0.0,,-0.0,,,
16758,00201790,All Other Pharmaceut,FIN,BRAND_MATERIAL_TYPE,202812,2026-02-06,,,0.0,,0.0,,,,,,,,,,0.0,,0.0,,,
16759,00201790,All Other Pharmaceut,HALB,BRAND_MATERIAL_TYPE,202612,2025-07-18,,,0.0,,100.0,,,,,,,,,0.0,0.0,0.0,,,,
16760,00201790,All Other Pharmaceut,HALB,BRAND_MATERIAL_TYPE,202612,2025-07-25,-82.54,,623014.28,82.54,80.83,100.0,37.39,89.8,97.51,41.69,100.0,-0.0,1.0,16.67,0.15,0.0,445.63,89.8,100.0,68.74
16761,00201790,All Other Pharmaceut,HALB,BRAND_MATERIAL_TYPE,202612,2025-08-01,20.15,,290306.33,20.15,80.78,100.0,40.18,83.19,94.81,43.79,100.0,0.0,1.0,13.18,0.16,0.0,-26.52,83.19,100.0,66.12
16762,00201790,All Other Pharmaceut,HALB,BRAND_MATERIAL_TYPE,202612,2025-08-08,87.98,,6655531.05,87.98,81.17,100.0,42.76,97.41,99.62,68.69,100.0,0.0,1.0,18.81,0.2,0.0,30.75,97.41,100.0,72.1
16763,00201790,All Other Pharmaceut,HALB,BRAND_MATERIAL_TYPE,202612,2025-08-15,-83.12,,4996647.86,83.12,81.68,100.0,56.96,99.06,99.73,91.49,100.0,-0.0,1.0,17.58,0.19,0.0,68.62,99.06,100.0,72.93
16764,00201790,All Other Pharmaceut,HALB,BRAND_MATERIAL_TYPE,202612,2025-08-22,12.22,,284089.91,12.22,81.37,100.0,35.92,84.76,94.54,50.51,100.0,0.0,1.0,19.58,0.23,0.0,-2.16,84.76,100.0,67.21
16765,00201790,All Other Pharmaceut,HALB,BRAND_MATERIAL_TYPE,202612,2025-08-26,,,0.0,,81.64,,,,,,,,,0.0,0.0,0.0,,,,
16766,00201790,All Other Pharmaceut,HALB,BRAND_MATERIAL_TYPE,202612,2025-08-29,24.05,,710603.1,24.05,77.48,79.94,38.2,86.26,96.27,52.57,100.0,0.0,1.0,13.75,0.15,0.0,4.96,68.96,100.0,65.98
16767,00201790,All Other Pharmaceut,HALB,BRAND_MATERIAL_TYPE,202612,2025-09-05,-69.59,,242680.7,69.59,78.42,45.87,29.31,93.93,98.62,51.39,100.0,-0.0,1.0,12.54,0.17,0.0,4.76,43.09,100.0,69.51
16768,00201790,All Other Pharmaceut,HALB,BRAND_MATERIAL_TYPE,202612,2025-09-12,-18.77,,1199235.43,18.77,75.41,96.29,47.32,84.84,98.52,86.11,100.0,-0.0,1.0,11.6,0.21,0.0,14.43,81.7,100.0,64.8
16769,00201790,All Other Pharmaceut,HALB,BRAND_MATERIAL_TYPE,202612,2025-09-18,-60.27,,2671480.72,60.27,77.5,65.33,51.15,81.92,94.12,89.06,100.0,-0.0,1.0,16.72,0.41,0.29,-14.96,53.52,100.0,65.12
16770,00201790,All Other Pharmaceut,HALB,BRAND_MATERIAL_TYPE,202612,2025-09-19,-51.95,,598316.28,51.95,75.91,55.33,31.39,80.78,97.75,99.6,100.0,-0.0,1.0,10.48,0.34,0.0,67.02,44.69,100.0,63.79
16771,00201790,All Other Pharmaceut,HALB,BRAND_MATERIAL_TYPE,202612,2025-09-26,84.97,,947470.93,84.97,93.73,93.11,91.32,99.33,99.91,99.54,100.0,0.0,1.0,11.46,0.24,0.0,-365.34,92.49,100.0,78.02
16772,00201790,All Other Pharmaceut,HALB,BRAND_MATERIAL_TYPE,202612,2025-10-03,-19.01,,1677367.25,19.01,81.7,99.47,53.18,94.47,99.71,59.84,100.0,-0.0,1.0,9.9,0.16,0.0,106.97,93.97,100.0,71.02
16773,00201790,All Other Pharmaceut,HALB,BRAND_MATERIAL_TYPE,202612,2025-10-10,,,0.0,,78.8,,,,,,,,,0.0,0.0,0.0,,,,
16774,00201790,All Other Pharmaceut,HALB,BRAND_MATERIAL_TYPE,202612,2025-10-17,-40.41,,1889774.26,40.41,74.08,98.57,39.75,89.72,97.52,54.82,100.0,-0.0,1.0,18.58,0.22,0.0,140.93,88.44,100.0,66.27
16775,00201790,All Other Pharmaceut,HALB,BRAND_MATERIAL_TYPE,202612,2025-10-24,-95.19,,1315359.84,95.19,74.66,94.2,55.07,93.67,98.8,64.72,100.0,-0.0,1.0,13.03,0.29,0.3,254.44,88.23,100.0,68.31
16776,00201790,All Other Pharmaceut,HALB,BRAND_MATERIAL_TYPE,202612,2025-10-31,-50.17,,1578899.04,50.17,76.43,92.94,74.04,99.16,99.92,74.7,100.0,-0.0,1.0,7.78,0.18,0.0,-38.61,92.16,100.0,70.84
16777,00201790,All Other Pharmaceut,HALB,BRAND_MATERIAL_TYPE,202612,2025-11-07,49.18,,3869248.33,49.18,75.78,63.22,41.02,95.38,99.57,51.97,100.0,0.0,1.0,8.86,0.2,0.0,69.36,60.29,100.0,69.14
16778,00201790,All Other Pharmaceut,HALB,BRAND_MATERIAL_TYPE,202612,2025-11-14,-33.7,,592157.55,33.7,75.3,39.48,60.04,95.28,99.51,65.47,100.0,-0.0,1.0,9.32,0.17,0.0,11.43,37.61,100.0,68.81
16779,00201790,All Other Pharmaceut,HALB,BRAND_MATERIAL_TYPE,202612,2025-11-19,30.7,,2768886.21,30.7,73.48,97.76,57.32,86.23,96.1,72.63,100.0,0.0,1.0,19.87,0.38,0.33,0.88,84.3,100.0,65.15
16780,00201790,All Other Pharmaceut,HALB,BRAND_MATERIAL_TYPE,202612,2025-11-21,-13.75,,206244.35,13.75,75.73,93.77,41.16,92.33,98.12,56.78,100.0,-0.0,1.0,6.09,0.2,0.0,-0.03,86.58,100.0,67.89
16781,00201790,All Other Pharmaceut,HALB,BRAND_MATERIAL_TYPE,202612,2025-11-28,75.27,,241734.58,75.27,76.92,76.32,61.36,93.98,98.97,61.36,100.0,0.0,1.0,8.79,0.2,0.0,-0.17,71.72,100.0,69.02
16782,00201790,All Other Pharmaceut,HALB,BRAND_MATERIAL_TYPE,202612,2025-12-05,98.09,,1164332.25,98.09,79.56,89.25,50.01,93.64,99.5,74.64,100.0,0.0,1.0,9.5,0.19,0.28,-80.99,83.57,100.0,69.92
16783,00201790,All Other Pharmaceut,HALB,BRAND_MATERIAL_TYPE,202612,2025-12-12,-79.46,,296427.35,79.46,77.68,68.51,28.64,81.51,94.58,59.78,100.0,-0.0,1.0,12.68,0.2,0.56,-24.81,55.84,100.0,64.35
16784,00201790,All Other Pharmaceut,HALB,BRAND_MATERIAL_TYPE,202612,2025-12-17,71.77,,1344506.83,71.77,77.51,88.6,43.31,84.83,96.26,64.64,100.0,0.0,1.0,14.08,0.29,0.56,-0.88,75.16,100.0,65.92
16785,00201790,All Other Pharmaceut,HALB,BRAND_MATERIAL_TYPE,202612,2025-12-19,-89.05,,2093241.13,89.05,77.12,99.57,47.39,97.39,98.75,91.78,100.0,-0.0,1.0,11.3,0.22,0.85,-0.21,96.97,100.0,70.55
16786,00201790,All Other Pharmaceut,HALB,BRAND_MATERIAL_TYPE,202612,2025-12-26,-31.6,,367343.82,31.6,78.34,74.6,31.7,85.67,92.06,45.22,100.0,-0.0,1.0,13.97,0.28,0.56,-0.72,63.91,100.0,66.55
16787,00201790,All Other Pharmaceut,HALB,BRAND_MATERIAL_TYPE,202612,2026-01-02,82.76,,1299216.67,82.76,81.82,92.84,80.27,91.1,95.26,80.27,8.71,93.41,-0.79,29.44,0.22,0.28,17.95,84.57,84.7,69.89
16788,00201790,All Other Pharmaceut,HALB,BRAND_MATERIAL_TYPE,202612,2026-01-09,-63.32,,241745.25,63.32,80.71,80.12,69.54,90.77,96.28,69.54,100.0,-0.0,1.0,8.79,0.2,0.0,1.29,72.72,100.0,69.27
16789,00201790,All Other Pharmaceut,HALB,BRAND_MATERIAL_TYPE,202612,2026-01-16,-69.58,,5255705.58,69.58,71.33,22.88,48.84,77.03,91.9,48.84,100.0,-0.0,1.0,13.4,0.31,0.0,19.04,17.62,100.0,60.37
16790,00201790,All Other Pharmaceut,HALB,BRAND_MATERIAL_TYPE,202612,2026-01-23,-70.88,,6955012.44,70.88,66.82,26.16,36.91,75.16,88.82,51.0,119.61,-29.7,0.96,31.82,0.55,0.0,1.51,19.66,149.31,58.63
16791,00201790,All Other Pharmaceut,HALB,BRAND_MATERIAL_TYPE,202612,2026-01-30,-0.27,,1752032.21,0.27,78.54,34.87,43.2,88.42,99.4,60.91,100.0,-0.0,1.0,8.41,0.21,0.0,0.13,30.83,100.0,67.47
16792,00201790,All Other Pharmaceut,HALB,BRAND_MATERIAL_TYPE,202612,2026-02-06,-94.79,,1033408.72,94.79,79.16,71.01,33.81,89.21,98.38,36.33,100.0,-0.0,1.0,9.76,0.19,0.0,-47.78,63.35,100.0,67.99
16793,00201790,All Other Pharmaceut,HALB,BRAND_MATERIAL_TYPE,202712,2025-07-18,,,0.0,,100.0,,,,,,,,,0.0,0.0,0.0,,,,
16794,00201790,All Other Pharmaceut,HALB,BRAND_MATERIAL_TYPE,202712,2025-07-25,-83.75,,668980.75,83.75,80.83,100.0,34.82,90.5,97.68,45.7,100.0,-0.0,1.0,16.99,0.15,0.0,330.12,90.5,100.0,69.02
16795,00201790,All Other Pharmaceut,HALB,BRAND_MATERIAL_TYPE,202712,2025-08-01,29.22,,269912.23,29.22,80.78,100.0,43.21,83.97,94.42,47.1,100.0,0.0,1.0,13.5,0.16,0.0,-35.64,83.97,100.0,66.45
16796,00201790,All Other Pharmaceut,HALB,BRAND_MATERIAL_TYPE,202712,2025-08-08,96.29,,21792067.45,96.29,81.17,100.0,78.56,97.49,99.86,90.31,100.0,0.0,1.0,21.0,0.22,0.0,60.57,97.49,100.0,72.21
16797,00201790,All Other Pharmaceut,HALB,BRAND_MATERIAL_TYPE,202712,2025-08-15,-96.87,,19998642.18,96.87,81.68,100.0,85.61,99.77,99.95,98.41,100.0,-0.0,1.0,17.58,0.2,0.0,88.18,99.77,100.0,73.24
16798,00201790,All Other Pharmaceut,HALB,BRAND_MATERIAL_TYPE,202712,2025-08-22,50.65,,391935.84,50.65,81.37,100.0,50.75,90.91,97.15,69.85,100.0,0.0,1.0,20.78,0.26,0.0,-13.73,90.91,100.0,69.77
16799,00201790,All Other Pharmaceut,HALB,BRAND_MATERIAL_TYPE,202712,2025-08-26,,,0.0,,81.64,,,,,,,,,0.0,0.0,0.0,,,,
16800,00201790,All Other Pharmaceut,HALB,BRAND_MATERIAL_TYPE,202712,2025-08-29,19.87,,673120.13,19.87,77.72,65.74,36.82,86.24,96.45,50.67,100.0,0.0,1.0,13.71,0.15,0.0,3.76,56.69,100.0,66.07
16801,00201790,All Other Pharmaceut,HALB,BRAND_MATERIAL_TYPE,202712,2025-09-05,-83.2,,173482.61,83.2,78.18,29.02,27.69,93.34,97.82,57.47,100.0,-0.0,1.0,12.58,0.17,0.0,3.94,27.08,100.0,69.18
16802,00201790,All Other Pharmaceut,HALB,BRAND_MATERIAL_TYPE,202712,2025-09-12,-19.82,,1198165.71,19.82,77.3,96.69,47.62,85.12,98.39,86.41,100.0,-0.0,1.0,12.54,0.2,0.0,13.73,82.3,100.0,65.63
16803,00201790,All Other Pharmaceut,HALB,BRAND_MATERIAL_TYPE,202712,2025-09-18,-58.33,,2662350.34,58.33,78.18,13.32,51.44,82.31,95.37,87.36,100.0,-0.0,1.0,15.99,0.38,0.29,-14.37,10.96,100.0,65.47
16804,00201790,All Other Pharmaceut,HALB,BRAND_MATERIAL_TYPE,202712,2025-09-19,-40.96,,630500.16,40.96,75.91,12.75,29.78,76.65,97.9,89.33,100.0,-0.0,1.0,9.88,0.3,0.0,92.79,9.77,100.0,62.01
16805,00201790,All Other Pharmaceut,HALB,BRAND_MATERIAL_TYPE,202712,2025-09-26,79.29,,972550.35,79.29,94.33,10.69,88.97,98.91,99.87,96.98,100.0,0.0,1.0,12.34,0.22,0.0,-1284.42,10.57,100.0,78.04
16806,00201790,All Other Pharmaceut,HALB,BRAND_MATERIAL_TYPE,202712,2025-10-03,-17.96,,1655666.82,17.96,81.91,45.52,53.88,95.71,99.71,59.31,100.0,-0.0,1.0,9.87,0.16,0.0,127.41,43.56,100.0,71.6
16807,00201790,All Other Pharmaceut,HALB,BRAND_MATERIAL_TYPE,202712,2025-10-10,,,0.0,,78.8,,,,,,,,,0.0,0.0,0.0,,,,
16808,00201790,All Other Pharmaceut,HALB,BRAND_MATERIAL_TYPE,202712,2025-10-17,-40.03,,1857982.22,40.03,74.08,58.6,40.43,91.25,98.02,54.05,100.0,-0.0,1.0,18.89,0.23,0.0,81.17,53.48,100.0,66.89
16809,00201790,All Other Pharmaceut,HALB,BRAND_MATERIAL_TYPE,202712,2025-10-24,-99.65,,2484729.49,99.65,74.43,44.31,37.99,93.43,99.41,41.44,100.0,-0.0,1.0,13.68,0.3,0.61,91.97,41.4,100.0,68.14
16810,00201790,All Other Pharmaceut,HALB,BRAND_MATERIAL_TYPE,202712,2025-10-31,-97.61,,1272691.46,97.61,75.74,2.5,91.85,98.93,99.86,92.68,100.0,-0.0,1.0,7.25,0.18,0.0,-70.65,2.47,100.0,70.47
16811,00201790,All Other Pharmaceut,HALB,BRAND_MATERIAL_TYPE,202712,2025-11-07,91.57,,3159858.92,91.57,75.78,59.15,50.23,98.88,99.73,50.23,100.0,0.0,1.0,9.49,0.22,0.0,60.42,58.49,100.0,70.58
16812,00201790,All Other Pharmaceut,HALB,BRAND_MATERIAL_TYPE,202712,2025-11-14,49.69,,175428.64,49.69,75.79,98.38,48.39,94.68,99.1,79.41,100.0,0.0,1.0,9.27,0.17,0.0,-3.86,93.15,100.0,68.77
16813,00201790,All Other Pharmaceut,HALB,BRAND_MATERIAL_TYPE,202712,2025-11-19,19.12,,3227653.76,19.12,74.21,99.61,49.17,89.17,96.92,49.17,100.0,0.0,1.0,20.33,0.38,0.66,0.64,88.83,100.0,66.63
16814,00201790,All Other Pharmaceut,HALB,BRAND_MATERIAL_TYPE,202712,2025-11-21,70.03,,245266.89,70.03,75.0,67.91,34.61,91.58,98.78,49.49,100.0,0.0,1.0,6.47,0.19,0.0,0.18,62.19,100.0,67.26
16815,00201790,All Other Pharmaceut,HALB,BRAND_MATERIAL_TYPE,202712,2025-11-28,-48.85,,259133.66,48.85,77.62,97.35,37.68,86.37,94.7,77.74,100.0,-0.0,1.0,12.61,0.2,0.0,0.12,84.08,100.0,66.25
16816,00201790,All Other Pharmaceut,HALB,BRAND_MATERIAL_TYPE,202712,2025-12-05,97.99,,1166418.97,97.99,79.56,89.27,49.92,93.36,99.22,74.51,100.0,0.0,1.0,11.45,0.18,0.28,-58.0,83.35,100.0,69.77
16817,00201790,All Other Pharmaceut,HALB,BRAND_MATERIAL_TYPE,202712,2025-12-12,-43.85,,311424.74,43.85,78.56,54.93,27.26,79.05,93.69,57.39,100.0,-0.0,1.0,12.53,0.19,0.56,-17.69,43.42,100.0,63.68
16818,00201790,All Other Pharmaceut,HALB,BRAND_MATERIAL_TYPE,202712,2025-12-17,55.24,,1366113.28,55.24,78.17,93.1,42.63,80.92,93.9,63.62,100.0,0.0,1.0,15.92,0.29,0.56,-0.67,75.34,100.0,64.59
16819,00201790,All Other Pharmaceut,HALB,BRAND_MATERIAL_TYPE,202712,2025-12-19,-89.0,,2093348.25,89.0,77.12,99.67,47.39,97.38,98.74,91.78,100.0,-0.0,1.0,13.56,0.23,0.56,-0.53,97.06,100.0,70.58
16820,00201790,All Other Pharmaceut,HALB,BRAND_MATERIAL_TYPE,202712,2025-12-26,-80.15,,274857.07,80.15,80.09,99.99,42.37,82.36,91.34,46.21,100.0,-0.0,1.0,14.21,0.23,0.55,-0.11,82.35,100.0,65.73
16821,00201790,All Other Pharmaceut,HALB,BRAND_MATERIAL_TYPE,202712,2026-01-02,85.71,,2205743.64,85.71,81.59,94.75,86.43,93.0,96.64,86.43,2.8,98.44,-0.83,30.36,0.27,0.56,35.27,88.12,95.64,70.75
16822,00201790,All Other Pharmaceut,HALB,BRAND_MATERIAL_TYPE,202712,2026-01-09,-13.35,,246675.28,13.35,81.6,84.05,45.6,88.88,96.13,54.04,100.0,-0.0,1.0,10.6,0.23,0.0,0.29,74.71,100.0,68.95
16823,00201790,All Other Pharmaceut,HALB,BRAND_MATERIAL_TYPE,202712,2026-01-16,-81.73,,7263799.93,81.73,71.79,79.93,69.08,87.81,96.19,69.08,100.0,-0.0,1.0,18.83,0.38,0.0,19.88,70.19,100.0,65.09
16824,00201790,All Other Pharmaceut,HALB,BRAND_MATERIAL_TYPE,202712,2026-01-23,-66.56,,10272760.12,66.56,65.42,72.09,46.75,78.16,92.08,64.7,126.49,-33.98,0.85,30.0,0.62,0.36,24.48,56.35,160.47,59.51
16825,00201790,All Other Pharmaceut,HALB,BRAND_MATERIAL_TYPE,202712,2026-01-30,-62.21,,1935506.2,62.21,77.12,16.47,39.1,93.97,99.38,48.38,100.0,-0.0,1.0,9.79,0.26,0.0,17.3,15.47,100.0,69.32
16826,00201790,All Other Pharmaceut,HALB,BRAND_MATERIAL_TYPE,202712,2026-02-06,-63.48,,564092.56,63.48,78.69,85.83,61.94,87.02,96.97,64.59,100.0,-0.0,1.0,10.12,0.22,0.0,-44.38,74.7,100.0,67.03
16827,00201790,All Other Pharmaceut,HALB,BRAND_MATERIAL_TYPE,202812,2025-07-18,,,0.0,,100.0,,,,,,,,,0.0,0.0,0.0,,,,
16828,00201790,All Other Pharmaceut,HALB,BRAND_MATERIAL_TYPE,202812,2025-07-25,-83.75,,668980.5,83.75,98.26,100.0,34.82,90.5,97.68,45.7,100.0,-0.0,1.0,16.96,0.18,0.0,1168.34,90.5,100.0,76.11
16829,00201790,All Other Pharmaceut,HALB,BRAND_MATERIAL_TYPE,202812,2025-08-01,29.22,,269912.22,29.22,98.26,100.0,43.21,83.97,94.42,47.1,100.0,0.0,1.0,14.49,0.21,0.0,-38.31,83.97,100.0,73.6
16830,00201790,All Other Pharmaceut,HALB,BRAND_MATERIAL_TYPE,202812,2025-08-08,95.79,,19230577.51,95.79,98.38,100.0,89.02,99.62,99.88,89.02,100.0,0.0,1.0,19.47,0.26,0.0,105.79,99.62,100.0,80.05
16831,00201790,All Other Pharmaceut,HALB,BRAND_MATERIAL_TYPE,202812,2025-08-15,-96.64,,17440548.94,96.64,98.4,100.0,98.16,99.84,99.97,98.16,100.0,-0.0,1.0,17.53,0.24,0.0,87.36,99.84,100.0,80.09
16832,00201790,All Other Pharmaceut,HALB,BRAND_MATERIAL_TYPE,202812,2025-08-22,80.78,,370386.44,80.78,97.79,100.0,62.14,92.97,98.16,85.52,100.0,0.0,1.0,21.29,0.31,0.0,-22.62,92.97,100.0,77.32
16833,00201790,All Other Pharmaceut,HALB,BRAND_MATERIAL_TYPE,202812,2025-08-26,,,0.0,,97.85,,,,,,,,,0.0,0.0,0.0,,,,
16834,00201790,All Other Pharmaceut,HALB,BRAND_MATERIAL_TYPE,202812,2025-08-29,-42.78,,336918.27,42.78,94.04,67.88,34.57,84.44,95.72,50.87,100.0,-0.0,1.0,14.67,0.18,0.0,-4.24,57.32,100.0,71.98
16835,00201790,All Other Pharmaceut,HALB,BRAND_MATERIAL_TYPE,202812,2025-09-05,-30.81,,141141.72,30.81,93.52,40.31,34.04,91.81,97.32,70.64,100.0,-0.0,1.0,13.2,0.23,0.0,1.22,37.01,100.0,74.88
16836,00201790,All Other Pharmaceut,HALB,BRAND_MATERIAL_TYPE,202812,2025-09-12,-27.48,,1231535.15,27.48,91.24,96.78,46.33,82.82,98.14,84.07,100.0,-0.0,1.0,13.58,0.25,0.0,14.82,80.15,100.0,70.46
16837,00201790,All Other Pharmaceut,HALB,BRAND_MATERIAL_TYPE,202812,2025-09-18,-60.84,,2404748.18,60.84,88.96,16.79,56.96,84.13,96.84,83.79,100.0,-0.0,1.0,17.79,0.45,0.34,-13.27,14.12,100.0,70.74
16838,00201790,All Other Pharmaceut,HALB,BRAND_MATERIAL_TYPE,202812,2025-09-19,-57.36,,528431.17,57.36,91.64,8.46,35.54,87.01,99.48,93.64,100.0,-0.0,1.0,9.12,0.31,0.0,-434.22,7.36,100.0,72.5
16839,00201790,All Other Pharmaceut,HALB,BRAND_MATERIAL_TYPE,202812,2025-09-26,79.29,,972550.35,79.29,93.73,4.34,88.97,98.91,99.87,96.98,100.0,0.0,1.0,12.1,0.24,0.0,4299.33,4.29,100.0,77.87
16840,00201790,All Other Pharmaceut,HALB,BRAND_MATERIAL_TYPE,202812,2025-10-03,-14.43,,1639537.56,14.43,95.12,44.98,54.41,95.7,99.73,57.44,100.0,-0.0,1.0,11.22,0.22,0.0,160.82,43.05,100.0,77.05
16841,00201790,All Other Pharmaceut,HALB,BRAND_MATERIAL_TYPE,202812,2025-10-10,,,0.0,,95.74,,,,,,,,,0.0,0.0,0.0,,,,
16842,00201790,All Other Pharmaceut,HALB,BRAND_MATERIAL_TYPE,202812,2025-10-17,-35.11,,1731231.8,35.11,89.73,55.77,43.39,91.06,98.6,54.98,100.0,-0.0,1.0,17.85,0.25,0.0,129.16,50.78,100.0,73.14
16843,00201790,All Other Pharmaceut,HALB,BRAND_MATERIAL_TYPE,202812,2025-10-24,-86.64,,2962254.69,86.64,90.06,59.14,53.83,95.13,99.51,59.63,100.0,-0.0,1.0,14.38,0.36,0.67,90.96,56.26,100.0,75.29
16844,00201790,All Other Pharmaceut,HALB,BRAND_MATERIAL_TYPE,202812,2025-10-31,-93.03,,1228848.63,93.03,91.24,2.62,95.13,99.08,99.93,95.98,100.0,-0.0,1.0,7.28,0.22,0.0,-59.5,2.59,100.0,76.86
16845,00201790,All Other Pharmaceut,HALB,BRAND_MATERIAL_TYPE,202812,2025-11-07,91.57,,3159826.91,91.57,91.69,59.15,50.23,98.88,99.73,50.23,100.0,0.0,1.0,10.1,0.25,0.0,82.83,58.49,100.0,77.07
16846,00201790,All Other Pharmaceut,HALB,BRAND_MATERIAL_TYPE,202812,2025-11-14,-4.85,,275976.8,4.85,93.91,99.14,30.76,96.73,99.54,50.31,100.0,-0.0,1.0,9.9,0.2,0.0,1.32,95.9,100.0,76.91
16847,00201790,All Other Pharmaceut,HALB,BRAND_MATERIAL_TYPE,202812,2025-11-19,9.45,,3855841.02,9.45,89.78,99.82,41.16,89.36,98.09,41.16,100.0,0.0,1.0,19.93,0.44,1.42,0.38,89.2,100.0,73.11
16848,00201790,All Other Pharmaceut,HALB,BRAND_MATERIAL_TYPE,202812,2025-11-21,51.06,,151908.2,51.06,89.49,87.19,55.88,90.73,99.19,72.66,100.0,0.0,1.0,4.98,0.2,0.0,0.08,79.11,100.0,72.76
16849,00201790,All Other Pharmaceut,HALB,BRAND_MATERIAL_TYPE,202812,2025-11-28,-36.27,,242528.84,36.27,94.27,97.17,40.26,92.45,98.51,57.37,100.0,-0.0,1.0,11.49,0.21,0.34,0.08,89.84,100.0,75.38
16850,00201790,All Other Pharmaceut,HALB,BRAND_MATERIAL_TYPE,202812,2025-12-05,97.72,,1024654.96,97.72,94.68,100.0,56.83,96.79,99.75,84.82,100.0,0.0,1.0,13.33,0.24,0.7,8.13,96.79,100.0,77.38
16851,00201790,All Other Pharmaceut,HALB,BRAND_MATERIAL_TYPE,202812,2025-12-12,-22.78,,169921.29,22.78,92.03,49.51,49.95,94.71,99.51,66.38,100.0,-0.0,1.0,6.86,0.22,1.44,-4.39,46.89,100.0,75.41
16852,00201790,All Other Pharmaceut,HALB,BRAND_MATERIAL_TYPE,202812,2025-12-17,75.52,,2049553.24,75.52,91.09,60.72,28.41,82.04,97.31,42.4,100.0,0.0,1.0,17.75,0.4,0.72,-1.59,49.81,100.0,70.57
16853,00201790,All Other Pharmaceut,HALB,BRAND_MATERIAL_TYPE,202812,2025-12-19,-77.93,,8029807.35,77.93,87.3,2.31,57.86,98.65,99.84,88.75,100.0,-0.0,1.0,11.57,0.31,1.12,134.3,2.28,100.0,75.41
16854,00201790,All Other Pharmaceut,HALB,BRAND_MATERIAL_TYPE,202812,2025-12-26,-98.86,,145077.68,98.86,93.38,99.97,80.28,93.34,98.58,87.55,100.0,-0.0,1.0,8.11,0.2,0.68,-3.38,93.31,100.0,75.35
16855,00201790,All Other Pharmaceut,HALB,BRAND_MATERIAL_TYPE,202812,2026-01-02,92.17,,4541496.69,92.17,96.14,98.99,94.74,98.52,99.55,94.74,-3.61,103.52,-0.92,22.93,0.19,0.47,61.13,97.53,107.13,78.5
16856,00201790,All Other Pharmaceut,HALB,BRAND_MATERIAL_TYPE,202812,2026-01-09,44.35,,193530.14,44.35,82.93,82.6,27.71,84.98,94.22,59.43,100.0,0.0,1.0,11.23,0.22,0.27,-0.59,70.19,100.0,67.89
16857,00201790,All Other Pharmaceut,HALB,BRAND_MATERIAL_TYPE,202812,2026-01-16,-87.67,,11884605.59,87.67,73.66,84.67,78.68,90.93,97.49,78.68,100.0,-0.0,1.0,21.52,0.35,0.32,27.98,76.99,100.0,66.99
16858,00201790,All Other Pharmaceut,HALB,BRAND_MATERIAL_TYPE,202812,2026-01-23,-72.27,,18993685.15,72.27,68.93,51.06,48.1,89.44,97.04,82.16,131.52,-40.28,0.86,21.36,0.46,0.0,26.39,45.67,171.8,64.9
16859,00201790,All Other Pharmaceut,HALB,BRAND_MATERIAL_TYPE,202812,2026-01-30,-34.48,,1199774.42,34.48,79.25,26.15,63.08,95.02,98.46,82.07,100.0,-0.0,1.0,12.2,0.21,0.0,8.14,24.84,100.0,70.4
16860,00201790,All Other Pharmaceut,HALB,BRAND_MATERIAL_TYPE,202812,2026-02-06,-43.51,,969995.53,43.51,78.69,44.04,36.02,81.34,94.19,60.14,100.0,-0.0,1.0,10.42,0.19,0.0,-85.38,35.83,100.0,64.63
16861,00201790,All Other Pharmaceut,HIBE,BRAND_MATERIAL_TYPE,202612,2025-07-18,,,0.0,,100.0,,,,,,,,,0.0,0.0,0.0,,,,
16862,00201790,All Other Pharmaceut,HIBE,BRAND_MATERIAL_TYPE,202612,2025-07-25,14.48,,405523.79,14.48,100.0,100.0,25.79,76.73,96.7,92.45,100.0,0.0,1.0,23.93,0.24,0.0,-50.87,76.73,100.0,71.49
16863,00201790,All Other Pharmaceut,HIBE,BRAND_MATERIAL_TYPE,202612,2025-08-01,-44.09,,241385.97,44.09,100.0,100.0,31.12,79.04,91.28,100.0,100.0,-0.0,1.0,32.48,0.44,0.0,48.26,79.04,100.0,73.1
16864,00201790,All Other Pharmaceut,HIBE,BRAND_MATERIAL_TYPE,202612,2025-08-08,-22.84,,520298.8,22.84,100.0,100.0,26.55,82.3,95.69,99.65,100.0,-0.0,1.0,27.61,0.45,0.0,-0.62,82.3,100.0,74.41
16865,00201790,All Other Pharmaceut,HIBE,BRAND_MATERIAL_TYPE,202612,2025-08-15,39.74,,651144.39,39.74,99.26,100.0,44.75,79.67,93.07,74.85,100.0,0.0,1.0,34.33,0.48,0.0,-4.28,79.67,100.0,73.18
16866,00201790,All Other Pharmaceut,HIBE,BRAND_MATERIAL_TYPE,202612,2025-08-22,-66.48,,659666.32,66.48,99.26,100.0,29.1,69.84,87.38,85.31,100.0,-0.0,1.0,40.3,0.6,0.0,27.23,69.84,100.0,69.64
16867,00201790,All Other Pharmaceut,HIBE,BRAND_MATERIAL_TYPE,202612,2025-08-26,,,0.0,,99.26,,,,,,,,,0.0,0.0,0.0,,,,
16868,00201790,All Other Pharmaceut,HIBE,BRAND_MATERIAL_TYPE,202612,2025-08-29,-2.33,,571561.87,2.33,95.56,99.2,24.35,68.62,88.36,83.81,100.0,-0.0,1.0,40.31,0.42,0.0,-0.39,68.07,100.0,67.08
16869,00201790,All Other Pharmaceut,HIBE,BRAND_MATERIAL_TYPE,202612,2025-09-05,78.91,,716994.79,78.91,94.16,98.71,75.56,94.34,97.84,98.05,100.0,0.0,1.0,24.81,0.36,1.55,-15.93,93.13,100.0,76.59
16870,00201790,All Other Pharmaceut,HIBE,BRAND_MATERIAL_TYPE,202612,2025-09-12,-92.25,,2115929.4,92.25,89.93,78.01,31.16,88.49,95.4,99.99,100.0,-0.0,1.0,28.0,0.47,0.8,125.13,69.04,100.0,72.93
16871,00201790,All Other Pharmaceut,HIBE,BRAND_MATERIAL_TYPE,202612,2025-09-18,-93.74,,1583967.26,93.74,82.01,16.46,44.26,80.09,88.45,97.49,100.0,-0.0,1.0,38.6,0.86,3.51,-13.79,13.18,100.0,67.69
16872,00201790,All Other Pharmaceut,HIBE,BRAND_MATERIAL_TYPE,202612,2025-09-19,-10.37,,336883.08,10.37,86.33,47.99,26.96,67.86,87.15,87.72,100.0,-0.0,1.0,22.5,0.68,2.5,7.53,32.57,100.0,63.95
16873,00201790,All Other Pharmaceut,HIBE,BRAND_MATERIAL_TYPE,202612,2025-09-26,-36.56,,990604.49,36.56,92.09,74.64,17.11,56.06,80.59,54.04,100.0,-0.0,1.0,39.84,0.67,1.56,164.36,41.85,100.0,61.49
16874,00201790,All Other Pharmaceut,HIBE,BRAND_MATERIAL_TYPE,202612,2025-10-03,-47.88,,531763.13,47.88,89.78,79.81,14.12,57.53,81.18,87.7,100.0,-0.0,1.0,34.96,0.64,0.81,85.43,45.92,100.0,61.04
16875,00201790,All Other Pharmaceut,HIBE,BRAND_MATERIAL_TYPE,202612,2025-10-10,,,0.0,,95.62,,,,,,,,,0.0,0.0,0.0,,,,
16876,00201790,All Other Pharmaceut,HIBE,BRAND_MATERIAL_TYPE,202612,2025-10-17,-32.89,,1324841.89,32.89,83.45,78.72,12.5,45.31,70.73,56.83,100.0,-0.0,1.0,52.07,0.59,0.0,80.41,35.67,100.0,53.48
16877,00201790,All Other Pharmaceut,HIBE,BRAND_MATERIAL_TYPE,202612,2025-10-24,24.84,,885243.6,24.84,85.62,67.61,15.54,52.51,78.05,57.24,100.0,0.0,1.0,36.0,0.74,3.2,-44.69,35.51,100.0,57.72
16878,00201790,All Other Pharmaceut,HIBE,BRAND_MATERIAL_TYPE,202612,2025-10-31,-11.29,,546509.6,11.29,93.15,65.59,21.38,71.71,92.28,81.95,100.0,-0.0,1.0,25.0,0.5,1.47,-3.01,47.03,100.0,67.61
16879,00201790,All Other Pharmaceut,HIBE,BRAND_MATERIAL_TYPE,202612,2025-11-07,-16.36,,608934.29,16.36,93.88,96.25,19.19,54.38,75.43,77.21,100.0,-0.0,1.0,41.3,0.69,1.45,-3.63,52.34,100.0,61.59
16880,00201790,All Other Pharmaceut,HIBE,BRAND_MATERIAL_TYPE,202612,2025-11-14,26.46,,966372.32,26.46,91.89,91.25,43.0,75.69,93.03,50.09,100.0,0.0,1.0,34.56,0.61,2.21,-14.64,69.07,100.0,69.08
16881,00201790,All Other Pharmaceut,HIBE,BRAND_MATERIAL_TYPE,202612,2025-11-19,8.11,,1543986.33,8.11,87.84,64.45,19.27,50.37,70.94,60.56,100.0,0.0,1.0,43.85,0.95,4.62,0.13,32.47,100.0,58.46
16882,00201790,All Other Pharmaceut,HIBE,BRAND_MATERIAL_TYPE,202612,2025-11-21,28.21,,536038.77,28.21,88.51,81.19,37.67,76.78,89.97,72.48,100.0,0.0,1.0,29.77,0.67,2.29,0.16,62.34,100.0,68.35
16883,00201790,All Other Pharmaceut,HIBE,BRAND_MATERIAL_TYPE,202612,2025-11-28,-82.44,,737660.9,82.44,93.92,90.79,20.85,63.6,79.11,78.72,100.0,-0.0,1.0,40.29,0.7,3.6,0.56,57.75,100.0,65.35
16884,00201790,All Other Pharmaceut,HIBE,BRAND_MATERIAL_TYPE,202612,2025-12-05,28.81,,701601.5,28.81,89.86,97.44,17.09,50.03,70.73,79.72,100.0,0.0,1.0,41.35,0.91,4.51,-14.34,48.75,100.0,58.97
16885,00201790,All Other Pharmaceut,HIBE,BRAND_MATERIAL_TYPE,202612,2025-12-12,54.73,,989646.37,54.73,92.57,89.63,25.3,67.78,92.32,75.02,100.0,0.0,1.0,26.28,0.66,1.46,57.05,60.75,100.0,66.35
16886,00201790,All Other Pharmaceut,HIBE,BRAND_MATERIAL_TYPE,202612,2025-12-17,-0.8,,1469600.29,0.8,88.51,68.03,15.33,51.94,73.01,66.08,100.0,-0.0,1.0,51.91,1.13,1.53,0.01,35.33,100.0,59.94
16887,00201790,All Other Pharmaceut,HIBE,BRAND_MATERIAL_TYPE,202612,2025-12-19,58.58,,1940657.61,58.58,81.08,78.26,58.06,80.61,88.57,93.59,100.0,0.0,1.0,29.17,0.86,0.0,0.13,63.08,100.0,67.54
16888,00201790,All Other Pharmaceut,HIBE,BRAND_MATERIAL_TYPE,202612,2025-12-26,77.24,,973302.79,77.24,89.58,12.86,79.26,92.72,96.81,93.42,100.0,0.0,1.0,22.48,0.53,0.78,4.67,11.92,100.0,74.68
16889,00201790,All Other Pharmaceut,HIBE,BRAND_MATERIAL_TYPE,202612,2026-01-02,19.39,,1358910.81,19.39,92.36,89.99,36.89,66.98,78.89,75.99,-138.97,250.86,0.03,67.67,0.54,1.5,4.4,60.28,389.83,65.54
16890,00201790,All Other Pharmaceut,HIBE,BRAND_MATERIAL_TYPE,202612,2026-01-09,-48.15,,395051.89,48.15,94.44,92.05,19.58,55.66,76.85,57.99,100.0,-0.0,1.0,38.97,0.7,0.0,1.6,51.23,100.0,62.38
16891,00201790,All Other Pharmaceut,HIBE,BRAND_MATERIAL_TYPE,202712,2025-07-18,,,0.0,,100.0,,,,,,,,,0.0,0.0,0.0,,,,
16892,00201790,All Other Pharmaceut,HIBE,BRAND_MATERIAL_TYPE,202712,2025-07-25,-12.83,,305459.02,12.83,100.0,100.0,34.24,83.66,97.53,89.97,100.0,-0.0,1.0,23.08,0.23,0.0,23.09,83.66,100.0,74.23
16893,00201790,All Other Pharmaceut,HIBE,BRAND_MATERIAL_TYPE,202712,2025-08-01,-36.37,,269767.04,36.37,100.0,100.0,28.8,82.35,92.73,100.0,100.0,-0.0,1.0,30.77,0.43,0.0,44.33,82.35,100.0,74.36
16894,00201790,All Other Pharmaceut,HIBE,BRAND_MATERIAL_TYPE,202712,2025-08-08,21.56,,463951.08,21.56,100.0,100.0,26.98,78.03,94.79,99.61,100.0,0.0,1.0,26.12,0.38,0.0,0.29,78.03,100.0,72.48
16895,00201790,All Other Pharmaceut,HIBE,BRAND_MATERIAL_TYPE,202712,2025-08-15,-32.81,,653807.14,32.81,99.26,100.0,27.73,67.0,88.24,68.04,100.0,-0.0,1.0,35.82,0.52,0.0,0.98,67.0,100.0,68.23
16896,00201790,All Other Pharmaceut,HIBE,BRAND_MATERIAL_TYPE,202712,2025-08-22,-41.69,,567317.77,41.69,99.26,100.0,33.83,66.04,86.44,82.92,100.0,-0.0,1.0,40.3,0.63,0.0,16.36,66.04,100.0,68.22
16897,00201790,All Other Pharmaceut,HIBE,BRAND_MATERIAL_TYPE,202712,2025-08-26,,,0.0,,99.26,,,,,,,,,0.0,0.0,0.0,,,,
16898,00201790,All Other Pharmaceut,HIBE,BRAND_MATERIAL_TYPE,202712,2025-08-29,21.92,,490260.05,21.92,96.3,99.91,28.38,69.9,89.47,81.37,100.0,0.0,1.0,37.69,0.39,0.0,3.02,69.83,100.0,67.79
16899,00201790,All Other Pharmaceut,HIBE,BRAND_MATERIAL_TYPE,202712,2025-09-05,55.55,,816356.29,55.55,92.7,97.75,66.29,95.44,98.3,98.17,100.0,0.0,1.0,25.2,0.36,1.57,-12.38,93.3,100.0,76.47
16900,00201790,All Other Pharmaceut,HIBE,BRAND_MATERIAL_TYPE,202712,2025-09-12,-95.65,,2231258.54,95.65,90.65,74.04,29.55,91.83,97.49,99.98,100.0,-0.0,1.0,26.98,0.42,0.0,123.38,67.99,100.0,74.41
16901,00201790,All Other Pharmaceut,HIBE,BRAND_MATERIAL_TYPE,202712,2025-09-18,-90.12,,1848388.31,90.12,84.17,13.98,37.93,85.35,91.66,98.22,100.0,-0.0,1.0,38.46,0.8,1.71,-15.41,11.93,100.0,70.47
16902,00201790,All Other Pharmaceut,HIBE,BRAND_MATERIAL_TYPE,202712,2025-09-19,-15.42,,353833.98,15.42,89.21,63.93,20.09,63.95,87.7,90.54,100.0,-0.0,1.0,23.39,0.68,3.23,19.6,40.89,100.0,63.52
16903,00201790,All Other Pharmaceut,HIBE,BRAND_MATERIAL_TYPE,202712,2025-09-26,-15.46,,960987.26,15.46,92.09,80.65,17.64,55.27,78.08,52.5,100.0,-0.0,1.0,38.28,0.65,1.56,247.5,44.57,100.0,61.12
16904,00201790,All Other Pharmaceut,HIBE,BRAND_MATERIAL_TYPE,202712,2025-10-03,-49.68,,502171.36,49.68,88.32,77.67,15.12,56.82,81.3,86.23,100.0,-0.0,1.0,33.06,0.6,0.83,106.9,44.13,100.0,60.05
16905,00201790,All Other Pharmaceut,HIBE,BRAND_MATERIAL_TYPE,202712,2025-10-10,,,0.0,,94.89,,,,,,,,,0.0,0.0,0.0,,,,
16906,00201790,All Other Pharmaceut,HIBE,BRAND_MATERIAL_TYPE,202712,2025-10-17,-29.41,,1293604.89,29.41,84.83,96.88,12.8,46.47,68.91,55.56,100.0,-0.0,1.0,50.41,0.57,0.0,41.53,45.01,100.0,54.43
16907,00201790,All Other Pharmaceut,HIBE,BRAND_MATERIAL_TYPE,202712,2025-10-24,-5.95,,920929.28,5.95,83.56,63.74,14.94,51.22,77.2,58.17,100.0,-0.0,1.0,36.07,0.77,3.28,2.04,32.65,100.0,56.47
16908,00201790,All Other Pharmaceut,HIBE,BRAND_MATERIAL_TYPE,202712,2025-10-31,13.22,,590588.31,13.22,94.52,78.06,20.75,73.36,96.08,83.3,100.0,0.0,1.0,25.36,0.47,1.45,4.44,57.26,100.0,68.73
16909,00201790,All Other Pharmaceut,HIBE,BRAND_MATERIAL_TYPE,202712,2025-11-07,36.99,,757949.51,36.99,93.88,97.82,36.42,67.77,85.37,81.69,100.0,0.0,1.0,41.3,0.68,0.72,5.85,66.29,100.0,66.93
16910,00201790,All Other Pharmaceut,HIBE,BRAND_MATERIAL_TYPE,202712,2025-11-14,23.94,,971977.98,23.94,93.24,91.31,42.75,75.22,93.6,50.38,100.0,0.0,1.0,34.06,0.59,2.17,-10.31,68.69,100.0,69.37
16911,00201790,All Other Pharmaceut,HIBE,BRAND_MATERIAL_TYPE,202712,2025-11-19,18.88,,1625886.41,18.88,89.86,72.68,19.34,59.93,78.78,62.48,100.0,0.0,1.0,44.36,0.93,4.51,0.32,43.56,100.0,63.03
16912,00201790,All Other Pharmaceut,HIBE,BRAND_MATERIAL_TYPE,202712,2025-11-21,-32.94,,495562.97,32.94,87.84,78.88,17.86,57.91,85.42,69.99,100.0,-0.0,1.0,30.0,0.71,1.54,-0.18,45.68,100.0,60.66
16913,00201790,All Other Pharmaceut,HIBE,BRAND_MATERIAL_TYPE,202712,2025-11-28,-53.62,,919037.97,53.62,93.92,92.95,26.29,61.73,81.98,83.05,100.0,-0.0,1.0,40.29,0.71,2.88,0.45,57.38,100.0,64.62
16914,00201790,All Other Pharmaceut,HIBE,BRAND_MATERIAL_TYPE,202712,2025-12-05,-48.62,,572702.56,48.62,89.19,91.54,17.89,46.37,70.67,75.15,100.0,-0.0,1.0,40.15,0.9,3.79,14.13,42.44,100.0,57.22
16915,00201790,All Other Pharmaceut,HIBE,BRAND_MATERIAL_TYPE,202712,2025-12-12,39.4,,750104.64,39.4,93.92,91.42,33.38,68.06,91.77,67.05,100.0,0.0,1.0,26.62,0.71,1.44,38.29,62.22,100.0,67.16
16916,00201790,All Other Pharmaceut,HIBE,BRAND_MATERIAL_TYPE,202712,2025-12-17,-54.7,,1801507.05,54.7,89.86,87.62,16.85,62.12,78.09,55.18,100.0,-0.0,1.0,51.88,1.18,1.5,0.87,54.44,100.0,64.71
16917,00201790,All Other Pharmaceut,HIBE,BRAND_MATERIAL_TYPE,202712,2025-12-19,44.23,,2080234.43,44.23,81.08,73.09,52.11,72.51,86.33,76.05,100.0,0.0,1.0,28.33,0.88,0.83,0.26,52.99,100.0,64.36
16918,00201790,All Other Pharmaceut,HIBE,BRAND_MATERIAL_TYPE,202712,2025-12-26,-20.33,,139936.94,20.33,88.19,65.19,30.34,77.95,90.59,97.68,100.0,-0.0,1.0,18.9,0.43,0.79,-0.01,50.82,100.0,67.89
16919,00201790,All Other Pharmaceut,HIBE,BRAND_MATERIAL_TYPE,202712,2026-01-02,45.77,,804917.16,45.77,91.67,78.89,19.13,56.5,73.14,70.63,-38.84,139.87,-0.18,68.18,0.47,0.76,6.87,44.57,178.71,60.82
16920,00201790,All Other Pharmaceut,HIBE,BRAND_MATERIAL_TYPE,202712,2026-01-09,0.38,,450246.91,0.38,94.44,99.31,33.12,72.27,87.29,81.42,100.0,0.0,1.0,37.5,0.67,0.0,-0.02,71.77,100.0,68.93
16921,00201790,All Other Pharmaceut,HIBE,BRAND_MATERIAL_TYPE,202812,2025-07-18,,,0.0,,100.0,,,,,,,,,0.0,0.0,0.0,,,,
16922,00201790,All Other Pharmaceut,HIBE,BRAND_MATERIAL_TYPE,202812,2025-07-25,-12.83,,305459.02,12.83,100.0,100.0,34.24,83.66,97.53,89.97,100.0,-0.0,1.0,23.08,0.23,0.0,81.73,83.66,100.0,74.23
16923,00201790,All Other Pharmaceut,HIBE,BRAND_MATERIAL_TYPE,202812,2025-08-01,-36.36,,269759.34,36.36,100.0,100.0,28.8,82.35,92.73,100.0,100.0,-0.0,1.0,30.77,0.43,0.0,47.64,82.35,100.0,74.36
16924,00201790,All Other Pharmaceut,HIBE,BRAND_MATERIAL_TYPE,202812,2025-08-08,21.56,,463951.08,21.56,100.0,100.0,26.98,78.03,94.79,99.61,100.0,0.0,1.0,26.12,0.38,0.0,0.57,78.03,100.0,72.48
16925,00201790,All Other Pharmaceut,HIBE,BRAND_MATERIAL_TYPE,202812,2025-08-15,-35.39,,679958.93,35.39,99.26,100.0,26.66,64.5,88.69,69.27,100.0,-0.0,1.0,35.82,0.52,0.0,1.25,64.5,100.0,67.23
16926,00201790,All Other Pharmaceut,HIBE,BRAND_MATERIAL_TYPE,202812,2025-08-22,-41.65,,566912.42,41.65,99.26,100.0,33.86,66.09,86.51,82.98,100.0,-0.0,1.0,40.3,0.64,0.0,17.85,66.09,100.0,68.26
16927,00201790,All Other Pharmaceut,HIBE,BRAND_MATERIAL_TYPE,202812,2025-08-26,,,0.0,,99.26,,,,,,,,,0.0,0.0,0.0,,,,
16928,00201790,All Other Pharmaceut,HIBE,BRAND_MATERIAL_TYPE,202812,2025-08-29,44.85,,568671.8,44.85,96.3,99.92,24.47,74.09,90.96,83.98,100.0,0.0,1.0,36.92,0.39,0.0,7.5,74.03,100.0,69.44
16929,00201790,All Other Pharmaceut,HIBE,BRAND_MATERIAL_TYPE,202812,2025-09-05,55.55,,816356.08,55.55,92.7,97.75,66.29,95.44,98.3,98.17,100.0,0.0,1.0,25.2,0.36,1.57,-12.76,93.3,100.0,76.47
16930,00201790,All Other Pharmaceut,HIBE,BRAND_MATERIAL_TYPE,202812,2025-09-12,-95.65,,2230852.81,95.65,90.65,74.03,29.55,91.85,97.51,100.0,100.0,-0.0,1.0,26.19,0.42,0.0,93.47,68.0,100.0,74.39
16931,00201790,All Other Pharmaceut,HIBE,BRAND_MATERIAL_TYPE,202812,2025-09-18,-81.71,,1857809.03,81.71,84.17,14.42,37.73,85.45,91.72,98.25,100.0,-0.0,1.0,36.75,0.76,1.71,-13.77,12.32,100.0,70.39
16932,00201790,All Other Pharmaceut,HIBE,BRAND_MATERIAL_TYPE,202812,2025-09-19,-15.42,,353834.08,15.42,88.49,63.93,20.09,63.95,87.7,90.54,100.0,-0.0,1.0,22.76,0.68,3.25,-78.14,40.89,100.0,63.23
16933,00201790,All Other Pharmaceut,HIBE,BRAND_MATERIAL_TYPE,202812,2025-09-26,-12.29,,983493.2,12.29,91.37,81.09,17.24,53.74,77.63,53.95,100.0,-0.0,1.0,38.58,0.65,1.57,-673.63,43.57,100.0,60.22
16934,00201790,All Other Pharmaceut,HIBE,BRAND_MATERIAL_TYPE,202812,2025-10-03,-49.53,,502660.47,49.53,88.32,77.62,15.11,56.77,81.25,86.14,100.0,-0.0,1.0,32.23,0.57,0.83,169.25,44.06,100.0,59.93
16935,00201790,All Other Pharmaceut,HIBE,BRAND_MATERIAL_TYPE,202812,2025-10-10,,,0.0,,95.62,,,,,,,,,0.0,0.0,0.0,,,,
16936,00201790,All Other Pharmaceut,HIBE,BRAND_MATERIAL_TYPE,202812,2025-10-17,-26.24,,1309338.77,26.24,86.21,91.0,12.65,45.74,67.91,56.85,100.0,-0.0,1.0,48.8,0.55,0.0,73.0,41.62,100.0,54.62
16937,00201790,All Other Pharmaceut,HIBE,BRAND_MATERIAL_TYPE,202812,2025-10-24,-5.18,,912131.61,5.18,84.93,64.21,15.08,51.74,77.96,58.68,100.0,-0.0,1.0,34.68,0.73,4.03,1.67,33.22,100.0,57.09
16938,00201790,All Other Pharmaceut,HIBE,BRAND_MATERIAL_TYPE,202812,2025-10-31,19.52,,636796.35,19.52,92.47,69.85,19.24,68.03,91.51,77.25,100.0,0.0,1.0,24.44,0.48,1.48,6.47,47.52,100.0,65.8
16939,00201790,All Other Pharmaceut,HIBE,BRAND_MATERIAL_TYPE,202812,2025-11-07,44.42,,752548.08,44.42,94.56,97.81,36.68,68.26,85.27,81.56,100.0,0.0,1.0,41.01,0.65,0.72,9.57,66.76,100.0,67.3
16940,00201790,All Other Pharmaceut,HIBE,BRAND_MATERIAL_TYPE,202812,2025-11-14,24.63,,980858.2,24.63,93.24,91.39,42.36,74.54,92.75,50.08,100.0,0.0,1.0,34.06,0.59,2.17,-23.76,68.12,100.0,69.1
16941,00201790,All Other Pharmaceut,HIBE,BRAND_MATERIAL_TYPE,202812,2025-11-19,25.05,,1660357.14,25.05,89.86,71.57,18.94,58.69,77.14,61.18,100.0,0.0,1.0,43.61,0.91,5.26,0.44,42.0,100.0,62.46
16942,00201790,All Other Pharmaceut,HIBE,BRAND_MATERIAL_TYPE,202812,2025-11-21,-36.15,,520525.79,36.15,85.81,79.83,17.01,57.04,86.12,71.66,100.0,-0.0,1.0,29.92,0.72,1.57,-0.2,45.54,100.0,59.55
16943,00201790,All Other Pharmaceut,HIBE,BRAND_MATERIAL_TYPE,202812,2025-11-28,-60.03,,1024994.39,60.03,93.24,93.69,23.57,61.26,82.9,84.69,100.0,-0.0,1.0,40.58,0.7,2.9,0.56,57.4,100.0,64.12
16944,00201790,All Other Pharmaceut,HIBE,BRAND_MATERIAL_TYPE,202812,2025-12-05,-48.51,,571512.37,48.51,89.19,88.17,17.92,46.46,70.82,75.31,100.0,-0.0,1.0,40.15,0.89,4.55,-2.25,40.96,100.0,57.23
16945,00201790,All Other Pharmaceut,HIBE,BRAND_MATERIAL_TYPE,202812,2025-12-12,39.13,,750516.2,39.13,91.89,91.01,33.36,67.92,91.64,67.01,100.0,0.0,1.0,25.74,0.7,2.94,33.32,61.81,100.0,66.24
16946,00201790,All Other Pharmaceut,HIBE,BRAND_MATERIAL_TYPE,202812,2025-12-17,-60.2,,1877646.08,60.2,89.86,88.27,16.16,59.62,78.65,57.12,100.0,-0.0,1.0,51.88,1.17,3.01,1.16,52.63,100.0,63.69
16947,00201790,All Other Pharmaceut,HIBE,BRAND_MATERIAL_TYPE,202812,2025-12-19,42.82,,2100742.55,42.82,82.43,73.71,51.6,71.62,85.31,76.46,100.0,0.0,1.0,29.51,0.89,3.28,-19.31,52.79,100.0,64.6
16948,00201790,All Other Pharmaceut,HIBE,BRAND_MATERIAL_TYPE,202812,2025-12-26,-28.66,,156269.52,28.66,86.81,69.0,27.17,75.88,91.12,87.48,100.0,-0.0,1.0,20.0,0.44,0.8,-1.06,52.35,100.0,66.53
16949,00201790,All Other Pharmaceut,HIBE,BRAND_MATERIAL_TYPE,202812,2026-01-02,46.07,,809455.89,46.07,92.36,79.01,19.02,56.18,72.74,69.5,-38.36,139.39,-0.19,66.92,0.48,0.75,5.45,44.39,177.75,61.01
16950,00201790,All Other Pharmaceut,HIBE,BRAND_MATERIAL_TYPE,202812,2026-01-09,1.15,,446463.76,1.15,93.75,99.31,33.4,72.72,87.87,81.46,100.0,0.0,1.0,37.78,0.68,0.0,-0.04,72.21,100.0,68.86
16951,00201790,All Other Pharmaceut,PACK,BRAND_MATERIAL_TYPE,202612,2025-07-18,,,0.0,,100.0,,,,,,,,,0.0,0.0,0.0,,,,
16952,00201790,All Other Pharmaceut,PACK,BRAND_MATERIAL_TYPE,202612,2025-07-25,90.61,,153245.6,90.61,32.86,100.0,80.4,99.88,100.0,95.31,100.0,0.0,1.0,4.35,0.01,0.0,-120.33,99.88,100.0,53.14
16953,00201790,All Other Pharmaceut,PACK,BRAND_MATERIAL_TYPE,202612,2025-08-01,-94.35,,498108.63,94.35,32.86,100.0,84.34,99.75,100.0,84.34,100.0,-0.0,1.0,5.31,0.02,0.0,213.11,99.75,100.0,53.12
16954,00201790,All Other Pharmaceut,PACK,BRAND_MATERIAL_TYPE,202612,2025-08-08,98.03,,15640805.94,98.03,32.86,100.0,50.93,93.49,98.15,95.2,100.0,0.0,1.0,29.47,0.1,0.0,80.53,93.49,100.0,50.88
16955,00201790,All Other Pharmaceut,PACK,BRAND_MATERIAL_TYPE,202612,2025-08-15,-57.19,,1904675.18,57.19,32.96,100.0,62.25,91.49,96.2,84.35,100.0,-0.0,1.0,25.96,0.11,0.0,18.0,91.49,100.0,50.16
16956,00201790,All Other Pharmaceut,PACK,BRAND_MATERIAL_TYPE,202612,2025-08-22,7.26,,178443.99,7.26,32.96,100.0,28.12,68.65,87.3,53.01,100.0,0.0,1.0,25.0,0.13,0.0,-0.8,68.65,100.0,41.09
16957,00201790,All Other Pharmaceut,PACK,BRAND_MATERIAL_TYPE,202612,2025-08-26,,,0.0,,33.07,,,,,,,,,0.0,0.0,0.0,,,,
16958,00201790,All Other Pharmaceut,PACK,BRAND_MATERIAL_TYPE,202612,2025-08-29,96.6,,2171681.42,96.6,32.28,83.93,53.27,98.27,99.23,84.55,100.0,0.0,1.0,24.02,0.08,0.0,60.9,82.48,100.0,52.5
16959,00201790,All Other Pharmaceut,PACK,BRAND_MATERIAL_TYPE,202612,2025-09-05,-97.02,,3752623.08,97.02,31.44,44.37,54.71,95.27,98.48,98.26,100.0,-0.0,1.0,19.6,0.11,2.51,102.52,42.27,100.0,51.06
16960,00201790,All Other Pharmaceut,PACK,BRAND_MATERIAL_TYPE,202612,2025-09-12,-80.76,,1081910.89,80.76,31.39,53.47,44.41,95.64,97.9,99.06,100.0,-0.0,1.0,21.11,0.13,3.02,56.01,51.14,100.0,51.25
16961,00201790,All Other Pharmaceut,PACK,BRAND_MATERIAL_TYPE,202612,2025-09-18,-56.03,,5211778.0,56.03,27.79,88.62,26.41,78.82,86.68,70.45,100.0,-0.0,1.0,58.19,0.3,0.56,-27.13,69.85,100.0,43.66
16962,00201790,All Other Pharmaceut,PACK,BRAND_MATERIAL_TYPE,202612,2025-09-19,-24.53,,2021713.45,24.53,26.22,75.17,55.03,74.92,83.27,56.77,100.0,-0.0,1.0,49.1,0.4,0.6,106.95,56.32,100.0,41.78
16963,00201790,All Other Pharmaceut,PACK,BRAND_MATERIAL_TYPE,202612,2025-09-26,88.3,,1321291.45,88.3,93.27,93.33,51.25,92.36,97.44,99.02,100.0,0.0,1.0,34.02,0.69,0.0,-529.47,86.2,100.0,76.56
16964,00201790,All Other Pharmaceut,PACK,BRAND_MATERIAL_TYPE,202612,2025-10-03,-39.72,,765300.68,39.72,52.98,76.89,20.92,78.27,93.97,72.16,100.0,-0.0,1.0,13.77,0.15,0.0,102.0,60.19,100.0,53.01
16965,00201790,All Other Pharmaceut,PACK,BRAND_MATERIAL_TYPE,202612,2025-10-10,,,0.0,,31.71,,,,,,,,,0.0,0.0,0.0,,,,
16966,00201790,All Other Pharmaceut,PACK,BRAND_MATERIAL_TYPE,202612,2025-10-17,43.72,,1480656.74,43.72,31.35,86.38,26.97,59.16,72.83,77.67,100.0,0.0,1.0,56.5,0.21,0.0,-119.47,51.11,100.0,36.89
16967,00201790,All Other Pharmaceut,PACK,BRAND_MATERIAL_TYPE,202612,2025-10-24,-30.19,,816065.94,30.19,30.69,81.7,22.63,56.15,70.81,82.51,100.0,-0.0,1.0,40.8,0.27,1.99,50.06,45.88,100.0,35.63
16968,00201790,All Other Pharmaceut,PACK,BRAND_MATERIAL_TYPE,202612,2025-10-31,72.26,,2441325.42,72.26,29.66,95.26,47.78,90.15,94.26,96.16,100.0,0.0,1.0,38.14,0.23,1.03,85.98,85.88,100.0,48.69
16969,00201790,All Other Pharmaceut,PACK,BRAND_MATERIAL_TYPE,202612,2025-11-07,21.38,,1253071.97,21.38,28.24,55.53,16.38,49.0,67.87,83.08,100.0,0.0,1.0,43.24,0.29,1.62,9.77,27.21,100.0,31.87
16970,00201790,All Other Pharmaceut,PACK,BRAND_MATERIAL_TYPE,202612,2025-11-14,-29.95,,1475987.01,29.95,26.18,56.95,32.0,64.83,78.66,96.11,100.0,-0.0,1.0,36.05,0.26,1.16,25.32,36.92,100.0,37.26
16971,00201790,All Other Pharmaceut,PACK,BRAND_MATERIAL_TYPE,202612,2025-11-19,43.61,,2881595.01,43.61,27.55,89.0,48.84,76.89,83.98,91.46,100.0,0.0,1.0,53.04,0.36,3.31,1.3,68.44,100.0,42.97
16972,00201790,All Other Pharmaceut,PACK,BRAND_MATERIAL_TYPE,202612,2025-11-21,-61.34,,1911504.32,61.34,25.88,48.2,37.9,83.13,90.96,94.45,100.0,-0.0,1.0,32.94,0.34,3.53,-1.26,40.07,100.0,44.74
16973,00201790,All Other Pharmaceut,PACK,BRAND_MATERIAL_TYPE,202612,2025-11-28,-0.14,,813416.26,0.14,28.72,80.89,27.14,67.64,80.88,96.85,100.0,-0.0,1.0,44.97,0.35,2.12,0.0,54.72,100.0,39.72
16974,00201790,All Other Pharmaceut,PACK,BRAND_MATERIAL_TYPE,202612,2025-12-05,-9.98,,914375.53,9.98,34.8,74.26,21.22,68.02,81.86,54.48,100.0,-0.0,1.0,30.43,0.23,1.58,6.47,50.52,100.0,41.9
16975,00201790,All Other Pharmaceut,PACK,BRAND_MATERIAL_TYPE,202612,2025-12-12,-21.12,,503126.82,21.12,36.35,69.69,20.13,50.32,66.92,79.31,100.0,-0.0,1.0,46.42,0.3,1.89,-11.19,35.07,100.0,35.67
16976,00201790,All Other Pharmaceut,PACK,BRAND_MATERIAL_TYPE,202612,2025-12-17,-24.83,,1880514.91,24.83,35.7,77.1,18.78,54.11,69.49,70.48,100.0,-0.0,1.0,39.46,0.35,2.3,0.43,41.72,100.0,37.1
16977,00201790,All Other Pharmaceut,PACK,BRAND_MATERIAL_TYPE,202612,2025-12-19,99.87,,880718038.52,99.87,32.47,99.98,99.81,99.93,99.96,99.81,100.0,0.0,1.0,42.02,0.38,2.1,99.92,99.91,100.0,54.22
16978,00201790,All Other Pharmaceut,PACK,BRAND_MATERIAL_TYPE,202612,2025-12-26,-40.2,,357782.11,40.2,35.93,93.37,33.35,63.47,79.67,77.28,100.0,-0.0,1.0,34.98,0.26,0.38,-0.89,59.26,100.0,40.62
16979,00201790,All Other Pharmaceut,PACK,BRAND_MATERIAL_TYPE,202612,2026-01-02,49.26,,2081702.03,49.26,52.35,73.46,22.83,62.81,77.51,48.17,56.03,46.06,-0.35,60.34,0.25,0.69,17.12,46.14,9.97,46.89
16980,00201790,All Other Pharmaceut,PACK,BRAND_MATERIAL_TYPE,202612,2026-01-09,-75.31,,224236.35,75.31,40.55,99.54,62.21,92.39,96.28,64.05,100.0,-0.0,1.0,9.12,0.09,0.0,1.42,91.97,100.0,53.47
16981,00201790,All Other Pharmaceut,PACK,BRAND_MATERIAL_TYPE,202612,2026-01-16,-88.77,,11224808.63,88.77,37.55,96.59,52.69,85.17,91.27,88.55,100.0,-0.0,1.0,54.35,0.29,1.09,51.88,82.27,100.0,50.07
16982,00201790,All Other Pharmaceut,PACK,BRAND_MATERIAL_TYPE,202612,2026-01-23,-99.03,,323535328.84,99.03,31.16,0.53,96.46,99.14,99.5,96.48,-147.66,97.4,0.23,53.28,0.52,6.55,97.95,0.52,245.05,53.85
16983,00201790,All Other Pharmaceut,PACK,BRAND_MATERIAL_TYPE,202612,2026-01-30,50.26,,1764432.4,50.26,31.97,16.41,46.5,67.08,79.91,79.56,100.0,0.0,1.0,33.62,0.41,5.53,-23.87,11.01,100.0,40.99
16984,00201790,All Other Pharmaceut,PACK,BRAND_MATERIAL_TYPE,202612,2026-02-06,25.68,,3618873.26,25.68,36.97,19.19,20.53,49.28,71.08,49.01,179.95,-79.95,0.59,38.08,0.34,0.0,45.33,9.45,259.89,35.64
16985,00201790,All Other Pharmaceut,PACK,BRAND_MATERIAL_TYPE,202712,2025-07-18,,,0.0,,100.0,,,,,,,,,0.0,0.0,0.0,,,,
16986,00201790,All Other Pharmaceut,PACK,BRAND_MATERIAL_TYPE,202712,2025-07-25,94.17,,150493.96,94.17,32.86,100.0,81.87,99.96,100.0,97.05,100.0,0.0,1.0,4.35,0.01,0.0,-83.51,99.96,100.0,53.17
16987,00201790,All Other Pharmaceut,PACK,BRAND_MATERIAL_TYPE,202712,2025-08-01,-94.36,,498081.7,94.36,32.86,100.0,84.35,99.75,100.0,84.35,100.0,-0.0,1.0,5.31,0.02,0.0,212.37,99.75,100.0,53.12
16988,00201790,All Other Pharmaceut,PACK,BRAND_MATERIAL_TYPE,202712,2025-08-08,97.53,,15916171.01,97.53,32.86,100.0,50.05,92.44,97.93,94.73,100.0,0.0,1.0,29.47,0.1,0.0,44.81,92.44,100.0,50.46
16989,00201790,All Other Pharmaceut,PACK,BRAND_MATERIAL_TYPE,202712,2025-08-15,-59.48,,1877875.93,59.48,32.96,100.0,63.14,92.8,96.75,85.56,100.0,-0.0,1.0,25.48,0.11,0.0,5.08,92.8,100.0,50.66
16990,00201790,All Other Pharmaceut,PACK,BRAND_MATERIAL_TYPE,202712,2025-08-22,-29.67,,129366.66,29.67,32.96,100.0,24.02,62.81,84.23,73.12,100.0,-0.0,1.0,25.48,0.13,0.0,2.65,62.81,100.0,38.74
16991,00201790,All Other Pharmaceut,PACK,BRAND_MATERIAL_TYPE,202712,2025-08-26,,,0.0,,33.07,,,,,,,,,0.0,0.0,0.0,,,,
16992,00201790,All Other Pharmaceut,PACK,BRAND_MATERIAL_TYPE,202712,2025-08-29,96.62,,2171497.56,96.62,32.28,83.93,53.27,98.28,99.24,84.56,100.0,0.0,1.0,24.02,0.08,0.0,58.95,82.49,100.0,52.5
16993,00201790,All Other Pharmaceut,PACK,BRAND_MATERIAL_TYPE,202712,2025-09-05,-99.35,,3707725.31,99.35,31.44,43.69,55.37,96.41,98.7,99.45,100.0,-0.0,1.0,19.1,0.11,2.51,100.56,42.12,100.0,51.51
16994,00201790,All Other Pharmaceut,PACK,BRAND_MATERIAL_TYPE,202712,2025-09-12,-80.75,,1080539.33,80.75,31.7,53.59,44.47,95.76,98.03,99.18,100.0,-0.0,1.0,21.39,0.13,2.99,50.44,51.32,100.0,51.42
16995,00201790,All Other Pharmaceut,PACK,BRAND_MATERIAL_TYPE,202712,2025-09-18,-56.67,,5118944.96,56.67,28.57,91.83,26.89,79.99,87.03,70.56,100.0,-0.0,1.0,56.04,0.3,0.55,-26.84,73.46,100.0,44.41
16996,00201790,All Other Pharmaceut,PACK,BRAND_MATERIAL_TYPE,202712,2025-09-19,-22.03,,1974883.56,22.03,27.16,83.06,56.35,73.55,82.96,57.93,100.0,-0.0,1.0,47.4,0.38,0.58,156.27,61.1,100.0,41.57
16997,00201790,All Other Pharmaceut,PACK,BRAND_MATERIAL_TYPE,202712,2025-09-26,88.28,,1319034.11,88.28,93.27,95.09,51.34,92.52,97.61,99.19,100.0,0.0,1.0,32.99,0.7,0.0,-1939.5,87.97,100.0,76.65
16998,00201790,All Other Pharmaceut,PACK,BRAND_MATERIAL_TYPE,202712,2025-10-03,-37.84,,757339.33,37.84,53.17,78.32,21.14,79.1,94.11,72.91,100.0,-0.0,1.0,13.72,0.15,0.0,122.82,61.95,100.0,53.4
16999,00201790,All Other Pharmaceut,PACK,BRAND_MATERIAL_TYPE,202712,2025-10-10,,,0.0,,31.55,,,,,,,,,0.0,0.0,0.0,,,,
17000,00201790,All Other Pharmaceut,PACK,BRAND_MATERIAL_TYPE,202712,2025-10-17,31.17,,1533897.79,31.17,30.56,83.84,26.04,57.11,71.98,77.29,100.0,0.0,1.0,56.41,0.21,0.0,-52.18,47.88,100.0,35.77
17001,00201790,All Other Pharmaceut,PACK,BRAND_MATERIAL_TYPE,202712,2025-10-24,-37.78,,833080.0,37.78,30.53,79.45,22.17,57.09,72.33,80.26,100.0,-0.0,1.0,41.5,0.27,1.5,11.69,45.36,100.0,35.96
17002,00201790,All Other Pharmaceut,PACK,BRAND_MATERIAL_TYPE,202712,2025-10-31,69.51,,2503559.1,69.51,29.66,93.75,46.59,88.52,92.93,95.94,100.0,0.0,1.0,39.69,0.23,1.03,98.97,82.99,100.0,48.04
17003,00201790,All Other Pharmaceut,PACK,BRAND_MATERIAL_TYPE,202712,2025-11-07,37.71,,2008738.22,37.71,27.63,25.15,22.14,58.26,74.17,94.85,100.0,0.0,1.0,40.88,0.29,1.66,15.82,14.65,100.0,35.31
17004,00201790,All Other Pharmaceut,PACK,BRAND_MATERIAL_TYPE,202712,2025-11-14,-52.44,,2051118.13,52.44,26.48,45.25,23.02,61.93,77.59,95.26,100.0,-0.0,1.0,34.48,0.25,1.15,47.67,28.02,100.0,36.2
17005,00201790,All Other Pharmaceut,PACK,BRAND_MATERIAL_TYPE,202712,2025-11-19,33.64,,3062416.51,33.64,26.03,87.46,45.96,78.09,85.26,95.54,100.0,0.0,1.0,50.29,0.36,2.34,1.07,68.3,100.0,42.86
17006,00201790,All Other Pharmaceut,PACK,BRAND_MATERIAL_TYPE,202712,2025-11-21,-65.09,,1861909.82,65.09,26.18,46.25,38.91,83.98,90.79,94.82,100.0,-0.0,1.0,34.88,0.36,3.49,-1.3,38.84,100.0,45.27
17007,00201790,All Other Pharmaceut,PACK,BRAND_MATERIAL_TYPE,202712,2025-11-28,0.73,,826544.32,0.73,28.88,89.27,26.71,74.05,85.57,96.88,100.0,0.0,1.0,44.74,0.34,1.05,-0.01,66.11,100.0,42.3
17008,00201790,All Other Pharmaceut,PACK,BRAND_MATERIAL_TYPE,202712,2025-12-05,-31.8,,801923.42,31.8,35.21,55.88,24.2,69.77,80.89,73.08,100.0,-0.0,1.0,31.25,0.22,1.17,12.94,38.99,100.0,42.74
17009,00201790,All Other Pharmaceut,PACK,BRAND_MATERIAL_TYPE,202712,2025-12-12,-38.62,,548215.55,38.62,36.9,49.01,30.52,56.53,70.07,82.09,100.0,-0.0,1.0,45.35,0.3,0.74,-27.43,27.7,100.0,38.37
17010,00201790,All Other Pharmaceut,PACK,BRAND_MATERIAL_TYPE,202712,2025-12-17,-32.15,,1761324.15,32.15,35.16,80.72,20.05,54.66,69.01,76.01,100.0,-0.0,1.0,40.47,0.36,1.56,0.5,44.12,100.0,37.12
17011,00201790,All Other Pharmaceut,PACK,BRAND_MATERIAL_TYPE,202712,2025-12-19,99.7,,353849335.67,99.7,32.88,99.94,99.52,99.82,99.89,99.53,100.0,0.0,1.0,41.91,0.36,1.66,100.5,99.76,100.0,54.28
17012,00201790,All Other Pharmaceut,PACK,BRAND_MATERIAL_TYPE,202712,2025-12-26,99.62,,191103374.63,99.62,35.93,99.96,99.76,99.9,99.95,99.79,100.0,0.0,1.0,34.6,0.25,0.38,92.59,99.87,100.0,55.15
17013,00201790,All Other Pharmaceut,PACK,BRAND_MATERIAL_TYPE,202712,2026-01-02,44.67,,1946220.16,44.67,52.71,73.71,24.42,64.83,78.9,44.44,57.12,45.39,-0.35,60.96,0.19,0.68,16.22,47.78,11.73,47.65
17014,00201790,All Other Pharmaceut,PACK,BRAND_MATERIAL_TYPE,202712,2026-01-09,-35.48,,84227.78,35.48,40.55,95.7,60.35,82.54,91.88,60.35,100.0,-0.0,1.0,8.45,0.06,0.0,0.26,78.99,100.0,49.45
17015,00201790,All Other Pharmaceut,PACK,BRAND_MATERIAL_TYPE,202712,2026-01-16,-91.59,,12333595.22,91.59,35.78,94.43,47.0,86.14,91.31,91.24,100.0,-0.0,1.0,52.47,0.29,0.38,37.82,81.34,100.0,49.72
17016,00201790,All Other Pharmaceut,PACK,BRAND_MATERIAL_TYPE,202712,2026-01-23,-72.78,,15422518.93,72.78,32.11,9.19,42.23,83.7,90.19,81.88,-9141.07,-3.88,0.87,55.08,0.51,5.08,40.18,7.69,9137.19,48.02
17017,00201790,All Other Pharmaceut,PACK,BRAND_MATERIAL_TYPE,202712,2026-01-30,-73.72,,2089770.55,73.72,31.7,53.5,30.42,71.86,81.09,84.58,100.0,-0.0,1.0,32.62,0.39,6.44,22.13,38.45,100.0,42.71
17018,00201790,All Other Pharmaceut,PACK,BRAND_MATERIAL_TYPE,202712,2026-02-06,42.03,,4164422.06,42.03,36.58,45.36,23.32,58.38,79.5,42.59,155.48,-55.48,0.53,33.45,0.33,0.0,216.93,26.48,210.96,39.09
17019,00201790,All Other Pharmaceut,PACK,BRAND_MATERIAL_TYPE,202812,2025-07-18,,,0.0,,100.0,,,,,,,,,0.0,0.0,0.0,,,,
17020,00201790,All Other Pharmaceut,PACK,BRAND_MATERIAL_TYPE,202812,2025-07-25,94.5,,160087.79,94.5,100.0,100.0,76.97,99.89,100.0,91.23,100.0,0.0,1.0,14.75,0.15,0.0,-315.49,99.89,100.0,80.45
17021,00201790,All Other Pharmaceut,PACK,BRAND_MATERIAL_TYPE,202812,2025-08-01,-94.36,,498095.13,94.36,100.0,100.0,84.34,99.75,100.0,84.34,100.0,-0.0,1.0,18.03,0.23,0.0,228.26,99.75,100.0,80.66
17022,00201790,All Other Pharmaceut,PACK,BRAND_MATERIAL_TYPE,202812,2025-08-08,79.19,,1360399.16,79.19,100.0,100.0,87.16,98.99,99.91,97.16,100.0,0.0,1.0,24.0,0.26,0.0,6.19,98.99,100.0,80.46
17023,00201790,All Other Pharmaceut,PACK,BRAND_MATERIAL_TYPE,202812,2025-08-15,-59.48,,1877697.74,59.48,100.0,100.0,63.15,92.8,96.76,85.57,100.0,-0.0,1.0,52.48,0.57,0.0,5.79,92.8,100.0,79.04
17024,00201790,All Other Pharmaceut,PACK,BRAND_MATERIAL_TYPE,202812,2025-08-22,-29.2,,128086.78,29.2,100.0,100.0,24.26,63.44,85.07,73.85,100.0,-0.0,1.0,52.48,0.79,0.0,2.83,63.44,100.0,68.02
17025,00201790,All Other Pharmaceut,PACK,BRAND_MATERIAL_TYPE,202812,2025-08-26,,,0.0,,100.0,,,,,,,,,0.0,0.0,0.0,,,,
17026,00201790,All Other Pharmaceut,PACK,BRAND_MATERIAL_TYPE,202812,2025-08-29,96.62,,2171497.56,96.62,97.06,99.66,53.27,98.28,99.24,84.56,100.0,0.0,1.0,51.52,0.52,0.0,61.66,97.95,100.0,79.87
17027,00201790,All Other Pharmaceut,PACK,BRAND_MATERIAL_TYPE,202812,2025-09-05,-99.35,,3707599.97,99.35,95.15,44.03,55.37,96.41,98.7,99.45,100.0,-0.0,1.0,42.86,0.67,1.02,103.61,42.44,100.0,78.86
17028,00201790,All Other Pharmaceut,PACK,BRAND_MATERIAL_TYPE,202812,2025-09-12,-80.77,,1080388.08,80.77,95.19,55.53,44.47,95.77,98.04,99.2,100.0,-0.0,1.0,47.47,0.8,1.01,38.23,53.18,100.0,79.05
17029,00201790,All Other Pharmaceut,PACK,BRAND_MATERIAL_TYPE,202812,2025-09-18,-77.48,,3235711.11,77.48,91.35,89.58,42.54,92.8,96.78,89.29,100.0,-0.0,1.0,63.16,1.19,2.11,-22.74,83.13,100.0,77.63
17030,00201790,All Other Pharmaceut,PACK,BRAND_MATERIAL_TYPE,202812,2025-09-19,-45.19,,91650.8,45.19,79.81,59.83,19.73,65.71,85.23,76.54,100.0,-0.0,1.0,42.17,1.1,0.0,-59.34,39.31,100.0,61.86
17031,00201790,All Other Pharmaceut,PACK,BRAND_MATERIAL_TYPE,202812,2025-09-26,88.03,,1324573.42,88.03,92.31,92.69,51.12,92.13,97.2,98.78,100.0,0.0,1.0,32.29,0.68,0.0,6500.61,85.4,100.0,76.05
17032,00201790,All Other Pharmaceut,PACK,BRAND_MATERIAL_TYPE,202812,2025-10-03,-37.86,,757224.62,37.86,90.0,66.23,21.15,79.11,94.31,72.92,100.0,-0.0,1.0,34.34,0.7,0.0,194.89,52.39,100.0,69.98
17033,00201790,All Other Pharmaceut,PACK,BRAND_MATERIAL_TYPE,202812,2025-10-10,,,0.0,,87.27,,,,,,,,,0.0,0.0,0.0,,,,
17034,00201790,All Other Pharmaceut,PACK,BRAND_MATERIAL_TYPE,202812,2025-10-17,49.16,,1219830.71,49.16,96.36,88.3,32.74,71.82,86.83,78.94,100.0,0.0,1.0,53.77,0.55,0.0,-127.43,63.41,100.0,69.12
17035,00201790,All Other Pharmaceut,PACK,BRAND_MATERIAL_TYPE,202812,2025-10-24,-43.36,,620803.92,43.36,85.59,91.35,29.75,72.91,85.91,77.2,100.0,-0.0,1.0,52.63,0.92,3.16,9.54,66.6,100.0,66.46
17036,00201790,All Other Pharmaceut,PACK,BRAND_MATERIAL_TYPE,202812,2025-10-31,73.99,,2299086.64,73.99,86.49,95.78,50.74,95.15,98.6,96.29,100.0,0.0,1.0,38.54,0.67,2.08,88.53,91.14,100.0,74.88
17037,00201790,All Other Pharmaceut,PACK,BRAND_MATERIAL_TYPE,202812,2025-11-07,-72.3,,741846.56,72.3,90.27,89.91,59.94,86.88,95.45,84.84,100.0,-0.0,1.0,41.18,0.75,2.94,-15.35,78.11,100.0,73.36
17038,00201790,All Other Pharmaceut,PACK,BRAND_MATERIAL_TYPE,202812,2025-11-14,25.42,,761458.56,25.42,89.47,96.19,62.02,91.23,96.03,94.68,100.0,0.0,1.0,35.29,0.76,1.96,-19.04,87.75,100.0,74.82
17039,00201790,All Other Pharmaceut,PACK,BRAND_MATERIAL_TYPE,202812,2025-11-19,35.98,,2671338.92,35.98,91.23,96.19,52.69,88.31,93.99,96.35,100.0,0.0,1.0,54.81,1.16,3.85,1.01,84.94,100.0,75.68
17040,00201790,All Other Pharmaceut,PACK,BRAND_MATERIAL_TYPE,202812,2025-11-21,-78.08,,1695717.79,78.08,75.44,47.45,42.73,91.98,97.31,94.88,100.0,-0.0,1.0,27.91,1.09,4.65,-1.43,43.65,100.0,70.59
17041,00201790,All Other Pharmaceut,PACK,BRAND_MATERIAL_TYPE,202812,2025-11-28,-27.31,,499482.91,27.31,87.61,91.39,44.2,89.43,96.18,96.7,100.0,-0.0,1.0,38.38,0.99,0.0,0.12,81.73,100.0,74.12
17042,00201790,All Other Pharmaceut,PACK,BRAND_MATERIAL_TYPE,202812,2025-12-05,11.42,,556116.55,11.42,90.27,65.61,34.9,85.74,92.73,46.57,100.0,0.0,1.0,38.24,0.69,1.96,0.52,56.26,100.0,72.7
17043,00201790,All Other Pharmaceut,PACK,BRAND_MATERIAL_TYPE,202812,2025-12-12,-4.49,,267883.13,4.49,91.3,98.53,23.73,60.45,82.23,76.23,100.0,-0.0,1.0,40.95,0.71,0.95,-1.36,59.56,100.0,63.08
17044,00201790,All Other Pharmaceut,PACK,BRAND_MATERIAL_TYPE,202812,2025-12-17,-25.36,,1542198.48,25.36,83.62,77.21,22.9,62.38,78.77,70.07,100.0,-0.0,1.0,53.61,1.2,3.09,0.4,48.17,100.0,62.39
17045,00201790,All Other Pharmaceut,PACK,BRAND_MATERIAL_TYPE,202812,2025-12-19,69.9,,1377188.54,69.9,74.58,93.22,44.09,82.04,92.43,71.58,100.0,0.0,1.0,39.77,1.01,4.55,-20.66,76.48,100.0,66.01
17046,00201790,All Other Pharmaceut,PACK,BRAND_MATERIAL_TYPE,202812,2025-12-26,-82.36,,457782.4,82.36,88.03,95.79,32.58,91.35,99.69,74.96,100.0,-0.0,1.0,20.39,0.33,0.0,-8.89,87.5,100.0,72.86
17047,00201790,All Other Pharmaceut,PACK,BRAND_MATERIAL_TYPE,202812,2026-01-02,5.98,,1073063.72,5.98,99.1,99.97,31.85,74.66,85.08,58.9,284.22,102.16,-0.73,15.12,0.03,0.18,0.94,74.64,182.06,69.59
17048,00201790,All Other Pharmaceut,PACK,BRAND_MATERIAL_TYPE,202812,2026-01-09,-36.97,,147252.9,36.97,65.89,99.98,34.52,88.27,94.19,34.52,100.0,-0.0,1.0,6.03,0.06,0.0,0.37,88.26,100.0,61.88
17049,00201790,All Other Pharmaceut,PACK,BRAND_MATERIAL_TYPE,202812,2026-01-16,-92.26,,11881394.93,92.26,37.82,94.46,45.1,85.42,90.65,90.99,100.0,-0.0,1.0,53.24,0.28,0.36,29.43,80.69,100.0,50.23
17050,00201790,All Other Pharmaceut,PACK,BRAND_MATERIAL_TYPE,202812,2026-01-23,-87.91,,13380315.51,87.91,34.42,3.66,44.97,86.6,92.78,87.85,-4435.79,-0.87,0.89,15.02,0.26,0.4,22.61,3.17,4434.92,49.28
17051,00201790,All Other Pharmaceut,PACK,BRAND_MATERIAL_TYPE,202812,2026-01-30,-57.52,,2089258.18,57.52,37.28,42.29,22.05,68.87,78.89,78.92,100.0,-0.0,1.0,40.88,0.28,0.73,23.66,29.13,100.0,43.39
17052,00201790,All Other Pharmaceut,PACK,BRAND_MATERIAL_TYPE,202812,2026-02-06,44.04,,3758661.37,44.04,41.32,93.32,15.5,51.16,75.42,47.19,130.15,-30.15,0.73,41.08,0.29,0.0,334.87,47.74,160.31,37.96
17053,00201790,All Other Pharmaceut,RAW,BRAND_MATERIAL_TYPE,202612,2025-07-18,,,0.0,,100.0,,,,,,,,,0.0,0.0,0.0,,,,
17054,00201790,All Other Pharmaceut,RAW,BRAND_MATERIAL_TYPE,202612,2025-07-25,17.87,,1126248.14,17.87,46.67,100.0,22.3,64.28,86.07,56.12,100.0,0.0,1.0,33.47,0.16,0.0,-174.43,64.28,100.0,44.9
17055,00201790,All Other Pharmaceut,RAW,BRAND_MATERIAL_TYPE,202612,2025-08-01,56.11,,529985.91,56.11,46.67,100.0,27.14,63.88,81.95,79.15,100.0,0.0,1.0,33.06,0.22,0.0,-134.85,63.88,100.0,44.94
17056,00201790,All Other Pharmaceut,RAW,BRAND_MATERIAL_TYPE,202612,2025-08-08,-51.8,,3916734.63,51.8,46.67,100.0,61.99,81.53,88.16,80.47,100.0,-0.0,1.0,40.41,0.32,0.0,-10.65,81.53,100.0,52.34
17057,00201790,All Other Pharmaceut,RAW,BRAND_MATERIAL_TYPE,202612,2025-08-15,-64.82,,1648936.61,64.82,46.67,100.0,46.17,74.41,86.62,66.56,100.0,-0.0,1.0,39.59,0.3,0.0,17.66,74.41,100.0,49.43
17058,00201790,All Other Pharmaceut,RAW,BRAND_MATERIAL_TYPE,202612,2025-08-22,-57.14,,2134543.22,57.14,46.77,100.0,33.16,69.37,82.26,79.0,100.0,-0.0,1.0,42.68,0.34,0.0,75.73,69.37,100.0,47.6
17059,00201790,All Other Pharmaceut,RAW,BRAND_MATERIAL_TYPE,202612,2025-08-26,,,0.0,,46.58,,,,,,,,,0.0,0.0,0.0,,,,
17060,00201790,All Other Pharmaceut,RAW,BRAND_MATERIAL_TYPE,202612,2025-08-29,43.29,,2747111.96,43.29,46.01,99.32,62.55,84.75,92.27,91.25,100.0,0.0,1.0,38.43,0.18,0.0,34.52,84.17,100.0,52.91
17061,00201790,All Other Pharmaceut,RAW,BRAND_MATERIAL_TYPE,202612,2025-09-05,-43.03,,714343.53,43.03,44.49,73.56,24.1,64.46,81.0,64.55,100.0,-0.0,1.0,33.33,0.24,1.71,8.66,47.42,100.0,44.37
17062,00201790,All Other Pharmaceut,RAW,BRAND_MATERIAL_TYPE,202612,2025-09-12,65.14,,2288731.38,65.14,43.92,76.11,33.5,60.33,76.22,61.05,100.0,0.0,1.0,41.56,0.35,2.6,-95.57,45.91,100.0,42.88
17063,00201790,All Other Pharmaceut,RAW,BRAND_MATERIAL_TYPE,202612,2025-09-18,82.72,,20284452.34,82.72,41.57,94.09,84.16,90.87,93.84,91.26,100.0,0.0,1.0,48.39,0.54,3.23,155.88,85.5,100.0,54.79
17064,00201790,All Other Pharmaceut,RAW,BRAND_MATERIAL_TYPE,202612,2025-09-19,29.34,,1288338.12,29.34,40.23,59.03,15.46,48.58,67.76,61.94,100.0,0.0,1.0,36.67,0.55,4.29,-81.51,28.68,100.0,37.36
17065,00201790,All Other Pharmaceut,RAW,BRAND_MATERIAL_TYPE,202612,2025-09-26,-60.15,,3042362.19,60.15,83.93,64.68,29.32,56.42,71.31,54.98,100.0,-0.0,1.0,41.49,1.0,3.19,830.45,36.49,100.0,59.49
17066,00201790,All Other Pharmaceut,RAW,BRAND_MATERIAL_TYPE,202612,2025-10-03,26.78,,2162954.28,26.78,54.58,37.36,41.24,63.05,78.84,69.34,100.0,0.0,1.0,32.06,0.49,2.67,-194.4,23.56,100.0,48.69
17067,00201790,All Other Pharmaceut,RAW,BRAND_MATERIAL_TYPE,202612,2025-10-10,,,0.0,,43.96,,,,,,,,,0.0,0.0,0.0,,,,
17068,00201790,All Other Pharmaceut,RAW,BRAND_MATERIAL_TYPE,202612,2025-10-17,0.21,,4922831.14,0.21,43.37,82.98,15.61,45.77,59.9,42.0,100.0,0.0,1.0,57.08,0.3,0.0,-1.88,37.98,100.0,36.64
17069,00201790,All Other Pharmaceut,RAW,BRAND_MATERIAL_TYPE,202612,2025-10-24,27.5,,2859758.42,27.5,40.47,77.0,26.27,57.3,71.53,53.55,100.0,0.0,1.0,38.83,0.41,7.77,-159.81,44.12,100.0,40.49
17070,00201790,All Other Pharmaceut,RAW,BRAND_MATERIAL_TYPE,202612,2025-10-31,55.48,,2057552.62,55.48,44.1,93.73,62.47,77.65,86.84,63.33,100.0,0.0,1.0,37.28,0.39,3.07,55.64,72.78,100.0,50.01
17071,00201790,All Other Pharmaceut,RAW,BRAND_MATERIAL_TYPE,202612,2025-11-07,52.15,,1289272.57,52.15,46.27,89.88,42.02,68.72,82.3,60.01,100.0,0.0,1.0,43.22,0.39,2.12,24.51,61.77,100.0,47.29
17072,00201790,All Other Pharmaceut,RAW,BRAND_MATERIAL_TYPE,202612,2025-11-14,-56.12,,2423998.89,56.12,45.47,86.43,64.44,82.12,90.08,68.78,100.0,-0.0,1.0,38.1,0.37,4.33,77.9,70.97,100.0,52.28
17073,00201790,All Other Pharmaceut,RAW,BRAND_MATERIAL_TYPE,202612,2025-11-19,97.19,,97019559.32,97.19,44.05,3.1,96.0,98.22,98.79,96.47,100.0,0.0,1.0,47.35,0.54,6.19,97.69,3.04,100.0,58.71
17074,00201790,All Other Pharmaceut,RAW,BRAND_MATERIAL_TYPE,202612,2025-11-21,98.6,,95498290.41,98.6,39.38,2.36,97.44,99.55,99.82,99.24,100.0,0.0,1.0,30.2,0.42,3.47,101.13,2.35,100.0,56.97
17075,00201790,All Other Pharmaceut,RAW,BRAND_MATERIAL_TYPE,202612,2025-11-28,-99.44,,109350238.9,99.44,46.17,99.81,85.11,99.57,99.73,85.28,100.0,-0.0,1.0,34.89,0.38,1.28,99.61,99.38,100.0,59.55
17076,00201790,All Other Pharmaceut,RAW,BRAND_MATERIAL_TYPE,202612,2025-12-05,-75.31,,3536111.02,75.31,48.66,39.18,58.41,86.69,91.51,70.55,100.0,-0.0,1.0,36.47,0.47,2.75,188.85,33.97,100.0,55.69
17077,00201790,All Other Pharmaceut,RAW,BRAND_MATERIAL_TYPE,202612,2025-12-12,50.83,,1474626.69,50.83,49.53,81.54,45.81,61.16,71.2,46.51,100.0,0.0,1.0,46.36,0.56,2.3,78.96,49.87,100.0,46.13
17078,00201790,All Other Pharmaceut,RAW,BRAND_MATERIAL_TYPE,202612,2025-12-17,-96.14,,114201271.27,96.14,48.59,83.42,81.5,97.67,98.44,81.79,100.0,-0.0,1.0,43.8,0.65,4.26,100.45,81.47,100.0,60.66
17079,00201790,All Other Pharmaceut,RAW,BRAND_MATERIAL_TYPE,202612,2025-12-19,50.37,,2792396.19,50.37,45.2,45.56,13.6,45.6,66.85,56.15,100.0,0.0,1.0,30.42,0.56,2.5,0.16,20.78,100.0,38.18
17080,00201790,All Other Pharmaceut,RAW,BRAND_MATERIAL_TYPE,202612,2025-12-26,78.73,,19826532.88,78.73,49.34,81.38,53.67,92.32,97.11,68.32,100.0,0.0,1.0,34.48,0.45,1.15,96.95,75.12,100.0,58.15
17081,00201790,All Other Pharmaceut,RAW,BRAND_MATERIAL_TYPE,202612,2026-01-02,62.27,,5822124.45,62.27,57.77,79.37,13.13,46.68,65.07,59.37,31.48,68.54,-0.51,52.73,0.41,1.45,60.53,37.05,37.06,43.15
17082,00201790,All Other Pharmaceut,RAW,BRAND_MATERIAL_TYPE,202612,2026-01-09,-88.51,,12860265.93,88.51,53.79,99.7,91.24,95.31,97.17,95.36,100.0,-0.0,1.0,38.38,0.41,0.35,95.69,95.03,100.0,61.02
17083,00201790,All Other Pharmaceut,RAW,BRAND_MATERIAL_TYPE,202612,2026-01-16,-30.48,,18330828.64,30.48,41.03,48.15,26.79,61.47,74.71,35.89,100.0,-0.0,1.0,63.84,0.62,1.34,29.09,29.6,100.0,43.07
17084,00201790,All Other Pharmaceut,RAW,BRAND_MATERIAL_TYPE,202612,2026-01-23,-11.73,,15030635.83,11.73,32.85,29.0,13.32,38.74,58.67,52.71,208.73,-138.28,0.59,46.96,0.94,7.18,0.54,11.23,347.01,31.76
17085,00201790,All Other Pharmaceut,RAW,BRAND_MATERIAL_TYPE,202612,2026-01-30,-75.53,,6087994.83,75.53,37.75,7.09,79.81,90.29,94.23,81.78,100.0,-0.0,1.0,26.44,0.56,4.81,123.74,6.4,100.0,53.07
17086,00201790,All Other Pharmaceut,RAW,BRAND_MATERIAL_TYPE,202612,2026-02-06,21.08,,9965879.87,21.08,49.01,52.96,34.06,80.78,88.85,59.13,100.0,0.0,1.0,37.27,0.44,0.0,102.44,42.78,100.0,53.39
17087,00201790,All Other Pharmaceut,RAW,BRAND_MATERIAL_TYPE,202712,2025-07-18,,,0.0,,100.0,,,,,,,,,0.0,0.0,0.0,,,,
17088,00201790,All Other Pharmaceut,RAW,BRAND_MATERIAL_TYPE,202712,2025-07-25,27.69,,1040063.39,27.69,46.67,100.0,24.14,69.38,86.78,60.77,100.0,0.0,1.0,33.47,0.16,0.0,-169.71,69.38,100.0,46.94
17089,00201790,All Other Pharmaceut,RAW,BRAND_MATERIAL_TYPE,202712,2025-08-01,51.91,,516087.17,51.91,46.67,100.0,27.87,65.6,83.65,82.47,100.0,0.0,1.0,32.65,0.21,0.0,-121.06,65.6,100.0,45.61
17090,00201790,All Other Pharmaceut,RAW,BRAND_MATERIAL_TYPE,202712,2025-08-08,-44.75,,4385691.12,44.75,46.67,100.0,55.36,78.06,86.19,72.85,100.0,-0.0,1.0,40.82,0.32,0.0,-5.66,78.06,100.0,50.94
17091,00201790,All Other Pharmaceut,RAW,BRAND_MATERIAL_TYPE,202712,2025-08-15,-62.09,,2038351.32,62.09,46.67,100.0,37.35,73.28,86.6,55.47,100.0,-0.0,1.0,39.59,0.3,0.0,5.76,73.28,100.0,48.97
17092,00201790,All Other Pharmaceut,RAW,BRAND_MATERIAL_TYPE,202712,2025-08-22,-59.95,,2283976.77,59.95,46.77,100.0,30.99,66.16,80.26,75.3,100.0,-0.0,1.0,42.28,0.34,0.0,94.72,66.16,100.0,46.32
17093,00201790,All Other Pharmaceut,RAW,BRAND_MATERIAL_TYPE,202712,2025-08-26,,,0.0,,46.58,,,,,,,,,0.0,0.0,0.0,,,,
17094,00201790,All Other Pharmaceut,RAW,BRAND_MATERIAL_TYPE,202712,2025-08-29,44.05,,2769366.94,44.05,46.39,100.0,62.05,84.06,92.61,91.86,100.0,0.0,1.0,39.34,0.18,0.0,34.28,84.06,100.0,52.8
17095,00201790,All Other Pharmaceut,RAW,BRAND_MATERIAL_TYPE,202712,2025-09-05,-38.04,,758538.73,38.04,44.87,90.67,22.69,64.45,80.1,69.54,100.0,-0.0,1.0,33.9,0.25,2.54,7.88,58.44,100.0,44.55
17096,00201790,All Other Pharmaceut,RAW,BRAND_MATERIAL_TYPE,202712,2025-09-12,66.41,,2280627.6,66.41,44.11,76.5,33.62,60.54,76.49,60.96,100.0,0.0,1.0,41.81,0.34,2.16,-87.55,46.32,100.0,42.98
17097,00201790,All Other Pharmaceut,RAW,BRAND_MATERIAL_TYPE,202712,2025-09-18,83.81,,20197752.19,83.81,41.95,94.22,84.53,91.23,94.22,91.72,100.0,0.0,1.0,47.95,0.51,2.74,156.62,85.96,100.0,54.96
17098,00201790,All Other Pharmaceut,RAW,BRAND_MATERIAL_TYPE,202712,2025-09-19,38.11,,1231871.61,38.11,40.61,66.37,16.16,48.55,67.81,67.74,100.0,0.0,1.0,37.26,0.52,3.77,-168.68,32.22,100.0,37.41
17099,00201790,All Other Pharmaceut,RAW,BRAND_MATERIAL_TYPE,202712,2025-09-26,-59.84,,3086995.25,59.84,85.71,65.08,28.89,55.6,70.28,54.87,100.0,-0.0,1.0,42.19,0.98,2.6,3076.42,36.18,100.0,59.8
17100,00201790,All Other Pharmaceut,RAW,BRAND_MATERIAL_TYPE,202712,2025-10-03,27.72,,2164300.47,27.72,55.0,38.13,41.21,63.01,78.79,68.63,100.0,0.0,1.0,32.2,0.49,2.65,-257.13,24.03,100.0,48.85
17101,00201790,All Other Pharmaceut,RAW,BRAND_MATERIAL_TYPE,202712,2025-10-10,,,0.0,,43.76,,,,,,,,,0.0,0.0,0.0,,,,
17102,00201790,All Other Pharmaceut,RAW,BRAND_MATERIAL_TYPE,202712,2025-10-17,-5.49,,4919259.16,5.49,43.96,80.21,15.62,45.8,59.9,43.08,100.0,-0.0,1.0,57.21,0.3,0.0,29.48,36.74,100.0,36.89
17103,00201790,All Other Pharmaceut,RAW,BRAND_MATERIAL_TYPE,202712,2025-10-24,4.74,,3237854.05,4.74,41.26,70.79,23.2,55.39,69.74,49.78,100.0,0.0,1.0,40.48,0.41,6.67,-5.7,39.21,100.0,40.04
17104,00201790,All Other Pharmaceut,RAW,BRAND_MATERIAL_TYPE,202712,2025-10-31,60.61,,1950663.18,60.61,44.1,93.97,65.9,81.91,89.55,66.8,100.0,0.0,1.0,37.28,0.4,3.51,67.24,76.96,100.0,51.74
17105,00201790,All Other Pharmaceut,RAW,BRAND_MATERIAL_TYPE,202712,2025-11-07,60.94,,1407404.15,60.94,46.86,93.2,38.5,62.95,78.61,61.21,100.0,0.0,1.0,43.93,0.37,2.93,17.91,58.67,100.0,45.17
17106,00201790,All Other Pharmaceut,RAW,BRAND_MATERIAL_TYPE,202712,2025-11-14,-63.57,,2360877.0,63.57,45.87,90.25,66.16,83.75,91.29,68.26,100.0,-0.0,1.0,38.63,0.36,5.58,66.51,75.59,100.0,53.04
17107,00201790,All Other Pharmaceut,RAW,BRAND_MATERIAL_TYPE,202712,2025-11-19,96.78,,97190714.68,96.78,44.25,3.16,95.78,98.08,98.73,96.23,100.0,0.0,1.0,48.46,0.51,6.17,97.96,3.1,100.0,58.63
17108,00201790,All Other Pharmaceut,RAW,BRAND_MATERIAL_TYPE,202712,2025-11-21,98.65,,95599752.09,98.65,39.18,2.46,97.32,99.44,99.73,99.11,100.0,0.0,1.0,29.85,0.43,2.49,101.29,2.44,100.0,56.89
17109,00201790,All Other Pharmaceut,RAW,BRAND_MATERIAL_TYPE,202712,2025-11-28,-99.46,,109462980.28,99.46,45.78,99.7,85.0,99.49,99.67,85.17,100.0,-0.0,1.0,39.48,0.38,1.29,99.44,99.19,100.0,59.36
17110,00201790,All Other Pharmaceut,RAW,BRAND_MATERIAL_TYPE,202712,2025-12-05,-71.56,,3606060.41,71.56,47.9,39.41,57.28,85.27,90.93,70.45,100.0,-0.0,1.0,36.25,0.45,3.19,130.93,33.61,100.0,54.76
17111,00201790,All Other Pharmaceut,RAW,BRAND_MATERIAL_TYPE,202712,2025-12-12,52.22,,1579090.33,52.22,48.58,76.62,42.78,57.69,67.46,46.52,100.0,0.0,1.0,45.7,0.54,2.34,106.83,44.2,100.0,44.32
17112,00201790,All Other Pharmaceut,RAW,BRAND_MATERIAL_TYPE,202712,2025-12-17,-98.53,,113560644.89,98.53,49.53,84.06,81.92,98.08,98.66,82.21,100.0,-0.0,1.0,45.25,0.65,3.42,99.29,82.44,100.0,61.21
17113,00201790,All Other Pharmaceut,RAW,BRAND_MATERIAL_TYPE,202712,2025-12-19,-37.1,,2175211.39,37.1,45.76,47.79,12.45,44.33,60.94,48.68,100.0,-0.0,1.0,35.8,0.63,2.47,-0.23,21.18,100.0,38.15
17114,00201790,All Other Pharmaceut,RAW,BRAND_MATERIAL_TYPE,202712,2025-12-26,78.16,,19797552.46,78.16,47.64,80.98,53.75,92.45,97.25,68.54,100.0,0.0,1.0,28.17,0.49,0.79,7.53,74.87,100.0,57.68
17115,00201790,All Other Pharmaceut,RAW,BRAND_MATERIAL_TYPE,202712,2026-01-02,50.97,,4378631.14,50.97,57.98,72.13,15.27,46.95,63.96,76.28,46.24,53.87,-0.29,55.43,0.49,1.09,41.64,33.86,7.62,43.6
17116,00201790,All Other Pharmaceut,RAW,BRAND_MATERIAL_TYPE,202712,2026-01-09,-89.59,,12615733.17,89.59,53.6,99.57,92.25,95.98,97.44,95.73,100.0,-0.0,1.0,39.22,0.43,0.0,99.46,95.57,100.0,61.27
17117,00201790,All Other Pharmaceut,RAW,BRAND_MATERIAL_TYPE,202712,2026-01-16,-48.09,,26274864.15,48.09,41.76,32.95,32.19,70.9,81.33,56.95,100.0,-0.0,1.0,64.04,0.62,0.44,42.31,23.36,100.0,47.13
17118,00201790,All Other Pharmaceut,RAW,BRAND_MATERIAL_TYPE,202712,2026-01-23,-47.02,,20996668.11,47.02,30.31,13.07,39.48,64.13,76.75,73.81,103.31,-11.81,0.82,48.5,0.93,4.19,35.34,8.38,115.12,40.89
17119,00201790,All Other Pharmaceut,RAW,BRAND_MATERIAL_TYPE,202712,2026-01-30,-70.4,,5988612.24,70.4,37.39,8.76,76.87,88.66,92.8,79.62,100.0,-0.0,1.0,31.07,0.62,5.34,60.57,7.76,100.0,52.49
17120,00201790,All Other Pharmaceut,RAW,BRAND_MATERIAL_TYPE,202712,2026-02-06,-8.0,,7315629.48,8.0,46.84,37.6,46.4,76.56,86.7,47.18,100.0,-0.0,1.0,35.91,0.49,0.0,-72.55,28.79,100.0,50.99
17121,00201790,All Other Pharmaceut,RAW,BRAND_MATERIAL_TYPE,202812,2025-07-18,,,0.0,,100.0,,,,,,,,,0.0,0.0,0.0,,,,
17122,00201790,All Other Pharmaceut,RAW,BRAND_MATERIAL_TYPE,202812,2025-07-25,5.49,,7288882.93,5.49,92.8,100.0,43.61,93.82,97.87,50.77,100.0,0.0,1.0,36.99,0.34,0.0,-834.58,93.82,100.0,75.79
17123,00201790,All Other Pharmaceut,RAW,BRAND_MATERIAL_TYPE,202812,2025-08-01,53.6,,528563.52,53.6,92.8,100.0,27.21,64.05,81.68,79.82,100.0,0.0,1.0,37.44,0.48,0.0,-137.59,64.05,100.0,64.35
17124,00201790,All Other Pharmaceut,RAW,BRAND_MATERIAL_TYPE,202812,2025-08-08,-20.46,,10684661.79,20.46,93.99,100.0,29.75,87.49,92.74,58.48,100.0,-0.0,1.0,46.12,0.72,0.0,-12.55,87.49,100.0,74.98
17125,00201790,All Other Pharmaceut,RAW,BRAND_MATERIAL_TYPE,202812,2025-08-15,-12.91,,8375243.48,12.91,92.8,100.0,37.95,90.21,94.86,50.46,100.0,-0.0,1.0,45.66,0.68,0.0,5.6,90.21,100.0,75.48
17126,00201790,All Other Pharmaceut,RAW,BRAND_MATERIAL_TYPE,202812,2025-08-22,-57.93,,2327616.73,57.93,92.83,100.0,30.41,64.92,78.75,73.88,100.0,-0.0,1.0,47.73,0.77,0.0,101.94,64.92,100.0,65.66
17127,00201790,All Other Pharmaceut,RAW,BRAND_MATERIAL_TYPE,202812,2025-08-26,,,0.0,,92.41,,,,,,,,,0.0,0.0,0.0,,,,
17128,00201790,All Other Pharmaceut,RAW,BRAND_MATERIAL_TYPE,202812,2025-08-29,43.13,,2767121.85,43.13,91.56,99.96,62.1,84.13,92.15,91.46,100.0,0.0,1.0,43.32,0.41,0.0,35.08,84.09,100.0,71.63
17129,00201790,All Other Pharmaceut,RAW,BRAND_MATERIAL_TYPE,202812,2025-09-05,-38.34,,734840.09,38.34,88.19,78.21,23.43,64.49,80.56,66.98,100.0,-0.0,1.0,37.32,0.54,2.39,7.93,50.44,100.0,62.88
17130,00201790,All Other Pharmaceut,RAW,BRAND_MATERIAL_TYPE,202812,2025-09-12,57.94,,1832816.42,57.94,87.92,95.18,41.84,63.46,77.88,75.85,100.0,0.0,1.0,45.02,0.71,2.37,-46.52,60.4,100.0,62.92
17131,00201790,All Other Pharmaceut,RAW,BRAND_MATERIAL_TYPE,202812,2025-09-18,83.46,,19788894.31,83.46,81.17,96.36,86.27,92.61,95.06,93.63,100.0,0.0,1.0,52.06,1.05,2.58,149.77,89.24,100.0,73.0
17132,00201790,All Other Pharmaceut,RAW,BRAND_MATERIAL_TYPE,202812,2025-09-19,38.01,,1233617.16,38.01,77.41,66.25,16.14,48.48,67.71,66.0,100.0,0.0,1.0,39.46,1.08,3.78,671.79,32.12,100.0,53.94
17133,00201790,All Other Pharmaceut,RAW,BRAND_MATERIAL_TYPE,202812,2025-09-26,-55.72,,3227521.49,55.72,87.05,78.09,27.64,53.18,67.22,54.35,100.0,-0.0,1.0,43.59,0.99,2.56,-10026.31,41.53,100.0,59.38
17134,00201790,All Other Pharmaceut,RAW,BRAND_MATERIAL_TYPE,202812,2025-10-03,27.85,,2244930.48,27.85,88.89,39.63,39.73,60.75,76.84,69.7,100.0,0.0,1.0,42.0,1.04,3.5,-424.96,24.07,100.0,63.31
17135,00201790,All Other Pharmaceut,RAW,BRAND_MATERIAL_TYPE,202812,2025-10-10,,,0.0,,83.47,,,,,,,,,0.0,0.0,0.0,,,,
17136,00201790,All Other Pharmaceut,RAW,BRAND_MATERIAL_TYPE,202812,2025-10-17,-2.46,,4829024.19,2.46,83.27,71.6,15.91,46.66,61.02,42.92,100.0,-0.0,1.0,59.31,0.59,0.0,25.26,33.41,100.0,53.93
17137,00201790,All Other Pharmaceut,RAW,BRAND_MATERIAL_TYPE,202812,2025-10-24,1.55,,3950152.98,1.55,78.86,86.76,19.02,57.16,73.45,50.64,100.0,0.0,1.0,46.39,0.86,7.22,-2.17,49.59,100.0,57.28
17138,00201790,All Other Pharmaceut,RAW,BRAND_MATERIAL_TYPE,202812,2025-10-31,62.97,,1968220.85,62.97,84.4,95.55,65.31,81.17,88.75,66.2,100.0,0.0,1.0,41.71,0.84,4.27,64.5,77.57,100.0,69.02
17139,00201790,All Other Pharmaceut,RAW,BRAND_MATERIAL_TYPE,202812,2025-11-07,59.2,,1354631.59,59.2,90.16,95.27,40.0,65.4,79.83,63.77,100.0,0.0,1.0,47.73,0.8,2.73,22.96,62.31,100.0,64.89
17140,00201790,All Other Pharmaceut,RAW,BRAND_MATERIAL_TYPE,202812,2025-11-14,-62.96,,2284609.86,62.96,87.04,88.99,68.37,84.79,91.76,71.57,100.0,-0.0,1.0,40.47,0.76,5.58,141.49,75.45,100.0,71.26
17141,00201790,All Other Pharmaceut,RAW,BRAND_MATERIAL_TYPE,202812,2025-11-19,95.83,,97938294.62,95.83,84.68,4.21,95.04,97.95,98.7,95.48,100.0,0.0,1.0,52.86,1.07,5.71,98.18,4.12,100.0,76.61
17142,00201790,All Other Pharmaceut,RAW,BRAND_MATERIAL_TYPE,202812,2025-11-21,98.6,,95578695.25,98.6,74.19,2.39,97.29,99.41,99.71,99.11,100.0,0.0,1.0,31.52,0.89,3.26,101.55,2.38,100.0,72.4
17143,00201790,All Other Pharmaceut,RAW,BRAND_MATERIAL_TYPE,202812,2025-11-28,-99.46,,109412389.89,99.46,86.64,99.7,84.99,99.49,99.67,85.16,100.0,-0.0,1.0,42.52,0.77,1.4,99.23,99.19,100.0,77.03
17144,00201790,All Other Pharmaceut,RAW,BRAND_MATERIAL_TYPE,202812,2025-12-05,85.25,,13528674.68,85.25,90.91,10.49,88.83,96.29,97.8,92.34,100.0,0.0,1.0,43.81,0.96,3.81,93.61,10.1,100.0,78.08
17145,00201790,All Other Pharmaceut,RAW,BRAND_MATERIAL_TYPE,202812,2025-12-12,43.99,,1451113.53,43.99,88.31,81.04,46.55,62.15,72.34,49.81,100.0,0.0,1.0,41.18,1.08,3.43,72.43,50.37,100.0,63.79
17146,00201790,All Other Pharmaceut,RAW,BRAND_MATERIAL_TYPE,202812,2025-12-17,-98.02,,99305318.55,98.02,91.38,99.54,93.65,97.85,98.48,93.99,100.0,-0.0,1.0,58.02,1.47,4.72,100.03,97.4,100.0,80.58
17147,00201790,All Other Pharmaceut,RAW,BRAND_MATERIAL_TYPE,202812,2025-12-19,-13.06,,2023301.96,13.06,80.6,42.26,11.35,43.19,61.04,48.45,100.0,-0.0,1.0,40.11,1.35,3.21,5.67,18.25,100.0,54.01
17148,00201790,All Other Pharmaceut,RAW,BRAND_MATERIAL_TYPE,202812,2025-12-26,53.46,,8991941.44,53.46,85.41,76.11,52.01,90.1,96.19,52.01,100.0,0.0,1.0,29.15,1.03,1.01,113.33,68.58,100.0,73.62
17149,00201790,All Other Pharmaceut,RAW,BRAND_MATERIAL_TYPE,202812,2026-01-02,53.38,,4167432.69,53.38,96.64,72.48,18.52,51.68,68.97,82.04,41.62,58.53,-0.33,27.61,0.43,0.65,32.49,37.46,16.91,60.76
17150,00201790,All Other Pharmaceut,RAW,BRAND_MATERIAL_TYPE,202812,2026-01-09,-90.02,,16317316.15,90.02,63.64,99.78,93.05,96.12,97.68,95.75,100.0,-0.0,1.0,33.63,0.43,0.0,100.25,95.9,100.0,65.33
17151,00201790,All Other Pharmaceut,RAW,BRAND_MATERIAL_TYPE,202812,2026-01-16,-59.71,,26566101.34,59.71,44.87,33.51,33.59,69.65,79.56,57.86,100.0,-0.0,1.0,61.22,0.65,0.41,42.59,23.34,100.0,47.97
17152,00201790,All Other Pharmaceut,RAW,BRAND_MATERIAL_TYPE,202812,2026-01-23,-74.18,,35762151.45,74.18,34.48,52.0,40.3,77.03,86.02,85.23,100.89,-5.96,0.88,33.68,0.84,4.21,51.0,40.06,106.85,47.41
17153,00201790,All Other Pharmaceut,RAW,BRAND_MATERIAL_TYPE,202812,2026-01-30,-61.34,,5647433.25,61.34,38.84,10.06,69.32,81.89,87.81,72.01,100.0,-0.0,1.0,34.58,0.53,4.67,68.2,8.24,100.0,50.07
17154,00201790,All Other Pharmaceut,RAW,BRAND_MATERIAL_TYPE,202812,2026-02-06,-8.97,,8239172.8,8.97,46.29,38.62,41.2,68.5,79.75,44.17,100.0,-0.0,1.0,41.41,0.47,0.0,-149.5,26.45,100.0,47.5
17155,00201790,All Other Pharmaceut,UNBW,BRAND_MATERIAL_TYPE,202612,2025-07-18,,,0.0,,100.0,,,,,,,,,0.0,0.0,0.0,,,,
17156,00201790,All Other Pharmaceut,UNBW,BRAND_MATERIAL_TYPE,202612,2025-07-25,,,0.0,,0.0,,,,,,,,,,0.1,,-0.0,,,
17157,00201790,All Other Pharmaceut,UNBW,BRAND_MATERIAL_TYPE,202612,2025-08-01,,,0.0,,0.0,,,,,,,,,,0.14,,-0.0,,,
17158,00201790,All Other Pharmaceut,UNBW,BRAND_MATERIAL_TYPE,202612,2025-08-08,,,0.0,,0.0,,,,,,,,,,0.25,,0.0,,,
17159,00201790,All Other Pharmaceut,UNBW,BRAND_MATERIAL_TYPE,202612,2025-08-15,,,0.0,,0.0,,,,,,,,,,0.26,,-0.0,,,
17160,00201790,All Other Pharmaceut,UNBW,BRAND_MATERIAL_TYPE,202612,2025-08-22,,,0.0,,0.0,,,,,,,,,,0.3,,-0.0,,,
17161,00201790,All Other Pharmaceut,UNBW,BRAND_MATERIAL_TYPE,202612,2025-08-26,,,0.0,,1.57,,,,,,,,,0.0,0.0,0.0,,,,
17162,00201790,All Other Pharmaceut,UNBW,BRAND_MATERIAL_TYPE,202612,2025-08-29,,,0.0,,0.0,,,,,,,,,,0.15,,0.0,,,
17163,00201790,All Other Pharmaceut,UNBW,BRAND_MATERIAL_TYPE,202612,2025-09-05,,,0.0,,0.0,,,,,,,,,,0.18,,-0.0,,,
17164,00201790,All Other Pharmaceut,UNBW,BRAND_MATERIAL_TYPE,202612,2025-09-12,,,0.0,,0.0,,,,,,,,,,0.32,,-0.0,,,
17165,00201790,All Other Pharmaceut,UNBW,BRAND_MATERIAL_TYPE,202612,2025-09-18,,,0.0,,0.0,,,,,,,,,,0.6,,0.0,,,
17166,00201790,All Other Pharmaceut,UNBW,BRAND_MATERIAL_TYPE,202612,2025-09-19,,,0.0,,0.0,,,,,,,,,,0.33,,-0.0,,,
17167,00201790,All Other Pharmaceut,UNBW,BRAND_MATERIAL_TYPE,202612,2025-09-26,,,0.0,,0.0,,,,,,,,,,0.27,,-0.0,,,
17168,00201790,All Other Pharmaceut,UNBW,BRAND_MATERIAL_TYPE,202612,2025-10-03,,,0.0,,0.0,,,,,,,,,,0.33,,-0.0,,,
17169,00201790,All Other Pharmaceut,UNBW,BRAND_MATERIAL_TYPE,202612,2025-10-10,,,0.0,,0.0,,,,,,,,,,0.0,,,,,
17170,00201790,All Other Pharmaceut,UNBW,BRAND_MATERIAL_TYPE,202612,2025-10-17,,,0.0,,0.0,,,,,,,,,,0.3,,-0.0,,,
17171,00201790,All Other Pharmaceut,UNBW,BRAND_MATERIAL_TYPE,202612,2025-10-24,,,0.0,,0.0,,,,,,,,,,0.45,,-0.0,,,
17172,00201790,All Other Pharmaceut,UNBW,BRAND_MATERIAL_TYPE,202612,2025-10-31,,,0.0,,0.0,,,,,,,,,,0.34,,0.0,,,
17173,00201790,All Other Pharmaceut,UNBW,BRAND_MATERIAL_TYPE,202612,2025-11-07,,,0.0,,0.0,,,,,,,,,,0.28,,0.0,,,
17174,00201790,All Other Pharmaceut,UNBW,BRAND_MATERIAL_TYPE,202612,2025-11-14,,,0.0,,0.0,,,,,,,,,,0.25,,-0.0,,,
17175,00201790,All Other Pharmaceut,UNBW,BRAND_MATERIAL_TYPE,202612,2025-11-19,,,0.0,,0.0,,,,,,,,,,0.59,,0.0,,,
17176,00201790,All Other Pharmaceut,UNBW,BRAND_MATERIAL_TYPE,202612,2025-11-21,,,0.0,,0.0,,,,,,,,,,0.4,,0.0,,,
17177,00201790,All Other Pharmaceut,UNBW,BRAND_MATERIAL_TYPE,202612,2025-11-28,,,0.0,,0.0,,,,,,,,,,0.39,,-0.0,,,
17178,00201790,All Other Pharmaceut,UNBW,BRAND_MATERIAL_TYPE,202612,2025-12-05,,,0.0,,0.0,,,,,,,,,,0.39,,-0.0,,,
17179,00201790,All Other Pharmaceut,UNBW,BRAND_MATERIAL_TYPE,202612,2025-12-12,,,0.0,,0.0,,,,,,,,,,0.35,,0.0,,,
17180,00201790,All Other Pharmaceut,UNBW,BRAND_MATERIAL_TYPE,202612,2025-12-17,,,0.0,,0.0,,,,,,,,,,0.62,,-0.0,,,
17181,00201790,All Other Pharmaceut,UNBW,BRAND_MATERIAL_TYPE,202612,2025-12-19,,,0.0,,0.0,,,,,,,,,,0.37,,0.0,,,
17182,00201790,All Other Pharmaceut,UNBW,BRAND_MATERIAL_TYPE,202612,2025-12-26,,,0.0,,0.0,,,,,,,,,,0.13,,0.0,,,
17183,00201790,All Other Pharmaceut,UNBW,BRAND_MATERIAL_TYPE,202612,2026-01-02,,,0.0,,0.0,,,,,,,,,,0.04,,0.0,,,
17184,00201790,All Other Pharmaceut,UNBW,BRAND_MATERIAL_TYPE,202612,2026-01-09,,,0.0,,0.0,,,,,,,,,,0.12,,-0.0,,,
17185,00201790,All Other Pharmaceut,UNBW,BRAND_MATERIAL_TYPE,202712,2025-07-18,,,0.0,,100.0,,,,,,,,,0.0,0.0,0.0,,,,
17186,00201790,All Other Pharmaceut,UNBW,BRAND_MATERIAL_TYPE,202712,2025-07-25,,,0.0,,0.0,,,,,,,,,,0.1,,-0.0,,,
17187,00201790,All Other Pharmaceut,UNBW,BRAND_MATERIAL_TYPE,202712,2025-08-01,,,0.0,,0.0,,,,,,,,,,0.14,,-0.0,,,
17188,00201790,All Other Pharmaceut,UNBW,BRAND_MATERIAL_TYPE,202712,2025-08-08,,,0.0,,0.0,,,,,,,,,,0.25,,0.0,,,
17189,00201790,All Other Pharmaceut,UNBW,BRAND_MATERIAL_TYPE,202712,2025-08-15,,,0.0,,0.0,,,,,,,,,,0.26,,-0.0,,,
17190,00201790,All Other Pharmaceut,UNBW,BRAND_MATERIAL_TYPE,202712,2025-08-22,,,0.0,,0.0,,,,,,,,,,0.3,,-0.0,,,
17191,00201790,All Other Pharmaceut,UNBW,BRAND_MATERIAL_TYPE,202712,2025-08-26,,,0.0,,1.57,,,,,,,,,0.0,0.0,0.0,,,,
17192,00201790,All Other Pharmaceut,UNBW,BRAND_MATERIAL_TYPE,202712,2025-08-29,,,0.0,,0.0,,,,,,,,,,0.14,,0.0,,,
17193,00201790,All Other Pharmaceut,UNBW,BRAND_MATERIAL_TYPE,202712,2025-09-05,,,0.0,,0.0,,,,,,,,,,0.18,,-0.0,,,
17194,00201790,All Other Pharmaceut,UNBW,BRAND_MATERIAL_TYPE,202712,2025-09-12,,,0.0,,0.0,,,,,,,,,,0.31,,-0.0,,,
17195,00201790,All Other Pharmaceut,UNBW,BRAND_MATERIAL_TYPE,202712,2025-09-18,,,0.0,,0.0,,,,,,,,,,0.59,,0.0,,,
17196,00201790,All Other Pharmaceut,UNBW,BRAND_MATERIAL_TYPE,202712,2025-09-19,,,0.0,,0.0,,,,,,,,,,0.33,,-0.0,,,
17197,00201790,All Other Pharmaceut,UNBW,BRAND_MATERIAL_TYPE,202712,2025-09-26,,,0.0,,0.0,,,,,,,,,,0.27,,-0.0,,,
17198,00201790,All Other Pharmaceut,UNBW,BRAND_MATERIAL_TYPE,202712,2025-10-03,,,0.0,,0.0,,,,,,,,,,0.33,,-0.0,,,
17199,00201790,All Other Pharmaceut,UNBW,BRAND_MATERIAL_TYPE,202712,2025-10-10,,,0.0,,0.0,,,,,,,,,,0.0,,,,,
17200,00201790,All Other Pharmaceut,UNBW,BRAND_MATERIAL_TYPE,202712,2025-10-17,,,0.0,,0.0,,,,,,,,,,0.29,,-0.0,,,
17201,00201790,All Other Pharmaceut,UNBW,BRAND_MATERIAL_TYPE,202712,2025-10-24,,,0.0,,0.0,,,,,,,,,,0.45,,-0.0,,,
17202,00201790,All Other Pharmaceut,UNBW,BRAND_MATERIAL_TYPE,202712,2025-10-31,,,0.0,,0.0,,,,,,,,,,0.34,,0.0,,,
17203,00201790,All Other Pharmaceut,UNBW,BRAND_MATERIAL_TYPE,202712,2025-11-07,,,0.0,,0.0,,,,,,,,,,0.28,,0.0,,,
17204,00201790,All Other Pharmaceut,UNBW,BRAND_MATERIAL_TYPE,202712,2025-11-14,,,0.0,,0.0,,,,,,,,,,0.25,,-0.0,,,
17205,00201790,All Other Pharmaceut,UNBW,BRAND_MATERIAL_TYPE,202712,2025-11-19,,,0.0,,0.0,,,,,,,,,,0.58,,0.0,,,
17206,00201790,All Other Pharmaceut,UNBW,BRAND_MATERIAL_TYPE,202712,2025-11-21,,,0.0,,0.0,,,,,,,,,,0.4,,0.0,,,
17207,00201790,All Other Pharmaceut,UNBW,BRAND_MATERIAL_TYPE,202712,2025-11-28,,,0.0,,0.0,,,,,,,,,,0.39,,-0.0,,,
17208,00201790,All Other Pharmaceut,UNBW,BRAND_MATERIAL_TYPE,202712,2025-12-05,,,0.0,,0.0,,,,,,,,,,0.39,,-0.0,,,
17209,00201790,All Other Pharmaceut,UNBW,BRAND_MATERIAL_TYPE,202712,2025-12-12,,,0.0,,0.0,,,,,,,,,,0.34,,0.0,,,
17210,00201790,All Other Pharmaceut,UNBW,BRAND_MATERIAL_TYPE,202712,2025-12-17,,,0.0,,0.0,,,,,,,,,,0.62,,-0.0,,,
17211,00201790,All Other Pharmaceut,UNBW,BRAND_MATERIAL_TYPE,202712,2025-12-19,,,0.0,,0.0,,,,,,,,,,0.36,,0.0,,,
17212,00201790,All Other Pharmaceut,UNBW,BRAND_MATERIAL_TYPE,202712,2025-12-26,,,0.0,,0.0,,,,,,,,,,0.12,,0.0,,,
17213,00201790,All Other Pharmaceut,UNBW,BRAND_MATERIAL_TYPE,202712,2026-01-02,,,0.0,,0.0,,,,,,,,,,0.02,,0.0,,,
17214,00201790,All Other Pharmaceut,UNBW,BRAND_MATERIAL_TYPE,202712,2026-01-09,,,0.0,,0.0,,,,,,,,,,0.12,,-0.0,,,
17215,00201790,All Other Pharmaceut,UNBW,BRAND_MATERIAL_TYPE,202812,2025-07-18,,,0.0,,100.0,,,,,,,,,0.0,0.0,0.0,,,,
17216,00201790,All Other Pharmaceut,UNBW,BRAND_MATERIAL_TYPE,202812,2025-07-25,,,0.0,,0.0,,,,,,,,,,0.1,,-0.0,,,
17217,00201790,All Other Pharmaceut,UNBW,BRAND_MATERIAL_TYPE,202812,2025-08-01,,,0.0,,0.0,,,,,,,,,,0.14,,-0.0,,,
17218,00201790,All Other Pharmaceut,UNBW,BRAND_MATERIAL_TYPE,202812,2025-08-08,,,0.0,,0.0,,,,,,,,,,0.25,,0.0,,,
17219,00201790,All Other Pharmaceut,UNBW,BRAND_MATERIAL_TYPE,202812,2025-08-15,,,0.0,,0.0,,,,,,,,,,0.26,,-0.0,,,
17220,00201790,All Other Pharmaceut,UNBW,BRAND_MATERIAL_TYPE,202812,2025-08-22,,,0.0,,0.0,,,,,,,,,,0.3,,-0.0,,,
17221,00201790,All Other Pharmaceut,UNBW,BRAND_MATERIAL_TYPE,202812,2025-08-26,,,0.0,,1.57,,,,,,,,,0.0,0.0,0.0,,,,
17222,00201790,All Other Pharmaceut,UNBW,BRAND_MATERIAL_TYPE,202812,2025-08-29,,,0.0,,0.0,,,,,,,,,,0.14,,0.0,,,
17223,00201790,All Other Pharmaceut,UNBW,BRAND_MATERIAL_TYPE,202812,2025-09-05,,,0.0,,0.0,,,,,,,,,,0.18,,-0.0,,,
17224,00201790,All Other Pharmaceut,UNBW,BRAND_MATERIAL_TYPE,202812,2025-09-12,,,0.0,,0.0,,,,,,,,,,0.31,,-0.0,,,
17225,00201790,All Other Pharmaceut,UNBW,BRAND_MATERIAL_TYPE,202812,2025-09-18,,,0.0,,0.0,,,,,,,,,,0.59,,0.0,,,
17226,00201790,All Other Pharmaceut,UNBW,BRAND_MATERIAL_TYPE,202812,2025-09-19,,,0.0,,0.0,,,,,,,,,,0.33,,0.0,,,
17227,00201790,All Other Pharmaceut,UNBW,BRAND_MATERIAL_TYPE,202812,2025-09-26,,,0.0,,0.0,,,,,,,,,,0.27,,0.0,,,
17228,00201790,All Other Pharmaceut,UNBW,BRAND_MATERIAL_TYPE,202812,2025-10-03,,,0.0,,0.0,,,,,,,,,,0.33,,-0.0,,,
17229,00201790,All Other Pharmaceut,UNBW,BRAND_MATERIAL_TYPE,202812,2025-10-10,,,0.0,,0.0,,,,,,,,,,0.0,,,,,
17230,00201790,All Other Pharmaceut,UNBW,BRAND_MATERIAL_TYPE,202812,2025-10-17,,,0.0,,0.0,,,,,,,,,,0.29,,-0.0,,,
17231,00201790,All Other Pharmaceut,UNBW,BRAND_MATERIAL_TYPE,202812,2025-10-24,,,0.0,,0.0,,,,,,,,,,0.45,,-0.0,,,
17232,00201790,All Other Pharmaceut,UNBW,BRAND_MATERIAL_TYPE,202812,2025-10-31,,,0.0,,0.0,,,,,,,,,,0.34,,0.0,,,
17233,00201790,All Other Pharmaceut,UNBW,BRAND_MATERIAL_TYPE,202812,2025-11-07,,,0.0,,0.0,,,,,,,,,,0.28,,0.0,,,
17234,00201790,All Other Pharmaceut,UNBW,BRAND_MATERIAL_TYPE,202812,2025-11-14,,,0.0,,0.0,,,,,,,,,,0.25,,-0.0,,,
17235,00201790,All Other Pharmaceut,UNBW,BRAND_MATERIAL_TYPE,202812,2025-11-19,,,0.0,,0.0,,,,,,,,,,0.58,,0.0,,,
17236,00201790,All Other Pharmaceut,UNBW,BRAND_MATERIAL_TYPE,202812,2025-11-21,,,0.0,,0.0,,,,,,,,,,0.4,,0.0,,,
17237,00201790,All Other Pharmaceut,UNBW,BRAND_MATERIAL_TYPE,202812,2025-11-28,,,0.0,,0.0,,,,,,,,,,0.39,,-0.0,,,
17238,00201790,All Other Pharmaceut,UNBW,BRAND_MATERIAL_TYPE,202812,2025-12-05,,,0.0,,0.0,,,,,,,,,,0.39,,0.0,,,
17239,00201790,All Other Pharmaceut,UNBW,BRAND_MATERIAL_TYPE,202812,2025-12-12,,,0.0,,0.0,,,,,,,,,,0.34,,0.0,,,
17240,00201790,All Other Pharmaceut,UNBW,BRAND_MATERIAL_TYPE,202812,2025-12-17,,,0.0,,0.0,,,,,,,,,,0.62,,-0.0,,,
17241,00201790,All Other Pharmaceut,UNBW,BRAND_MATERIAL_TYPE,202812,2025-12-19,,,0.0,,0.0,,,,,,,,,,0.36,,-0.0,,,
17242,00201790,All Other Pharmaceut,UNBW,BRAND_MATERIAL_TYPE,202812,2025-12-26,,,0.0,,0.0,,,,,,,,,,0.12,,0.0,,,
17243,00201790,All Other Pharmaceut,UNBW,BRAND_MATERIAL_TYPE,202812,2026-01-02,,,0.0,,0.0,,,,,,,,,,0.02,,0.0,,,
17244,00201790,All Other Pharmaceut,UNBW,BRAND_MATERIAL_TYPE,202812,2026-01-09,,,0.0,,0.0,,,,,,,,,,0.12,,-0.0,,,
43330,03302043,ABRAXANE,FIN,BRAND_MATERIAL_TYPE,202612,2025-07-18,,,0.0,,100.0,,,,,,,,,0.0,0.0,0.0,,,,
43331,03302043,ABRAXANE,FIN,BRAND_MATERIAL_TYPE,202612,2025-07-25,-28.52,,192893.16,28.52,97.17,100.0,44.9,89.28,98.5,53.55,100.0,-0.0,1.0,14.56,0.14,0.0,-0.86,89.28,100.0,75.05
43332,03302043,ABRAXANE,FIN,BRAND_MATERIAL_TYPE,202612,2025-08-01,43.51,,3645527.99,43.51,97.14,100.0,22.63,66.78,90.77,23.92,100.0,0.0,1.0,35.29,0.41,0.0,-36.01,66.78,100.0,66.94
43333,03302043,ABRAXANE,FIN,BRAND_MATERIAL_TYPE,202612,2025-08-08,18.5,,12956602.46,18.5,97.14,100.0,17.18,54.89,72.34,22.44,100.0,0.0,1.0,66.67,0.77,0.0,86.97,54.89,100.0,63.38
43334,03302043,ABRAXANE,FIN,BRAND_MATERIAL_TYPE,202612,2025-08-15,-37.43,,6555042.76,37.43,97.12,100.0,24.05,78.29,95.28,30.06,100.0,-0.0,1.0,25.74,0.33,0.0,-73.35,78.29,100.0,71.25
43335,03302043,ABRAXANE,FIN,BRAND_MATERIAL_TYPE,202612,2025-08-22,6.35,,4457900.34,6.35,97.12,100.0,35.36,89.37,98.66,35.36,100.0,0.0,1.0,21.78,0.22,0.0,-9.1,89.37,100.0,75.33
43336,03302043,ABRAXANE,FIN,BRAND_MATERIAL_TYPE,202612,2025-08-26,,,0.0,,97.12,,,,,,,,,0.0,0.0,0.0,,,,
43337,03302043,ABRAXANE,FIN,BRAND_MATERIAL_TYPE,202612,2025-08-29,26.71,,1917692.38,26.71,96.15,79.56,20.44,81.78,93.83,59.6,100.0,0.0,1.0,26.0,0.27,0.0,18.26,65.07,100.0,72.07
43338,03302043,ABRAXANE,FIN,BRAND_MATERIAL_TYPE,202612,2025-09-05,10.87,,7813907.13,10.87,87.5,77.31,17.94,69.19,88.1,33.13,100.0,0.0,1.0,51.65,0.67,1.1,33.79,53.49,100.0,64.92
43339,03302043,ABRAXANE,FIN,BRAND_MATERIAL_TYPE,202612,2025-09-12,-61.4,,4880682.61,61.4,81.73,31.84,36.55,72.39,91.26,36.55,100.0,-0.0,1.0,29.41,0.44,1.18,176.76,23.05,100.0,63.12
43340,03302043,ABRAXANE,FIN,BRAND_MATERIAL_TYPE,202612,2025-09-18,-8.59,,14141170.37,8.59,79.81,50.67,19.77,55.33,75.46,31.24,100.0,-0.0,1.0,63.86,1.01,2.41,12.98,28.04,100.0,57.42
43341,03302043,ABRAXANE,FIN,BRAND_MATERIAL_TYPE,202612,2025-09-19,9.77,,4216198.02,9.77,77.88,41.78,26.17,83.52,94.62,49.94,100.0,0.0,1.0,20.99,0.61,1.23,-4.89,34.89,100.0,66.58
43342,03302043,ABRAXANE,FIN,BRAND_MATERIAL_TYPE,202612,2025-09-26,55.59,,1097371.79,55.59,89.11,27.12,59.73,82.34,96.79,66.75,100.0,0.0,1.0,18.89,0.38,0.0,22.53,22.33,100.0,69.83
43343,03302043,ABRAXANE,FIN,BRAND_MATERIAL_TYPE,202612,2025-10-03,8.75,,12761479.11,8.75,82.86,71.94,31.03,58.98,78.6,31.03,100.0,0.0,1.0,54.02,0.82,2.3,-27.35,42.43,100.0,59.46
43344,03302043,ABRAXANE,FIN,BRAND_MATERIAL_TYPE,202612,2025-10-10,,,0.0,,81.48,,,,,,,,,0.0,0.0,0.0,,,,
43345,03302043,ABRAXANE,FIN,BRAND_MATERIAL_TYPE,202612,2025-10-17,2.0,,15391466.4,2.0,79.25,58.52,11.77,51.4,75.07,25.39,100.0,0.0,1.0,64.29,0.69,0.0,19.4,30.08,100.0,54.55
43346,03302043,ABRAXANE,FIN,BRAND_MATERIAL_TYPE,202612,2025-10-24,-15.43,,10654918.53,15.43,69.81,22.55,20.51,65.69,87.79,41.09,100.0,-0.0,1.0,35.14,0.75,2.7,-22.22,14.81,100.0,56.68
43347,03302043,ABRAXANE,FIN,BRAND_MATERIAL_TYPE,202612,2025-10-31,52.56,,4904676.12,52.56,84.26,19.6,63.7,94.96,99.38,63.84,100.0,0.0,1.0,17.58,0.26,0.0,102.17,18.61,100.0,72.55
43348,03302043,ABRAXANE,FIN,BRAND_MATERIAL_TYPE,202612,2025-11-07,-18.82,,9271859.26,18.82,79.44,62.99,17.0,54.55,73.27,28.0,100.0,-0.0,1.0,61.18,0.78,0.0,-1035.13,34.36,100.0,56.18
43349,03302043,ABRAXANE,FIN,BRAND_MATERIAL_TYPE,202612,2025-11-14,-4.1,,8478954.42,4.1,77.36,51.38,36.36,66.31,88.86,36.36,100.0,-0.0,1.0,29.27,0.44,0.0,9.84,34.07,100.0,58.94
43350,03302043,ABRAXANE,FIN,BRAND_MATERIAL_TYPE,202612,2025-11-19,9.22,,12334731.91,9.22,71.7,56.6,17.67,48.47,66.66,27.37,100.0,0.0,1.0,60.53,1.05,2.63,150.9,27.43,100.0,51.56
43351,03302043,ABRAXANE,FIN,BRAND_MATERIAL_TYPE,202612,2025-11-21,89.67,,47600820.91,89.67,75.7,2.08,93.52,98.46,99.6,94.45,100.0,0.0,1.0,20.99,0.51,1.23,57.26,2.05,100.0,71.38
43352,03302043,ABRAXANE,FIN,BRAND_MATERIAL_TYPE,202612,2025-11-28,-91.48,,48056753.06,91.48,86.79,3.47,92.64,97.67,98.82,95.84,100.0,-0.0,1.0,28.26,0.45,0.0,103.79,3.39,100.0,75.29
43353,03302043,ABRAXANE,FIN,BRAND_MATERIAL_TYPE,202612,2025-12-05,66.68,,23379401.7,66.68,83.02,19.5,62.2,85.38,95.0,72.27,100.0,0.0,1.0,48.86,0.67,0.0,-145.69,16.65,100.0,69.59
43354,03302043,ABRAXANE,FIN,BRAND_MATERIAL_TYPE,202612,2025-12-12,72.32,,7387906.96,72.32,71.43,63.21,56.62,87.24,96.72,70.19,100.0,0.0,1.0,18.67,0.38,0.0,-2312.51,55.15,100.0,64.74
43355,03302043,ABRAXANE,FIN,BRAND_MATERIAL_TYPE,202612,2025-12-17,63.42,,31143877.57,63.42,79.05,15.61,61.32,80.7,91.21,69.89,100.0,0.0,1.0,63.86,0.94,0.0,82.0,12.6,100.0,67.04
43356,03302043,ABRAXANE,FIN,BRAND_MATERIAL_TYPE,202612,2025-12-19,68.93,,6916522.5,68.93,74.29,71.04,68.87,96.48,99.23,70.13,100.0,0.0,1.0,20.51,0.67,3.85,155.78,68.54,100.0,70.53
43357,03302043,ABRAXANE,FIN,BRAND_MATERIAL_TYPE,202612,2025-12-26,1.43,,2235260.74,1.43,89.52,59.05,49.49,95.39,98.93,53.51,100.0,0.0,1.0,18.09,0.4,1.06,2.65,56.33,100.0,75.3
43358,03302043,ABRAXANE,FIN,BRAND_MATERIAL_TYPE,202612,2026-01-02,94.65,,18032385.98,94.65,83.96,93.4,43.97,78.3,86.65,44.2,14.21,81.19,-0.5,44.94,0.8,1.12,49.39,73.13,66.98,67.58
43359,03302043,ABRAXANE,FIN,BRAND_MATERIAL_TYPE,202612,2026-01-09,58.0,,1168856.03,58.0,83.96,22.58,32.9,91.16,99.99,52.94,100.0,0.0,1.0,5.62,0.15,0.0,-88.57,20.59,100.0,70.55
43360,03302043,ABRAXANE,FIN,BRAND_MATERIAL_TYPE,202612,2026-01-16,-62.61,,2917605.94,62.61,91.35,19.83,46.27,97.27,99.9,46.27,100.0,-0.0,1.0,15.79,0.19,0.0,-861.53,19.29,100.0,76.09
43361,03302043,ABRAXANE,FIN,BRAND_MATERIAL_TYPE,202612,2026-01-23,-17.51,,42837631.18,17.51,82.69,31.83,45.34,76.58,87.35,55.02,257.09,-176.86,0.49,38.37,0.77,2.33,-291.02,24.37,433.95,66.27
43362,03302043,ABRAXANE,FIN,BRAND_MATERIAL_TYPE,202612,2026-01-30,-79.87,,38638059.62,79.87,75.96,13.79,73.36,89.87,95.15,79.03,100.0,-0.0,1.0,24.05,0.57,0.0,92.41,12.4,100.0,68.22
43363,03302043,ABRAXANE,FIN,BRAND_MATERIAL_TYPE,202612,2026-02-06,19.45,,10728110.5,19.45,80.39,45.45,20.91,68.3,84.13,39.47,100.0,0.0,1.0,53.66,0.83,0.0,20.09,31.05,100.0,62.26
43364,03302043,ABRAXANE,FIN,BRAND_MATERIAL_TYPE,202712,2025-07-18,,,0.0,,100.0,,,,,,,,,0.0,0.0,0.0,,,,
43365,03302043,ABRAXANE,FIN,BRAND_MATERIAL_TYPE,202712,2025-07-25,86.78,,1031011.89,86.78,97.17,100.0,82.79,96.55,99.57,89.19,100.0,0.0,1.0,15.53,0.15,0.0,21.46,96.55,100.0,77.99
43366,03302043,ABRAXANE,FIN,BRAND_MATERIAL_TYPE,202712,2025-08-01,11.49,,2591634.19,11.49,97.14,100.0,16.27,53.48,80.22,28.03,100.0,0.0,1.0,34.31,0.38,0.0,-6.85,53.48,100.0,61.52
43367,03302043,ABRAXANE,FIN,BRAND_MATERIAL_TYPE,202712,2025-08-08,10.83,,6318127.2,10.83,97.14,100.0,14.17,45.27,69.47,43.53,100.0,0.0,1.0,52.94,0.61,0.0,2706.6,45.27,100.0,59.0
43368,03302043,ABRAXANE,FIN,BRAND_MATERIAL_TYPE,202712,2025-08-15,20.65,,4482464.59,20.65,97.12,100.0,46.72,86.57,98.36,46.72,100.0,0.0,1.0,20.79,0.23,0.0,4.71,86.57,100.0,74.24
43369,03302043,ABRAXANE,FIN,BRAND_MATERIAL_TYPE,202712,2025-08-22,-57.04,,1817056.43,57.04,97.12,100.0,27.07,84.44,96.56,39.75,100.0,-0.0,1.0,19.8,0.2,0.0,7.05,84.44,100.0,73.29
43370,03302043,ABRAXANE,FIN,BRAND_MATERIAL_TYPE,202712,2025-08-26,,,0.0,,97.12,,,,,,,,,0.0,0.0,0.0,,,,
43371,03302043,ABRAXANE,FIN,BRAND_MATERIAL_TYPE,202712,2025-08-29,73.89,,1796521.31,73.89,94.23,90.39,35.46,78.7,93.26,44.58,100.0,0.0,1.0,24.49,0.27,0.0,13.68,71.14,100.0,70.07
43372,03302043,ABRAXANE,FIN,BRAND_MATERIAL_TYPE,202712,2025-09-05,2.06,,5809080.97,2.06,80.77,23.21,36.05,80.46,92.15,46.59,100.0,0.0,1.0,33.33,0.48,0.0,1.31,18.67,100.0,66.09
43373,03302043,ABRAXANE,FIN,BRAND_MATERIAL_TYPE,202712,2025-09-12,60.04,,3995356.47,60.04,82.69,22.61,52.42,74.72,89.04,55.35,100.0,0.0,1.0,29.07,0.44,0.0,311.5,16.89,100.0,64.44
43374,03302043,ABRAXANE,FIN,BRAND_MATERIAL_TYPE,202712,2025-09-18,25.09,,8047000.45,25.09,79.81,40.29,14.64,52.82,75.6,43.98,100.0,0.0,1.0,53.01,0.9,3.61,77.21,21.28,100.0,56.06
43375,03302043,ABRAXANE,FIN,BRAND_MATERIAL_TYPE,202712,2025-09-19,-19.88,,3807359.18,19.88,77.88,58.9,30.94,84.09,94.99,60.5,100.0,-0.0,1.0,23.46,0.6,0.0,13.74,49.53,100.0,66.78
43376,03302043,ABRAXANE,FIN,BRAND_MATERIAL_TYPE,202712,2025-09-26,-53.13,,794417.45,53.13,89.11,42.7,46.92,78.49,95.55,63.44,100.0,-0.0,1.0,20.0,0.37,0.0,-20.54,33.51,100.0,68.26
43377,03302043,ABRAXANE,FIN,BRAND_MATERIAL_TYPE,202712,2025-10-03,-27.25,,4586847.98,27.25,84.76,66.91,25.48,51.94,71.83,40.32,100.0,-0.0,1.0,46.07,0.69,1.12,15.55,34.75,100.0,56.97
43378,03302043,ABRAXANE,FIN,BRAND_MATERIAL_TYPE,202712,2025-10-10,,,0.0,,83.33,,,,,,,,,0.0,0.0,0.0,,,,
43379,03302043,ABRAXANE,FIN,BRAND_MATERIAL_TYPE,202712,2025-10-17,-10.92,,7791001.37,10.92,78.3,76.5,15.84,59.76,75.61,28.34,100.0,-0.0,1.0,63.86,0.67,0.0,7.71,45.72,100.0,57.46
43380,03302043,ABRAXANE,FIN,BRAND_MATERIAL_TYPE,202712,2025-10-24,7.85,,7273674.88,7.85,67.92,51.59,16.96,61.2,82.48,23.96,100.0,0.0,1.0,48.61,0.99,1.39,-27.8,31.58,100.0,54.95
43381,03302043,ABRAXANE,FIN,BRAND_MATERIAL_TYPE,202712,2025-10-31,11.81,,1145070.46,11.81,89.81,43.93,38.65,77.67,99.22,38.65,100.0,0.0,1.0,14.43,0.28,1.03,-12.52,34.12,100.0,67.92
43382,03302043,ABRAXANE,FIN,BRAND_MATERIAL_TYPE,202712,2025-11-07,-52.36,,17354638.26,52.36,71.03,51.9,18.06,47.55,67.26,18.06,100.0,-0.0,1.0,60.53,0.82,2.63,3243.13,24.68,100.0,50.17
43383,03302043,ABRAXANE,FIN,BRAND_MATERIAL_TYPE,202712,2025-11-14,52.15,,5842420.91,52.15,70.75,34.06,20.33,61.24,87.99,31.61,100.0,0.0,1.0,20.0,0.52,2.67,5850.58,20.86,100.0,54.53
43384,03302043,ABRAXANE,FIN,BRAND_MATERIAL_TYPE,202712,2025-11-19,-44.87,,19407259.24,44.87,65.09,51.51,16.15,42.23,61.42,18.68,100.0,-0.0,1.0,55.07,1.05,4.35,-288.34,21.75,100.0,46.42
43385,03302043,ABRAXANE,FIN,BRAND_MATERIAL_TYPE,202712,2025-11-21,-88.8,,5538273.56,88.8,70.09,38.23,36.33,72.28,89.9,36.33,100.0,-0.0,1.0,20.0,0.57,5.33,-44.12,27.63,100.0,58.85
43386,03302043,ABRAXANE,FIN,BRAND_MATERIAL_TYPE,202712,2025-11-28,61.6,,4886885.4,61.6,83.96,36.5,41.17,72.24,87.48,41.17,100.0,0.0,1.0,31.46,0.55,1.12,61.05,26.37,100.0,64.31
43387,03302043,ABRAXANE,FIN,BRAND_MATERIAL_TYPE,202712,2025-12-05,53.2,,12430332.63,53.2,82.08,69.4,26.94,70.66,90.37,31.52,100.0,0.0,1.0,47.13,0.67,2.3,-146.73,49.04,100.0,63.33
43388,03302043,ABRAXANE,FIN,BRAND_MATERIAL_TYPE,202712,2025-12-12,21.69,,5616492.27,21.69,71.43,36.34,20.97,73.03,93.98,27.06,100.0,0.0,1.0,20.0,0.42,0.0,-26.44,26.54,100.0,59.18
43389,03302043,ABRAXANE,FIN,BRAND_MATERIAL_TYPE,202712,2025-12-17,72.54,,11732546.33,72.54,86.67,89.32,28.53,67.59,79.31,28.53,100.0,0.0,1.0,62.64,0.94,0.0,102.48,60.37,100.0,64.84
43390,03302043,ABRAXANE,FIN,BRAND_MATERIAL_TYPE,202712,2025-12-19,-47.3,,1976419.5,47.3,76.19,24.11,40.77,87.44,96.47,43.03,100.0,-0.0,1.0,20.0,0.58,3.75,-25.6,21.09,100.0,67.39
43391,03302043,ABRAXANE,FIN,BRAND_MATERIAL_TYPE,202712,2025-12-26,-29.96,,3496092.47,29.96,87.62,39.15,33.69,95.32,99.43,33.69,100.0,-0.0,1.0,14.13,0.32,0.0,-80.92,37.32,100.0,74.26
43392,03302043,ABRAXANE,FIN,BRAND_MATERIAL_TYPE,202712,2026-01-02,80.68,,18812230.92,80.68,84.91,82.54,38.99,66.09,80.36,50.93,15.13,80.86,-0.24,42.22,0.72,2.22,46.87,54.55,65.73,62.79
43393,03302043,ABRAXANE,FIN,BRAND_MATERIAL_TYPE,202712,2026-01-09,39.58,,812737.37,39.58,85.85,89.32,32.48,90.17,99.98,48.81,100.0,0.0,1.0,8.79,0.17,0.0,-35.85,80.54,100.0,70.97
43394,03302043,ABRAXANE,FIN,BRAND_MATERIAL_TYPE,202712,2026-01-16,-63.79,,3150655.95,63.79,95.19,98.56,42.85,97.9,99.94,42.85,100.0,-0.0,1.0,16.16,0.18,0.0,292.83,96.48,100.0,77.84
43395,03302043,ABRAXANE,FIN,BRAND_MATERIAL_TYPE,202712,2026-01-23,40.44,,22159316.14,40.44,80.77,56.77,30.39,51.97,71.72,35.47,-39.19,139.74,-0.06,44.05,0.69,2.38,49.89,29.51,178.93,55.4
43396,03302043,ABRAXANE,FIN,BRAND_MATERIAL_TYPE,202712,2026-01-30,4.61,,6980219.47,4.61,76.92,35.99,18.43,68.66,89.3,38.64,100.0,0.0,1.0,17.5,0.47,0.0,-5.65,24.71,100.0,59.8
43397,03302043,ABRAXANE,FIN,BRAND_MATERIAL_TYPE,202712,2026-02-06,-7.42,,7119066.73,7.42,82.35,27.22,18.07,64.63,84.41,31.94,100.0,-0.0,1.0,51.19,0.79,0.0,-3.87,17.59,100.0,61.44
43398,03302043,ABRAXANE,FIN,BRAND_MATERIAL_TYPE,202812,2025-07-18,,,0.0,,100.0,,,,,,,,,0.0,0.0,0.0,,,,
43399,03302043,ABRAXANE,FIN,BRAND_MATERIAL_TYPE,202812,2025-07-25,-34.99,,174532.1,34.99,97.17,100.0,46.71,79.77,97.89,52.34,100.0,-0.0,1.0,15.53,0.15,0.0,-6.27,79.77,100.0,71.28
43400,03302043,ABRAXANE,FIN,BRAND_MATERIAL_TYPE,202812,2025-08-01,40.3,,2822587.82,40.3,97.14,100.0,24.28,61.92,82.77,36.35,100.0,0.0,1.0,30.39,0.33,0.0,-37.52,61.92,100.0,64.74
43401,03302043,ABRAXANE,FIN,BRAND_MATERIAL_TYPE,202812,2025-08-08,8.84,,6141697.48,8.84,97.14,100.0,14.58,46.32,70.01,43.77,100.0,0.0,1.0,40.2,0.46,0.0,249.55,46.32,100.0,58.91
43402,03302043,ABRAXANE,FIN,BRAND_MATERIAL_TYPE,202812,2025-08-15,-57.6,,2276385.54,57.6,97.12,100.0,37.82,82.93,97.34,37.82,100.0,-0.0,1.0,18.81,0.21,0.0,-3.91,82.93,100.0,72.72
43403,03302043,ABRAXANE,FIN,BRAND_MATERIAL_TYPE,202812,2025-08-22,-72.0,,2393655.88,72.0,97.12,100.0,36.53,87.07,98.52,39.8,100.0,-0.0,1.0,17.82,0.24,0.0,5.15,87.07,100.0,74.48
43404,03302043,ABRAXANE,FIN,BRAND_MATERIAL_TYPE,202812,2025-08-26,,,0.0,,97.12,,,,,,,,,0.0,0.0,0.0,,,,
43405,03302043,ABRAXANE,FIN,BRAND_MATERIAL_TYPE,202812,2025-08-29,57.85,,2099996.71,57.85,93.27,35.58,42.18,78.46,91.4,42.18,100.0,0.0,1.0,19.59,0.22,0.0,-31.91,27.91,100.0,69.43
43406,03302043,ABRAXANE,FIN,BRAND_MATERIAL_TYPE,202812,2025-09-05,31.37,,5730251.81,31.37,81.73,34.66,16.9,68.78,90.16,33.82,100.0,0.0,1.0,22.35,0.39,0.0,7.64,23.84,100.0,61.52
43407,03302043,ABRAXANE,FIN,BRAND_MATERIAL_TYPE,202812,2025-09-12,17.83,,4002224.83,17.83,81.73,34.51,21.1,67.16,85.1,25.7,100.0,0.0,1.0,20.0,0.32,1.18,-5.72,23.18,100.0,60.62
43408,03302043,ABRAXANE,FIN,BRAND_MATERIAL_TYPE,202812,2025-09-18,24.33,,5492008.41,24.33,77.88,28.81,17.63,52.05,73.68,64.29,100.0,0.0,1.0,38.27,0.69,2.47,17.6,15.0,100.0,54.28
43409,03302043,ABRAXANE,FIN,BRAND_MATERIAL_TYPE,202812,2025-09-19,-16.85,,2693461.38,16.85,82.69,69.83,34.01,83.54,94.51,34.86,100.0,-0.0,1.0,19.77,0.5,2.33,-171.92,58.34,100.0,68.16
43410,03302043,ABRAXANE,FIN,BRAND_MATERIAL_TYPE,202812,2025-09-26,-42.03,,238484.99,42.03,90.1,77.65,21.33,78.07,97.26,21.33,100.0,-0.0,1.0,13.19,0.26,0.0,-6.58,60.62,100.0,68.12
43411,03302043,ABRAXANE,FIN,BRAND_MATERIAL_TYPE,202812,2025-10-03,-39.67,,4979845.92,39.67,85.71,74.4,23.19,56.54,76.8,32.94,100.0,-0.0,1.0,32.22,0.56,0.0,23.78,42.07,100.0,58.77
43412,03302043,ABRAXANE,FIN,BRAND_MATERIAL_TYPE,202812,2025-10-10,,,0.0,,86.11,,,,,,,,,0.0,0.0,0.0,,,,
43413,03302043,ABRAXANE,FIN,BRAND_MATERIAL_TYPE,202812,2025-10-17,-52.61,,5400975.79,52.61,86.79,93.2,26.01,65.44,81.03,26.01,100.0,-0.0,1.0,55.43,0.58,0.0,37.78,60.98,100.0,62.81
43414,03302043,ABRAXANE,FIN,BRAND_MATERIAL_TYPE,202812,2025-10-24,-31.64,,4361580.58,31.64,83.96,74.68,32.21,71.45,91.72,36.3,100.0,-0.0,1.0,48.31,0.86,5.62,-60.36,53.36,100.0,65.03
43415,03302043,ABRAXANE,FIN,BRAND_MATERIAL_TYPE,202812,2025-10-31,-85.0,,2289439.41,85.0,87.96,20.72,71.58,90.02,99.53,71.58,100.0,-0.0,1.0,11.58,0.25,1.05,73.21,18.66,100.0,72.03
43416,03302043,ABRAXANE,FIN,BRAND_MATERIAL_TYPE,202812,2025-11-07,-8.17,,4251967.06,8.17,84.11,47.38,12.56,48.53,73.96,44.65,100.0,-0.0,1.0,37.78,0.5,1.11,-4.57,22.99,100.0,54.74
43417,03302043,ABRAXANE,FIN,BRAND_MATERIAL_TYPE,202812,2025-11-14,35.76,,3039129.55,35.76,85.85,37.76,25.22,80.64,94.21,49.58,100.0,0.0,1.0,17.58,0.27,0.0,-82.95,30.45,100.0,67.51
43418,03302043,ABRAXANE,FIN,BRAND_MATERIAL_TYPE,202812,2025-11-19,-36.95,,6521370.44,36.95,73.58,51.32,12.7,40.1,61.11,23.69,100.0,-0.0,1.0,41.03,0.71,0.0,-24.82,20.58,100.0,47.83
43419,03302043,ABRAXANE,FIN,BRAND_MATERIAL_TYPE,202812,2025-11-21,-13.07,,9315715.64,13.07,75.7,38.9,21.82,68.5,87.08,21.82,100.0,-0.0,1.0,16.05,0.47,3.7,-8.12,26.65,100.0,59.24
43420,03302043,ABRAXANE,FIN,BRAND_MATERIAL_TYPE,202812,2025-11-28,67.66,,5469119.11,67.66,80.19,34.94,37.17,68.44,84.79,37.17,100.0,0.0,1.0,23.53,0.37,0.0,90.44,23.92,100.0,60.68
43421,03302043,ABRAXANE,FIN,BRAND_MATERIAL_TYPE,202812,2025-12-05,32.79,,5807462.74,32.79,86.79,53.89,34.64,79.34,91.85,34.89,100.0,0.0,1.0,27.17,0.42,2.17,-20.97,42.75,100.0,67.84
43422,03302043,ABRAXANE,FIN,BRAND_MATERIAL_TYPE,202812,2025-12-12,-16.93,,1356674.11,16.93,82.86,46.95,25.18,83.72,98.13,34.89,100.0,-0.0,1.0,13.79,0.25,0.0,3.95,39.31,100.0,67.46
43423,03302043,ABRAXANE,FIN,BRAND_MATERIAL_TYPE,202812,2025-12-17,49.02,,8183457.9,49.02,84.76,76.26,27.07,62.3,76.43,27.25,100.0,0.0,1.0,42.7,0.65,1.12,114.23,47.51,100.0,60.98
43424,03302043,ABRAXANE,FIN,BRAND_MATERIAL_TYPE,202812,2025-12-19,2.13,,804119.85,2.13,83.81,45.9,42.49,90.88,96.69,42.49,100.0,0.0,1.0,17.05,0.42,1.14,0.39,41.72,100.0,71.27
43425,03302043,ABRAXANE,FIN,BRAND_MATERIAL_TYPE,202812,2025-12-26,-55.76,,1320310.36,55.76,88.57,11.42,63.81,93.62,99.57,65.25,100.0,-0.0,1.0,9.68,0.25,0.0,-195.06,10.69,100.0,73.7
43426,03302043,ABRAXANE,FIN,BRAND_MATERIAL_TYPE,202812,2026-01-02,94.78,,16781016.38,94.78,85.85,94.14,57.91,74.46,85.03,61.26,20.46,69.94,-0.42,46.15,0.41,0.0,48.42,70.09,49.47,65.47
43427,03302043,ABRAXANE,FIN,BRAND_MATERIAL_TYPE,202812,2026-01-09,74.28,,442575.85,74.28,83.02,74.82,59.69,95.39,99.3,59.69,100.0,0.0,1.0,30.68,0.48,1.14,-30.1,71.38,100.0,72.97
43428,03302043,ABRAXANE,FIN,BRAND_MATERIAL_TYPE,202812,2026-01-16,-98.62,,3773382.57,98.62,96.15,98.79,47.04,98.91,99.99,47.04,100.0,-0.0,1.0,12.0,0.13,0.0,196.94,97.72,100.0,78.47
43429,03302043,ABRAXANE,FIN,BRAND_MATERIAL_TYPE,202812,2026-01-23,55.88,,21014398.63,55.88,82.69,44.47,43.39,64.73,79.84,46.33,-5.3,96.0,-0.11,40.7,0.61,0.0,74.49,28.78,101.3,60.99
43430,03302043,ABRAXANE,FIN,BRAND_MATERIAL_TYPE,202812,2026-01-30,42.62,,4616831.26,42.62,85.58,53.83,23.14,79.25,91.27,34.66,100.0,0.0,1.0,19.1,0.38,4.49,-24.43,42.66,100.0,67.21
43431,03302043,ABRAXANE,FIN,BRAND_MATERIAL_TYPE,202812,2026-02-06,-16.26,,3813101.46,16.26,78.43,28.93,27.44,59.23,76.74,28.05,100.0,-0.0,1.0,43.75,0.62,0.0,-3.97,17.13,100.0,57.12
43432,03302043,ABRAXANE,HALB,BRAND_MATERIAL_TYPE,202612,2025-07-18,,,0.0,,100.0,,,,,,,,,0.0,0.0,0.0,,,,
43433,03302043,ABRAXANE,HALB,BRAND_MATERIAL_TYPE,202612,2025-07-25,71.29,,7489512.26,71.29,94.74,100.0,31.62,90.83,99.94,68.14,100.0,0.0,1.0,61.11,0.58,0.0,83.03,90.83,100.0,76.16
43434,03302043,ABRAXANE,HALB,BRAND_MATERIAL_TYPE,202612,2025-08-01,-51.21,,10331474.42,51.21,94.74,100.0,32.62,83.85,99.22,62.04,100.0,-0.0,1.0,66.67,0.84,0.0,120.14,83.85,100.0,74.24
43435,03302043,ABRAXANE,HALB,BRAND_MATERIAL_TYPE,202612,2025-08-08,-8.34,,6487941.77,8.34,94.74,100.0,42.98,78.6,98.9,75.34,100.0,-0.0,1.0,72.22,1.0,0.0,-19.65,78.6,100.0,72.67
43436,03302043,ABRAXANE,HALB,BRAND_MATERIAL_TYPE,202612,2025-08-15,76.29,,7431676.47,76.29,94.74,100.0,40.66,84.82,98.93,83.87,100.0,0.0,1.0,77.78,1.21,0.0,169.5,84.82,100.0,75.86
43437,03302043,ABRAXANE,HALB,BRAND_MATERIAL_TYPE,202612,2025-08-22,-45.77,,15434774.87,45.77,94.74,100.0,32.22,83.52,99.77,89.13,100.0,-0.0,1.0,66.67,0.95,0.0,227.26,83.52,100.0,74.46
43438,03302043,ABRAXANE,HALB,BRAND_MATERIAL_TYPE,202612,2025-08-26,,,0.0,,94.74,,,,,,,,,0.0,0.0,0.0,,,,
43439,03302043,ABRAXANE,HALB,BRAND_MATERIAL_TYPE,202612,2025-08-29,-42.82,,6506477.4,42.82,84.21,61.41,30.71,97.62,100.0,88.4,100.0,-0.0,1.0,50.0,0.53,0.0,-99.31,59.95,100.0,74.49
43440,03302043,ABRAXANE,HALB,BRAND_MATERIAL_TYPE,202612,2025-09-05,24.14,,4907810.04,24.14,89.47,91.22,29.42,82.32,100.0,56.18,100.0,0.0,1.0,47.06,0.74,0.0,47.15,75.09,100.0,71.17
43441,03302043,ABRAXANE,HALB,BRAND_MATERIAL_TYPE,202612,2025-09-12,9.68,,22181029.25,9.68,68.42,68.08,32.61,93.44,100.0,39.8,100.0,0.0,1.0,38.46,0.68,0.0,-126.59,63.61,100.0,67.03
43442,03302043,ABRAXANE,HALB,BRAND_MATERIAL_TYPE,202612,2025-09-18,-11.18,,18471612.38,11.18,68.42,40.63,23.53,76.45,98.17,54.0,100.0,-0.0,1.0,53.85,1.16,0.0,22.06,31.06,100.0,61.81
43443,03302043,ABRAXANE,HALB,BRAND_MATERIAL_TYPE,202612,2025-09-19,-20.8,,13377021.35,20.8,68.42,45.01,40.43,99.0,100.0,47.91,100.0,-0.0,1.0,38.46,1.0,0.0,33.03,44.56,100.0,70.3
43444,03302043,ABRAXANE,HALB,BRAND_MATERIAL_TYPE,202612,2025-09-26,36.49,,3746645.44,36.49,89.47,99.09,32.3,96.24,100.0,94.55,100.0,0.0,1.0,52.94,1.0,0.0,50.5,95.37,100.0,77.62
43445,03302043,ABRAXANE,HALB,BRAND_MATERIAL_TYPE,202612,2025-10-03,-33.53,,10458910.08,33.53,78.95,71.52,22.24,79.29,99.9,79.61,100.0,-0.0,1.0,53.33,0.95,0.0,85.94,56.71,100.0,66.45
43446,03302043,ABRAXANE,HALB,BRAND_MATERIAL_TYPE,202612,2025-10-10,,,0.0,,85.0,,,,,,,,,0.0,0.0,0.0,,,,
43447,03302043,ABRAXANE,HALB,BRAND_MATERIAL_TYPE,202612,2025-10-17,9.51,,18446848.28,9.51,80.95,53.98,36.83,90.13,100.0,86.11,100.0,0.0,1.0,47.06,0.52,0.0,110.39,48.65,100.0,70.18
43448,03302043,ABRAXANE,HALB,BRAND_MATERIAL_TYPE,202612,2025-10-24,66.17,,12135515.09,66.17,90.48,99.97,55.34,99.94,100.0,87.47,100.0,0.0,1.0,42.11,0.62,0.0,108.57,99.9,100.0,78.23
43449,03302043,ABRAXANE,HALB,BRAND_MATERIAL_TYPE,202612,2025-10-31,-6.02,,573494.88,6.02,85.71,96.42,43.41,96.42,100.0,81.24,100.0,-0.0,1.0,33.33,0.57,0.0,-1.37,92.97,100.0,74.76
43450,03302043,ABRAXANE,HALB,BRAND_MATERIAL_TYPE,202612,2025-11-07,61.35,,3280159.31,61.35,89.47,87.08,52.02,92.05,100.0,85.36,100.0,0.0,1.0,47.06,0.63,0.0,1193.61,80.16,100.0,74.71
43451,03302043,ABRAXANE,HALB,BRAND_MATERIAL_TYPE,202612,2025-11-14,-100.0,,3054771.98,100.0,89.47,99.78,34.21,99.78,100.0,65.79,100.0,-0.0,1.0,29.41,0.42,0.0,86.41,99.56,100.0,77.1
43452,03302043,ABRAXANE,HALB,BRAND_MATERIAL_TYPE,202612,2025-11-19,0.91,,23636249.65,0.91,89.47,72.91,37.19,97.57,100.0,61.95,100.0,0.0,1.0,47.06,0.79,0.0,28.56,71.14,100.0,77.45
43453,03302043,ABRAXANE,HALB,BRAND_MATERIAL_TYPE,202612,2025-11-21,68.79,,45035020.64,68.79,73.68,24.15,30.49,97.52,100.0,79.29,100.0,0.0,1.0,28.57,0.79,0.0,41.56,23.55,100.0,71.11
43454,03302043,ABRAXANE,HALB,BRAND_MATERIAL_TYPE,202612,2025-11-28,17.61,,10610724.66,17.61,78.95,78.86,39.73,93.48,100.0,83.97,100.0,0.0,1.0,40.0,0.68,0.0,-4.41,73.72,100.0,71.25
43455,03302043,ABRAXANE,HALB,BRAND_MATERIAL_TYPE,202612,2025-12-05,-93.3,,28890412.69,93.3,84.21,68.63,56.99,94.36,99.96,93.92,100.0,-0.0,1.0,56.25,0.74,0.0,251.91,64.76,100.0,73.88
43456,03302043,ABRAXANE,HALB,BRAND_MATERIAL_TYPE,202612,2025-12-12,-32.93,,16710939.04,32.93,89.47,80.14,32.37,98.55,100.0,76.76,100.0,-0.0,1.0,47.06,0.89,0.0,2381.75,78.98,100.0,78.19
43457,03302043,ABRAXANE,HALB,BRAND_MATERIAL_TYPE,202612,2025-12-17,12.74,,23927784.38,12.74,73.68,40.72,29.38,89.96,99.95,91.55,100.0,0.0,1.0,50.0,1.21,7.14,12.65,36.63,100.0,69.49
43458,03302043,ABRAXANE,HALB,BRAND_MATERIAL_TYPE,202612,2025-12-19,-10.38,,13572061.33,10.38,68.42,24.27,43.73,98.05,100.0,54.68,100.0,-0.0,1.0,46.15,0.95,0.0,-46.02,23.8,100.0,69.75
43459,03302043,ABRAXANE,HALB,BRAND_MATERIAL_TYPE,202612,2025-12-26,8.61,,15237420.73,8.61,84.21,18.6,42.45,98.93,100.0,61.05,100.0,0.0,1.0,31.25,0.84,0.0,108.61,18.4,100.0,76.06
43460,03302043,ABRAXANE,HALB,BRAND_MATERIAL_TYPE,202612,2026-01-02,100.0,,16798244.84,100.0,89.47,80.13,26.14,87.69,97.5,75.52,4.22,94.97,-0.9,41.18,0.68,0.0,48.62,70.26,90.75,73.15
43461,03302043,ABRAXANE,HALB,BRAND_MATERIAL_TYPE,202612,2026-01-09,-38.34,,3777557.01,38.34,89.47,30.84,69.16,100.0,100.0,100.0,100.0,-0.0,1.0,23.53,0.47,0.0,189.21,30.84,100.0,77.37
43462,03302043,ABRAXANE,HALB,BRAND_MATERIAL_TYPE,202612,2026-01-16,73.61,,3384403.67,73.61,100.0,100.0,46.65,99.91,100.0,99.91,100.0,0.0,1.0,33.33,0.72,0.0,1174.9,99.91,100.0,82.37
43463,03302043,ABRAXANE,HALB,BRAND_MATERIAL_TYPE,202612,2026-01-23,23.59,,35541028.89,23.59,83.33,78.31,18.61,80.75,98.17,79.45,-89.69,194.75,0.13,40.0,0.67,0.0,325.28,63.24,284.45,67.86
43464,03302043,ABRAXANE,HALB,BRAND_MATERIAL_TYPE,202612,2026-01-30,-9.15,,44902448.68,9.15,66.67,36.3,22.37,83.13,99.99,82.49,100.0,-0.0,1.0,50.0,1.0,0.0,12.31,30.18,100.0,63.25
43465,03302043,ABRAXANE,HALB,BRAND_MATERIAL_TYPE,202612,2026-02-06,84.93,,9463962.23,84.93,72.22,61.22,39.02,82.44,99.46,69.0,100.0,0.0,1.0,53.85,1.33,0.0,77.39,50.47,100.0,66.31
43466,03302043,ABRAXANE,HALB,BRAND_MATERIAL_TYPE,202712,2025-07-18,,,0.0,,100.0,,,,,,,,,0.0,0.0,0.0,,,,
43467,03302043,ABRAXANE,HALB,BRAND_MATERIAL_TYPE,202712,2025-07-25,29.65,,8984585.82,29.65,94.74,100.0,34.38,91.07,100.0,82.14,100.0,0.0,1.0,50.0,0.47,0.0,63.89,91.07,100.0,75.9
43468,03302043,ABRAXANE,HALB,BRAND_MATERIAL_TYPE,202712,2025-08-01,-39.49,,11361123.02,39.49,94.74,100.0,32.93,84.28,99.76,62.59,100.0,-0.0,1.0,61.11,0.79,0.0,103.11,84.28,100.0,74.24
43469,03302043,ABRAXANE,HALB,BRAND_MATERIAL_TYPE,202712,2025-08-08,-11.67,,8368450.46,11.67,94.74,100.0,37.59,87.45,100.0,66.14,100.0,-0.0,1.0,61.11,0.84,0.0,-3861.92,87.45,100.0,75.68
43470,03302043,ABRAXANE,HALB,BRAND_MATERIAL_TYPE,202712,2025-08-15,97.47,,18022547.49,97.47,94.74,100.0,37.17,90.16,99.63,91.4,100.0,0.0,1.0,66.67,1.0,0.0,89.32,90.16,100.0,77.29
43471,03302043,ABRAXANE,HALB,BRAND_MATERIAL_TYPE,202712,2025-08-22,-87.35,,17578070.71,87.35,94.74,100.0,38.09,86.31,99.77,87.14,100.0,-0.0,1.0,66.67,0.68,0.0,104.4,86.31,100.0,74.7
43472,03302043,ABRAXANE,HALB,BRAND_MATERIAL_TYPE,202712,2025-08-26,,,0.0,,94.74,,,,,,,,,0.0,0.0,0.0,,,,
43473,03302043,ABRAXANE,HALB,BRAND_MATERIAL_TYPE,202712,2025-08-29,-29.01,,6684097.88,29.01,84.21,62.44,26.53,95.93,100.0,71.95,100.0,-0.0,1.0,43.75,0.47,0.0,-19.98,59.9,100.0,73.63
43474,03302043,ABRAXANE,HALB,BRAND_MATERIAL_TYPE,202712,2025-09-05,98.4,,6076844.84,98.4,89.47,99.2,39.76,98.62,100.0,82.52,100.0,0.0,1.0,35.29,0.42,0.0,65.25,97.84,100.0,76.64
43475,03302043,ABRAXANE,HALB,BRAND_MATERIAL_TYPE,202712,2025-09-12,4.89,,17081841.36,4.89,78.95,69.64,31.08,99.8,100.0,38.75,100.0,0.0,1.0,33.33,0.47,0.0,108.55,69.5,100.0,73.08
43476,03302043,ABRAXANE,HALB,BRAND_MATERIAL_TYPE,202712,2025-09-18,45.15,,25647633.73,45.15,73.68,53.48,27.08,83.15,99.86,70.45,100.0,0.0,1.0,50.0,1.05,0.0,442.87,44.47,100.0,66.24
43477,03302043,ABRAXANE,HALB,BRAND_MATERIAL_TYPE,202712,2025-09-19,36.42,,19687209.4,36.42,68.42,38.82,29.76,86.35,100.0,74.38,100.0,0.0,1.0,23.08,0.95,0.0,-130.09,33.52,100.0,65.07
43478,03302043,ABRAXANE,HALB,BRAND_MATERIAL_TYPE,202712,2025-09-26,90.97,,1794517.8,90.97,84.21,43.07,54.9,94.87,100.0,67.97,100.0,0.0,1.0,43.75,0.84,0.0,79.42,40.86,100.0,74.44
43479,03302043,ABRAXANE,HALB,BRAND_MATERIAL_TYPE,202712,2025-10-03,-53.49,,10491121.14,53.49,68.42,41.27,27.11,92.29,100.0,77.28,100.0,-0.0,1.0,38.46,0.79,0.0,69.82,38.09,100.0,66.92
43480,03302043,ABRAXANE,HALB,BRAND_MATERIAL_TYPE,202712,2025-10-10,,,0.0,,85.0,,,,,,,,,0.0,0.0,0.0,,,,
43481,03302043,ABRAXANE,HALB,BRAND_MATERIAL_TYPE,202712,2025-10-17,-87.28,,11652608.11,87.28,76.19,71.63,44.18,86.23,100.0,72.25,100.0,-0.0,1.0,50.0,0.57,0.0,92.22,61.77,100.0,66.87
43482,03302043,ABRAXANE,HALB,BRAND_MATERIAL_TYPE,202712,2025-10-24,-28.42,,8471267.54,28.42,90.48,100.0,36.08,95.39,100.0,78.17,100.0,-0.0,1.0,52.63,0.76,5.26,117.21,95.39,100.0,76.89
43483,03302043,ABRAXANE,HALB,BRAND_MATERIAL_TYPE,202712,2025-10-31,-63.71,,1085479.03,63.71,85.71,98.11,34.13,95.11,100.0,90.44,100.0,-0.0,1.0,33.33,0.71,0.0,64.03,93.31,100.0,74.71
43484,03302043,ABRAXANE,HALB,BRAND_MATERIAL_TYPE,202712,2025-11-07,94.39,,7782566.95,94.39,89.47,98.76,34.77,95.03,100.0,92.94,100.0,0.0,1.0,47.06,0.74,0.0,-2621.72,93.85,100.0,76.26
43485,03302043,ABRAXANE,HALB,BRAND_MATERIAL_TYPE,202712,2025-11-14,-100.0,,2862017.11,100.0,84.21,61.35,38.65,100.0,100.0,63.48,100.0,-0.0,1.0,25.0,0.26,0.0,-5495.58,61.35,100.0,74.56
43486,03302043,ABRAXANE,HALB,BRAND_MATERIAL_TYPE,202712,2025-11-19,71.84,,17236043.41,71.84,68.42,25.86,53.77,95.5,100.0,60.28,100.0,0.0,1.0,30.77,0.53,0.0,410.04,24.69,100.0,67.32
43487,03302043,ABRAXANE,HALB,BRAND_MATERIAL_TYPE,202712,2025-11-21,58.33,,32396905.94,58.33,63.16,11.6,42.39,93.61,100.0,65.26,100.0,0.0,1.0,25.0,0.84,0.0,169.52,10.86,100.0,65.51
43488,03302043,ABRAXANE,HALB,BRAND_MATERIAL_TYPE,202712,2025-11-28,16.38,,13461612.72,16.38,78.95,88.23,36.74,85.06,100.0,75.63,100.0,0.0,1.0,40.0,0.63,0.0,44.73,75.05,100.0,67.71
43489,03302043,ABRAXANE,HALB,BRAND_MATERIAL_TYPE,202712,2025-12-05,-87.79,,13465301.81,87.79,84.21,38.45,61.4,94.37,100.0,87.7,100.0,-0.0,1.0,50.0,0.63,0.0,262.29,36.29,100.0,73.54
43490,03302043,ABRAXANE,HALB,BRAND_MATERIAL_TYPE,202712,2025-12-12,-32.07,,16539636.29,32.07,89.47,77.22,32.83,98.39,100.0,76.52,100.0,-0.0,1.0,41.18,0.74,0.0,115.11,75.98,100.0,77.6
43491,03302043,ABRAXANE,HALB,BRAND_MATERIAL_TYPE,202712,2025-12-17,5.87,,26630107.14,5.87,68.42,54.75,42.65,91.01,100.0,85.32,100.0,0.0,1.0,38.46,1.05,0.0,18.82,49.83,100.0,67.28
43492,03302043,ABRAXANE,HALB,BRAND_MATERIAL_TYPE,202712,2025-12-19,25.18,,19353457.39,25.18,68.42,44.01,30.67,97.56,100.0,68.9,100.0,0.0,1.0,38.46,0.74,7.69,133.43,42.93,100.0,68.85
43493,03302043,ABRAXANE,HALB,BRAND_MATERIAL_TYPE,202712,2025-12-26,15.13,,16379750.13,15.13,78.95,17.52,39.49,96.11,100.0,63.77,100.0,0.0,1.0,26.67,0.68,0.0,191.43,16.84,100.0,72.31
43494,03302043,ABRAXANE,HALB,BRAND_MATERIAL_TYPE,202712,2026-01-02,100.0,,16273062.43,100.0,84.21,68.72,26.49,88.41,98.24,75.22,9.13,88.07,-0.74,31.25,0.53,0.0,50.25,60.76,78.94,70.8
43495,03302043,ABRAXANE,HALB,BRAND_MATERIAL_TYPE,202712,2026-01-09,-30.47,,4005444.68,30.47,89.47,34.78,65.22,100.0,100.0,100.0,100.0,-0.0,1.0,23.53,0.32,0.0,136.01,34.78,100.0,76.84
43496,03302043,ABRAXANE,HALB,BRAND_MATERIAL_TYPE,202712,2026-01-16,58.1,,3028966.87,58.1,100.0,100.0,52.13,99.9,100.0,99.9,100.0,0.0,1.0,33.33,0.44,0.0,-256.43,99.9,100.0,81.44
43497,03302043,ABRAXANE,HALB,BRAND_MATERIAL_TYPE,202712,2026-01-23,19.95,,29588230.33,19.95,66.67,55.87,26.8,86.57,99.07,75.5,-133.3,233.42,0.04,33.33,0.78,0.0,32.86,48.37,366.71,63.89
43498,03302043,ABRAXANE,HALB,BRAND_MATERIAL_TYPE,202712,2026-01-30,-26.46,,35123334.85,26.46,77.78,63.76,22.34,87.08,100.0,78.0,100.0,-0.0,1.0,50.0,1.06,0.0,163.14,55.52,100.0,69.46
43499,03302043,ABRAXANE,HALB,BRAND_MATERIAL_TYPE,202712,2026-02-06,89.81,,12343527.63,89.81,72.22,15.61,37.59,86.3,99.73,74.98,100.0,0.0,1.0,53.85,1.11,0.0,81.2,13.47,100.0,67.11
43500,03302043,ABRAXANE,HALB,BRAND_MATERIAL_TYPE,202812,2025-07-18,,,0.0,,100.0,,,,,,,,,0.0,0.0,0.0,,,,
43501,03302043,ABRAXANE,HALB,BRAND_MATERIAL_TYPE,202812,2025-07-25,6.52,,6761585.82,6.52,94.74,100.0,45.68,98.94,100.0,76.27,100.0,0.0,1.0,44.44,0.42,0.0,45.24,98.94,100.0,78.87
43502,03302043,ABRAXANE,HALB,BRAND_MATERIAL_TYPE,202812,2025-08-01,-50.55,,9013945.65,50.55,94.74,100.0,37.39,93.17,99.97,66.48,100.0,-0.0,1.0,61.11,0.74,0.0,150.3,93.17,100.0,77.62
43503,03302043,ABRAXANE,HALB,BRAND_MATERIAL_TYPE,202812,2025-08-08,-0.96,,7702562.02,0.96,94.74,100.0,40.84,81.61,99.86,62.24,100.0,-0.0,1.0,66.67,0.84,0.0,-33.92,81.61,100.0,73.34
43504,03302043,ABRAXANE,HALB,BRAND_MATERIAL_TYPE,202812,2025-08-15,94.0,,21837544.71,94.0,94.74,100.0,61.21,94.65,99.47,94.1,100.0,0.0,1.0,72.22,0.95,0.0,61.21,94.65,100.0,78.91
43505,03302043,ABRAXANE,HALB,BRAND_MATERIAL_TYPE,202812,2025-08-22,-85.24,,23222185.39,85.24,94.74,100.0,52.76,88.93,99.97,89.83,100.0,-0.0,1.0,66.67,0.95,0.0,59.17,88.93,100.0,76.63
43506,03302043,ABRAXANE,HALB,BRAND_MATERIAL_TYPE,202812,2025-08-26,,,0.0,,94.74,,,,,,,,,0.0,0.0,0.0,,,,
43507,03302043,ABRAXANE,HALB,BRAND_MATERIAL_TYPE,202812,2025-08-29,-65.93,,6559416.35,65.93,73.68,41.23,27.03,86.68,99.99,62.77,100.0,-0.0,1.0,50.0,0.58,0.0,113.59,35.74,100.0,66.08
43508,03302043,ABRAXANE,HALB,BRAND_MATERIAL_TYPE,202812,2025-09-05,98.91,,13099506.36,98.91,89.47,99.02,69.36,96.51,100.0,91.01,100.0,0.0,1.0,41.18,0.47,0.0,55.05,95.56,100.0,75.97
43509,03302043,ABRAXANE,HALB,BRAND_MATERIAL_TYPE,202812,2025-09-12,-24.11,,22884350.01,24.11,73.68,38.18,38.74,98.31,100.0,55.25,100.0,-0.0,1.0,35.71,0.53,0.0,44.24,37.54,100.0,70.55
43510,03302043,ABRAXANE,HALB,BRAND_MATERIAL_TYPE,202812,2025-09-18,40.26,,18435952.6,40.26,68.42,30.7,36.74,87.63,99.84,63.97,100.0,0.0,1.0,46.15,0.95,0.0,97.75,26.9,100.0,65.58
43511,03302043,ABRAXANE,HALB,BRAND_MATERIAL_TYPE,202812,2025-09-19,20.42,,16255656.06,20.42,73.68,47.7,41.12,85.7,100.0,71.92,100.0,0.0,1.0,35.71,0.79,0.0,1257.15,40.88,100.0,66.39
43512,03302043,ABRAXANE,HALB,BRAND_MATERIAL_TYPE,202812,2025-09-26,24.53,,1188369.25,24.53,84.21,99.02,35.1,94.12,100.0,51.63,100.0,0.0,1.0,50.0,0.79,0.0,19.13,93.2,100.0,73.96
43513,03302043,ABRAXANE,HALB,BRAND_MATERIAL_TYPE,202812,2025-10-03,-48.98,,9542428.92,48.98,68.42,47.09,29.81,95.13,100.0,75.02,100.0,-0.0,1.0,38.46,0.84,0.0,56.25,44.8,100.0,68.23
43514,03302043,ABRAXANE,HALB,BRAND_MATERIAL_TYPE,202812,2025-10-10,,,0.0,,90.0,,,,,,,,,0.0,0.0,0.0,,,,
43515,03302043,ABRAXANE,HALB,BRAND_MATERIAL_TYPE,202812,2025-10-17,-66.76,,6759017.9,66.76,80.95,80.13,27.03,85.42,99.99,52.15,100.0,-0.0,1.0,47.06,0.52,0.0,60.01,68.45,100.0,68.3
43516,03302043,ABRAXANE,HALB,BRAND_MATERIAL_TYPE,202812,2025-10-24,55.99,,7224960.71,55.99,90.48,100.0,36.37,95.36,100.0,74.41,100.0,0.0,1.0,47.37,0.67,0.0,176.89,95.36,100.0,76.56
43517,03302043,ABRAXANE,HALB,BRAND_MATERIAL_TYPE,202812,2025-10-31,-66.84,,1065123.63,66.84,95.24,100.0,34.78,95.01,100.0,90.26,100.0,-0.0,1.0,35.0,0.62,0.0,26.78,95.01,100.0,78.16
43518,03302043,ABRAXANE,HALB,BRAND_MATERIAL_TYPE,202812,2025-11-07,92.96,,6992471.7,92.96,89.47,100.0,38.7,95.85,100.0,92.15,100.0,0.0,1.0,41.18,0.63,0.0,85.53,95.85,100.0,76.24
43519,03302043,ABRAXANE,HALB,BRAND_MATERIAL_TYPE,202812,2025-11-14,-100.0,,2264062.38,100.0,94.74,100.0,46.16,100.0,100.0,53.84,100.0,-0.0,1.0,27.78,0.26,0.0,172.81,100.0,100.0,78.77
43520,03302043,ABRAXANE,HALB,BRAND_MATERIAL_TYPE,202812,2025-11-19,75.43,,16933573.66,75.43,78.95,87.72,57.56,95.35,100.0,61.95,100.0,0.0,1.0,40.0,0.53,0.0,131.6,83.63,100.0,71.47
43521,03302043,ABRAXANE,HALB,BRAND_MATERIAL_TYPE,202812,2025-11-21,59.03,,32255753.6,59.03,68.42,13.0,42.57,94.02,100.0,66.89,100.0,0.0,1.0,30.77,0.79,0.0,126.94,12.22,100.0,67.61
43522,03302043,ABRAXANE,HALB,BRAND_MATERIAL_TYPE,202812,2025-11-28,9.22,,13268532.98,9.22,78.95,88.49,37.27,86.39,100.0,79.71,100.0,0.0,1.0,46.67,0.74,0.0,29.89,76.45,100.0,68.59
43523,03302043,ABRAXANE,HALB,BRAND_MATERIAL_TYPE,202812,2025-12-05,-86.16,,13608759.05,86.16,84.21,39.08,60.75,93.38,100.0,87.81,100.0,-0.0,1.0,50.0,0.58,0.0,129.12,36.49,100.0,72.96
43524,03302043,ABRAXANE,HALB,BRAND_MATERIAL_TYPE,202812,2025-12-12,-30.44,,16626538.93,30.44,94.74,100.0,32.66,97.88,100.0,76.64,100.0,-0.0,1.0,44.44,0.74,0.0,87.0,97.88,100.0,79.5
43525,03302043,ABRAXANE,HALB,BRAND_MATERIAL_TYPE,202812,2025-12-17,4.64,,27106623.7,4.64,63.16,52.19,41.9,90.78,99.87,87.76,100.0,0.0,1.0,41.67,1.11,0.0,35.8,47.38,100.0,65.26
43526,03302043,ABRAXANE,HALB,BRAND_MATERIAL_TYPE,202812,2025-12-19,24.43,,19153558.76,24.43,73.68,74.43,30.99,97.5,100.0,68.55,100.0,0.0,1.0,42.86,0.89,0.0,106.04,72.57,100.0,71.46
43527,03302043,ABRAXANE,HALB,BRAND_MATERIAL_TYPE,202812,2025-12-26,10.34,,17157296.18,10.34,78.95,21.04,37.7,92.19,100.0,65.41,100.0,0.0,1.0,26.67,0.84,0.0,469.83,19.4,100.0,71.26
43528,03302043,ABRAXANE,HALB,BRAND_MATERIAL_TYPE,202812,2026-01-02,100.0,,15652474.52,100.0,89.47,78.67,23.77,88.85,98.83,75.14,12.46,83.49,-0.66,41.18,0.79,0.0,47.66,69.9,71.02,73.96
43529,03302043,ABRAXANE,HALB,BRAND_MATERIAL_TYPE,202812,2026-01-09,-35.32,,4029299.86,35.32,89.47,35.17,64.83,99.99,100.0,99.99,100.0,-0.0,1.0,35.29,0.42,0.0,130.35,35.16,100.0,77.19
43530,03302043,ABRAXANE,HALB,BRAND_MATERIAL_TYPE,202812,2026-01-16,85.72,,2675101.67,85.72,100.0,100.0,59.02,99.89,100.0,99.89,100.0,0.0,1.0,33.33,0.39,0.0,-121.36,99.89,100.0,81.25
43531,03302043,ABRAXANE,HALB,BRAND_MATERIAL_TYPE,202812,2026-01-23,2.27,,24090920.78,2.27,66.67,46.21,27.45,86.74,99.16,70.21,-2025.98,2352.27,0.0,41.67,0.83,0.0,3.47,40.09,4378.25,64.14
43532,03302043,ABRAXANE,HALB,BRAND_MATERIAL_TYPE,202812,2026-01-30,-42.0,,31661214.07,42.0,77.78,59.79,24.79,88.91,100.0,75.59,100.0,-0.0,1.0,50.0,1.17,0.0,165.09,53.16,100.0,70.56
43533,03302043,ABRAXANE,HALB,BRAND_MATERIAL_TYPE,202812,2026-02-06,90.92,,13827427.33,90.92,77.78,51.48,37.41,87.64,99.76,77.47,100.0,0.0,1.0,57.14,1.17,0.0,80.52,45.11,100.0,70.06
43534,03302043,ABRAXANE,PACK,BRAND_MATERIAL_TYPE,202612,2025-07-18,,,0.0,,100.0,,,,,,,,,0.0,0.0,0.0,,,,
43535,03302043,ABRAXANE,PACK,BRAND_MATERIAL_TYPE,202612,2025-07-25,47.49,,36899.55,47.49,100.0,100.0,26.6,95.99,100.0,100.0,100.0,0.0,1.0,53.85,0.54,0.0,0.27,95.99,100.0,80.19
43536,03302043,ABRAXANE,PACK,BRAND_MATERIAL_TYPE,202612,2025-08-01,-100.0,,63169.35,100.0,100.0,100.0,46.54,95.94,100.0,100.0,100.0,-0.0,1.0,53.85,0.62,0.0,1.43,95.94,100.0,80.43
43537,03302043,ABRAXANE,PACK,BRAND_MATERIAL_TYPE,202612,2025-08-08,57.89,,117484.78,57.89,100.0,100.0,55.35,97.32,100.0,100.0,100.0,0.0,1.0,92.31,1.15,0.0,2.47,97.32,100.0,82.77
43538,03302043,ABRAXANE,PACK,BRAND_MATERIAL_TYPE,202612,2025-08-15,-5.47,,2785.27,5.47,100.0,100.0,47.27,82.92,100.0,100.0,100.0,-0.0,1.0,69.23,1.23,0.0,-0.0,82.92,100.0,77.27
43539,03302043,ABRAXANE,PACK,BRAND_MATERIAL_TYPE,202612,2025-08-22,-96.82,,114266.92,96.82,100.0,100.0,56.85,98.26,100.0,100.0,100.0,-0.0,1.0,71.43,1.36,0.0,3.56,98.26,100.0,83.83
43540,03302043,ABRAXANE,PACK,BRAND_MATERIAL_TYPE,202612,2025-08-26,,,0.0,,100.0,,,,,,,,,0.0,0.0,0.0,,,,
43541,03302043,ABRAXANE,PACK,BRAND_MATERIAL_TYPE,202612,2025-08-29,-8.61,,8665.59,8.61,100.0,100.0,45.69,100.0,100.0,100.0,100.0,-0.0,1.0,28.57,0.29,0.0,-0.03,100.0,100.0,80.95
43542,03302043,ABRAXANE,PACK,BRAND_MATERIAL_TYPE,202612,2025-09-05,79.21,,58078.71,79.21,85.71,63.05,47.46,90.85,99.51,100.0,100.0,0.0,1.0,100.0,1.14,0.0,1.83,57.28,100.0,74.43
43543,03302043,ABRAXANE,PACK,BRAND_MATERIAL_TYPE,202612,2025-09-12,57.0,,77661.31,57.0,92.86,80.95,38.19,97.3,99.99,100.0,100.0,0.0,1.0,92.31,1.29,0.0,-2.61,78.76,100.0,80.35
43544,03302043,ABRAXANE,PACK,BRAND_MATERIAL_TYPE,202612,2025-09-18,89.46,,96848.42,89.46,57.14,21.76,31.16,83.56,97.6,100.0,100.0,0.0,1.0,100.0,2.07,12.5,-0.93,18.18,100.0,63.18
43545,03302043,ABRAXANE,PACK,BRAND_MATERIAL_TYPE,202612,2025-09-19,,,0.0,,71.43,,,,,,,,,0.0,0.0,0.0,-0.0,,,
43546,03302043,ABRAXANE,PACK,BRAND_MATERIAL_TYPE,202612,2025-09-26,-100.0,,79844.7,100.0,100.0,100.0,37.99,100.0,100.0,100.0,100.0,-0.0,1.0,42.86,0.43,0.0,-2.95,100.0,100.0,81.43
43547,03302043,ABRAXANE,PACK,BRAND_MATERIAL_TYPE,202612,2025-10-03,37.67,,12914.2,37.67,64.29,95.62,66.2,93.95,99.48,100.0,100.0,0.0,1.0,77.78,1.07,0.0,-0.12,89.84,100.0,66.87
43548,03302043,ABRAXANE,PACK,BRAND_MATERIAL_TYPE,202612,2025-10-10,,,0.0,,85.71,,,,,,,,,0.0,0.0,0.0,,,,
43549,03302043,ABRAXANE,PACK,BRAND_MATERIAL_TYPE,202612,2025-10-17,-80.75,,76945.1,80.75,100.0,100.0,30.0,86.9,99.53,100.0,100.0,-0.0,1.0,85.71,0.86,0.0,-3.91,86.9,100.0,77.62
43550,03302043,ABRAXANE,PACK,BRAND_MATERIAL_TYPE,202612,2025-10-24,53.01,,54922.54,53.01,78.57,52.54,31.85,86.65,99.43,100.0,100.0,0.0,1.0,81.82,1.29,27.27,0.39,45.53,100.0,70.37
43551,03302043,ABRAXANE,PACK,BRAND_MATERIAL_TYPE,202612,2025-10-31,-93.13,,21777.16,93.13,50.0,39.07,39.07,99.63,100.0,100.0,100.0,-0.0,1.0,14.29,0.71,0.0,-0.8,38.93,100.0,62.23
43552,03302043,ABRAXANE,PACK,BRAND_MATERIAL_TYPE,202612,2025-11-07,64.35,,29785.31,64.35,64.29,69.84,30.67,89.98,100.0,100.0,100.0,0.0,1.0,66.67,0.93,0.0,11.37,62.84,100.0,64.8
43553,03302043,ABRAXANE,PACK,BRAND_MATERIAL_TYPE,202612,2025-11-14,,,0.0,,57.14,,,,,,,,,0.0,0.0,0.0,-0.0,,,
43554,03302043,ABRAXANE,PACK,BRAND_MATERIAL_TYPE,202612,2025-11-19,86.84,,62831.25,86.84,100.0,100.0,45.23,97.72,100.0,100.0,100.0,0.0,1.0,78.57,0.79,0.0,7.24,97.72,100.0,81.71
43555,03302043,ABRAXANE,PACK,BRAND_MATERIAL_TYPE,202612,2025-11-21,100.0,,39409.91,100.0,57.14,0.0,70.27,100.0,100.0,100.0,100.0,0.0,1.0,0.0,0.29,0.0,0.05,0.0,100.0,63.81
43556,03302043,ABRAXANE,PACK,BRAND_MATERIAL_TYPE,202612,2025-11-28,13.29,,71263.13,13.29,71.43,83.89,24.08,79.36,100.0,100.0,100.0,0.0,1.0,90.0,0.79,0.0,-0.02,66.57,100.0,62.93
43557,03302043,ABRAXANE,PACK,BRAND_MATERIAL_TYPE,202612,2025-12-05,-92.26,,45112.54,92.26,64.29,63.83,23.17,96.13,100.0,100.0,100.0,-0.0,1.0,66.67,1.07,0.0,0.39,61.36,100.0,67.74
43558,03302043,ABRAXANE,PACK,BRAND_MATERIAL_TYPE,202612,2025-12-12,-62.01,,107004.54,62.01,50.0,65.45,43.14,88.17,100.0,100.0,100.0,-0.0,1.0,42.86,0.79,0.0,28.72,57.71,100.0,57.89
43559,03302043,ABRAXANE,PACK,BRAND_MATERIAL_TYPE,202612,2025-12-17,-73.87,,133439.04,73.87,35.71,29.52,34.04,78.67,98.65,100.0,100.0,-0.0,1.0,80.0,1.5,0.0,-0.41,23.22,100.0,50.75
43560,03302043,ABRAXANE,PACK,BRAND_MATERIAL_TYPE,202612,2025-12-19,-100.0,,33657.8,100.0,64.29,7.85,92.08,99.91,100.0,100.0,100.0,-0.0,1.0,66.67,2.07,22.22,-1.1,7.85,100.0,72.58
43561,03302043,ABRAXANE,PACK,BRAND_MATERIAL_TYPE,202612,2025-12-26,,,0.0,,78.57,,,,,,,,,0.0,0.0,0.0,0.0,,,
43562,03302043,ABRAXANE,PACK,BRAND_MATERIAL_TYPE,202612,2026-01-02,33.38,,28245.94,33.38,100.0,100.0,41.03,85.54,99.71,100.0,82.87,16.4,-0.7,71.43,0.79,0.0,0.03,85.54,66.47,76.83
43563,03302043,ABRAXANE,PACK,BRAND_MATERIAL_TYPE,202612,2026-01-09,64.94,,5902.51,64.94,57.14,70.48,60.41,85.6,98.69,100.0,100.0,0.0,1.0,62.5,1.36,0.0,-0.5,60.33,100.0,61.62
43564,03302043,ABRAXANE,PACK,BRAND_MATERIAL_TYPE,202612,2026-01-16,-100.0,,161643.72,100.0,21.43,0.0,23.91,67.11,96.27,100.0,100.0,-0.0,1.0,0.0,1.64,0.0,-76.23,0.0,100.0,40.89
43565,03302043,ABRAXANE,PACK,BRAND_MATERIAL_TYPE,202612,2026-01-23,-99.89,,182176.89,99.89,21.43,0.05,25.73,77.88,99.95,100.0,100.05,-0.67,0.78,33.33,2.43,0.0,-7.06,0.04,100.73,47.82
43566,03302043,ABRAXANE,PACK,BRAND_MATERIAL_TYPE,202612,2026-01-30,,,0.0,,100.0,,,,,,,,,0.0,0.0,0.0,-0.0,,,
43567,03302043,ABRAXANE,PACK,BRAND_MATERIAL_TYPE,202612,2026-02-06,,,0.0,,100.0,,,,,,,,,0.0,0.0,0.0,0.0,,,
43568,03302043,ABRAXANE,PACK,BRAND_MATERIAL_TYPE,202712,2025-07-18,,,0.0,,100.0,,,,,,,,,0.0,0.0,0.0,,,,
43569,03302043,ABRAXANE,PACK,BRAND_MATERIAL_TYPE,202712,2025-07-25,78.69,,6935.8,78.69,100.0,100.0,37.92,99.94,100.0,100.0,100.0,0.0,1.0,53.85,0.54,0.0,0.13,99.94,100.0,81.77
43570,03302043,ABRAXANE,PACK,BRAND_MATERIAL_TYPE,202712,2025-08-01,-96.99,,51544.03,96.99,100.0,100.0,47.57,96.65,100.0,100.0,100.0,-0.0,1.0,53.85,0.62,0.0,1.15,96.65,100.0,80.71
43571,03302043,ABRAXANE,PACK,BRAND_MATERIAL_TYPE,202712,2025-08-08,76.93,,11111.33,76.93,100.0,100.0,40.91,95.49,100.0,100.0,100.0,0.0,1.0,69.23,0.92,0.0,33.81,95.49,100.0,81.27
43572,03302043,ABRAXANE,PACK,BRAND_MATERIAL_TYPE,202712,2025-08-15,-36.74,,5715.5,36.74,100.0,100.0,24.21,86.13,100.0,100.0,100.0,-0.0,1.0,76.92,1.23,0.0,-0.01,86.13,100.0,78.55
43573,03302043,ABRAXANE,PACK,BRAND_MATERIAL_TYPE,202712,2025-08-22,-42.29,,12653.21,42.29,100.0,100.0,62.22,91.08,100.0,100.0,100.0,-0.0,1.0,71.43,1.36,0.0,0.04,91.08,100.0,80.95
43574,03302043,ABRAXANE,PACK,BRAND_MATERIAL_TYPE,202712,2025-08-26,,,0.0,,100.0,,,,,,,,,0.0,0.0,0.0,,,,
43575,03302043,ABRAXANE,PACK,BRAND_MATERIAL_TYPE,202712,2025-08-29,-53.22,,2527.73,53.22,100.0,100.0,62.2,100.0,100.0,100.0,100.0,-0.0,1.0,28.57,0.29,0.0,-0.01,100.0,100.0,80.95
43576,03302043,ABRAXANE,PACK,BRAND_MATERIAL_TYPE,202712,2025-09-05,51.68,,27486.98,51.68,78.57,33.16,54.01,87.6,98.88,100.0,100.0,0.0,1.0,100.0,1.07,0.0,0.16,29.05,100.0,70.04
43577,03302043,ABRAXANE,PACK,BRAND_MATERIAL_TYPE,202712,2025-09-12,-25.65,,18401.25,25.65,100.0,100.0,32.34,91.53,99.95,100.0,100.0,-0.0,1.0,92.86,1.07,0.0,-0.61,91.53,100.0,80.18
43578,03302043,ABRAXANE,PACK,BRAND_MATERIAL_TYPE,202712,2025-09-18,24.91,,32676.87,24.91,78.57,71.78,45.41,83.74,99.08,100.0,100.0,0.0,1.0,100.0,1.93,0.0,0.31,60.11,100.0,71.35
43579,03302043,ABRAXANE,PACK,BRAND_MATERIAL_TYPE,202712,2025-09-19,,,0.0,,85.71,,,,,,,,,0.0,0.0,0.0,-0.0,,,
43580,03302043,ABRAXANE,PACK,BRAND_MATERIAL_TYPE,202712,2025-09-26,100.0,,34790.03,100.0,100.0,100.0,53.08,100.0,100.0,100.0,100.0,0.0,1.0,21.43,0.21,0.0,1.69,100.0,100.0,80.71
43581,03302043,ABRAXANE,PACK,BRAND_MATERIAL_TYPE,202712,2025-10-03,-75.18,,6412.66,75.18,85.71,96.37,30.08,87.66,99.38,100.0,100.0,-0.0,1.0,83.33,0.93,0.0,0.06,84.47,100.0,72.44
43582,03302043,ABRAXANE,PACK,BRAND_MATERIAL_TYPE,202712,2025-10-10,,,0.0,,78.57,,,,,,,,,0.0,0.0,0.0,,,,
43583,03302043,ABRAXANE,PACK,BRAND_MATERIAL_TYPE,202712,2025-10-17,71.49,,39952.68,71.49,100.0,100.0,59.88,95.96,99.89,100.0,100.0,0.0,1.0,85.71,0.86,0.0,-0.26,95.96,100.0,81.24
43584,03302043,ABRAXANE,PACK,BRAND_MATERIAL_TYPE,202712,2025-10-24,-10.32,,21587.08,10.32,78.57,96.01,49.39,91.64,99.45,100.0,100.0,-0.0,1.0,81.82,1.57,18.18,0.11,87.98,100.0,73.32
43585,03302043,ABRAXANE,PACK,BRAND_MATERIAL_TYPE,202712,2025-10-31,-2.19,,3657.06,2.19,57.14,87.75,24.45,96.73,100.0,100.0,100.0,-0.0,1.0,62.5,0.43,0.0,0.01,84.87,100.0,62.98
43586,03302043,ABRAXANE,PACK,BRAND_MATERIAL_TYPE,202712,2025-11-07,39.03,,20508.24,39.03,92.86,100.0,45.6,99.71,100.0,100.0,100.0,0.0,1.0,61.54,0.57,0.0,-2.86,99.71,100.0,78.93
43587,03302043,ABRAXANE,PACK,BRAND_MATERIAL_TYPE,202712,2025-11-14,,,0.0,,85.71,,,,,,,,,0.0,0.0,0.0,0.0,,,
43588,03302043,ABRAXANE,PACK,BRAND_MATERIAL_TYPE,202712,2025-11-19,-18.68,,10762.21,18.68,100.0,100.0,29.39,99.03,100.0,100.0,100.0,-0.0,1.0,78.57,0.79,0.0,-0.07,99.03,100.0,82.23
43589,03302043,ABRAXANE,PACK,BRAND_MATERIAL_TYPE,202712,2025-11-21,-100.0,,9113.56,100.0,85.71,0.0,72.42,100.0,100.0,100.0,100.0,-0.0,1.0,0.0,0.14,0.0,-0.08,0.0,100.0,74.76
43590,03302043,ABRAXANE,PACK,BRAND_MATERIAL_TYPE,202712,2025-11-28,-27.14,,48655.58,27.14,71.43,76.41,30.86,84.53,100.0,100.0,100.0,-0.0,1.0,90.0,0.79,0.0,-0.27,64.59,100.0,65.0
43591,03302043,ABRAXANE,PACK,BRAND_MATERIAL_TYPE,202712,2025-12-05,-58.69,,10025.2,58.69,71.43,84.7,33.69,91.95,100.0,100.0,100.0,-0.0,1.0,70.0,0.86,0.0,0.13,77.88,100.0,68.21
43592,03302043,ABRAXANE,PACK,BRAND_MATERIAL_TYPE,202712,2025-12-12,62.11,,9753.65,62.11,78.57,81.06,28.34,90.38,100.0,100.0,100.0,0.0,1.0,45.45,0.71,18.18,-0.13,73.26,100.0,69.96
43593,03302043,ABRAXANE,PACK,BRAND_MATERIAL_TYPE,202712,2025-12-17,-26.63,,49154.61,26.63,64.29,72.99,29.86,81.17,98.89,100.0,100.0,-0.0,1.0,88.89,1.64,0.0,-0.16,59.25,100.0,63.66
43594,03302043,ABRAXANE,PACK,BRAND_MATERIAL_TYPE,202712,2025-12-19,-93.11,,22727.43,93.11,71.43,3.64,96.3,99.87,100.0,100.0,100.0,-0.0,1.0,70.0,1.21,0.0,-0.58,3.63,100.0,72.57
43595,03302043,ABRAXANE,PACK,BRAND_MATERIAL_TYPE,202712,2025-12-26,,,0.0,,92.86,,,,,,,,,0.0,0.0,0.0,0.0,,,
43596,03302043,ABRAXANE,PACK,BRAND_MATERIAL_TYPE,202712,2026-01-02,51.52,,23480.93,51.52,100.0,100.0,21.68,72.39,97.13,100.0,68.4,35.22,-0.61,57.14,0.79,0.0,0.04,72.39,33.18,71.58
43597,03302043,ABRAXANE,PACK,BRAND_MATERIAL_TYPE,202712,2026-01-09,13.24,,3013.03,13.24,71.43,73.93,19.19,71.9,97.43,100.0,100.0,0.0,1.0,70.0,0.93,0.0,-0.04,53.16,100.0,60.43
43598,03302043,ABRAXANE,PACK,BRAND_MATERIAL_TYPE,202712,2026-01-16,-100.0,,145647.66,100.0,21.43,0.0,36.49,77.67,98.94,100.0,100.0,-0.0,1.0,0.0,1.5,0.0,21.22,0.0,100.0,44.64
43599,03302043,ABRAXANE,PACK,BRAND_MATERIAL_TYPE,202712,2026-01-23,-99.87,,154449.35,99.87,21.43,0.06,31.41,82.72,99.94,100.0,100.06,-2.8,0.79,33.33,2.29,0.0,-0.86,0.05,102.86,49.28
43600,03302043,ABRAXANE,PACK,BRAND_MATERIAL_TYPE,202712,2026-01-30,,,0.0,,100.0,,,,,,,,,0.0,0.0,0.0,-0.0,,,
43601,03302043,ABRAXANE,PACK,BRAND_MATERIAL_TYPE,202712,2026-02-06,,,0.0,,100.0,,,,,,,,,0.0,0.0,0.0,0.0,,,
43602,03302043,ABRAXANE,PACK,BRAND_MATERIAL_TYPE,202812,2025-07-18,,,0.0,,100.0,,,,,,,,,0.0,0.0,0.0,,,,
43603,03302043,ABRAXANE,PACK,BRAND_MATERIAL_TYPE,202812,2025-07-25,-83.16,,13166.91,83.16,100.0,100.0,90.57,100.0,100.0,100.0,100.0,-0.0,1.0,46.15,0.46,0.0,-1.12,100.0,100.0,81.54
43604,03302043,ABRAXANE,PACK,BRAND_MATERIAL_TYPE,202812,2025-08-01,-39.91,,59687.26,39.91,100.0,100.0,34.54,91.19,100.0,100.0,100.0,-0.0,1.0,53.85,0.62,0.0,0.79,91.19,100.0,78.53
43605,03302043,ABRAXANE,PACK,BRAND_MATERIAL_TYPE,202812,2025-08-08,-100.0,,36865.01,100.0,100.0,100.0,46.35,98.64,100.0,100.0,100.0,-0.0,1.0,69.23,0.92,0.0,-16.94,98.64,100.0,82.53
43606,03302043,ABRAXANE,PACK,BRAND_MATERIAL_TYPE,202812,2025-08-15,98.28,,55855.31,98.28,100.0,100.0,46.88,98.64,100.0,100.0,100.0,0.0,1.0,76.92,1.0,0.0,0.16,98.64,100.0,82.79
43607,03302043,ABRAXANE,PACK,BRAND_MATERIAL_TYPE,202812,2025-08-22,-74.06,,14016.33,74.06,100.0,100.0,52.75,93.37,100.0,100.0,100.0,-0.0,1.0,71.43,0.71,0.0,0.03,93.37,100.0,79.73
43608,03302043,ABRAXANE,PACK,BRAND_MATERIAL_TYPE,202812,2025-08-26,,,0.0,,100.0,,,,,,,,,0.0,0.0,0.0,,,,
43609,03302043,ABRAXANE,PACK,BRAND_MATERIAL_TYPE,202812,2025-08-29,-100.0,,18285.34,100.0,100.0,100.0,43.05,100.0,100.0,100.0,100.0,-0.0,1.0,28.57,0.29,0.0,0.48,100.0,100.0,80.95
43610,03302043,ABRAXANE,PACK,BRAND_MATERIAL_TYPE,202812,2025-09-05,-38.64,,76683.26,38.64,78.57,33.1,31.43,88.97,99.37,100.0,100.0,-0.0,1.0,100.0,1.21,0.0,-0.13,29.45,100.0,71.06
43611,03302043,ABRAXANE,PACK,BRAND_MATERIAL_TYPE,202812,2025-09-12,87.97,,31505.09,87.97,64.29,18.0,25.07,83.38,99.99,100.0,100.0,0.0,1.0,88.89,1.21,0.0,-0.22,15.01,100.0,63.11
43612,03302043,ABRAXANE,PACK,BRAND_MATERIAL_TYPE,202812,2025-09-18,-21.21,,95238.25,21.21,57.14,26.12,28.02,87.09,98.85,100.0,100.0,-0.0,1.0,100.0,1.79,0.0,-0.27,22.75,100.0,63.65
43613,03302043,ABRAXANE,PACK,BRAND_MATERIAL_TYPE,202812,2025-09-19,,,0.0,,71.43,,,,,,,,,0.0,0.0,0.0,0.0,,,
43614,03302043,ABRAXANE,PACK,BRAND_MATERIAL_TYPE,202812,2025-09-26,-100.0,,1253.76,100.0,100.0,100.0,52.6,100.0,100.0,100.0,100.0,-0.0,1.0,21.43,0.21,0.0,-0.08,100.0,100.0,80.71
43615,03302043,ABRAXANE,PACK,BRAND_MATERIAL_TYPE,202812,2025-10-03,95.67,,37379.36,95.67,100.0,100.0,46.66,97.45,99.89,100.0,100.0,0.0,1.0,85.71,0.86,0.0,-0.43,97.45,100.0,81.84
43616,03302043,ABRAXANE,PACK,BRAND_MATERIAL_TYPE,202812,2025-10-10,,,0.0,,85.71,,,,,,,,,0.0,0.0,0.0,,,,
43617,03302043,ABRAXANE,PACK,BRAND_MATERIAL_TYPE,202812,2025-10-17,57.09,,46008.79,57.09,100.0,100.0,37.51,96.18,99.9,100.0,100.0,0.0,1.0,85.71,0.86,0.0,-0.35,96.18,100.0,81.33
43618,03302043,ABRAXANE,PACK,BRAND_MATERIAL_TYPE,202812,2025-10-24,-51.78,,12536.09,51.78,85.71,88.33,66.12,86.29,99.35,100.0,100.0,-0.0,1.0,83.33,1.5,25.0,-0.28,76.22,100.0,73.8
43619,03302043,ABRAXANE,PACK,BRAND_MATERIAL_TYPE,202812,2025-10-31,-3.62,,1553.39,3.62,100.0,100.0,48.0,98.1,100.0,100.0,100.0,-0.0,1.0,42.86,0.43,0.0,0.0,98.1,100.0,80.67
43620,03302043,ABRAXANE,PACK,BRAND_MATERIAL_TYPE,202812,2025-11-07,-42.81,,13372.35,42.81,100.0,100.0,35.7,96.49,100.0,100.0,100.0,-0.0,1.0,57.14,0.57,0.0,-0.08,96.49,100.0,80.5
43621,03302043,ABRAXANE,PACK,BRAND_MATERIAL_TYPE,202812,2025-11-14,,,0.0,,78.57,,,,,,,,,0.0,0.0,0.0,-0.0,,,
43622,03302043,ABRAXANE,PACK,BRAND_MATERIAL_TYPE,202812,2025-11-19,-28.47,,15165.3,28.47,100.0,100.0,31.53,92.0,100.0,100.0,100.0,-0.0,1.0,78.57,0.79,0.0,-0.04,92.0,100.0,79.42
43623,03302043,ABRAXANE,PACK,BRAND_MATERIAL_TYPE,202812,2025-11-21,-100.0,,286.55,100.0,66.67,100.0,98.16,100.0,100.0,100.0,100.0,-0.0,1.0,25.0,0.25,0.0,-0.0,100.0,100.0,67.5
43624,03302043,ABRAXANE,PACK,BRAND_MATERIAL_TYPE,202812,2025-11-28,-48.95,,73533.75,48.95,100.0,100.0,25.1,89.08,100.0,100.0,100.0,-0.0,1.0,75.0,0.75,0.0,-0.88,89.08,100.0,78.13
43625,03302043,ABRAXANE,PACK,BRAND_MATERIAL_TYPE,202812,2025-12-05,86.51,,38045.13,86.51,50.0,5.33,45.94,97.97,100.0,100.0,100.0,0.0,1.0,83.33,0.92,0.0,-0.36,5.22,100.0,62.25
43626,03302043,ABRAXANE,PACK,BRAND_MATERIAL_TYPE,202812,2025-12-12,98.29,,1733.19,98.29,83.33,99.15,83.05,100.0,100.0,100.0,100.0,0.0,1.0,20.0,0.42,0.0,-0.03,99.15,100.0,74.72
43627,03302043,ABRAXANE,PACK,BRAND_MATERIAL_TYPE,202812,2025-12-17,-3.83,,37569.03,3.83,100.0,100.0,38.19,93.48,100.0,100.0,100.0,-0.0,1.0,91.67,1.25,16.67,-0.04,93.48,100.0,81.56
43628,03302043,ABRAXANE,PACK,BRAND_MATERIAL_TYPE,202812,2025-12-19,-87.67,,21278.9,87.67,66.67,6.37,93.56,99.86,100.0,100.0,100.0,-0.0,1.0,87.5,1.33,0.0,-0.42,6.36,100.0,71.06
43629,03302043,ABRAXANE,PACK,BRAND_MATERIAL_TYPE,202812,2025-12-26,,,0.0,,91.67,,,,,,,,,0.0,0.0,0.0,0.0,,,
43630,03302043,ABRAXANE,PACK,BRAND_MATERIAL_TYPE,202812,2026-01-02,-23.13,,41020.73,23.13,100.0,100.0,20.22,70.09,99.4,100.0,32.18,69.62,-0.85,42.86,0.79,0.0,-0.03,70.09,37.44,70.66
43631,03302043,ABRAXANE,PACK,BRAND_MATERIAL_TYPE,202812,2026-01-09,48.87,,3300.45,48.87,100.0,100.0,17.7,74.44,97.73,100.0,100.0,0.0,1.0,78.57,1.07,0.0,-0.15,74.44,100.0,73.35
43632,03302043,ABRAXANE,PACK,BRAND_MATERIAL_TYPE,202812,2026-01-16,-100.0,,170696.32,100.0,21.43,0.0,22.5,66.34,97.51,100.0,100.0,-0.0,1.0,0.0,1.5,0.0,9.03,0.0,100.0,40.11
43633,03302043,ABRAXANE,PACK,BRAND_MATERIAL_TYPE,202812,2026-01-23,-99.9,,197360.45,99.9,21.43,0.05,17.82,71.99,99.95,100.0,100.05,3.24,0.75,33.33,2.29,0.0,-1.25,0.04,96.81,44.99
43634,03302043,ABRAXANE,PACK,BRAND_MATERIAL_TYPE,202812,2026-01-30,,,0.0,,100.0,,,,,,,,,0.0,0.0,0.0,-0.0,,,
43635,03302043,ABRAXANE,PACK,BRAND_MATERIAL_TYPE,202812,2026-02-06,,,0.0,,100.0,,,,,,,,,0.0,0.0,0.0,0.0,,,
43636,03302043,ABRAXANE,RAW,BRAND_MATERIAL_TYPE,202612,2025-07-18,,,0.0,,100.0,,,,,,,,,0.0,0.0,0.0,,,,
43637,03302043,ABRAXANE,RAW,BRAND_MATERIAL_TYPE,202612,2025-07-25,100.0,,1128996.29,100.0,100.0,100.0,53.62,100.0,100.0,100.0,100.0,0.0,1.0,66.67,0.67,0.0,17.56,100.0,100.0,82.22
43638,03302043,ABRAXANE,RAW,BRAND_MATERIAL_TYPE,202612,2025-08-01,-100.0,,635947.19,100.0,100.0,100.0,82.33,100.0,100.0,100.0,100.0,-0.0,1.0,66.67,0.67,0.0,14.44,100.0,100.0,82.22
43639,03302043,ABRAXANE,RAW,BRAND_MATERIAL_TYPE,202612,2025-08-08,100.0,,832381.2,100.0,100.0,100.0,62.9,100.0,100.0,100.0,100.0,0.0,1.0,66.67,0.67,0.0,30.21,100.0,100.0,82.22
43640,03302043,ABRAXANE,RAW,BRAND_MATERIAL_TYPE,202612,2025-08-15,3.49,,3701686.39,3.49,100.0,100.0,51.74,100.0,100.0,100.0,100.0,0.0,1.0,66.67,1.0,0.0,3.86,100.0,100.0,83.33
43641,03302043,ABRAXANE,RAW,BRAND_MATERIAL_TYPE,202612,2025-08-22,43.68,,8661767.99,43.68,100.0,100.0,65.8,100.0,100.0,93.96,100.0,0.0,1.0,100.0,1.0,0.0,-121.72,100.0,100.0,83.33
43642,03302043,ABRAXANE,RAW,BRAND_MATERIAL_TYPE,202612,2025-08-26,,,0.0,,100.0,,,,,,,,,0.0,0.0,0.0,,,,
43643,03302043,ABRAXANE,RAW,BRAND_MATERIAL_TYPE,202612,2025-08-29,67.86,,7486111.81,67.86,66.67,16.07,83.93,100.0,100.0,100.0,100.0,0.0,1.0,50.0,0.67,0.0,181.08,16.07,100.0,68.89
43644,03302043,ABRAXANE,RAW,BRAND_MATERIAL_TYPE,202612,2025-09-05,29.26,,1480299.76,29.26,66.67,64.63,64.63,100.0,100.0,64.63,100.0,0.0,1.0,50.0,0.67,0.0,17.23,64.63,100.0,68.89
43645,03302043,ABRAXANE,RAW,BRAND_MATERIAL_TYPE,202612,2025-09-12,-100.0,,889089.49,100.0,100.0,100.0,100.0,100.0,100.0,100.0,100.0,-0.0,1.0,33.33,0.33,0.0,52.44,100.0,100.0,81.11
43646,03302043,ABRAXANE,RAW,BRAND_MATERIAL_TYPE,202612,2025-09-18,-85.49,,7216145.21,85.49,66.67,12.93,87.07,100.0,100.0,92.74,100.0,-0.0,1.0,100.0,1.33,0.0,65.89,12.93,100.0,71.11
43647,03302043,ABRAXANE,RAW,BRAND_MATERIAL_TYPE,202612,2025-09-19,-85.25,,7101435.34,85.25,66.67,11.52,88.48,100.0,100.0,92.63,100.0,-0.0,1.0,100.0,2.33,0.0,71.86,11.52,100.0,74.44
43648,03302043,ABRAXANE,RAW,BRAND_MATERIAL_TYPE,202612,2025-09-26,100.0,,810161.18,100.0,100.0,100.0,100.0,100.0,100.0,100.0,100.0,0.0,1.0,100.0,1.0,0.0,29.92,100.0,100.0,83.33
43649,03302043,ABRAXANE,RAW,BRAND_MATERIAL_TYPE,202612,2025-10-03,-100.0,,1695150.81,100.0,100.0,100.0,100.0,100.0,100.0,100.0,100.0,-0.0,1.0,33.33,0.33,0.0,41.54,100.0,100.0,81.11
43650,03302043,ABRAXANE,RAW,BRAND_MATERIAL_TYPE,202612,2025-10-10,,,0.0,,100.0,,,,,,,,,0.0,0.0,0.0,,,,
43651,03302043,ABRAXANE,RAW,BRAND_MATERIAL_TYPE,202612,2025-10-17,-100.0,,411056.87,100.0,100.0,100.0,100.0,100.0,100.0,100.0,100.0,-0.0,1.0,33.33,0.33,0.0,-25.88,100.0,100.0,81.11
43652,03302043,ABRAXANE,RAW,BRAND_MATERIAL_TYPE,202612,2025-10-24,48.35,,2027652.35,48.35,66.67,74.18,74.18,100.0,100.0,74.18,100.0,0.0,1.0,50.0,0.67,0.0,13.26,74.18,100.0,68.89
43653,03302043,ABRAXANE,RAW,BRAND_MATERIAL_TYPE,202612,2025-10-31,-100.0,,0.0,100.0,100.0,100.0,100.0,100.0,100.0,100.0,100.0,-0.0,1.0,50.0,0.5,0.0,-0.0,100.0,100.0,81.67
43654,03302043,ABRAXANE,RAW,BRAND_MATERIAL_TYPE,202612,2025-11-07,-100.0,,117759.69,100.0,100.0,100.0,100.0,100.0,100.0,100.0,100.0,-0.0,1.0,50.0,1.0,0.0,-69.85,100.0,100.0,83.33
43655,03302043,ABRAXANE,RAW,BRAND_MATERIAL_TYPE,202612,2025-11-14,-100.0,,132795.84,100.0,100.0,100.0,100.0,100.0,100.0,100.0,100.0,-0.0,1.0,50.0,1.5,0.0,3.76,100.0,100.0,85.0
43656,03302043,ABRAXANE,RAW,BRAND_MATERIAL_TYPE,202612,2025-11-19,-100.0,,653270.88,100.0,100.0,100.0,100.0,100.0,100.0,100.0,100.0,-0.0,1.0,50.0,2.0,0.0,-86.71,100.0,100.0,86.67
43657,03302043,ABRAXANE,RAW,BRAND_MATERIAL_TYPE,202612,2025-11-21,100.0,,841981.73,100.0,100.0,100.0,100.0,100.0,100.0,100.0,100.0,0.0,1.0,50.0,0.5,0.0,1.13,100.0,100.0,81.67
43658,03302043,ABRAXANE,RAW,BRAND_MATERIAL_TYPE,202612,2025-11-28,-100.0,,271999.97,100.0,100.0,100.0,100.0,100.0,100.0,100.0,100.0,-0.0,1.0,50.0,0.5,0.0,0.64,100.0,100.0,81.67
43659,03302043,ABRAXANE,RAW,BRAND_MATERIAL_TYPE,202612,2025-12-05,100.0,,707161.85,100.0,100.0,100.0,100.0,100.0,100.0,100.0,100.0,0.0,1.0,50.0,0.5,0.0,-6.61,100.0,100.0,81.67
43660,03302043,ABRAXANE,RAW,BRAND_MATERIAL_TYPE,202612,2025-12-12,-100.0,,4705.62,100.0,100.0,100.0,100.0,100.0,100.0,100.0,100.0,-0.0,1.0,50.0,0.5,0.0,2.04,100.0,100.0,81.67
43661,03302043,ABRAXANE,RAW,BRAND_MATERIAL_TYPE,202612,2025-12-17,100.0,,1386077.33,100.0,100.0,100.0,100.0,100.0,100.0,100.0,100.0,0.0,1.0,50.0,0.5,0.0,5.75,100.0,100.0,81.67
43662,03302043,ABRAXANE,RAW,BRAND_MATERIAL_TYPE,202612,2025-12-19,-100.0,,265080.16,100.0,100.0,100.0,100.0,100.0,100.0,100.0,100.0,-0.0,1.0,50.0,0.5,0.0,-8.66,100.0,100.0,81.67
43663,03302043,ABRAXANE,RAW,BRAND_MATERIAL_TYPE,202612,2025-12-26,-100.0,,135999.99,100.0,100.0,100.0,100.0,100.0,100.0,100.0,100.0,-0.0,1.0,50.0,1.0,0.0,-11.26,100.0,100.0,83.33
43664,03302043,ABRAXANE,RAW,BRAND_MATERIAL_TYPE,202612,2026-01-02,100.0,,678254.32,100.0,100.0,100.0,100.0,100.0,100.0,100.0,0.0,100.0,-1.0,50.0,0.0,0.0,1.96,100.0,100.0,80.0
43665,03302043,ABRAXANE,RAW,BRAND_MATERIAL_TYPE,202612,2026-01-09,100.0,,1029.98,100.0,100.0,100.0,100.0,100.0,100.0,100.0,100.0,0.0,1.0,50.0,0.5,0.0,-0.13,100.0,100.0,81.67
43666,03302043,ABRAXANE,RAW,BRAND_MATERIAL_TYPE,202612,2026-01-16,-100.0,,290815.34,100.0,100.0,100.0,100.0,100.0,100.0,100.0,100.0,-0.0,1.0,50.0,0.5,0.0,-137.15,100.0,100.0,81.67
43667,03302043,ABRAXANE,RAW,BRAND_MATERIAL_TYPE,202612,2026-01-23,100.0,,1876366.03,100.0,100.0,100.0,100.0,100.0,100.0,100.0,58.47,36.74,0.23,0.0,0.5,0.0,72.8,100.0,21.73,81.67
43668,03302043,ABRAXANE,RAW,BRAND_MATERIAL_TYPE,202612,2026-01-30,100.0,,1575589.63,100.0,100.0,100.0,100.0,100.0,100.0,100.0,100.0,0.0,1.0,50.0,1.0,0.0,-4.72,100.0,100.0,83.33
43669,03302043,ABRAXANE,RAW,BRAND_MATERIAL_TYPE,202612,2026-02-06,100.0,,261785.45,100.0,100.0,100.0,100.0,100.0,100.0,100.0,100.0,0.0,1.0,50.0,1.5,0.0,2.52,100.0,100.0,85.0
43670,03302043,ABRAXANE,RAW,BRAND_MATERIAL_TYPE,202712,2025-07-18,,,0.0,,100.0,,,,,,,,,0.0,0.0,0.0,,,,
43671,03302043,ABRAXANE,RAW,BRAND_MATERIAL_TYPE,202712,2025-07-25,100.0,,605396.29,100.0,100.0,100.0,100.0,100.0,100.0,100.0,100.0,0.0,1.0,33.33,0.33,0.0,14.52,100.0,100.0,81.11
43672,03302043,ABRAXANE,RAW,BRAND_MATERIAL_TYPE,202712,2025-08-01,-100.0,,112347.19,100.0,100.0,100.0,100.0,100.0,100.0,100.0,100.0,-0.0,1.0,33.33,0.33,0.0,2.58,100.0,100.0,81.11
43673,03302043,ABRAXANE,RAW,BRAND_MATERIAL_TYPE,202712,2025-08-08,100.0,,308781.2,100.0,100.0,100.0,100.0,100.0,100.0,100.0,100.0,0.0,1.0,33.33,0.33,0.0,1221.51,100.0,100.0,81.11
43674,03302043,ABRAXANE,RAW,BRAND_MATERIAL_TYPE,202712,2025-08-15,11.78,,9984886.39,11.78,100.0,100.0,55.89,100.0,100.0,100.0,100.0,0.0,1.0,66.67,0.67,0.0,5.98,100.0,100.0,82.22
43675,03302043,ABRAXANE,RAW,BRAND_MATERIAL_TYPE,202712,2025-08-22,13.15,,12850567.99,13.15,100.0,100.0,52.5,100.0,100.0,95.93,100.0,0.0,1.0,100.0,1.0,0.0,-11.49,100.0,100.0,83.33
43676,03302043,ABRAXANE,RAW,BRAND_MATERIAL_TYPE,202712,2025-08-26,,,0.0,,100.0,,,,,,,,,0.0,0.0,0.0,,,,
43677,03302043,ABRAXANE,RAW,BRAND_MATERIAL_TYPE,202712,2025-08-29,100.0,,10316288.19,100.0,66.67,8.64,91.36,100.0,100.0,100.0,100.0,0.0,1.0,50.0,0.67,0.0,106.32,8.64,100.0,68.89
43678,03302043,ABRAXANE,RAW,BRAND_MATERIAL_TYPE,202712,2025-09-05,74.45,,4098299.76,74.45,66.67,87.22,87.22,100.0,100.0,87.22,100.0,0.0,1.0,50.0,1.0,0.0,33.29,87.22,100.0,70.0
43679,03302043,ABRAXANE,RAW,BRAND_MATERIAL_TYPE,202712,2025-09-12,-100.0,,2459889.49,100.0,66.67,0.0,100.0,100.0,100.0,100.0,100.0,-0.0,1.0,0.0,0.33,0.0,-319.43,0.0,100.0,67.78
43680,03302043,ABRAXANE,RAW,BRAND_MATERIAL_TYPE,202712,2025-09-18,-91.3,,12038433.09,91.3,66.67,21.71,78.29,100.0,100.0,95.65,100.0,-0.0,1.0,100.0,1.33,0.0,-420.39,21.71,100.0,71.11
43681,03302043,ABRAXANE,RAW,BRAND_MATERIAL_TYPE,202712,2025-09-19,-91.93,,12970923.22,91.93,66.67,27.34,72.66,100.0,100.0,95.96,100.0,-0.0,1.0,100.0,2.33,0.0,216.36,27.34,100.0,74.44
43682,03302043,ABRAXANE,RAW,BRAND_MATERIAL_TYPE,202712,2025-09-26,100.0,,810161.18,100.0,100.0,100.0,100.0,100.0,100.0,100.0,100.0,0.0,1.0,100.0,1.0,0.0,39.42,100.0,100.0,83.33
43683,03302043,ABRAXANE,RAW,BRAND_MATERIAL_TYPE,202712,2025-10-03,-100.0,,1171550.81,100.0,100.0,100.0,100.0,100.0,100.0,100.0,100.0,-0.0,1.0,33.33,0.33,0.0,14.58,100.0,100.0,81.11
43684,03302043,ABRAXANE,RAW,BRAND_MATERIAL_TYPE,202712,2025-10-10,,,0.0,,100.0,,,,,,,,,0.0,0.0,0.0,,,,
43685,03302043,ABRAXANE,RAW,BRAND_MATERIAL_TYPE,202712,2025-10-17,-100.0,,35968.9,100.0,100.0,100.0,100.0,100.0,100.0,100.0,100.0,-0.0,1.0,33.33,0.33,0.0,0.33,100.0,100.0,81.11
43686,03302043,ABRAXANE,RAW,BRAND_MATERIAL_TYPE,202712,2025-10-24,-25.87,,831940.33,25.87,66.67,37.06,62.94,100.0,100.0,62.94,100.0,-0.0,1.0,50.0,0.67,0.0,10.48,37.06,100.0,68.89
43687,03302043,ABRAXANE,RAW,BRAND_MATERIAL_TYPE,202712,2025-10-31,-100.0,,523600.0,100.0,100.0,100.0,100.0,100.0,100.0,100.0,100.0,-0.0,1.0,50.0,0.5,0.0,48.48,100.0,100.0,81.67
43688,03302043,ABRAXANE,RAW,BRAND_MATERIAL_TYPE,202712,2025-11-07,100.0,,1453040.31,100.0,100.0,100.0,100.0,100.0,100.0,100.0,100.0,0.0,1.0,50.0,0.5,0.0,-518.56,100.0,100.0,81.67
43689,03302043,ABRAXANE,RAW,BRAND_MATERIAL_TYPE,202712,2025-11-14,-100.0,,132795.84,100.0,100.0,100.0,100.0,100.0,100.0,100.0,100.0,-0.0,1.0,50.0,0.5,0.0,-254.99,100.0,100.0,81.67
43690,03302043,ABRAXANE,RAW,BRAND_MATERIAL_TYPE,202712,2025-11-19,-100.0,,653270.88,100.0,100.0,100.0,100.0,100.0,100.0,100.0,100.0,-0.0,1.0,50.0,1.0,0.0,-21.63,100.0,100.0,83.33
43691,03302043,ABRAXANE,RAW,BRAND_MATERIAL_TYPE,202712,2025-11-21,-100.0,,2823218.27,100.0,100.0,100.0,100.0,100.0,100.0,100.0,100.0,-0.0,1.0,50.0,1.5,0.0,-25.33,100.0,100.0,85.0
43692,03302043,ABRAXANE,RAW,BRAND_MATERIAL_TYPE,202712,2025-11-28,-100.0,,271999.97,100.0,100.0,100.0,100.0,100.0,100.0,100.0,100.0,-0.0,1.0,50.0,2.0,0.0,-5.52,100.0,100.0,86.67
43693,03302043,ABRAXANE,RAW,BRAND_MATERIAL_TYPE,202712,2025-12-05,100.0,,707161.85,100.0,100.0,100.0,100.0,100.0,100.0,100.0,100.0,0.0,1.0,50.0,0.5,0.0,-15.69,100.0,100.0,81.67
43694,03302043,ABRAXANE,RAW,BRAND_MATERIAL_TYPE,202712,2025-12-12,-100.0,,528305.62,100.0,100.0,100.0,100.0,100.0,100.0,100.0,100.0,-0.0,1.0,50.0,0.5,0.0,11.46,100.0,100.0,81.67
43695,03302043,ABRAXANE,RAW,BRAND_MATERIAL_TYPE,202712,2025-12-17,-100.0,,1755522.67,100.0,100.0,100.0,100.0,100.0,100.0,100.0,100.0,-0.0,1.0,50.0,1.0,0.0,-21.14,100.0,100.0,83.33
43696,03302043,ABRAXANE,RAW,BRAND_MATERIAL_TYPE,202712,2025-12-19,-100.0,,265080.16,100.0,100.0,100.0,100.0,100.0,100.0,100.0,100.0,-0.0,1.0,50.0,1.5,0.0,-7.26,100.0,100.0,85.0
43697,03302043,ABRAXANE,RAW,BRAND_MATERIAL_TYPE,202712,2025-12-26,-100.0,,135999.99,100.0,100.0,100.0,100.0,100.0,100.0,100.0,100.0,-0.0,1.0,50.0,2.0,0.0,-10.51,100.0,100.0,86.67
43698,03302043,ABRAXANE,RAW,BRAND_MATERIAL_TYPE,202712,2026-01-02,100.0,,923329.32,100.0,100.0,100.0,100.0,100.0,100.0,100.0,56.71,38.65,0.19,0.0,0.5,0.0,2.85,100.0,18.06,81.67
43699,03302043,ABRAXANE,RAW,BRAND_MATERIAL_TYPE,202712,2026-01-09,100.0,,1029.98,100.0,100.0,100.0,100.0,100.0,100.0,100.0,100.0,0.0,1.0,50.0,1.0,0.0,-0.11,100.0,100.0,83.33
43700,03302043,ABRAXANE,RAW,BRAND_MATERIAL_TYPE,202712,2026-01-16,-100.0,,290815.34,100.0,100.0,100.0,100.0,100.0,100.0,100.0,100.0,-0.0,1.0,50.0,0.5,0.0,42.37,100.0,100.0,81.67
43701,03302043,ABRAXANE,RAW,BRAND_MATERIAL_TYPE,202712,2026-01-23,100.0,,3254426.74,100.0,100.0,100.0,100.0,100.0,100.0,100.0,81.98,11.31,0.76,0.0,0.5,0.0,18.12,100.0,70.67,81.67
43702,03302043,ABRAXANE,RAW,BRAND_MATERIAL_TYPE,202712,2026-01-30,100.0,,3275068.18,100.0,100.0,100.0,100.0,100.0,100.0,100.0,100.0,0.0,1.0,50.0,1.0,0.0,-57.49,100.0,100.0,83.33
43703,03302043,ABRAXANE,RAW,BRAND_MATERIAL_TYPE,202712,2026-02-06,100.0,,3094249.7,100.0,100.0,100.0,100.0,100.0,100.0,100.0,100.0,0.0,1.0,50.0,1.5,0.0,22.67,100.0,100.0,85.0
43704,03302043,ABRAXANE,RAW,BRAND_MATERIAL_TYPE,202812,2025-07-18,,,0.0,,100.0,,,,,,,,,0.0,0.0,0.0,,,,
43705,03302043,ABRAXANE,RAW,BRAND_MATERIAL_TYPE,202812,2025-07-25,100.0,,605396.29,100.0,100.0,100.0,100.0,100.0,100.0,100.0,100.0,0.0,1.0,50.0,0.5,0.0,62.15,100.0,100.0,81.67
43706,03302043,ABRAXANE,RAW,BRAND_MATERIAL_TYPE,202812,2025-08-01,100.0,,411252.81,100.0,100.0,100.0,100.0,100.0,100.0,100.0,100.0,0.0,1.0,50.0,1.0,0.0,-13.57,100.0,100.0,83.33
43707,03302043,ABRAXANE,RAW,BRAND_MATERIAL_TYPE,202812,2025-08-08,-100.0,,214818.8,100.0,100.0,100.0,100.0,100.0,100.0,100.0,100.0,-0.0,1.0,50.0,0.5,0.0,-98.7,100.0,100.0,81.67
43708,03302043,ABRAXANE,RAW,BRAND_MATERIAL_TYPE,202812,2025-08-15,100.0,,14266361.61,100.0,100.0,100.0,94.17,100.0,100.0,100.0,100.0,0.0,1.0,66.67,0.67,0.0,42.54,100.0,100.0,82.22
43709,03302043,ABRAXANE,RAW,BRAND_MATERIAL_TYPE,202812,2025-08-22,-79.79,,14944967.99,79.79,100.0,100.0,89.89,100.0,100.0,96.5,100.0,-0.0,1.0,100.0,1.33,0.0,35.65,100.0,100.0,84.44
43710,03302043,ABRAXANE,RAW,BRAND_MATERIAL_TYPE,202812,2025-08-26,,,0.0,,100.0,,,,,,,,,0.0,0.0,0.0,,,,
43711,03302043,ABRAXANE,RAW,BRAND_MATERIAL_TYPE,202812,2025-08-29,-100.0,,679311.81,100.0,100.0,100.0,100.0,100.0,100.0,100.0,100.0,-0.0,1.0,50.0,0.5,0.0,17.84,100.0,100.0,81.67
43712,03302043,ABRAXANE,RAW,BRAND_MATERIAL_TYPE,202812,2025-09-05,89.38,,9857899.76,89.38,100.0,100.0,94.69,100.0,100.0,94.69,100.0,0.0,1.0,100.0,1.0,0.0,37.44,100.0,100.0,83.33
43713,03302043,ABRAXANE,RAW,BRAND_MATERIAL_TYPE,202812,2025-09-12,-100.0,,7695889.49,100.0,50.0,0.0,100.0,100.0,100.0,100.0,100.0,-0.0,1.0,0.0,0.5,0.0,61.7,0.0,100.0,61.67
43714,03302043,ABRAXANE,RAW,BRAND_MATERIAL_TYPE,202812,2025-09-18,-52.23,,2192032.88,52.23,50.0,23.89,76.11,100.0,100.0,76.11,100.0,-0.0,1.0,100.0,1.5,0.0,-15.08,23.89,100.0,65.0
43715,03302043,ABRAXANE,RAW,BRAND_MATERIAL_TYPE,202812,2025-09-19,-71.29,,3648123.02,71.29,100.0,100.0,85.65,100.0,100.0,85.65,100.0,-0.0,1.0,100.0,2.5,0.0,-985.23,100.0,100.0,88.33
43716,03302043,ABRAXANE,RAW,BRAND_MATERIAL_TYPE,202812,2025-09-26,100.0,,1333761.18,100.0,100.0,100.0,100.0,100.0,100.0,100.0,100.0,0.0,1.0,100.0,1.0,0.0,87.53,100.0,100.0,83.33
43717,03302043,ABRAXANE,RAW,BRAND_MATERIAL_TYPE,202812,2025-10-03,-100.0,,1695150.81,100.0,100.0,100.0,100.0,100.0,100.0,100.0,100.0,-0.0,1.0,50.0,0.5,0.0,20.4,100.0,100.0,81.67
43718,03302043,ABRAXANE,RAW,BRAND_MATERIAL_TYPE,202812,2025-10-10,,,0.0,,100.0,,,,,,,,,0.0,0.0,0.0,,,,
43719,03302043,ABRAXANE,RAW,BRAND_MATERIAL_TYPE,202812,2025-10-17,-100.0,,192369.0,100.0,100.0,100.0,100.0,100.0,100.0,100.0,100.0,-0.0,1.0,50.0,0.5,0.0,2.56,100.0,100.0,81.67
43720,03302043,ABRAXANE,RAW,BRAND_MATERIAL_TYPE,202812,2025-10-24,-55.02,,675540.22,55.02,50.0,22.49,77.51,100.0,100.0,77.51,100.0,-0.0,1.0,100.0,1.0,0.0,-16.25,22.49,100.0,63.33
43721,03302043,ABRAXANE,RAW,BRAND_MATERIAL_TYPE,202812,2025-10-31,-100.0,,0.0,100.0,100.0,100.0,100.0,100.0,100.0,100.0,100.0,-0.0,1.0,100.0,1.0,0.0,0.0,100.0,100.0,83.33
43722,03302043,ABRAXANE,RAW,BRAND_MATERIAL_TYPE,202812,2025-11-07,100.0,,1453040.31,100.0,100.0,100.0,100.0,100.0,100.0,100.0,100.0,0.0,1.0,100.0,1.0,0.0,19.12,100.0,100.0,83.33
43723,03302043,ABRAXANE,RAW,BRAND_MATERIAL_TYPE,202812,2025-11-14,-100.0,,132795.84,100.0,100.0,100.0,100.0,100.0,100.0,100.0,100.0,-0.0,1.0,100.0,1.0,0.0,10.14,100.0,100.0,83.33
43724,03302043,ABRAXANE,RAW,BRAND_MATERIAL_TYPE,202812,2025-11-19,-100.0,,653270.88,100.0,100.0,100.0,100.0,100.0,100.0,100.0,100.0,-0.0,1.0,100.0,2.0,0.0,-6.73,100.0,100.0,86.67
43725,03302043,ABRAXANE,RAW,BRAND_MATERIAL_TYPE,202812,2025-11-21,-100.0,,2823218.27,100.0,100.0,100.0,100.0,100.0,100.0,100.0,100.0,-0.0,1.0,100.0,3.0,0.0,-18.82,100.0,100.0,90.0
43726,03302043,ABRAXANE,RAW,BRAND_MATERIAL_TYPE,202812,2025-11-28,-100.0,,795599.97,100.0,100.0,100.0,100.0,100.0,100.0,100.0,100.0,-0.0,1.0,100.0,4.0,0.0,-19.45,100.0,100.0,93.33
43727,03302043,ABRAXANE,RAW,BRAND_MATERIAL_TYPE,202812,2025-12-05,100.0,,707161.85,100.0,100.0,100.0,100.0,100.0,100.0,100.0,100.0,0.0,1.0,100.0,1.0,0.0,-7.79,100.0,100.0,83.33
43728,03302043,ABRAXANE,RAW,BRAND_MATERIAL_TYPE,202812,2025-12-12,-100.0,,528305.62,100.0,100.0,100.0,100.0,100.0,100.0,100.0,100.0,-0.0,1.0,100.0,1.0,0.0,9.08,100.0,100.0,83.33
43729,03302043,ABRAXANE,RAW,BRAND_MATERIAL_TYPE,202812,2025-12-17,-100.0,,1755522.67,100.0,100.0,100.0,100.0,100.0,100.0,100.0,100.0,-0.0,1.0,100.0,2.0,0.0,-49.99,100.0,100.0,86.67
43730,03302043,ABRAXANE,RAW,BRAND_MATERIAL_TYPE,202812,2025-12-19,-100.0,,265080.16,100.0,100.0,100.0,100.0,100.0,100.0,100.0,100.0,-0.0,1.0,100.0,3.0,0.0,-6.01,100.0,100.0,90.0
43731,03302043,ABRAXANE,RAW,BRAND_MATERIAL_TYPE,202812,2025-12-26,-100.0,,659599.99,100.0,100.0,100.0,100.0,100.0,100.0,100.0,100.0,-0.0,1.0,100.0,4.0,0.0,-174.77,100.0,100.0,93.33
43732,03302043,ABRAXANE,RAW,BRAND_MATERIAL_TYPE,202812,2026-01-02,100.0,,1297082.88,100.0,100.0,100.0,100.0,100.0,100.0,100.0,80.74,12.65,0.73,0.0,0.5,0.0,3.95,100.0,68.08,81.67
43733,03302043,ABRAXANE,RAW,BRAND_MATERIAL_TYPE,202812,2026-01-09,100.0,,1029.98,100.0,100.0,100.0,100.0,100.0,100.0,100.0,100.0,0.0,1.0,50.0,1.0,0.0,-0.09,100.0,100.0,83.33
43734,03302043,ABRAXANE,RAW,BRAND_MATERIAL_TYPE,202812,2026-01-16,-100.0,,290815.34,100.0,100.0,100.0,100.0,100.0,100.0,100.0,100.0,-0.0,1.0,50.0,0.5,0.0,15.39,100.0,100.0,81.67
43735,03302043,ABRAXANE,RAW,BRAND_MATERIAL_TYPE,202812,2026-01-23,100.0,,3671073.15,100.0,100.0,100.0,100.0,100.0,100.0,100.0,86.94,5.94,0.87,0.0,0.5,0.0,23.29,100.0,80.99,81.67
43736,03302043,ABRAXANE,RAW,BRAND_MATERIAL_TYPE,202812,2026-01-30,100.0,,3275068.18,100.0,50.0,0.0,100.0,100.0,100.0,100.0,100.0,0.0,1.0,0.0,1.0,0.0,-40.66,0.0,100.0,63.33
43737,03302043,ABRAXANE,RAW,BRAND_MATERIAL_TYPE,202812,2026-02-06,100.0,,3660742.55,100.0,100.0,100.0,100.0,100.0,100.0,100.0,100.0,0.0,1.0,50.0,1.5,0.0,23.45,100.0,100.0,85.0
43738,03302101,REVLIMID,FIN,BRAND_MATERIAL_TYPE,202612,2025-07-18,,,0.0,,100.0,,,,,,,,,0.0,0.0,0.0,,,,
43739,03302101,REVLIMID,FIN,BRAND_MATERIAL_TYPE,202612,2025-07-25,-6.37,,3252575.31,6.37,100.0,100.0,14.76,59.98,80.53,44.41,100.0,-0.0,1.0,15.91,0.16,0.0,7.36,59.98,100.0,64.52
43740,03302101,REVLIMID,FIN,BRAND_MATERIAL_TYPE,202612,2025-08-01,-3.54,,2397680.32,3.54,100.0,100.0,20.35,51.71,73.62,28.58,100.0,-0.0,1.0,20.3,0.24,0.0,36.27,51.71,100.0,61.5
43741,03302101,REVLIMID,FIN,BRAND_MATERIAL_TYPE,202612,2025-08-08,-22.45,,6072404.58,22.45,100.0,100.0,6.82,22.33,35.47,23.52,100.0,-0.0,1.0,54.99,0.62,0.0,98.6,22.33,100.0,50.99
43742,03302101,REVLIMID,FIN,BRAND_MATERIAL_TYPE,202612,2025-08-15,38.5,,6772366.51,38.5,100.0,100.0,10.06,32.61,47.66,20.04,100.0,0.0,1.0,25.61,0.33,0.0,25.52,32.61,100.0,54.13
43743,03302101,REVLIMID,FIN,BRAND_MATERIAL_TYPE,202612,2025-08-22,-12.55,,3565456.48,12.55,100.0,100.0,26.66,63.73,81.17,48.85,100.0,-0.0,1.0,16.42,0.21,0.0,-54.94,63.73,100.0,66.2
43744,03302101,REVLIMID,FIN,BRAND_MATERIAL_TYPE,202612,2025-08-26,,,0.0,,100.0,,,,,,,,,0.0,0.0,0.0,,,,
43745,03302101,REVLIMID,FIN,BRAND_MATERIAL_TYPE,202612,2025-08-29,10.91,,3524583.65,10.91,96.52,66.23,11.52,47.36,71.1,28.06,100.0,0.0,1.0,16.61,0.2,0.0,123.56,31.36,100.0,58.2
43746,03302101,REVLIMID,FIN,BRAND_MATERIAL_TYPE,202612,2025-09-05,-48.1,,5088323.13,48.1,89.09,52.88,5.63,23.65,37.41,24.16,100.0,-0.0,1.0,39.8,0.52,1.36,27.72,12.51,100.0,46.82
43747,03302101,REVLIMID,FIN,BRAND_MATERIAL_TYPE,202612,2025-09-12,-20.5,,2183664.34,20.5,89.97,58.72,18.78,46.16,64.67,25.95,100.0,-0.0,1.0,12.86,0.25,0.17,18.39,27.11,100.0,55.3
43748,03302101,REVLIMID,FIN,BRAND_MATERIAL_TYPE,202612,2025-09-18,-50.86,,6894700.13,50.86,87.17,62.6,12.48,37.48,51.86,22.05,100.0,-0.0,1.0,49.11,0.72,0.53,29.56,23.47,100.0,52.26
43749,03302101,REVLIMID,FIN,BRAND_MATERIAL_TYPE,202612,2025-09-19,-14.4,,3814551.97,14.4,87.79,47.55,13.58,42.08,63.15,21.65,100.0,-0.0,1.0,17.43,0.43,0.53,101.2,20.01,100.0,53.37
43750,03302101,REVLIMID,FIN,BRAND_MATERIAL_TYPE,202612,2025-09-26,7.98,,1385613.57,7.98,93.27,57.01,15.44,48.44,65.84,19.44,100.0,0.0,1.0,9.4,0.22,0.67,124.22,27.62,100.0,57.42
43751,03302101,REVLIMID,FIN,BRAND_MATERIAL_TYPE,202612,2025-10-03,7.93,,4703965.72,7.93,89.5,59.57,10.04,33.03,46.98,22.9,100.0,0.0,1.0,45.53,0.6,0.53,91.92,19.68,100.0,51.02
43752,03302101,REVLIMID,FIN,BRAND_MATERIAL_TYPE,202612,2025-10-10,,,0.0,,93.03,,,,,,,,,0.0,0.0,0.0,,,,
43753,03302101,REVLIMID,FIN,BRAND_MATERIAL_TYPE,202612,2025-10-17,17.36,,6385895.13,17.36,87.6,69.61,7.64,29.32,44.15,18.15,100.0,0.0,1.0,49.03,0.55,0.0,98.36,20.41,100.0,48.61
43754,03302101,REVLIMID,FIN,BRAND_MATERIAL_TYPE,202612,2025-10-24,33.78,,4648426.22,33.78,83.46,49.43,9.97,37.45,53.82,21.24,100.0,0.0,1.0,21.67,0.52,1.3,75.44,18.51,100.0,50.1
43755,03302101,REVLIMID,FIN,BRAND_MATERIAL_TYPE,202612,2025-10-31,-35.23,,3504337.71,35.23,89.47,66.83,10.6,35.59,56.19,11.97,100.0,-0.0,1.0,18.77,0.35,0.68,109.73,23.79,100.0,51.18
43756,03302101,REVLIMID,FIN,BRAND_MATERIAL_TYPE,202612,2025-11-07,28.91,,2775934.0,28.91,87.63,51.2,12.89,35.07,47.64,14.99,100.0,0.0,1.0,39.02,0.56,1.05,-364.07,17.96,100.0,50.96
43757,03302101,REVLIMID,FIN,BRAND_MATERIAL_TYPE,202612,2025-11-14,69.67,,5882787.18,69.67,89.3,75.98,13.03,36.28,53.89,28.85,100.0,0.0,1.0,17.81,0.3,0.68,10.16,27.57,100.0,51.23
43758,03302101,REVLIMID,FIN,BRAND_MATERIAL_TYPE,202612,2025-11-19,58.74,,9524411.68,58.74,80.52,49.42,8.04,23.65,35.94,19.83,100.0,0.0,1.0,53.14,0.85,0.95,97.7,11.69,100.0,44.49
43759,03302101,REVLIMID,FIN,BRAND_MATERIAL_TYPE,202612,2025-11-21,44.39,,3267942.63,44.39,84.05,38.81,9.84,34.99,51.25,40.41,100.0,0.0,1.0,17.7,0.45,1.28,5.03,13.58,100.0,49.12
43760,03302101,REVLIMID,FIN,BRAND_MATERIAL_TYPE,202612,2025-11-28,2.55,,1598037.19,2.55,94.75,88.19,13.05,44.51,60.4,14.76,100.0,0.0,1.0,16.29,0.25,0.33,-2.72,39.25,100.0,56.55
43761,03302101,REVLIMID,FIN,BRAND_MATERIAL_TYPE,202612,2025-12-05,-49.2,,6246307.69,49.2,88.46,43.8,15.77,35.17,49.15,32.74,100.0,-0.0,1.0,47.27,0.64,0.18,4.74,15.4,100.0,51.6
43762,03302101,REVLIMID,FIN,BRAND_MATERIAL_TYPE,202612,2025-12-12,33.13,,4950321.77,33.13,86.9,35.95,19.88,49.53,67.03,41.39,100.0,0.0,1.0,12.03,0.24,0.0,0.24,17.8,100.0,55.38
43763,03302101,REVLIMID,FIN,BRAND_MATERIAL_TYPE,202612,2025-12-17,-18.27,,6253773.54,18.27,86.56,49.89,7.41,29.75,46.47,22.52,100.0,-0.0,1.0,53.07,0.75,0.36,-0.17,14.85,100.0,49.02
43764,03302101,REVLIMID,FIN,BRAND_MATERIAL_TYPE,202612,2025-12-19,57.18,,990062.76,57.18,87.34,30.26,14.64,41.97,62.31,27.91,100.0,0.0,1.0,8.94,0.27,0.89,78.05,12.7,100.0,52.63
43765,03302101,REVLIMID,FIN,BRAND_MATERIAL_TYPE,202612,2025-12-26,-57.08,,2253598.88,57.08,97.3,99.33,15.3,59.22,86.92,36.43,100.0,-0.0,1.0,12.42,0.17,0.82,84.09,58.82,100.0,63.18
43766,03302101,REVLIMID,FIN,BRAND_MATERIAL_TYPE,202612,2026-01-02,36.61,,11510037.47,36.61,93.34,93.61,5.44,17.61,26.07,12.17,-36.68,162.47,-0.51,56.37,0.58,0.68,0.51,16.49,199.15,46.32
43767,03302101,REVLIMID,FIN,BRAND_MATERIAL_TYPE,202612,2026-01-09,-90.97,,6865492.19,90.97,86.87,29.92,12.4,36.72,56.81,18.91,100.0,-0.0,1.0,11.66,0.22,0.36,0.42,10.98,100.0,50.18
43768,03302101,REVLIMID,FIN,BRAND_MATERIAL_TYPE,202612,2026-01-16,90.09,,6158423.63,90.09,93.5,51.27,13.83,39.99,57.16,15.76,100.0,0.0,1.0,15.08,0.21,0.0,59.68,20.5,100.0,54.11
43769,03302101,REVLIMID,FIN,BRAND_MATERIAL_TYPE,202612,2026-01-23,31.7,,14717616.18,31.7,85.85,77.86,12.6,21.37,30.0,19.57,-32.08,139.71,-0.09,52.96,0.75,0.74,-0.7,16.64,171.79,45.39
43770,03302101,REVLIMID,FIN,BRAND_MATERIAL_TYPE,202612,2026-01-30,7.12,,6577350.95,7.12,81.98,27.98,25.79,41.96,54.38,36.83,100.0,0.0,1.0,20.62,0.49,1.36,31127.17,11.74,100.0,51.22
43771,03302101,REVLIMID,FIN,BRAND_MATERIAL_TYPE,202612,2026-02-06,-13.27,,3240366.95,13.27,85.25,50.71,17.5,35.68,47.92,32.96,100.0,-0.0,1.0,46.39,0.7,0.0,40.3,18.09,100.0,50.7
43772,03302101,REVLIMID,FIN,BRAND_MATERIAL_TYPE,202712,2025-07-18,,,0.0,,100.0,,,,,,,,,0.0,0.0,0.0,,,,
43773,03302101,REVLIMID,FIN,BRAND_MATERIAL_TYPE,202712,2025-07-25,-3.32,,3172581.68,3.32,100.0,100.0,13.2,58.41,82.56,42.48,100.0,-0.0,1.0,15.3,0.15,0.0,4.78,58.41,100.0,63.88
43774,03302101,REVLIMID,FIN,BRAND_MATERIAL_TYPE,202712,2025-08-01,19.03,,2173803.19,19.03,100.0,100.0,24.67,62.74,82.1,30.39,100.0,0.0,1.0,17.27,0.21,0.0,108.72,62.74,100.0,65.8
43775,03302101,REVLIMID,FIN,BRAND_MATERIAL_TYPE,202712,2025-08-08,-70.86,,9103131.11,70.86,100.0,100.0,13.2,35.36,48.22,15.89,100.0,-0.0,1.0,46.39,0.54,0.0,106.82,35.36,100.0,55.95
43776,03302101,REVLIMID,FIN,BRAND_MATERIAL_TYPE,202712,2025-08-15,63.88,,10529692.45,63.88,100.0,100.0,11.41,32.27,47.78,18.34,100.0,0.0,1.0,27.88,0.33,0.0,51.11,32.27,100.0,54.02
43777,03302101,REVLIMID,FIN,BRAND_MATERIAL_TYPE,202712,2025-08-22,-11.73,,2864761.66,11.73,100.0,100.0,14.16,52.64,72.93,46.71,100.0,-0.0,1.0,14.91,0.2,0.0,-32.52,52.64,100.0,61.74
43778,03302101,REVLIMID,FIN,BRAND_MATERIAL_TYPE,202712,2025-08-26,,,0.0,,100.0,,,,,,,,,0.0,0.0,0.0,,,,
43779,03302101,REVLIMID,FIN,BRAND_MATERIAL_TYPE,202712,2025-08-29,20.76,,2849596.34,20.76,97.73,66.09,13.89,51.55,69.06,33.92,100.0,0.0,1.0,17.18,0.19,0.0,137.08,34.07,100.0,60.35
43780,03302101,REVLIMID,FIN,BRAND_MATERIAL_TYPE,202712,2025-09-05,-9.28,,2812052.02,9.28,91.67,60.01,14.73,39.11,51.6,36.25,100.0,-0.0,1.0,29.75,0.41,0.17,4.85,23.47,100.0,53.67
43781,03302101,REVLIMID,FIN,BRAND_MATERIAL_TYPE,202712,2025-09-12,-89.77,,5910549.01,89.77,86.57,36.61,22.08,60.1,68.21,24.17,100.0,-0.0,1.0,19.43,0.37,0.0,73.92,22.0,100.0,59.9
43782,03302101,REVLIMID,FIN,BRAND_MATERIAL_TYPE,202712,2025-09-18,-77.3,,7855461.61,77.3,84.39,32.87,20.8,53.5,63.1,24.78,100.0,-0.0,1.0,43.22,0.82,1.65,46.43,17.59,100.0,57.88
43783,03302101,REVLIMID,FIN,BRAND_MATERIAL_TYPE,202712,2025-09-19,-27.79,,2373184.49,27.79,90.73,38.11,32.48,62.16,73.62,38.43,100.0,-0.0,1.0,17.89,0.42,0.85,114.93,23.69,100.0,62.55
43784,03302101,REVLIMID,FIN,BRAND_MATERIAL_TYPE,202712,2025-09-26,4.07,,654380.28,4.07,95.15,51.77,20.37,55.0,78.73,45.09,100.0,0.0,1.0,7.57,0.2,0.66,123.66,28.48,100.0,60.71
43785,03302101,REVLIMID,FIN,BRAND_MATERIAL_TYPE,202712,2025-10-03,-5.9,,3069910.4,5.9,92.95,51.23,26.99,47.47,56.44,40.36,100.0,-0.0,1.0,33.22,0.46,1.18,135.45,24.32,100.0,57.7
43786,03302101,REVLIMID,FIN,BRAND_MATERIAL_TYPE,202712,2025-10-10,,,0.0,,95.51,,,,,,,,,0.0,0.0,0.0,,,,
43787,03302101,REVLIMID,FIN,BRAND_MATERIAL_TYPE,202712,2025-10-17,-2.55,,5013222.91,2.55,84.34,42.35,16.53,34.79,46.66,31.22,100.0,-0.0,1.0,43.57,0.52,0.0,46.83,14.73,100.0,49.4
43788,03302101,REVLIMID,FIN,BRAND_MATERIAL_TYPE,202712,2025-10-24,41.08,,3512740.8,41.08,87.94,57.97,22.34,48.28,62.88,27.06,100.0,0.0,1.0,32.16,0.65,1.23,88.72,27.99,100.0,56.65
43789,03302101,REVLIMID,FIN,BRAND_MATERIAL_TYPE,202712,2025-10-31,-3.26,,1578583.86,3.26,94.05,65.56,26.25,58.94,77.72,43.8,100.0,-0.0,1.0,13.47,0.25,0.32,87.47,38.64,100.0,62.04
43790,03302101,REVLIMID,FIN,BRAND_MATERIAL_TYPE,202712,2025-11-07,-64.19,,8585974.49,64.19,79.69,32.37,13.97,27.24,38.93,24.24,100.0,-0.0,1.0,35.82,0.56,1.15,94.06,8.82,100.0,44.66
43791,03302101,REVLIMID,FIN,BRAND_MATERIAL_TYPE,202712,2025-11-14,63.6,,3086711.92,63.6,87.46,41.19,17.41,51.04,64.24,22.12,100.0,0.0,1.0,12.59,0.27,0.35,9.9,21.02,100.0,56.3
43792,03302101,REVLIMID,FIN,BRAND_MATERIAL_TYPE,202712,2025-11-19,41.06,,6545750.16,41.06,83.13,39.55,5.3,22.55,36.93,16.84,100.0,0.0,1.0,45.94,0.74,0.55,96.43,8.92,100.0,44.75
43793,03302101,REVLIMID,FIN,BRAND_MATERIAL_TYPE,202712,2025-11-21,72.31,,6688078.03,72.31,82.52,47.84,5.7,22.52,36.67,16.33,100.0,0.0,1.0,20.07,0.55,0.19,9.73,10.78,100.0,43.86
43794,03302101,REVLIMID,FIN,BRAND_MATERIAL_TYPE,202712,2025-11-28,-4.64,,1160493.58,4.64,91.98,64.51,17.97,53.69,69.78,18.93,100.0,-0.0,1.0,11.41,0.21,0.17,3.43,34.64,100.0,58.97
43795,03302101,REVLIMID,FIN,BRAND_MATERIAL_TYPE,202712,2025-12-05,-48.26,,4823003.89,48.26,87.05,31.84,7.48,30.35,47.8,22.51,100.0,-0.0,1.0,41.04,0.56,0.36,3.65,9.67,100.0,48.83
43796,03302101,REVLIMID,FIN,BRAND_MATERIAL_TYPE,202712,2025-12-12,95.44,,8107078.23,95.44,82.53,71.52,14.65,43.46,59.18,20.79,100.0,0.0,1.0,21.36,0.38,0.57,1.13,31.08,100.0,51.67
43797,03302101,REVLIMID,FIN,BRAND_MATERIAL_TYPE,202712,2025-12-17,51.75,,9912233.09,51.75,81.56,50.59,11.78,32.31,46.64,19.46,100.0,0.0,1.0,53.45,0.92,1.15,0.75,16.35,100.0,48.63
43798,03302101,REVLIMID,FIN,BRAND_MATERIAL_TYPE,202712,2025-12-19,17.76,,1313056.33,17.76,86.72,32.23,31.55,58.59,75.23,42.84,100.0,0.0,1.0,9.91,0.26,0.72,65.81,18.88,100.0,58.98
43799,03302101,REVLIMID,FIN,BRAND_MATERIAL_TYPE,202712,2025-12-26,-50.36,,2817052.2,50.36,97.77,99.34,14.71,59.97,81.91,29.14,100.0,-0.0,1.0,12.68,0.2,0.49,88.06,59.57,100.0,63.75
43800,03302101,REVLIMID,FIN,BRAND_MATERIAL_TYPE,202712,2026-01-02,46.42,,9986774.43,46.42,93.98,92.12,3.31,14.5,24.74,13.01,-0.33,101.59,-0.7,56.32,0.56,0.51,0.57,13.36,101.92,45.27
43801,03302101,REVLIMID,FIN,BRAND_MATERIAL_TYPE,202712,2026-01-09,-96.76,,11906362.14,96.76,75.95,15.43,11.75,34.1,47.1,15.41,100.0,-0.0,1.0,18.54,0.47,0.83,0.77,5.26,100.0,45.6
43802,03302101,REVLIMID,FIN,BRAND_MATERIAL_TYPE,202712,2026-01-16,98.54,,11520215.08,98.54,86.69,67.53,12.14,33.18,45.76,18.94,100.0,0.0,1.0,25.41,0.36,0.37,64.87,22.41,100.0,49.15
43803,03302101,REVLIMID,FIN,BRAND_MATERIAL_TYPE,202712,2026-01-23,28.11,,12429869.37,28.11,83.15,62.45,2.62,11.95,21.47,12.66,-31.58,125.59,-0.32,50.86,0.8,0.57,-0.53,7.46,157.18,40.71
43804,03302101,REVLIMID,FIN,BRAND_MATERIAL_TYPE,202712,2026-01-30,-25.58,,4496878.93,25.58,84.69,44.25,7.25,29.92,49.3,17.23,100.0,-0.0,1.0,22.41,0.52,1.13,70.9,13.24,100.0,47.58
43805,03302101,REVLIMID,FIN,BRAND_MATERIAL_TYPE,202712,2026-02-06,1.96,,2943611.27,1.96,86.06,59.65,18.39,35.28,47.9,24.48,100.0,0.0,1.0,45.76,0.74,0.0,-8.47,21.04,100.0,51.0
43806,03302101,REVLIMID,FIN,BRAND_MATERIAL_TYPE,202812,2025-07-18,,,0.0,,100.0,,,,,,,,,0.0,0.0,0.0,,,,
43807,03302101,REVLIMID,FIN,BRAND_MATERIAL_TYPE,202812,2025-07-25,7.69,,3200248.02,7.69,100.0,100.0,13.09,53.31,73.93,41.05,100.0,0.0,1.0,16.36,0.16,0.0,-22.43,53.31,100.0,61.87
43808,03302101,REVLIMID,FIN,BRAND_MATERIAL_TYPE,202812,2025-08-01,-45.7,,2110106.91,45.7,100.0,100.0,13.69,54.9,76.45,26.7,100.0,-0.0,1.0,19.85,0.24,0.0,100.37,54.9,100.0,62.76
43809,03302101,REVLIMID,FIN,BRAND_MATERIAL_TYPE,202812,2025-08-08,-59.0,,4856341.09,59.0,100.0,100.0,9.09,33.09,47.0,18.75,100.0,-0.0,1.0,46.39,0.56,0.0,108.39,33.09,100.0,55.09
43810,03302101,REVLIMID,FIN,BRAND_MATERIAL_TYPE,202812,2025-08-15,80.36,,8448364.49,80.36,100.0,100.0,5.62,24.52,38.36,15.37,100.0,0.0,1.0,38.64,0.45,0.0,52.3,24.52,100.0,51.29
43811,03302101,REVLIMID,FIN,BRAND_MATERIAL_TYPE,202812,2025-08-22,-11.27,,2539517.54,11.27,100.0,100.0,31.9,69.82,80.85,44.57,100.0,-0.0,1.0,14.46,0.2,0.0,67.82,69.82,100.0,68.6
43812,03302101,REVLIMID,FIN,BRAND_MATERIAL_TYPE,202812,2025-08-26,,,0.0,,100.0,,,,,,,,,0.0,0.0,0.0,,,,
43813,03302101,REVLIMID,FIN,BRAND_MATERIAL_TYPE,202812,2025-08-29,35.81,,2549558.91,35.81,96.67,46.49,15.53,58.11,73.0,30.12,100.0,0.0,1.0,16.43,0.19,0.0,106.75,27.02,100.0,62.55
43814,03302101,REVLIMID,FIN,BRAND_MATERIAL_TYPE,202812,2025-09-05,-55.95,,3121994.71,55.95,90.76,56.02,13.27,36.59,51.2,31.19,100.0,-0.0,1.0,28.55,0.4,0.5,30.27,20.49,100.0,52.29
43815,03302101,REVLIMID,FIN,BRAND_MATERIAL_TYPE,202812,2025-09-12,-34.46,,2061838.37,34.46,89.66,49.71,20.09,40.76,58.92,34.08,100.0,-0.0,1.0,14.8,0.27,0.0,25.61,20.26,100.0,53.05
43816,03302101,REVLIMID,FIN,BRAND_MATERIAL_TYPE,202812,2025-09-18,-44.41,,5978574.79,44.41,87.48,45.5,20.48,46.73,57.62,30.56,100.0,-0.0,1.0,42.4,0.67,0.18,30.79,21.26,100.0,55.92
43817,03302101,REVLIMID,FIN,BRAND_MATERIAL_TYPE,202812,2025-09-19,-34.13,,3024116.56,34.13,88.72,42.88,22.2,50.31,61.7,26.92,100.0,-0.0,1.0,20.21,0.5,0.17,110.68,21.57,100.0,57.28
43818,03302101,REVLIMID,FIN,BRAND_MATERIAL_TYPE,202812,2025-09-26,-28.33,,487809.05,28.33,91.39,55.13,11.63,43.82,70.37,29.82,100.0,-0.0,1.0,8.05,0.21,0.0,132.16,24.16,100.0,54.79
43819,03302101,REVLIMID,FIN,BRAND_MATERIAL_TYPE,202812,2025-10-03,4.94,,3420291.09,4.94,93.42,59.51,12.11,36.88,48.49,24.93,100.0,0.0,1.0,36.58,0.46,0.17,106.39,21.95,100.0,53.66
43820,03302101,REVLIMID,FIN,BRAND_MATERIAL_TYPE,202812,2025-10-10,,,0.0,,93.34,,,,,,,,,0.0,0.0,0.0,,,,
43821,03302101,REVLIMID,FIN,BRAND_MATERIAL_TYPE,202812,2025-10-17,8.92,,5006045.13,8.92,89.46,70.91,9.19,32.7,45.2,17.87,100.0,0.0,1.0,52.17,0.57,0.0,118.99,23.19,100.0,50.77
43822,03302101,REVLIMID,FIN,BRAND_MATERIAL_TYPE,202812,2025-10-24,-7.77,,4113695.0,7.77,81.61,41.24,9.01,33.78,49.58,20.43,100.0,-0.0,1.0,43.37,0.91,2.08,-285.85,13.93,100.0,49.2
43823,03302101,REVLIMID,FIN,BRAND_MATERIAL_TYPE,202812,2025-10-31,0.01,,2257791.38,0.01,90.84,72.94,5.63,27.13,48.31,19.27,100.0,0.0,1.0,21.34,0.42,0.5,0.1,19.79,100.0,48.6
43824,03302101,REVLIMID,FIN,BRAND_MATERIAL_TYPE,202812,2025-11-07,-78.21,,9521732.53,78.21,77.1,14.82,12.52,37.91,51.1,14.67,100.0,-0.0,1.0,32.67,0.68,0.99,106.83,5.62,100.0,48.27
43825,03302101,REVLIMID,FIN,BRAND_MATERIAL_TYPE,202812,2025-11-14,93.0,,5249011.03,93.0,86.24,76.5,10.24,31.29,48.67,20.48,100.0,0.0,1.0,17.91,0.32,0.18,20.66,23.93,100.0,48.08
43826,03302101,REVLIMID,FIN,BRAND_MATERIAL_TYPE,202812,2025-11-19,-32.54,,10236197.81,32.54,78.53,26.95,11.65,35.3,47.34,16.2,100.0,-0.0,1.0,43.95,0.77,0.39,155.09,9.51,100.0,48.11
43827,03302101,REVLIMID,FIN,BRAND_MATERIAL_TYPE,202812,2025-11-21,11.37,,1512852.9,11.37,88.04,51.99,18.01,43.83,58.87,29.67,100.0,0.0,1.0,18.47,0.37,1.05,0.4,22.79,100.0,53.99
43828,03302101,REVLIMID,FIN,BRAND_MATERIAL_TYPE,202812,2025-11-28,-52.55,,2288147.13,52.55,91.98,55.99,14.48,49.23,66.68,34.26,100.0,-0.0,1.0,12.58,0.21,0.0,99.97,27.56,100.0,57.19
43829,03302101,REVLIMID,FIN,BRAND_MATERIAL_TYPE,202812,2025-12-05,-30.14,,3250869.47,30.14,89.86,26.88,11.1,37.56,55.36,27.8,100.0,-0.0,1.0,28.99,0.4,0.17,-0.15,10.1,100.0,52.31
43830,03302101,REVLIMID,FIN,BRAND_MATERIAL_TYPE,202812,2025-12-12,96.28,,8929282.19,96.28,81.28,67.52,13.35,39.98,53.11,22.68,100.0,0.0,1.0,26.87,0.46,0.38,-22.83,26.99,100.0,50.04
43831,03302101,REVLIMID,FIN,BRAND_MATERIAL_TYPE,202812,2025-12-17,65.41,,10428897.12,65.41,76.88,33.69,11.43,34.78,46.79,20.91,100.0,0.0,1.0,48.37,0.98,0.81,1.0,11.72,100.0,47.92
43832,03302101,REVLIMID,FIN,BRAND_MATERIAL_TYPE,202812,2025-12-19,72.04,,950070.75,72.04,86.25,28.79,15.26,44.15,64.7,22.92,100.0,0.0,1.0,9.78,0.28,0.54,103.59,12.71,100.0,53.09
43833,03302101,REVLIMID,FIN,BRAND_MATERIAL_TYPE,202812,2025-12-26,-76.72,,1784154.86,76.72,96.5,90.44,19.32,63.94,86.28,46.02,100.0,-0.0,1.0,11.53,0.2,0.0,96.87,57.83,100.0,64.83
43834,03302101,REVLIMID,FIN,BRAND_MATERIAL_TYPE,202812,2026-01-02,48.64,,9069071.19,48.64,93.82,90.0,4.23,15.92,25.6,11.67,-3.35,107.42,-0.75,61.99,0.45,0.51,0.54,14.33,110.77,45.4
43835,03302101,REVLIMID,FIN,BRAND_MATERIAL_TYPE,202812,2026-01-09,-66.39,,2385478.53,66.39,91.93,29.64,18.12,59.81,79.55,34.62,100.0,-0.0,1.0,31.84,0.44,0.52,0.11,17.73,100.0,62.17
43836,03302101,REVLIMID,FIN,BRAND_MATERIAL_TYPE,202812,2026-01-16,62.51,,1853545.16,62.51,95.88,77.44,14.58,47.38,67.71,24.55,100.0,0.0,1.0,12.4,0.18,0.33,1328.52,36.69,100.0,57.91
43837,03302101,REVLIMID,FIN,BRAND_MATERIAL_TYPE,202812,2026-01-23,22.23,,11774321.17,22.23,88.87,80.04,3.26,14.13,24.13,13.12,-74.64,170.54,-0.31,49.91,0.75,0.89,-0.39,11.31,245.18,43.7
43838,03302101,REVLIMID,FIN,BRAND_MATERIAL_TYPE,202812,2026-01-30,-27.61,,3594001.5,27.61,85.96,45.48,9.07,36.21,55.29,23.25,100.0,-0.0,1.0,24.86,0.5,2.41,238.81,16.47,100.0,50.52
43839,03302101,REVLIMID,FIN,BRAND_MATERIAL_TYPE,202812,2026-02-06,-23.74,,2455260.02,23.74,85.74,53.86,9.36,29.97,44.3,29.84,100.0,-0.0,1.0,47.07,0.74,0.0,39.13,16.14,100.0,48.75
43840,03302101,REVLIMID,HALB,BRAND_MATERIAL_TYPE,202612,2025-07-18,,,0.0,,100.0,,,,,,,,,0.0,0.0,0.0,,,,
43841,03302101,REVLIMID,HALB,BRAND_MATERIAL_TYPE,202612,2025-07-25,-91.41,,2849037.16,91.41,98.21,100.0,46.55,95.03,98.07,91.31,100.0,-0.0,1.0,40.0,0.4,0.0,92.47,95.03,100.0,78.64
43842,03302101,REVLIMID,HALB,BRAND_MATERIAL_TYPE,202612,2025-08-01,-47.54,,182008.0,47.54,98.21,100.0,52.54,91.66,98.72,93.92,100.0,-0.0,1.0,21.82,0.26,0.0,37.01,91.66,100.0,76.81
43843,03302101,REVLIMID,HALB,BRAND_MATERIAL_TYPE,202612,2025-08-08,-4.58,,1915833.23,4.58,98.21,100.0,26.83,66.93,82.88,69.42,100.0,-0.0,1.0,59.09,0.73,0.0,6.35,66.93,100.0,68.5
43844,03302101,REVLIMID,HALB,BRAND_MATERIAL_TYPE,202612,2025-08-15,93.46,,8166721.15,93.46,98.23,100.0,52.48,91.17,95.54,59.43,100.0,0.0,1.0,54.05,0.65,0.0,74.72,91.17,100.0,77.91
43845,03302101,REVLIMID,HALB,BRAND_MATERIAL_TYPE,202612,2025-08-22,67.91,,1933645.95,67.91,98.25,100.0,71.08,84.97,94.5,71.79,100.0,0.0,1.0,35.71,0.53,0.0,161.2,84.97,100.0,75.04
43846,03302101,REVLIMID,HALB,BRAND_MATERIAL_TYPE,202612,2025-08-26,,,0.0,,98.25,,,,,,,,,0.0,0.0,0.0,,,,
43847,03302101,REVLIMID,HALB,BRAND_MATERIAL_TYPE,202612,2025-08-29,-16.09,,571281.05,16.09,91.23,73.54,12.86,59.53,85.08,84.22,100.0,-0.0,1.0,32.69,0.37,0.0,-29.53,43.77,100.0,61.53
43848,03302101,REVLIMID,HALB,BRAND_MATERIAL_TYPE,202612,2025-09-05,-94.59,,6706536.34,94.59,75.0,68.64,63.52,93.36,96.77,63.77,100.0,-0.0,1.0,40.48,0.69,1.19,71.85,64.09,100.0,69.64
43849,03302101,REVLIMID,HALB,BRAND_MATERIAL_TYPE,202612,2025-09-12,-90.94,,2177757.38,90.94,83.04,5.17,88.09,93.73,97.8,89.3,100.0,-0.0,1.0,19.35,0.42,1.08,81.32,4.85,100.0,72.1
43850,03302101,REVLIMID,HALB,BRAND_MATERIAL_TYPE,202612,2025-09-18,-96.79,,8674358.89,96.79,76.79,73.02,48.48,92.73,95.8,71.9,100.0,-0.0,1.0,44.19,0.79,1.16,70.78,67.71,100.0,70.42
43851,03302101,REVLIMID,HALB,BRAND_MATERIAL_TYPE,202612,2025-09-19,-6.66,,371173.73,6.66,83.93,53.46,22.98,64.16,83.94,83.16,100.0,-0.0,1.0,22.34,0.56,4.26,4.55,34.3,100.0,61.11
43852,03302101,REVLIMID,HALB,BRAND_MATERIAL_TYPE,202612,2025-09-26,-44.9,,83822.4,44.9,92.04,69.52,30.45,70.1,91.89,88.09,100.0,-0.0,1.0,20.19,0.26,0.0,-42.27,48.74,100.0,65.71
43853,03302101,REVLIMID,HALB,BRAND_MATERIAL_TYPE,202612,2025-10-03,33.73,,204974.37,33.73,94.83,91.58,18.81,59.12,79.78,82.85,100.0,0.0,1.0,27.27,0.38,0.91,17.03,54.14,100.0,62.84
43854,03302101,REVLIMID,HALB,BRAND_MATERIAL_TYPE,202612,2025-10-10,,,0.0,,93.1,,,,,,,,,0.0,0.0,0.0,,,,
43855,03302101,REVLIMID,HALB,BRAND_MATERIAL_TYPE,202612,2025-10-17,15.45,,503627.84,15.45,89.66,76.67,15.65,55.13,73.45,90.04,100.0,0.0,1.0,37.5,0.42,0.0,6.9,42.27,100.0,59.32
43856,03302101,REVLIMID,HALB,BRAND_MATERIAL_TYPE,202612,2025-10-24,52.04,,1220598.68,52.04,81.2,80.34,52.11,74.69,88.12,56.15,100.0,0.0,1.0,32.63,0.68,2.11,30.52,60.0,100.0,64.6
43857,03302101,REVLIMID,HALB,BRAND_MATERIAL_TYPE,202612,2025-10-31,38.23,,675600.61,38.23,83.62,56.48,22.18,78.27,91.0,97.13,100.0,0.0,1.0,21.65,0.43,1.03,-22.96,44.21,100.0,66.19
43858,03302101,REVLIMID,HALB,BRAND_MATERIAL_TYPE,202612,2025-11-07,-87.33,,1210831.15,87.33,82.61,14.91,31.16,70.97,92.29,98.19,100.0,-0.0,1.0,25.26,0.47,0.0,479.68,10.58,100.0,63.0
43859,03302101,REVLIMID,HALB,BRAND_MATERIAL_TYPE,202612,2025-11-14,98.38,,36833688.42,98.38,86.09,1.33,98.12,99.25,99.64,99.0,100.0,0.0,1.0,32.32,0.5,0.0,89.88,1.32,100.0,75.79
43860,03302101,REVLIMID,HALB,BRAND_MATERIAL_TYPE,202612,2025-11-19,7.69,,2024567.73,7.69,69.57,40.81,21.33,64.0,76.94,66.61,100.0,0.0,1.0,47.5,0.95,1.25,2.72,26.12,100.0,56.59
43861,03302101,REVLIMID,HALB,BRAND_MATERIAL_TYPE,202612,2025-11-21,99.41,,27587503.33,99.41,70.43,1.18,92.65,98.31,99.17,97.6,100.0,0.0,1.0,32.1,0.97,3.7,95.09,1.16,100.0,70.72
43862,03302101,REVLIMID,HALB,BRAND_MATERIAL_TYPE,202612,2025-11-28,-92.05,,1706243.6,92.05,88.03,16.2,77.73,90.64,97.95,83.37,100.0,-0.0,1.0,23.3,0.52,0.97,104.96,14.69,100.0,73.21
43863,03302101,REVLIMID,HALB,BRAND_MATERIAL_TYPE,202612,2025-12-05,-97.94,,63151617.61,97.94,80.87,1.09,98.55,99.5,99.79,99.04,100.0,-0.0,1.0,43.01,0.79,1.08,95.3,1.08,100.0,74.79
43864,03302101,REVLIMID,HALB,BRAND_MATERIAL_TYPE,202612,2025-12-12,99.91,,676392958.27,99.91,84.87,0.24,99.7,99.95,99.98,99.92,100.0,0.0,1.0,24.75,0.44,0.0,99.77,0.24,100.0,75.39
43865,03302101,REVLIMID,HALB,BRAND_MATERIAL_TYPE,202612,2025-12-17,99.86,,676620155.25,99.86,72.88,0.22,99.62,99.88,99.93,99.83,100.0,0.0,1.0,46.51,0.89,2.33,100.17,0.22,100.0,72.07
43866,03302101,REVLIMID,HALB,BRAND_MATERIAL_TYPE,202612,2025-12-19,27.37,,317852.75,27.37,82.05,31.27,36.93,64.58,77.73,85.93,100.0,0.0,1.0,28.12,0.73,5.21,11.99,20.19,100.0,61.07
43867,03302101,REVLIMID,HALB,BRAND_MATERIAL_TYPE,202612,2025-12-26,-84.96,,303903.29,84.96,83.76,63.66,45.39,93.78,98.55,99.38,100.0,-0.0,1.0,16.33,0.32,0.0,16.88,59.7,100.0,72.1
43868,03302101,REVLIMID,HALB,BRAND_MATERIAL_TYPE,202612,2026-01-02,99.98,,814419742.55,99.98,92.37,99.95,99.21,99.54,99.65,99.56,0.03,99.92,-1.0,50.46,0.54,0.0,99.48,99.49,99.88,78.57
43869,03302101,REVLIMID,HALB,BRAND_MATERIAL_TYPE,202612,2026-01-09,-99.96,,1486366613.42,99.96,82.91,0.08,99.73,99.96,99.98,99.92,100.0,-0.0,1.0,24.74,0.48,0.0,99.58,0.08,100.0,74.74
43870,03302101,REVLIMID,HALB,BRAND_MATERIAL_TYPE,202612,2026-01-16,71.87,,5715139.79,71.87,86.96,38.7,46.73,85.13,92.88,73.95,100.0,0.0,1.0,38.0,0.51,0.0,44.18,32.95,100.0,70.54
43871,03302101,REVLIMID,HALB,BRAND_MATERIAL_TYPE,202612,2026-01-23,-98.07,,681738300.19,98.07,73.04,0.92,98.92,99.49,99.61,99.48,100.84,-121.69,-0.09,58.33,0.92,1.19,100.75,0.91,222.54,72.09
43872,03302101,REVLIMID,HALB,BRAND_MATERIAL_TYPE,202612,2026-01-30,-22.78,,4872904.48,22.78,66.09,29.78,19.53,46.42,64.94,54.99,100.0,-0.0,1.0,36.84,0.97,2.63,-73758.84,13.82,100.0,48.22
43873,03302101,REVLIMID,HALB,BRAND_MATERIAL_TYPE,202612,2026-02-06,-10.85,,777269.53,10.85,80.7,38.14,15.53,54.84,80.85,78.98,100.0,-0.0,1.0,21.74,0.48,0.0,7.9,20.91,100.0,55.82
43874,03302101,REVLIMID,HALB,BRAND_MATERIAL_TYPE,202712,2025-07-18,,,0.0,,100.0,,,,,,,,,0.0,0.0,0.0,,,,
43875,03302101,REVLIMID,HALB,BRAND_MATERIAL_TYPE,202712,2025-07-25,-88.62,,2368210.48,88.62,98.21,100.0,56.0,91.77,96.97,85.25,100.0,-0.0,1.0,43.64,0.44,0.0,95.28,91.77,100.0,77.45
43876,03302101,REVLIMID,HALB,BRAND_MATERIAL_TYPE,202712,2025-08-01,8.5,,284679.42,8.5,98.21,100.0,24.52,79.11,97.39,91.35,100.0,0.0,1.0,24.55,0.31,0.0,6.36,79.11,100.0,71.97
43877,03302101,REVLIMID,HALB,BRAND_MATERIAL_TYPE,202712,2025-08-08,24.06,,1445737.78,24.06,98.21,100.0,40.54,67.23,83.75,55.77,100.0,0.0,1.0,59.09,0.72,0.0,-5.76,67.23,100.0,68.59
43878,03302101,REVLIMID,HALB,BRAND_MATERIAL_TYPE,202712,2025-08-15,93.79,,6882071.42,93.79,98.23,100.0,53.43,92.81,96.66,61.81,100.0,0.0,1.0,57.66,0.7,0.0,49.05,92.81,100.0,78.75
43879,03302101,REVLIMID,HALB,BRAND_MATERIAL_TYPE,202712,2025-08-22,78.0,,1841963.51,78.0,98.25,100.0,74.62,85.86,94.62,76.44,100.0,0.0,1.0,37.5,0.58,0.0,139.05,85.86,100.0,75.57
43880,03302101,REVLIMID,HALB,BRAND_MATERIAL_TYPE,202712,2025-08-26,,,0.0,,98.25,,,,,,,,,0.0,0.0,0.0,,,,
43881,03302101,REVLIMID,HALB,BRAND_MATERIAL_TYPE,202712,2025-08-29,-10.27,,1710635.78,10.27,95.61,95.78,42.59,90.75,97.02,55.09,100.0,-0.0,1.0,33.94,0.35,0.0,-40.69,86.92,100.0,75.72
43882,03302101,REVLIMID,HALB,BRAND_MATERIAL_TYPE,202712,2025-09-05,-91.77,,5556816.6,91.77,83.93,5.11,51.73,96.73,97.93,52.05,100.0,-0.0,1.0,45.74,0.66,2.13,94.67,4.94,100.0,74.46
43883,03302101,REVLIMID,HALB,BRAND_MATERIAL_TYPE,202712,2025-09-12,-83.3,,2235178.84,83.3,84.82,10.54,85.83,94.56,97.03,87.47,100.0,-0.0,1.0,30.53,0.5,1.05,25.94,9.97,100.0,73.42
43884,03302101,REVLIMID,HALB,BRAND_MATERIAL_TYPE,202712,2025-09-18,-91.12,,7734641.24,91.12,79.46,73.63,46.42,94.79,97.42,72.1,100.0,-0.0,1.0,51.69,0.94,2.25,53.89,69.79,100.0,72.83
43885,03302101,REVLIMID,HALB,BRAND_MATERIAL_TYPE,202712,2025-09-19,20.39,,286336.1,20.39,82.14,55.1,18.13,62.63,81.62,86.69,100.0,0.0,1.0,33.7,0.82,0.0,-10.18,34.51,100.0,60.65
43886,03302101,REVLIMID,HALB,BRAND_MATERIAL_TYPE,202712,2025-09-26,-17.94,,154130.35,17.94,88.5,59.41,23.63,62.59,82.11,76.72,100.0,-0.0,1.0,33.0,0.46,1.0,-128.37,37.18,100.0,61.97
43887,03302101,REVLIMID,HALB,BRAND_MATERIAL_TYPE,202712,2025-10-03,33.59,,223459.43,33.59,87.07,85.91,27.24,62.49,77.12,80.71,100.0,0.0,1.0,38.61,0.64,0.0,-56.1,53.68,100.0,61.95
43888,03302101,REVLIMID,HALB,BRAND_MATERIAL_TYPE,202712,2025-10-10,,,0.0,,89.66,,,,,,,,,0.0,0.0,0.0,,,,
43889,03302101,REVLIMID,HALB,BRAND_MATERIAL_TYPE,202712,2025-10-17,-17.16,,523885.72,17.16,87.93,64.84,10.01,43.13,67.96,89.11,100.0,-0.0,1.0,51.96,0.56,0.0,32.98,27.96,100.0,54.29
43890,03302101,REVLIMID,HALB,BRAND_MATERIAL_TYPE,202712,2025-10-24,24.57,,1251793.1,24.57,78.63,78.88,50.81,71.3,84.55,56.02,100.0,0.0,1.0,46.74,0.87,0.0,18.91,56.24,100.0,62.88
43891,03302101,REVLIMID,HALB,BRAND_MATERIAL_TYPE,202712,2025-10-31,28.52,,476849.03,28.52,88.79,99.18,29.89,78.83,94.31,97.3,100.0,0.0,1.0,33.98,0.61,0.97,-231.08,78.18,100.0,69.09
43892,03302101,REVLIMID,HALB,BRAND_MATERIAL_TYPE,202712,2025-11-07,-29.03,,1678418.54,29.03,61.74,64.42,28.23,69.78,86.91,74.9,100.0,-0.0,1.0,40.85,0.97,0.0,8.32,44.96,100.0,55.86
43893,03302101,REVLIMID,HALB,BRAND_MATERIAL_TYPE,202712,2025-11-14,92.18,,19420804.44,92.18,85.22,0.18,49.32,99.78,99.95,96.74,100.0,0.0,1.0,11.22,0.23,0.0,90.27,0.18,100.0,74.78
43894,03302101,REVLIMID,HALB,BRAND_MATERIAL_TYPE,202712,2025-11-19,4.58,,2505475.02,4.58,74.78,82.67,24.19,67.81,83.15,55.23,100.0,0.0,1.0,53.49,0.8,0.0,4.12,56.06,100.0,59.71
43895,03302101,REVLIMID,HALB,BRAND_MATERIAL_TYPE,202712,2025-11-21,71.31,,63102778.16,71.31,76.52,1.65,83.56,98.92,99.44,98.71,100.0,0.0,1.0,46.59,0.97,3.41,90.49,1.63,100.0,73.42
43896,03302101,REVLIMID,HALB,BRAND_MATERIAL_TYPE,202712,2025-11-28,-93.49,,1656203.07,93.49,78.63,56.56,35.57,85.93,97.01,74.9,100.0,-0.0,1.0,21.74,0.44,1.09,98.66,48.6,100.0,67.28
43897,03302101,REVLIMID,HALB,BRAND_MATERIAL_TYPE,202712,2025-12-05,-96.42,,63755082.71,96.42,85.22,1.03,97.62,99.27,99.66,98.95,100.0,-0.0,1.0,42.86,0.7,0.0,96.42,1.02,100.0,76.14
43898,03302101,REVLIMID,HALB,BRAND_MATERIAL_TYPE,202712,2025-12-12,99.77,,676793722.57,99.77,83.19,0.19,99.65,99.89,99.96,99.87,100.0,0.0,1.0,23.23,0.43,0.0,98.88,0.19,100.0,74.66
43899,03302101,REVLIMID,HALB,BRAND_MATERIAL_TYPE,202712,2025-12-17,99.77,,676693330.25,99.77,72.88,0.09,99.61,99.84,99.91,99.8,100.0,0.0,1.0,43.02,0.86,0.0,99.24,0.09,100.0,71.97
43900,03302101,REVLIMID,HALB,BRAND_MATERIAL_TYPE,202712,2025-12-19,21.17,,255844.02,21.17,82.05,28.71,28.79,60.25,77.77,74.9,100.0,0.0,1.0,27.08,0.7,6.25,15.29,17.29,100.0,59.25
43901,03302101,REVLIMID,HALB,BRAND_MATERIAL_TYPE,202712,2025-12-26,-83.37,,254710.24,83.37,87.18,81.01,54.15,93.77,99.35,99.69,100.0,-0.0,1.0,16.67,0.31,1.96,13.18,75.96,100.0,73.4
43902,03302101,REVLIMID,HALB,BRAND_MATERIAL_TYPE,202712,2026-01-02,99.98,,813224923.19,99.98,93.22,99.98,99.35,99.6,99.7,99.6,0.01,99.98,-1.0,54.55,0.51,0.0,99.43,99.57,99.97,78.82
43903,03302101,REVLIMID,HALB,BRAND_MATERIAL_TYPE,202712,2026-01-09,-99.98,,1485238221.43,99.98,74.36,0.05,99.71,99.87,99.94,99.81,100.0,-0.0,1.0,24.14,0.65,0.0,99.23,0.05,100.0,71.86
43904,03302101,REVLIMID,HALB,BRAND_MATERIAL_TYPE,202712,2026-01-16,88.84,,7549484.93,88.84,87.83,60.62,19.95,60.82,76.0,53.54,100.0,0.0,1.0,44.55,0.54,0.0,38.33,36.87,100.0,61.26
43905,03302101,REVLIMID,HALB,BRAND_MATERIAL_TYPE,202712,2026-01-23,-98.23,,677953686.01,98.23,77.39,0.71,99.05,99.46,99.62,99.43,101.02,-122.08,-0.09,57.3,0.87,1.12,100.59,0.71,223.11,73.64
43906,03302101,REVLIMID,HALB,BRAND_MATERIAL_TYPE,202712,2026-01-30,-28.34,,4867915.33,28.34,79.13,47.34,19.55,51.99,70.78,50.46,100.0,-0.0,1.0,30.77,0.71,2.2,85.01,24.61,100.0,54.82
43907,03302101,REVLIMID,HALB,BRAND_MATERIAL_TYPE,202712,2026-02-06,-21.05,,819501.72,21.05,88.6,68.72,26.14,64.22,85.43,61.65,100.0,-0.0,1.0,30.69,0.48,0.0,25.39,44.14,100.0,62.74
43908,03302101,REVLIMID,HALB,BRAND_MATERIAL_TYPE,202812,2025-07-18,,,0.0,,100.0,,,,,,,,,0.0,0.0,0.0,,,,
43909,03302101,REVLIMID,HALB,BRAND_MATERIAL_TYPE,202812,2025-07-25,-84.66,,1589752.64,84.66,98.21,100.0,83.43,93.17,96.68,86.08,100.0,-0.0,1.0,28.18,0.28,0.0,122.68,93.17,100.0,77.48
43910,03302101,REVLIMID,HALB,BRAND_MATERIAL_TYPE,202812,2025-08-01,5.28,,137506.76,5.28,98.21,100.0,25.08,73.76,98.81,72.56,100.0,0.0,1.0,15.45,0.2,0.0,-0.76,73.76,100.0,69.44
43911,03302101,REVLIMID,HALB,BRAND_MATERIAL_TYPE,202812,2025-08-08,28.36,,538596.8,28.36,98.21,100.0,29.33,69.35,87.85,87.75,100.0,0.0,1.0,34.55,0.39,0.0,-5.78,69.35,100.0,68.33
43912,03302101,REVLIMID,HALB,BRAND_MATERIAL_TYPE,202812,2025-08-15,95.68,,6492828.25,95.68,98.23,100.0,45.09,88.85,94.17,53.82,100.0,0.0,1.0,68.47,0.74,0.0,47.86,88.85,100.0,77.31
43913,03302101,REVLIMID,HALB,BRAND_MATERIAL_TYPE,202812,2025-08-22,-2.43,,3035732.69,2.43,98.25,100.0,46.06,96.59,99.02,91.47,100.0,-0.0,1.0,35.71,0.49,0.0,17.48,96.59,100.0,79.57
43914,03302101,REVLIMID,HALB,BRAND_MATERIAL_TYPE,202812,2025-08-26,,,0.0,,98.25,,,,,,,,,0.0,0.0,0.0,,,,
43915,03302101,REVLIMID,HALB,BRAND_MATERIAL_TYPE,202812,2025-08-29,-51.65,,144787.12,51.65,94.74,98.03,19.13,60.74,79.29,94.05,100.0,-0.0,1.0,33.33,0.35,0.0,-8.74,59.54,100.0,63.36
43916,03302101,REVLIMID,HALB,BRAND_MATERIAL_TYPE,202812,2025-09-05,-93.18,,4276587.8,93.18,69.64,43.47,47.22,88.96,94.64,64.38,100.0,-0.0,1.0,50.0,0.79,0.0,69.05,38.67,100.0,66.09
43917,03302101,REVLIMID,HALB,BRAND_MATERIAL_TYPE,202812,2025-09-12,-98.71,,2083677.08,98.71,79.46,2.05,92.07,95.26,97.89,93.61,100.0,-0.0,1.0,24.72,0.58,1.12,74.14,1.95,100.0,71.82
43918,03302101,REVLIMID,HALB,BRAND_MATERIAL_TYPE,202812,2025-09-18,-95.02,,6324245.1,95.02,68.75,27.59,31.93,89.14,94.63,54.16,100.0,-0.0,1.0,46.75,1.04,0.0,69.69,24.59,100.0,66.64
43919,03302101,REVLIMID,HALB,BRAND_MATERIAL_TYPE,202812,2025-09-19,63.09,,105144.52,63.09,90.18,48.94,36.71,81.09,93.18,52.44,100.0,0.0,1.0,20.79,0.4,0.0,-7.11,39.69,100.0,69.85
43920,03302101,REVLIMID,HALB,BRAND_MATERIAL_TYPE,202812,2025-09-26,44.23,,31033.04,44.23,92.92,77.52,21.73,62.92,88.5,43.16,100.0,0.0,1.0,19.05,0.35,0.0,-13.13,48.77,100.0,63.51
43921,03302101,REVLIMID,HALB,BRAND_MATERIAL_TYPE,202812,2025-10-03,16.03,,107333.64,16.03,90.52,83.84,37.07,62.42,78.17,50.01,100.0,0.0,1.0,25.71,0.37,0.0,10.84,52.33,100.0,62.41
43922,03302101,REVLIMID,HALB,BRAND_MATERIAL_TYPE,202812,2025-10-10,,,0.0,,97.41,,,,,,,,,0.0,0.0,0.0,,,,
43923,03302101,REVLIMID,HALB,BRAND_MATERIAL_TYPE,202812,2025-10-17,-7.11,,210468.6,7.11,81.03,64.92,21.16,51.2,66.91,73.64,100.0,-0.0,1.0,44.68,0.53,0.0,-3.99,33.24,100.0,54.68
43924,03302101,REVLIMID,HALB,BRAND_MATERIAL_TYPE,202812,2025-10-24,47.2,,993040.32,47.2,76.92,83.01,64.05,84.5,91.35,69.08,100.0,0.0,1.0,32.22,0.71,1.11,419.33,70.15,100.0,66.93
43925,03302101,REVLIMID,HALB,BRAND_MATERIAL_TYPE,202812,2025-10-31,47.55,,354361.71,47.55,92.24,59.37,40.22,81.77,93.43,94.45,100.0,0.0,1.0,22.43,0.34,1.87,106.38,48.54,100.0,70.72
43926,03302101,REVLIMID,HALB,BRAND_MATERIAL_TYPE,202812,2025-11-07,50.88,,914769.85,50.88,81.74,11.4,58.88,85.72,91.46,94.59,100.0,0.0,1.0,20.21,0.44,0.0,-6.68,9.77,100.0,68.46
43927,03302101,REVLIMID,HALB,BRAND_MATERIAL_TYPE,202812,2025-11-14,92.5,,20268276.46,92.5,86.96,3.35,89.24,96.76,98.59,93.75,100.0,0.0,1.0,54.0,0.64,1.0,79.34,3.24,100.0,75.63
43928,03302101,REVLIMID,HALB,BRAND_MATERIAL_TYPE,202812,2025-11-19,56.87,,2102455.0,56.87,66.09,53.01,18.78,59.36,75.89,51.25,100.0,0.0,1.0,43.42,1.07,5.26,-55.67,31.47,100.0,53.74
43929,03302101,REVLIMID,HALB,BRAND_MATERIAL_TYPE,202812,2025-11-21,98.12,,44160089.21,98.12,71.3,0.65,98.76,99.53,99.7,99.24,100.0,0.0,1.0,32.93,0.97,2.44,99.62,0.64,100.0,71.55
43930,03302101,REVLIMID,HALB,BRAND_MATERIAL_TYPE,202812,2025-11-28,-0.81,,1625229.91,0.81,91.45,59.12,43.6,90.25,98.12,85.63,100.0,-0.0,1.0,23.36,0.43,0.0,1.1,53.35,100.0,74.1
43931,03302101,REVLIMID,HALB,BRAND_MATERIAL_TYPE,202812,2025-12-05,84.04,,782785178.33,84.04,84.35,91.95,91.89,99.95,99.98,99.94,100.0,0.0,1.0,43.3,0.73,0.0,100.15,91.91,100.0,76.15
43932,03302101,REVLIMID,HALB,BRAND_MATERIAL_TYPE,202812,2025-12-12,-3.32,,1392938431.43,3.32,78.15,51.66,51.65,99.98,99.99,99.97,100.0,-0.0,1.0,24.73,0.58,0.0,122.63,51.65,100.0,73.19
43933,03302101,REVLIMID,HALB,BRAND_MATERIAL_TYPE,202812,2025-12-17,99.84,,674094448.78,99.84,83.05,0.17,99.8,99.9,99.95,99.89,100.0,0.0,1.0,48.98,0.95,3.06,99.0,0.17,100.0,76.35
43934,03302101,REVLIMID,HALB,BRAND_MATERIAL_TYPE,202812,2025-12-19,-46.5,,200214.13,46.5,87.18,76.85,22.45,55.53,75.57,56.38,100.0,-0.0,1.0,28.43,0.5,0.98,-14.09,42.68,100.0,58.74
43935,03302101,REVLIMID,HALB,BRAND_MATERIAL_TYPE,202812,2025-12-26,-26.26,,262790.95,26.26,88.89,65.26,52.49,89.21,98.38,99.44,100.0,-0.0,1.0,14.42,0.26,0.96,4.88,58.22,100.0,72.12
43936,03302101,REVLIMID,HALB,BRAND_MATERIAL_TYPE,202812,2026-01-02,99.82,,813451671.27,99.82,95.76,99.9,99.13,99.6,99.71,99.64,0.0,100.01,-1.0,54.87,0.47,0.0,99.46,99.5,100.0,79.73
43937,03302101,REVLIMID,HALB,BRAND_MATERIAL_TYPE,202812,2026-01-09,-99.85,,1480099299.77,99.85,88.89,0.11,99.86,99.95,99.99,99.93,100.0,-0.0,1.0,33.65,0.49,0.96,99.89,0.11,100.0,77.16
43938,03302101,REVLIMID,HALB,BRAND_MATERIAL_TYPE,202812,2026-01-16,-17.44,,3586006.26,17.44,87.83,80.49,44.49,81.14,92.1,69.73,100.0,-0.0,1.0,31.68,0.5,0.99,-717.23,65.31,100.0,69.27
43939,03302101,REVLIMID,HALB,BRAND_MATERIAL_TYPE,202812,2026-01-23,-98.14,,679906251.05,98.14,80.87,0.88,99.0,99.52,99.64,99.51,100.84,-121.7,-0.09,55.91,0.91,3.23,100.44,0.88,222.54,75.2
43940,03302101,REVLIMID,HALB,BRAND_MATERIAL_TYPE,202812,2026-01-30,-1.3,,7297324.5,1.3,72.17,53.79,26.21,67.44,79.88,70.31,100.0,-0.0,1.0,32.53,0.78,0.0,22.83,36.28,100.0,58.46
43941,03302101,REVLIMID,HALB,BRAND_MATERIAL_TYPE,202812,2026-02-06,-46.93,,746862.11,46.93,85.09,71.67,23.9,59.93,85.43,56.39,100.0,-0.0,1.0,29.9,0.54,0.0,23.53,42.95,100.0,59.82
43942,03302101,REVLIMID,PACK,BRAND_MATERIAL_TYPE,202612,2025-07-18,,,0.0,,100.0,,,,,,,,,0.0,0.0,0.0,,,,
43943,03302101,REVLIMID,PACK,BRAND_MATERIAL_TYPE,202612,2025-07-25,6.08,,24253.82,6.08,100.0,100.0,32.85,78.53,92.94,72.38,100.0,0.0,1.0,19.17,0.19,0.0,-0.05,78.53,100.0,72.05
43944,03302101,REVLIMID,PACK,BRAND_MATERIAL_TYPE,202612,2025-08-01,-84.05,,72000.11,84.05,100.0,100.0,18.78,63.01,89.74,93.56,100.0,-0.0,1.0,25.0,0.28,0.0,25.88,63.01,100.0,66.12
43945,03302101,REVLIMID,PACK,BRAND_MATERIAL_TYPE,202612,2025-08-08,87.04,,78584.33,87.04,100.0,100.0,36.6,75.22,86.88,85.66,100.0,0.0,1.0,37.5,0.43,0.0,-4.95,75.22,100.0,71.53
43946,03302101,REVLIMID,PACK,BRAND_MATERIAL_TYPE,202612,2025-08-15,-51.56,,47440.42,51.56,100.0,100.0,25.88,61.94,82.34,84.3,100.0,-0.0,1.0,36.36,0.45,0.0,-0.24,61.94,100.0,66.29
43947,03302101,REVLIMID,PACK,BRAND_MATERIAL_TYPE,202612,2025-08-22,-64.41,,59271.23,64.41,99.17,100.0,28.82,72.25,88.55,80.77,100.0,-0.0,1.0,34.17,0.52,0.0,-4.69,72.25,100.0,70.31
43948,03302101,REVLIMID,PACK,BRAND_MATERIAL_TYPE,202612,2025-08-26,,,0.0,,99.17,,,,,,,,,0.0,0.0,0.0,,,,
43949,03302101,REVLIMID,PACK,BRAND_MATERIAL_TYPE,202612,2025-08-29,90.37,,20558.35,90.37,99.17,100.0,34.9,88.43,96.47,81.02,100.0,0.0,1.0,20.83,0.21,0.0,5.97,88.43,100.0,75.76
43950,03302101,REVLIMID,PACK,BRAND_MATERIAL_TYPE,202612,2025-09-05,-67.46,,57708.42,67.46,94.21,84.94,38.41,69.25,81.55,75.57,100.0,-0.0,1.0,31.58,0.41,0.88,0.44,58.82,100.0,66.76
43951,03302101,REVLIMID,PACK,BRAND_MATERIAL_TYPE,202612,2025-09-12,4.72,,31905.11,4.72,90.91,82.3,16.95,57.96,79.95,74.77,100.0,0.0,1.0,24.55,0.41,0.91,-0.06,47.7,100.0,60.93
43952,03302101,REVLIMID,PACK,BRAND_MATERIAL_TYPE,202612,2025-09-18,27.56,,139744.7,27.56,87.29,51.48,17.46,52.64,65.46,90.46,100.0,0.0,1.0,44.66,0.81,1.94,-0.32,27.1,100.0,58.68
43953,03302101,REVLIMID,PACK,BRAND_MATERIAL_TYPE,202612,2025-09-19,17.86,,126864.17,17.86,74.58,38.01,19.84,61.15,74.89,95.96,100.0,0.0,1.0,35.23,0.74,0.0,-4.17,23.24,100.0,56.75
43954,03302101,REVLIMID,PACK,BRAND_MATERIAL_TYPE,202612,2025-09-26,22.78,,70550.99,22.78,91.67,65.05,31.28,83.04,94.96,83.69,100.0,0.0,1.0,28.28,0.43,0.0,18.05,54.02,100.0,71.3
43955,03302101,REVLIMID,PACK,BRAND_MATERIAL_TYPE,202612,2025-10-03,-51.4,,70708.82,51.4,88.89,53.8,14.03,53.47,78.72,66.3,100.0,-0.0,1.0,25.96,0.43,0.96,-8.95,28.77,100.0,58.37
43956,03302101,REVLIMID,PACK,BRAND_MATERIAL_TYPE,202612,2025-10-10,,,0.0,,88.03,,,,,,,,,0.0,0.0,0.0,,,,
43957,03302101,REVLIMID,PACK,BRAND_MATERIAL_TYPE,202612,2025-10-17,-30.91,,191457.69,30.91,93.22,77.55,12.16,41.95,61.55,92.64,100.0,-0.0,1.0,60.91,0.69,0.0,-5.25,32.53,100.0,56.36
43958,03302101,REVLIMID,PACK,BRAND_MATERIAL_TYPE,202612,2025-10-24,-54.51,,227277.59,54.51,78.86,28.85,27.95,60.6,77.36,90.78,100.0,-0.0,1.0,46.39,0.89,3.09,-5.95,17.49,100.0,58.74
43959,03302101,REVLIMID,PACK,BRAND_MATERIAL_TYPE,202612,2025-10-31,-84.72,,163542.23,84.72,86.18,12.27,66.97,85.1,91.17,90.42,100.0,-0.0,1.0,33.02,0.64,2.83,12.31,10.44,100.0,70.65
43960,03302101,REVLIMID,PACK,BRAND_MATERIAL_TYPE,202612,2025-11-07,28.3,,106384.07,28.3,92.68,93.04,9.09,39.21,61.65,79.5,100.0,0.0,1.0,42.98,0.68,4.39,-13.66,36.48,100.0,55.04
43961,03302101,REVLIMID,PACK,BRAND_MATERIAL_TYPE,202612,2025-11-14,-18.08,,71408.43,18.08,85.59,84.82,31.09,62.99,81.0,64.2,100.0,-0.0,1.0,32.67,0.49,0.99,-0.03,53.43,100.0,61.07
43962,03302101,REVLIMID,PACK,BRAND_MATERIAL_TYPE,202612,2025-11-19,-9.44,,154971.01,9.44,88.14,85.37,23.83,56.05,72.12,88.43,100.0,-0.0,1.0,61.54,0.95,3.85,-0.26,47.85,100.0,60.84
43963,03302101,REVLIMID,PACK,BRAND_MATERIAL_TYPE,202612,2025-11-21,-52.64,,63091.13,52.64,82.2,71.73,26.01,60.97,81.82,73.44,100.0,-0.0,1.0,29.9,0.64,2.06,-0.12,43.73,100.0,59.42
43964,03302101,REVLIMID,PACK,BRAND_MATERIAL_TYPE,202612,2025-11-28,23.7,,62952.04,23.7,92.37,73.95,16.67,49.73,74.95,88.31,100.0,0.0,1.0,28.44,0.54,1.83,-1.0,36.78,100.0,58.65
43965,03302101,REVLIMID,PACK,BRAND_MATERIAL_TYPE,202612,2025-12-05,34.36,,81984.66,34.36,86.44,83.62,26.13,60.8,75.82,76.97,100.0,0.0,1.0,37.25,0.71,0.0,-0.04,50.84,100.0,61.27
43966,03302101,REVLIMID,PACK,BRAND_MATERIAL_TYPE,202612,2025-12-12,-79.19,,89635.61,79.19,87.07,88.07,29.52,67.54,86.91,87.46,100.0,-0.0,1.0,21.78,0.42,1.98,-0.01,59.48,100.0,63.25
43967,03302101,REVLIMID,PACK,BRAND_MATERIAL_TYPE,202612,2025-12-17,-19.71,,209949.39,19.71,88.79,68.25,13.01,44.14,62.48,88.02,100.0,-0.0,1.0,51.46,0.88,0.97,-0.01,30.13,100.0,56.11
43968,03302101,REVLIMID,PACK,BRAND_MATERIAL_TYPE,202612,2025-12-19,71.85,,47118.17,71.85,74.14,18.26,49.57,80.6,90.46,75.13,100.0,0.0,1.0,18.6,0.64,1.16,4.67,14.72,100.0,64.02
43969,03302101,REVLIMID,PACK,BRAND_MATERIAL_TYPE,202612,2025-12-26,29.07,,50699.32,29.07,94.83,99.36,52.0,81.91,96.17,72.92,100.0,0.0,1.0,14.55,0.22,0.91,-0.96,81.39,100.0,71.41
43970,03302101,REVLIMID,PACK,BRAND_MATERIAL_TYPE,202612,2026-01-02,-19.02,,100935.07,19.02,94.83,74.82,10.96,34.18,53.49,72.59,-33.46,135.0,-0.63,86.36,0.21,0.0,-0.0,25.57,168.45,52.29
43971,03302101,REVLIMID,PACK,BRAND_MATERIAL_TYPE,202612,2026-01-09,23.03,,54034.71,23.03,93.97,58.66,17.01,55.9,81.41,52.45,100.0,0.0,1.0,26.61,0.37,0.0,-0.0,32.79,100.0,61.18
43972,03302101,REVLIMID,PACK,BRAND_MATERIAL_TYPE,202612,2026-01-16,-80.73,,330101.13,80.73,54.78,34.11,10.24,28.91,45.1,75.48,100.0,-0.0,1.0,66.67,0.97,0.0,-2.87,9.86,100.0,36.7
43973,03302101,REVLIMID,PACK,BRAND_MATERIAL_TYPE,202612,2026-01-23,-54.01,,362221.32,54.01,49.57,37.45,7.4,29.43,47.83,76.46,96.0,12.17,0.58,56.14,1.68,0.0,0.03,11.02,83.83,37.19
43974,03302101,REVLIMID,PACK,BRAND_MATERIAL_TYPE,202612,2026-01-30,38.59,,78216.11,38.59,80.0,41.9,20.08,68.36,85.16,99.27,100.0,0.0,1.0,36.96,1.01,1.09,2005.24,28.64,100.0,62.7
43975,03302101,REVLIMID,PACK,BRAND_MATERIAL_TYPE,202612,2026-02-06,19.11,,72021.52,19.11,85.22,46.45,8.34,40.51,68.56,99.74,100.0,0.0,1.0,34.69,0.86,0.0,-1.29,18.82,100.0,53.16
43976,03302101,REVLIMID,PACK,BRAND_MATERIAL_TYPE,202712,2025-07-18,,,0.0,,100.0,,,,,,,,,0.0,0.0,0.0,,,,
43977,03302101,REVLIMID,PACK,BRAND_MATERIAL_TYPE,202712,2025-07-25,39.15,,18493.05,39.15,100.0,100.0,29.84,69.24,91.8,63.78,100.0,0.0,1.0,19.17,0.19,0.0,-0.33,69.24,100.0,68.34
43978,03302101,REVLIMID,PACK,BRAND_MATERIAL_TYPE,202712,2025-08-01,-79.98,,69313.57,79.98,100.0,100.0,19.51,65.45,93.22,97.18,100.0,-0.0,1.0,25.0,0.28,0.0,-14.57,65.45,100.0,67.1
43979,03302101,REVLIMID,PACK,BRAND_MATERIAL_TYPE,202712,2025-08-08,70.19,,90867.21,70.19,100.0,100.0,31.66,74.03,87.09,74.08,100.0,0.0,1.0,37.5,0.47,0.0,-1.06,74.03,100.0,71.17
43980,03302101,REVLIMID,PACK,BRAND_MATERIAL_TYPE,202712,2025-08-15,-45.78,,45853.91,45.78,100.0,100.0,26.78,64.08,80.99,87.22,100.0,-0.0,1.0,35.54,0.43,0.0,-0.16,64.08,100.0,67.06
43981,03302101,REVLIMID,PACK,BRAND_MATERIAL_TYPE,202712,2025-08-22,-89.31,,61199.23,89.31,99.17,100.0,27.91,71.24,85.98,78.22,100.0,-0.0,1.0,34.17,0.5,0.0,-5.29,71.24,100.0,69.82
43982,03302101,REVLIMID,PACK,BRAND_MATERIAL_TYPE,202712,2025-08-26,,,0.0,,99.17,,,,,,,,,0.0,0.0,0.0,,,,
43983,03302101,REVLIMID,PACK,BRAND_MATERIAL_TYPE,202712,2025-08-29,85.64,,18200.6,85.64,99.17,100.0,39.42,88.69,95.74,91.52,100.0,0.0,1.0,20.0,0.21,0.0,3.61,88.69,100.0,75.83
43984,03302101,REVLIMID,PACK,BRAND_MATERIAL_TYPE,202712,2025-09-05,-44.88,,60643.95,44.88,94.21,75.21,36.55,74.51,86.4,71.91,100.0,-0.0,1.0,31.58,0.38,0.88,0.51,56.04,100.0,68.76
43985,03302101,REVLIMID,PACK,BRAND_MATERIAL_TYPE,202712,2025-09-12,-4.01,,45498.73,4.01,90.91,77.95,15.21,54.89,77.63,52.43,100.0,-0.0,1.0,24.55,0.38,0.91,0.03,42.79,100.0,59.59
43986,03302101,REVLIMID,PACK,BRAND_MATERIAL_TYPE,202712,2025-09-18,29.61,,139665.18,29.61,83.05,48.77,17.47,52.72,66.99,90.51,100.0,0.0,1.0,41.84,0.8,1.02,-0.32,25.71,100.0,56.96
43987,03302101,REVLIMID,PACK,BRAND_MATERIAL_TYPE,202712,2025-09-19,15.23,,122962.33,15.23,75.42,36.82,20.46,63.09,77.27,99.0,100.0,0.0,1.0,35.96,0.77,0.0,-3.26,23.23,100.0,57.98
43988,03302101,REVLIMID,PACK,BRAND_MATERIAL_TYPE,202712,2025-09-26,35.8,,62990.89,35.8,92.59,60.85,35.03,90.05,97.28,93.73,100.0,0.0,1.0,24.0,0.4,0.0,104.71,54.8,100.0,74.38
43989,03302101,REVLIMID,PACK,BRAND_MATERIAL_TYPE,202712,2025-10-03,-37.78,,73146.32,37.78,89.74,60.39,13.56,51.81,78.66,64.09,100.0,-0.0,1.0,25.71,0.38,0.95,20.65,31.29,100.0,57.91
43990,03302101,REVLIMID,PACK,BRAND_MATERIAL_TYPE,202712,2025-10-10,,,0.0,,88.03,,,,,,,,,0.0,0.0,0.0,,,,
43991,03302101,REVLIMID,PACK,BRAND_MATERIAL_TYPE,202712,2025-10-17,-27.61,,198686.85,27.61,93.22,77.22,11.72,40.43,59.63,89.27,100.0,-0.0,1.0,60.91,0.69,0.0,20.13,31.22,100.0,55.75
43992,03302101,REVLIMID,PACK,BRAND_MATERIAL_TYPE,202712,2025-10-24,-55.27,,224187.08,55.27,77.24,26.35,28.33,61.44,76.95,92.04,100.0,-0.0,1.0,45.26,0.91,4.21,-7.62,16.19,100.0,58.51
43993,03302101,REVLIMID,PACK,BRAND_MATERIAL_TYPE,202712,2025-10-31,-88.22,,150917.66,88.22,85.37,8.94,72.57,88.15,92.79,97.65,100.0,-0.0,1.0,28.57,0.66,2.86,226.26,7.88,100.0,71.6
43994,03302101,REVLIMID,PACK,BRAND_MATERIAL_TYPE,202712,2025-11-07,63.3,,213114.51,63.3,93.5,93.56,27.71,59.7,75.8,79.71,100.0,0.0,1.0,44.35,0.66,4.35,-2.3,55.85,100.0,63.47
43995,03302101,REVLIMID,PACK,BRAND_MATERIAL_TYPE,202712,2025-11-14,-38.09,,79257.18,38.09,82.2,45.83,20.64,62.8,87.1,51.71,100.0,-0.0,1.0,29.9,0.45,1.03,-0.15,28.79,100.0,59.5
43996,03302101,REVLIMID,PACK,BRAND_MATERIAL_TYPE,202712,2025-11-19,-3.56,,160593.1,3.56,90.68,84.04,23.0,54.09,70.94,85.31,100.0,-0.0,1.0,62.62,0.96,3.74,-0.21,45.45,100.0,61.1
43997,03302101,REVLIMID,PACK,BRAND_MATERIAL_TYPE,202712,2025-11-21,-88.37,,122258.48,88.37,80.51,85.25,40.38,81.13,94.37,82.9,100.0,-0.0,1.0,26.32,0.6,1.05,-0.22,69.17,100.0,66.66
43998,03302101,REVLIMID,PACK,BRAND_MATERIAL_TYPE,202712,2025-11-28,25.14,,56851.4,25.14,90.68,68.15,18.46,54.8,78.49,88.74,100.0,0.0,1.0,27.1,0.51,1.87,-0.91,37.35,100.0,59.89
43999,03302101,REVLIMID,PACK,BRAND_MATERIAL_TYPE,202712,2025-12-05,50.65,,92348.45,50.65,88.98,74.3,24.51,66.14,79.87,73.24,100.0,0.0,1.0,38.1,0.65,0.95,-0.07,49.15,100.0,64.23
44000,03302101,REVLIMID,PACK,BRAND_MATERIAL_TYPE,202712,2025-12-12,-84.12,,83972.15,84.12,87.07,88.15,31.51,72.09,89.15,93.36,100.0,-0.0,1.0,23.76,0.42,1.98,-0.01,63.55,100.0,65.07
44001,03302101,REVLIMID,PACK,BRAND_MATERIAL_TYPE,202712,2025-12-17,-18.85,,212117.79,18.85,86.21,65.91,12.87,43.69,65.27,87.1,100.0,-0.0,1.0,50.0,0.88,1.0,-0.01,28.8,100.0,54.89
44002,03302101,REVLIMID,PACK,BRAND_MATERIAL_TYPE,202712,2025-12-19,68.9,,41478.51,68.9,75.86,14.39,56.31,85.15,93.99,85.34,100.0,0.0,1.0,20.45,0.61,1.14,8.06,12.25,100.0,66.45
44003,03302101,REVLIMID,PACK,BRAND_MATERIAL_TYPE,202712,2025-12-26,49.89,,40192.07,49.89,93.97,98.86,65.6,90.94,97.38,91.99,100.0,0.0,1.0,13.76,0.24,0.92,-1.24,89.91,100.0,74.77
44004,03302101,REVLIMID,PACK,BRAND_MATERIAL_TYPE,202712,2026-01-02,-29.86,,84891.35,29.86,95.69,79.02,13.04,37.64,53.79,86.31,-4.45,105.26,-0.92,83.78,0.21,0.0,-0.0,29.74,109.71,54.02
44005,03302101,REVLIMID,PACK,BRAND_MATERIAL_TYPE,202712,2026-01-09,70.99,,37642.0,70.99,99.14,75.58,24.42,61.1,86.08,68.26,100.0,0.0,1.0,27.83,0.35,0.0,-0.0,46.18,100.0,65.27
44006,03302101,REVLIMID,PACK,BRAND_MATERIAL_TYPE,202712,2026-01-16,-90.54,,453509.94,90.54,39.13,19.93,9.94,33.91,48.7,81.38,100.0,-0.0,1.0,60.0,0.95,0.0,-2.35,6.76,100.0,32.38
44007,03302101,REVLIMID,PACK,BRAND_MATERIAL_TYPE,202712,2026-01-23,-25.86,,407422.87,25.86,47.83,37.17,10.31,33.87,49.32,82.15,85.65,23.52,0.67,43.64,1.62,0.0,0.02,12.59,62.13,38.07
44008,03302101,REVLIMID,PACK,BRAND_MATERIAL_TYPE,202712,2026-01-30,97.46,,255309.11,97.46,74.78,28.49,17.12,45.22,63.39,99.89,100.0,0.0,1.0,34.88,0.86,3.49,-15.33,12.88,100.0,50.87
44009,03302101,REVLIMID,PACK,BRAND_MATERIAL_TYPE,202712,2026-02-06,25.59,,70251.81,25.59,80.87,23.87,12.28,50.71,70.61,99.82,100.0,0.0,1.0,29.03,0.7,0.0,-2.65,12.11,100.0,54.95
44010,03302101,REVLIMID,PACK,BRAND_MATERIAL_TYPE,202812,2025-07-18,,,0.0,,100.0,,,,,,,,,0.0,0.0,0.0,,,,
44011,03302101,REVLIMID,PACK,BRAND_MATERIAL_TYPE,202812,2025-07-25,55.62,,15925.53,55.62,100.0,100.0,34.65,78.31,95.16,57.94,100.0,0.0,1.0,19.17,0.19,0.0,-0.81,78.31,100.0,71.96
44012,03302101,REVLIMID,PACK,BRAND_MATERIAL_TYPE,202812,2025-08-01,-13.63,,12513.53,13.63,100.0,100.0,38.63,91.12,97.8,84.11,100.0,-0.0,1.0,18.92,0.2,0.0,0.18,91.12,100.0,77.11
44013,03302101,REVLIMID,PACK,BRAND_MATERIAL_TYPE,202812,2025-08-08,84.15,,82065.66,84.15,100.0,100.0,35.05,73.99,87.55,82.02,100.0,0.0,1.0,40.54,0.5,0.0,-2.61,73.99,100.0,71.25
44014,03302101,REVLIMID,PACK,BRAND_MATERIAL_TYPE,202812,2025-08-15,-45.34,,44169.18,45.34,100.0,100.0,27.8,66.52,84.08,90.54,100.0,-0.0,1.0,38.39,0.48,0.0,-0.15,66.52,100.0,68.22
44015,03302101,REVLIMID,PACK,BRAND_MATERIAL_TYPE,202812,2025-08-22,-91.03,,54054.48,91.03,99.11,100.0,31.6,69.52,84.87,88.56,100.0,-0.0,1.0,36.94,0.53,0.0,11.66,69.52,100.0,69.21
44016,03302101,REVLIMID,PACK,BRAND_MATERIAL_TYPE,202812,2025-08-26,,,0.0,,99.11,,,,,,,,,0.0,0.0,0.0,,,,
44017,03302101,REVLIMID,PACK,BRAND_MATERIAL_TYPE,202812,2025-08-29,87.35,,19562.66,87.35,99.11,100.0,36.67,86.25,95.47,85.15,100.0,0.0,1.0,21.62,0.22,0.0,2.0,86.25,100.0,74.89
44018,03302101,REVLIMID,PACK,BRAND_MATERIAL_TYPE,202812,2025-09-05,-69.89,,57219.64,69.89,93.52,84.27,38.73,69.62,82.66,76.21,100.0,-0.0,1.0,35.64,0.43,0.99,0.69,58.67,100.0,66.67
44019,03302101,REVLIMID,PACK,BRAND_MATERIAL_TYPE,202812,2025-09-12,5.19,,33117.23,5.19,89.81,77.35,16.33,55.12,74.35,72.04,100.0,0.0,1.0,27.84,0.42,2.06,-0.06,42.63,100.0,59.36
44020,03302101,REVLIMID,PACK,BRAND_MATERIAL_TYPE,202812,2025-09-18,29.66,,133740.05,29.66,84.26,50.49,18.24,55.0,68.39,92.33,100.0,0.0,1.0,43.96,0.82,1.1,-0.46,27.77,100.0,58.45
44021,03302101,REVLIMID,PACK,BRAND_MATERIAL_TYPE,202812,2025-09-19,20.39,,121430.41,20.39,80.56,37.18,20.72,63.89,78.24,97.84,100.0,0.0,1.0,36.78,0.78,0.0,-2.65,23.75,100.0,60.37
44022,03302101,REVLIMID,PACK,BRAND_MATERIAL_TYPE,202812,2025-09-26,30.36,,65565.58,30.36,91.67,62.36,33.66,87.33,97.19,90.05,100.0,0.0,1.0,23.23,0.44,0.0,-19.04,54.46,100.0,73.05
44023,03302101,REVLIMID,PACK,BRAND_MATERIAL_TYPE,202812,2025-10-03,-60.34,,45326.67,60.34,89.52,56.19,21.89,68.1,91.98,81.43,100.0,-0.0,1.0,26.6,0.47,1.06,-17.23,38.26,100.0,64.61
44024,03302101,REVLIMID,PACK,BRAND_MATERIAL_TYPE,202812,2025-10-10,,,0.0,,87.62,,,,,,,,,0.0,0.0,0.0,,,,
44025,03302101,REVLIMID,PACK,BRAND_MATERIAL_TYPE,202812,2025-10-17,-31.37,,178892.18,31.37,96.23,81.37,13.02,44.9,65.05,93.57,100.0,-0.0,1.0,66.67,0.68,0.0,-14.96,36.53,100.0,58.71
44026,03302101,REVLIMID,PACK,BRAND_MATERIAL_TYPE,202812,2025-10-24,-29.97,,124367.55,29.97,81.19,44.91,20.98,52.55,74.06,91.06,100.0,-0.0,1.0,48.78,1.01,6.1,-33.35,23.6,100.0,56.86
44027,03302101,REVLIMID,PACK,BRAND_MATERIAL_TYPE,202812,2025-10-31,-0.24,,22375.23,0.24,87.13,62.89,16.87,52.46,71.14,70.63,100.0,-0.0,1.0,31.82,0.7,3.41,-0.03,33.0,100.0,58.18
44028,03302101,REVLIMID,PACK,BRAND_MATERIAL_TYPE,202812,2025-11-07,10.26,,60148.07,10.26,92.16,77.99,16.07,54.11,78.7,85.76,100.0,0.0,1.0,45.74,0.76,5.32,-0.09,42.2,100.0,61.05
44029,03302101,REVLIMID,PACK,BRAND_MATERIAL_TYPE,202812,2025-11-14,29.05,,17413.45,29.05,87.25,98.21,31.08,75.2,87.97,60.57,100.0,0.0,1.0,34.83,0.44,1.12,0.02,73.86,100.0,66.45
44030,03302101,REVLIMID,PACK,BRAND_MATERIAL_TYPE,202812,2025-11-19,-2.03,,147239.77,2.03,92.31,83.87,25.09,59.0,75.76,92.59,100.0,-0.0,1.0,68.75,1.04,3.12,0.14,49.48,100.0,63.98
44031,03302101,REVLIMID,PACK,BRAND_MATERIAL_TYPE,202812,2025-11-21,-27.51,,28271.66,27.51,80.77,28.74,28.64,67.42,85.92,56.15,100.0,-0.0,1.0,27.38,0.69,1.19,-0.02,19.37,100.0,61.58
44032,03302101,REVLIMID,PACK,BRAND_MATERIAL_TYPE,202812,2025-11-28,23.06,,55569.24,23.06,89.42,64.79,18.89,56.07,78.89,90.79,100.0,0.0,1.0,29.03,0.57,2.15,-1.07,36.33,100.0,60.09
44033,03302101,REVLIMID,PACK,BRAND_MATERIAL_TYPE,202812,2025-12-05,14.44,,50344.57,14.44,88.07,68.9,25.32,64.02,81.64,68.91,100.0,0.0,1.0,36.46,0.62,0.0,0.0,44.11,100.0,62.92
44034,03302101,REVLIMID,PACK,BRAND_MATERIAL_TYPE,202812,2025-12-12,-93.0,,83141.14,93.0,88.07,87.11,31.83,72.81,90.74,94.29,100.0,-0.0,1.0,22.92,0.46,2.08,0.21,63.42,100.0,65.88
44035,03302101,REVLIMID,PACK,BRAND_MATERIAL_TYPE,202812,2025-12-17,-51.12,,170351.52,51.12,90.83,64.43,16.03,47.69,66.86,88.93,100.0,-0.0,1.0,51.52,0.89,1.01,-0.01,30.73,100.0,58.37
44036,03302101,REVLIMID,PACK,BRAND_MATERIAL_TYPE,202812,2025-12-19,70.89,,43723.65,70.89,78.9,20.39,53.42,78.9,88.61,80.88,100.0,0.0,1.0,23.26,0.65,2.33,4.69,16.09,100.0,65.29
44037,03302101,REVLIMID,PACK,BRAND_MATERIAL_TYPE,202812,2025-12-26,57.26,,43245.02,57.26,93.58,99.69,60.97,85.85,97.26,85.49,100.0,0.0,1.0,15.69,0.24,0.98,-1.75,85.58,100.0,72.56
44038,03302101,REVLIMID,PACK,BRAND_MATERIAL_TYPE,202812,2026-01-02,-38.04,,85897.09,38.04,94.83,75.79,12.88,37.2,52.82,84.79,14.59,83.46,-0.86,83.64,0.22,0.0,-0.0,28.19,68.86,53.56
44039,03302101,REVLIMID,PACK,BRAND_MATERIAL_TYPE,202812,2026-01-09,56.36,,37839.14,56.36,95.69,64.28,24.3,60.65,84.83,67.9,100.0,0.0,1.0,28.83,0.39,0.0,-0.0,38.99,100.0,63.83
44040,03302101,REVLIMID,PACK,BRAND_MATERIAL_TYPE,202812,2026-01-16,-83.06,,387006.86,83.06,45.22,27.9,11.56,34.47,48.15,81.8,100.0,-0.0,1.0,65.38,0.96,0.0,-368.62,9.62,100.0,35.06
44041,03302101,REVLIMID,PACK,BRAND_MATERIAL_TYPE,202812,2026-01-23,-56.98,,375566.6,56.98,44.35,31.33,8.34,31.78,44.78,82.16,96.29,12.12,0.65,50.98,1.68,3.92,0.03,9.96,84.16,36.05
44042,03302101,REVLIMID,PACK,BRAND_MATERIAL_TYPE,202812,2026-01-30,61.19,,97673.5,61.19,73.04,24.16,14.35,52.37,76.8,99.89,100.0,0.0,1.0,32.14,1.03,0.0,-14.38,12.65,100.0,53.62
44043,03302101,REVLIMID,PACK,BRAND_MATERIAL_TYPE,202812,2026-02-06,32.79,,75228.72,32.79,80.87,20.82,13.86,51.07,73.31,99.64,100.0,0.0,1.0,32.26,0.69,0.0,-1.66,10.63,100.0,55.07
44044,03302101,REVLIMID,RAW,BRAND_MATERIAL_TYPE,202612,2025-07-18,,,0.0,,100.0,,,,,,,,,0.0,0.0,0.0,,,,
44045,03302101,REVLIMID,RAW,BRAND_MATERIAL_TYPE,202612,2025-07-25,-100.0,,6114.5,100.0,100.0,100.0,100.0,100.0,100.0,100.0,100.0,-0.0,1.0,12.5,0.12,0.0,0.22,100.0,100.0,80.42
44046,03302101,REVLIMID,RAW,BRAND_MATERIAL_TYPE,202612,2025-08-01,-100.0,,1953.0,100.0,100.0,100.0,100.0,100.0,100.0,100.0,100.0,-0.0,1.0,12.5,0.12,0.0,0.84,100.0,100.0,80.42
44047,03302101,REVLIMID,RAW,BRAND_MATERIAL_TYPE,202612,2025-08-08,,,0.0,,100.0,,,,,,,,,0.0,0.0,0.0,-0.0,,,
44048,03302101,REVLIMID,RAW,BRAND_MATERIAL_TYPE,202612,2025-08-15,,,0.0,,100.0,,,,,,,,,0.0,0.0,0.0,0.0,,,
44049,03302101,REVLIMID,RAW,BRAND_MATERIAL_TYPE,202612,2025-08-22,-100.0,,12822.16,100.0,100.0,100.0,86.94,100.0,100.0,100.0,100.0,-0.0,1.0,25.0,0.25,0.0,-1.57,100.0,100.0,80.83
44050,03302101,REVLIMID,RAW,BRAND_MATERIAL_TYPE,202612,2025-08-26,,,0.0,,100.0,,,,,,,,,0.0,0.0,0.0,,,,
44051,03302101,REVLIMID,RAW,BRAND_MATERIAL_TYPE,202612,2025-08-29,,,0.0,,100.0,,,,,,,,,0.0,0.0,0.0,0.0,,,
44052,03302101,REVLIMID,RAW,BRAND_MATERIAL_TYPE,202612,2025-09-05,61.29,,1741.09,61.29,100.0,100.0,80.64,100.0,100.0,100.0,100.0,0.0,1.0,25.0,0.25,0.0,-0.01,100.0,100.0,80.83
44053,03302101,REVLIMID,RAW,BRAND_MATERIAL_TYPE,202612,2025-09-12,-100.0,,8537.16,100.0,100.0,100.0,50.67,100.0,100.0,100.0,100.0,-0.0,1.0,25.0,0.25,0.0,0.35,100.0,100.0,80.83
44054,03302101,REVLIMID,RAW,BRAND_MATERIAL_TYPE,202612,2025-09-18,61.29,,1741.09,61.29,100.0,100.0,80.64,100.0,100.0,100.0,100.0,0.0,1.0,28.57,0.29,0.0,-0.01,100.0,100.0,80.95
44055,03302101,REVLIMID,RAW,BRAND_MATERIAL_TYPE,202612,2025-09-19,100.0,,8537.16,100.0,100.0,100.0,50.67,100.0,100.0,100.0,100.0,0.0,1.0,28.57,0.29,0.0,-1.57,100.0,100.0,80.95
44056,03302101,REVLIMID,RAW,BRAND_MATERIAL_TYPE,202612,2025-09-26,,,0.0,,100.0,,,,,,,,,0.0,0.0,0.0,0.0,,,
44057,03302101,REVLIMID,RAW,BRAND_MATERIAL_TYPE,202612,2025-10-03,,,0.0,,100.0,,,,,,,,,0.0,0.0,0.0,0.0,,,
44058,03302101,REVLIMID,RAW,BRAND_MATERIAL_TYPE,202612,2025-10-10,,,0.0,,100.0,,,,,,,,,0.0,0.0,0.0,,,,
44059,03302101,REVLIMID,RAW,BRAND_MATERIAL_TYPE,202612,2025-10-17,-100.0,,153.54,100.0,100.0,100.0,87.21,98.35,100.0,100.0,100.0,-0.0,1.0,85.71,0.86,0.0,-0.01,98.35,100.0,82.2
44060,03302101,REVLIMID,RAW,BRAND_MATERIAL_TYPE,202612,2025-10-24,-100.0,,153.54,100.0,100.0,100.0,87.21,98.35,100.0,100.0,100.0,-0.0,1.0,85.71,1.71,0.0,-0.01,98.35,100.0,85.05
44061,03302101,REVLIMID,RAW,BRAND_MATERIAL_TYPE,202612,2025-10-31,-100.0,,10212.15,100.0,100.0,100.0,42.36,100.0,100.0,100.0,100.0,-0.0,1.0,42.86,1.29,0.0,0.91,100.0,100.0,84.29
44062,03302101,REVLIMID,RAW,BRAND_MATERIAL_TYPE,202612,2025-11-07,100.0,,4326.0,100.0,100.0,100.0,100.0,100.0,100.0,100.0,100.0,0.0,1.0,14.29,0.14,0.0,-1.96,100.0,100.0,80.48
44063,03302101,REVLIMID,RAW,BRAND_MATERIAL_TYPE,202612,2025-11-14,-79.82,,4621.47,79.82,100.0,100.0,89.15,100.0,100.0,100.0,100.0,-0.0,1.0,42.86,0.43,0.0,-0.01,100.0,100.0,81.43
44064,03302101,REVLIMID,RAW,BRAND_MATERIAL_TYPE,202612,2025-11-19,-100.0,,9575.06,100.0,100.0,100.0,43.03,100.0,100.0,100.0,100.0,-0.0,1.0,37.5,0.62,25.0,-0.17,100.0,100.0,82.08
44065,03302101,REVLIMID,RAW,BRAND_MATERIAL_TYPE,202612,2025-11-21,,,0.0,,100.0,,,,,,,,,0.0,0.0,0.0,0.0,,,
44066,03302101,REVLIMID,RAW,BRAND_MATERIAL_TYPE,202612,2025-11-28,100.0,,18596.81,100.0,100.0,100.0,100.0,100.0,100.0,100.0,100.0,0.0,1.0,12.5,0.12,0.0,-1.24,100.0,100.0,80.42
44067,03302101,REVLIMID,RAW,BRAND_MATERIAL_TYPE,202612,2025-12-05,-100.0,,4211.16,100.0,100.0,100.0,100.0,100.0,100.0,100.0,100.0,-0.0,1.0,12.5,0.12,0.0,0.01,100.0,100.0,80.42
44068,03302101,REVLIMID,RAW,BRAND_MATERIAL_TYPE,202612,2025-12-12,100.0,,4211.16,100.0,100.0,100.0,100.0,100.0,100.0,100.0,100.0,0.0,1.0,12.5,0.12,0.0,0.0,100.0,100.0,80.42
44069,03302101,REVLIMID,RAW,BRAND_MATERIAL_TYPE,202612,2025-12-17,100.0,,56983.82,100.0,87.5,68.79,36.15,100.0,100.0,100.0,100.0,0.0,1.0,28.57,0.38,0.0,0.01,68.79,100.0,76.25
44070,03302101,REVLIMID,RAW,BRAND_MATERIAL_TYPE,202612,2025-12-19,100.0,,38387.0,100.0,87.5,53.66,53.66,100.0,100.0,100.0,100.0,0.0,1.0,14.29,0.5,0.0,5.29,53.66,100.0,76.67
44071,03302101,REVLIMID,RAW,BRAND_MATERIAL_TYPE,202612,2025-12-26,,,0.0,,100.0,,,,,,,,,0.0,0.0,0.0,-0.0,,,
44072,03302101,REVLIMID,RAW,BRAND_MATERIAL_TYPE,202612,2026-01-02,100.0,,26948.13,100.0,100.0,100.0,21.3,81.95,100.0,100.0,0.0,100.0,-1.0,100.0,0.0,0.0,0.0,81.95,100.0,72.78
44073,03302101,REVLIMID,RAW,BRAND_MATERIAL_TYPE,202612,2026-01-09,-100.0,,23075.34,100.0,87.5,65.93,47.62,100.0,100.0,100.0,100.0,-0.0,1.0,28.57,0.38,0.0,0.0,65.93,100.0,76.25
44074,03302101,REVLIMID,RAW,BRAND_MATERIAL_TYPE,202612,2026-01-16,-65.09,,141106.88,65.09,42.86,23.08,49.2,97.88,100.0,100.0,100.0,-0.0,1.0,100.0,1.14,0.0,-0.99,22.59,100.0,60.1
44075,03302101,REVLIMID,RAW,BRAND_MATERIAL_TYPE,202612,2026-01-23,81.48,,619634.8,81.48,25.0,3.87,87.9,98.72,100.0,100.0,87.41,5.34,0.94,100.0,1.75,0.0,-0.08,3.82,82.07,55.32
44076,03302101,REVLIMID,RAW,BRAND_MATERIAL_TYPE,202612,2026-01-30,100.0,,612987.98,100.0,87.5,0.69,99.31,100.0,100.0,100.0,100.0,0.0,1.0,14.29,0.38,0.0,40726.43,0.69,100.0,76.25
44077,03302101,REVLIMID,RAW,BRAND_MATERIAL_TYPE,202612,2026-02-06,-97.8,,579278.24,97.8,87.5,4.48,95.52,100.0,100.0,100.0,100.0,-0.0,1.0,57.14,0.62,0.0,53.08,4.48,100.0,77.08
44078,03302101,REVLIMID,RAW,BRAND_MATERIAL_TYPE,202712,2025-07-18,,,0.0,,100.0,,,,,,,,,0.0,0.0,0.0,,,,
44079,03302101,REVLIMID,RAW,BRAND_MATERIAL_TYPE,202712,2025-07-25,-100.0,,6114.5,100.0,100.0,100.0,100.0,100.0,100.0,100.0,100.0,-0.0,1.0,12.5,0.12,0.0,0.28,100.0,100.0,80.42
44080,03302101,REVLIMID,RAW,BRAND_MATERIAL_TYPE,202712,2025-08-01,-100.0,,1953.0,100.0,100.0,100.0,100.0,100.0,100.0,100.0,100.0,-0.0,1.0,12.5,0.12,0.0,-0.51,100.0,100.0,80.42
44081,03302101,REVLIMID,RAW,BRAND_MATERIAL_TYPE,202712,2025-08-08,,,0.0,,100.0,,,,,,,,,0.0,0.0,0.0,-0.0,,,
44082,03302101,REVLIMID,RAW,BRAND_MATERIAL_TYPE,202712,2025-08-15,,,0.0,,100.0,,,,,,,,,0.0,0.0,0.0,0.0,,,
44083,03302101,REVLIMID,RAW,BRAND_MATERIAL_TYPE,202712,2025-08-22,-100.0,,12822.16,100.0,100.0,100.0,86.94,100.0,100.0,100.0,100.0,-0.0,1.0,25.0,0.25,0.0,-1.24,100.0,100.0,80.83
44084,03302101,REVLIMID,RAW,BRAND_MATERIAL_TYPE,202712,2025-08-26,,,0.0,,100.0,,,,,,,,,0.0,0.0,0.0,,,,
44085,03302101,REVLIMID,RAW,BRAND_MATERIAL_TYPE,202712,2025-08-29,,,0.0,,100.0,,,,,,,,,0.0,0.0,0.0,0.0,,,
44086,03302101,REVLIMID,RAW,BRAND_MATERIAL_TYPE,202712,2025-09-05,61.29,,1741.09,61.29,100.0,100.0,80.64,100.0,100.0,100.0,100.0,0.0,1.0,25.0,0.25,0.0,-0.02,100.0,100.0,80.83
44087,03302101,REVLIMID,RAW,BRAND_MATERIAL_TYPE,202712,2025-09-12,-100.0,,8537.16,100.0,100.0,100.0,50.67,100.0,100.0,100.0,100.0,-0.0,1.0,25.0,0.25,0.0,0.12,100.0,100.0,80.83
44088,03302101,REVLIMID,RAW,BRAND_MATERIAL_TYPE,202712,2025-09-18,61.29,,1741.09,61.29,100.0,100.0,80.64,100.0,100.0,100.0,100.0,0.0,1.0,28.57,0.29,0.0,-0.01,100.0,100.0,80.95
44089,03302101,REVLIMID,RAW,BRAND_MATERIAL_TYPE,202712,2025-09-19,100.0,,8537.16,100.0,100.0,100.0,50.67,100.0,100.0,100.0,100.0,0.0,1.0,28.57,0.29,0.0,-1.49,100.0,100.0,80.95
44090,03302101,REVLIMID,RAW,BRAND_MATERIAL_TYPE,202712,2025-09-26,,,0.0,,100.0,,,,,,,,,0.0,0.0,0.0,0.0,,,
44091,03302101,REVLIMID,RAW,BRAND_MATERIAL_TYPE,202712,2025-10-03,,,0.0,,100.0,,,,,,,,,0.0,0.0,0.0,-0.0,,,
44092,03302101,REVLIMID,RAW,BRAND_MATERIAL_TYPE,202712,2025-10-10,,,0.0,,100.0,,,,,,,,,0.0,0.0,0.0,,,,
44093,03302101,REVLIMID,RAW,BRAND_MATERIAL_TYPE,202712,2025-10-17,-100.0,,153.54,100.0,100.0,100.0,87.21,98.35,100.0,100.0,100.0,-0.0,1.0,85.71,0.86,0.0,0.06,98.35,100.0,82.2
44094,03302101,REVLIMID,RAW,BRAND_MATERIAL_TYPE,202712,2025-10-24,-100.0,,153.54,100.0,100.0,100.0,87.21,98.35,100.0,100.0,100.0,-0.0,1.0,85.71,1.71,0.0,-0.01,98.35,100.0,85.05
44095,03302101,REVLIMID,RAW,BRAND_MATERIAL_TYPE,202712,2025-10-31,-100.0,,10212.15,100.0,100.0,100.0,42.36,100.0,100.0,100.0,100.0,-0.0,1.0,42.86,1.29,0.0,17.35,100.0,100.0,84.29
44096,03302101,REVLIMID,RAW,BRAND_MATERIAL_TYPE,202712,2025-11-07,100.0,,4326.0,100.0,100.0,100.0,100.0,100.0,100.0,100.0,100.0,0.0,1.0,14.29,0.14,0.0,-0.07,100.0,100.0,80.48
44097,03302101,REVLIMID,RAW,BRAND_MATERIAL_TYPE,202712,2025-11-14,-79.82,,4621.47,79.82,100.0,100.0,89.15,100.0,100.0,100.0,100.0,-0.0,1.0,42.86,0.43,0.0,-0.02,100.0,100.0,81.43
44098,03302101,REVLIMID,RAW,BRAND_MATERIAL_TYPE,202712,2025-11-19,-100.0,,9575.06,100.0,100.0,100.0,43.03,100.0,100.0,100.0,100.0,-0.0,1.0,37.5,0.62,25.0,-0.34,100.0,100.0,82.08
44099,03302101,REVLIMID,RAW,BRAND_MATERIAL_TYPE,202712,2025-11-21,,,0.0,,100.0,,,,,,,,,0.0,0.0,0.0,0.0,,,
44100,03302101,REVLIMID,RAW,BRAND_MATERIAL_TYPE,202712,2025-11-28,100.0,,18596.81,100.0,100.0,100.0,100.0,100.0,100.0,100.0,100.0,0.0,1.0,12.5,0.12,0.0,-1.18,100.0,100.0,80.42
44101,03302101,REVLIMID,RAW,BRAND_MATERIAL_TYPE,202712,2025-12-05,-100.0,,4211.16,100.0,100.0,100.0,100.0,100.0,100.0,100.0,100.0,-0.0,1.0,12.5,0.12,0.0,0.01,100.0,100.0,80.42
44102,03302101,REVLIMID,RAW,BRAND_MATERIAL_TYPE,202712,2025-12-12,100.0,,4211.16,100.0,100.0,100.0,100.0,100.0,100.0,100.0,100.0,0.0,1.0,12.5,0.12,0.0,0.0,100.0,100.0,80.42
44103,03302101,REVLIMID,RAW,BRAND_MATERIAL_TYPE,202712,2025-12-17,100.0,,56983.82,100.0,87.5,68.79,36.15,100.0,100.0,100.0,100.0,0.0,1.0,28.57,0.38,0.0,0.01,68.79,100.0,76.25
44104,03302101,REVLIMID,RAW,BRAND_MATERIAL_TYPE,202712,2025-12-19,100.0,,38387.0,100.0,87.5,53.66,53.66,100.0,100.0,100.0,100.0,0.0,1.0,14.29,0.5,0.0,10.83,53.66,100.0,76.67
44105,03302101,REVLIMID,RAW,BRAND_MATERIAL_TYPE,202712,2025-12-26,,,0.0,,100.0,,,,,,,,,0.0,0.0,0.0,-0.0,,,
44106,03302101,REVLIMID,RAW,BRAND_MATERIAL_TYPE,202712,2026-01-02,100.0,,26948.13,100.0,100.0,100.0,21.3,81.95,100.0,100.0,0.0,100.0,-1.0,100.0,0.0,0.0,0.0,81.95,100.0,72.78
44107,03302101,REVLIMID,RAW,BRAND_MATERIAL_TYPE,202712,2026-01-09,-100.0,,23075.34,100.0,87.5,65.93,47.62,100.0,100.0,100.0,100.0,-0.0,1.0,28.57,0.38,0.0,0.0,65.93,100.0,76.25
44108,03302101,REVLIMID,RAW,BRAND_MATERIAL_TYPE,202712,2026-01-16,-84.58,,175929.52,84.58,42.86,37.3,39.46,93.92,100.0,100.0,100.0,-0.0,1.0,100.0,1.29,0.0,-0.85,35.03,100.0,59.0
44109,03302101,REVLIMID,RAW,BRAND_MATERIAL_TYPE,202712,2026-01-23,78.15,,631406.1,78.15,50.0,6.74,87.25,98.18,100.0,100.0,87.29,5.46,0.93,50.0,1.88,0.0,-0.07,6.62,81.83,65.52
44110,03302101,REVLIMID,RAW,BRAND_MATERIAL_TYPE,202712,2026-01-30,100.0,,658497.65,100.0,75.0,3.39,93.4,100.0,100.0,100.0,100.0,0.0,1.0,16.67,0.62,0.0,-40.58,3.39,100.0,72.08
44111,03302101,REVLIMID,RAW,BRAND_MATERIAL_TYPE,202712,2026-02-06,-97.86,,595290.74,97.86,87.5,3.65,96.35,100.0,100.0,100.0,100.0,-0.0,1.0,57.14,0.88,0.0,85.73,3.65,100.0,77.92
44112,03302101,REVLIMID,RAW,BRAND_MATERIAL_TYPE,202812,2025-07-18,,,0.0,,100.0,,,,,,,,,0.0,0.0,0.0,,,,
44113,03302101,REVLIMID,RAW,BRAND_MATERIAL_TYPE,202812,2025-07-25,-100.0,,6114.5,100.0,100.0,100.0,100.0,100.0,100.0,100.0,100.0,-0.0,1.0,12.5,0.12,0.0,0.56,100.0,100.0,80.42
44114,03302101,REVLIMID,RAW,BRAND_MATERIAL_TYPE,202812,2025-08-01,-100.0,,1953.0,100.0,100.0,100.0,100.0,100.0,100.0,100.0,100.0,-0.0,1.0,12.5,0.12,0.0,0.2,100.0,100.0,80.42
44115,03302101,REVLIMID,RAW,BRAND_MATERIAL_TYPE,202812,2025-08-08,,,0.0,,100.0,,,,,,,,,0.0,0.0,0.0,-0.0,,,
44116,03302101,REVLIMID,RAW,BRAND_MATERIAL_TYPE,202812,2025-08-15,,,0.0,,100.0,,,,,,,,,0.0,0.0,0.0,0.0,,,
44117,03302101,REVLIMID,RAW,BRAND_MATERIAL_TYPE,202812,2025-08-22,-100.0,,12822.16,100.0,100.0,100.0,86.94,100.0,100.0,100.0,100.0,-0.0,1.0,28.57,0.29,0.0,3.04,100.0,100.0,80.95
44118,03302101,REVLIMID,RAW,BRAND_MATERIAL_TYPE,202812,2025-08-26,,,0.0,,100.0,,,,,,,,,0.0,0.0,0.0,,,,
44119,03302101,REVLIMID,RAW,BRAND_MATERIAL_TYPE,202812,2025-08-29,,,0.0,,100.0,,,,,,,,,0.0,0.0,0.0,0.0,,,
44120,03302101,REVLIMID,RAW,BRAND_MATERIAL_TYPE,202812,2025-09-05,61.29,,1741.09,61.29,100.0,100.0,80.64,100.0,100.0,100.0,100.0,0.0,1.0,28.57,0.29,0.0,-0.02,100.0,100.0,80.95
44121,03302101,REVLIMID,RAW,BRAND_MATERIAL_TYPE,202812,2025-09-12,-100.0,,8537.16,100.0,100.0,100.0,50.67,100.0,100.0,100.0,100.0,-0.0,1.0,28.57,0.29,0.0,0.31,100.0,100.0,80.95
44122,03302101,REVLIMID,RAW,BRAND_MATERIAL_TYPE,202812,2025-09-18,61.29,,1741.09,61.29,100.0,100.0,80.64,100.0,100.0,100.0,100.0,0.0,1.0,28.57,0.29,0.0,-0.01,100.0,100.0,80.95
44123,03302101,REVLIMID,RAW,BRAND_MATERIAL_TYPE,202812,2025-09-19,100.0,,8537.16,100.0,100.0,100.0,50.67,100.0,100.0,100.0,100.0,0.0,1.0,28.57,0.29,0.0,-0.92,100.0,100.0,80.95
44124,03302101,REVLIMID,RAW,BRAND_MATERIAL_TYPE,202812,2025-09-26,,,0.0,,100.0,,,,,,,,,0.0,0.0,0.0,-0.0,,,
44125,03302101,REVLIMID,RAW,BRAND_MATERIAL_TYPE,202812,2025-10-03,,,0.0,,100.0,,,,,,,,,0.0,0.0,0.0,0.0,,,
44126,03302101,REVLIMID,RAW,BRAND_MATERIAL_TYPE,202812,2025-10-10,,,0.0,,100.0,,,,,,,,,0.0,0.0,0.0,,,,
44127,03302101,REVLIMID,RAW,BRAND_MATERIAL_TYPE,202812,2025-10-17,-100.0,,153.54,100.0,100.0,100.0,87.21,98.35,100.0,100.0,100.0,-0.0,1.0,85.71,0.86,0.0,-0.04,98.35,100.0,82.2
44128,03302101,REVLIMID,RAW,BRAND_MATERIAL_TYPE,202812,2025-10-24,-100.0,,153.54,100.0,100.0,100.0,87.21,98.35,100.0,100.0,100.0,-0.0,1.0,85.71,1.71,0.0,-0.14,98.35,100.0,85.05
44129,03302101,REVLIMID,RAW,BRAND_MATERIAL_TYPE,202812,2025-10-31,-100.0,,10212.15,100.0,100.0,100.0,42.36,100.0,100.0,100.0,100.0,-0.0,1.0,42.86,1.29,0.0,-6.45,100.0,100.0,84.29
44130,03302101,REVLIMID,RAW,BRAND_MATERIAL_TYPE,202812,2025-11-07,100.0,,4326.0,100.0,100.0,100.0,100.0,100.0,100.0,100.0,100.0,0.0,1.0,14.29,0.14,0.0,-0.06,100.0,100.0,80.48
44131,03302101,REVLIMID,RAW,BRAND_MATERIAL_TYPE,202812,2025-11-14,-79.82,,4621.47,79.82,100.0,100.0,89.15,100.0,100.0,100.0,100.0,-0.0,1.0,42.86,0.43,0.0,-0.02,100.0,100.0,81.43
44132,03302101,REVLIMID,RAW,BRAND_MATERIAL_TYPE,202812,2025-11-19,-100.0,,9575.06,100.0,100.0,100.0,43.03,100.0,100.0,100.0,100.0,-0.0,1.0,42.86,0.71,28.57,0.45,100.0,100.0,82.38
44133,03302101,REVLIMID,RAW,BRAND_MATERIAL_TYPE,202812,2025-11-21,,,0.0,,100.0,,,,,,,,,0.0,0.0,0.0,0.0,,,
44134,03302101,REVLIMID,RAW,BRAND_MATERIAL_TYPE,202812,2025-11-28,,,0.0,,100.0,,,,,,,,,0.0,0.0,0.0,-0.0,,,
44135,03302101,REVLIMID,RAW,BRAND_MATERIAL_TYPE,202812,2025-12-05,-100.0,,4211.16,100.0,100.0,100.0,100.0,100.0,100.0,100.0,100.0,-0.0,1.0,14.29,0.14,0.0,-0.0,100.0,100.0,80.48
44136,03302101,REVLIMID,RAW,BRAND_MATERIAL_TYPE,202812,2025-12-12,100.0,,4211.16,100.0,100.0,100.0,100.0,100.0,100.0,100.0,100.0,0.0,1.0,14.29,0.14,0.0,-0.01,100.0,100.0,80.48
44137,03302101,REVLIMID,RAW,BRAND_MATERIAL_TYPE,202812,2025-12-17,100.0,,38387.0,100.0,85.71,53.66,53.66,100.0,100.0,100.0,100.0,0.0,1.0,16.67,0.29,0.0,0.01,53.66,100.0,75.24
44138,03302101,REVLIMID,RAW,BRAND_MATERIAL_TYPE,202812,2025-12-19,100.0,,38387.0,100.0,85.71,53.66,53.66,100.0,100.0,100.0,100.0,0.0,1.0,16.67,0.57,0.0,5.81,53.66,100.0,76.19
44139,03302101,REVLIMID,RAW,BRAND_MATERIAL_TYPE,202812,2025-12-26,,,0.0,,100.0,,,,,,,,,0.0,0.0,0.0,-0.0,,,
44140,03302101,REVLIMID,RAW,BRAND_MATERIAL_TYPE,202812,2026-01-02,100.0,,25404.6,100.0,100.0,100.0,22.59,86.93,100.0,100.0,0.0,100.0,-1.0,87.5,0.0,0.0,0.0,86.93,100.0,74.77
44141,03302101,REVLIMID,RAW,BRAND_MATERIAL_TYPE,202812,2026-01-09,-100.0,,23075.34,100.0,75.0,18.31,47.62,100.0,100.0,100.0,100.0,-0.0,1.0,16.67,0.38,0.0,0.0,18.31,100.0,71.25
44142,03302101,REVLIMID,RAW,BRAND_MATERIAL_TYPE,202812,2026-01-16,-79.89,,155736.82,79.89,57.14,43.03,44.57,96.47,100.0,100.0,100.0,-0.0,1.0,100.0,1.29,0.0,-142.67,41.51,100.0,65.73
44143,03302101,REVLIMID,RAW,BRAND_MATERIAL_TYPE,202812,2026-01-23,78.19,,626532.71,78.19,50.0,8.4,86.77,99.3,100.0,100.0,87.55,5.19,0.94,75.0,1.75,0.0,-0.07,8.35,82.36,65.55
44144,03302101,REVLIMID,RAW,BRAND_MATERIAL_TYPE,202812,2026-01-30,100.0,,611966.58,100.0,87.5,0.69,99.31,100.0,100.0,100.0,100.0,0.0,1.0,14.29,0.38,0.0,-147.27,0.69,100.0,76.25
44145,03302101,REVLIMID,RAW,BRAND_MATERIAL_TYPE,202812,2026-02-06,-95.49,,608235.54,95.49,75.0,3.31,95.4,100.0,100.0,100.0,100.0,-0.0,1.0,50.0,0.75,0.0,38.99,3.31,100.0,72.5
