,corp_brand_id,entity,level,date,snapshot_date,FIP_change_pct,Abs_Impact,net_fip_change,Entity_Abs_Impact_Share_pct,Net_vs_Abs_pct,Signal_SKU_pct,Impact_from_Signal_pct,Top_1_SKU_pct,Top_5_SKU_pct,Top_10_SKU_pct,Plant_Concentration_pct,Qty_Impact_pct,Cost_Impact_pct,Driver_Weighted_Dominance,Driver_Conflict_pct,Avg_Persistence,Structural_Shift_Index_pct,Actionability_Index_pct,Ownership_Clarity_Index_pct,Explainability_Score_pct,Concentration_Regime
19,00101140,All Other Cardiovasc,BRAND,202612,2025-07-18,,0.0,0.0,,,100.0,,,,,,,,,0.0,0.0,0.0,,,,
20,00101140,All Other Cardiovasc,BRAND,202612,2025-07-25,,0.0,0.0,,,0.0,,,,,,,,,,0.0,,,,,
21,00101140,All Other Cardiovasc,BRAND,202612,2025-08-01,,0.0,0.0,,,0.0,,,,,,,,,,0.0,,,,,
22,00101140,All Other Cardiovasc,BRAND,202612,2025-08-08,,0.0,0.0,,,0.0,,,,,,,,,,0.0,,,,,
23,00101140,All Other Cardiovasc,BRAND,202612,2025-08-15,,0.0,0.0,,,0.0,,,,,,,,,,0.0,,,,,
24,00101140,All Other Cardiovasc,BRAND,202612,2025-08-22,,0.0,0.0,,,0.0,,,,,,,,,,0.0,,,,,
25,00101140,All Other Cardiovasc,BRAND,202612,2025-08-26,,0.0,0.0,,,0.0,,,,,,,,,,0.0,,,,,
26,00101140,All Other Cardiovasc,BRAND,202612,2025-08-29,,0.0,0.0,,,0.0,,,,,,,,,,0.0,,,,,
27,00101140,All Other Cardiovasc,BRAND,202612,2025-09-05,,0.0,0.0,,,0.0,,,,,,,,,,0.0,,,,,
28,00101140,All Other Cardiovasc,BRAND,202612,2025-09-12,,0.0,0.0,,,0.0,,,,,,,,,,0.0,,,,,
29,00101140,All Other Cardiovasc,BRAND,202612,2025-09-18,,0.0,0.0,,,0.0,,,,,,,,,,0.0,,,,,
30,00101140,All Other Cardiovasc,BRAND,202612,2025-09-19,,0.0,0.0,,,0.0,,,,,,,,,,0.0,,,,,
31,00101140,All Other Cardiovasc,BRAND,202612,2025-10-03,,0.0,0.0,,,0.0,,,,,,,,,,0.0,,,,,
32,00101140,All Other Cardiovasc,BRAND,202612,2025-10-10,,0.0,0.0,,,0.0,,,,,,,,,,0.0,,,,,
33,00101140,All Other Cardiovasc,BRAND,202612,2025-10-17,,0.0,0.0,,,0.0,,,,,,,,,,0.0,,,,,
34,00101140,All Other Cardiovasc,BRAND,202612,2025-10-24,,0.0,0.0,,,0.0,,,,,,,,,,0.0,,,,,
35,00101140,All Other Cardiovasc,BRAND,202612,2025-10-31,,0.0,0.0,,,0.0,,,,,,,,,,0.0,,,,,
36,00101140,All Other Cardiovasc,BRAND,202612,2025-11-07,,0.0,0.0,,,0.0,,,,,,,,,,0.0,,,,,
37,00101140,All Other Cardiovasc,BRAND,202612,2025-11-14,,0.0,0.0,,,0.0,,,,,,,,,,0.0,,,,,
38,00101140,All Other Cardiovasc,BRAND,202612,2025-11-19,,0.0,0.0,,,0.0,,,,,,,,,,0.0,,,,,
39,00101140,All Other Cardiovasc,BRAND,202612,2025-11-21,,0.0,0.0,,,0.0,,,,,,,,,,0.0,,,,,
40,00101140,All Other Cardiovasc,BRAND,202612,2025-11-28,,0.0,0.0,,,0.0,,,,,,,,,,0.0,,,,,
41,00101140,All Other Cardiovasc,BRAND,202612,2025-12-05,,0.0,0.0,,,0.0,,,,,,,,,,0.0,,,,,
42,00101140,All Other Cardiovasc,BRAND,202612,2025-12-12,,0.0,0.0,,,0.0,,,,,,,,,,0.0,,,,,
43,00101140,All Other Cardiovasc,BRAND,202612,2025-12-17,,0.0,0.0,,,0.0,,,,,,,,,,0.0,,,,,
44,00101140,All Other Cardiovasc,BRAND,202612,2025-12-19,,0.0,0.0,,,0.0,,,,,,,,,,0.0,,,,,
45,00101140,All Other Cardiovasc,BRAND,202612,2025-12-26,,0.0,0.0,,,0.0,,,,,,,,,,0.0,,,,,
46,00101140,All Other Cardiovasc,BRAND,202612,2026-01-02,,0.0,0.0,,,0.0,,,,,,,,,,0.0,,,,,
47,00101140,All Other Cardiovasc,BRAND,202612,2026-01-09,,0.0,0.0,,,0.0,,,,,,,,,,0.0,,,,,
48,00101140,All Other Cardiovasc,BRAND,202612,2026-01-16,,0.0,0.0,,,0.0,,,,,,,,,,0.0,,,,,
49,00101140,All Other Cardiovasc,BRAND,202612,2026-01-23,,0.0,0.0,,,0.0,,,,,,,,,,0.0,,,,,
50,00101140,All Other Cardiovasc,BRAND,202612,2026-01-30,,0.0,0.0,,,0.0,,,,,,,,,,0.0,,,,,
51,00101140,All Other Cardiovasc,BRAND,202612,2026-02-06,,0.0,0.0,,,0.0,,,,,,,,,,0.0,,,,,
52,00101820,Amilorid,BRAND,202612,2025-07-18,,0.0,0.0,,,100.0,,,,,,,,,0.0,0.0,0.0,,,,
53,00101820,Amilorid,BRAND,202612,2025-07-25,,0.0,0.0,,,0.0,,,,,,,,,,0.0,,,,,
54,00101820,Amilorid,BRAND,202612,2025-08-01,,0.0,0.0,,,0.0,,,,,,,,,,0.0,,,,,
55,00101820,Amilorid,BRAND,202612,2025-08-08,,0.0,0.0,,,0.0,,,,,,,,,,0.0,,,,,
56,00101820,Amilorid,BRAND,202612,2025-08-15,,0.0,0.0,,,0.0,,,,,,,,,,0.0,,,,,
57,00101820,Amilorid,BRAND,202612,2025-08-22,,0.0,0.0,,,0.0,,,,,,,,,,0.0,,,,,
58,00101820,Amilorid,BRAND,202612,2025-08-26,,0.0,0.0,,,0.0,,,,,,,,,,0.0,,,,,
59,00101820,Amilorid,BRAND,202612,2025-08-29,,0.0,0.0,,,0.0,,,,,,,,,,0.0,,,,,
60,00101820,Amilorid,BRAND,202612,2025-09-05,,0.0,0.0,,,0.0,,,,,,,,,,0.0,,,,,
61,00101820,Amilorid,BRAND,202612,2025-09-12,,0.0,0.0,,,0.0,,,,,,,,,,0.0,,,,,
62,00101820,Amilorid,BRAND,202612,2025-09-18,,0.0,0.0,,,0.0,,,,,,,,,,0.0,,,,,
63,00101820,Amilorid,BRAND,202612,2025-09-19,,0.0,0.0,,,0.0,,,,,,,,,,0.0,,,,,
64,00101820,Amilorid,BRAND,202612,2025-10-03,,0.0,0.0,,,0.0,,,,,,,,,,0.0,,,,,
65,00101820,Amilorid,BRAND,202612,2025-10-10,,0.0,0.0,,,0.0,,,,,,,,,,0.0,,,,,
66,00101820,Amilorid,BRAND,202612,2025-10-17,,0.0,0.0,,,0.0,,,,,,,,,,0.0,,,,,
67,00101820,Amilorid,BRAND,202612,2025-10-24,,0.0,0.0,,,0.0,,,,,,,,,,0.0,,,,,
68,00101820,Amilorid,BRAND,202612,2025-10-31,,0.0,0.0,,,0.0,,,,,,,,,,0.0,,,,,
69,00101820,Amilorid,BRAND,202612,2025-11-07,,0.0,0.0,,,0.0,,,,,,,,,,0.0,,,,,
70,00101820,Amilorid,BRAND,202612,2025-11-14,,0.0,0.0,,,0.0,,,,,,,,,,0.0,,,,,
71,00101820,Amilorid,BRAND,202612,2025-11-19,,0.0,0.0,,,0.0,,,,,,,,,,0.0,,,,,
72,00101820,Amilorid,BRAND,202612,2025-11-21,,0.0,0.0,,,0.0,,,,,,,,,,0.0,,,,,
73,00101820,Amilorid,BRAND,202612,2025-11-28,,0.0,0.0,,,0.0,,,,,,,,,,0.0,,,,,
74,00101820,Amilorid,BRAND,202612,2025-12-05,,0.0,0.0,,,0.0,,,,,,,,,,0.0,,,,,
75,00101820,Amilorid,BRAND,202612,2025-12-12,,0.0,0.0,,,0.0,,,,,,,,,,0.0,,,,,
76,00101820,Amilorid,BRAND,202612,2025-12-17,,0.0,0.0,,,0.0,,,,,,,,,,0.0,,,,,
77,00101820,Amilorid,BRAND,202612,2025-12-19,,0.0,0.0,,,0.0,,,,,,,,,,0.0,,,,,
78,00101820,Amilorid,BRAND,202612,2025-12-26,,0.0,0.0,,,0.0,,,,,,,,,,0.0,,,,,
79,00101820,Amilorid,BRAND,202612,2026-01-02,,0.0,0.0,,,0.0,,,,,,,,,,0.0,,,,,
80,00101820,Amilorid,BRAND,202612,2026-01-09,,0.0,0.0,,,0.0,,,,,,,,,,0.0,,,,,
81,00101820,Amilorid,BRAND,202612,2026-01-16,,0.0,0.0,,,0.0,,,,,,,,,,0.0,,,,,
82,00101820,Amilorid,BRAND,202612,2026-01-23,,0.0,0.0,,,0.0,,,,,,,,,,0.0,,,,,
83,00101820,Amilorid,BRAND,202612,2026-01-30,,0.0,0.0,,,0.0,,,,,,,,,,0.0,,,,,
84,00101820,Amilorid,BRAND,202612,2026-02-06,,0.0,0.0,,,0.0,,,,,,,,,,0.0,,,,,
85,00101940,ELIQUIS (apixaban),BRAND,202612,2025-07-18,,0.0,0.0,,,100.0,,,,,,,,,0.0,0.0,0.0,,,,
86,00101940,ELIQUIS (apixaban),BRAND,202612,2025-07-25,-10.74,38079697.22,-20465873.72,,53.74,66.79,100.0,20.09,60.43,80.98,42.17,100.0,0.0,1,31.22,0.21,0.0,60.43,100.0,51.58,
87,00101940,ELIQUIS (apixaban),BRAND,202612,2025-08-01,-0.44,16665659.88,-755551.08,,4.53,65.68,100.0,14.77,47.5,65.05,29.05,100.0,0.0,1,41.01,0.35,0.0,47.5,100.0,46.44,
88,00101940,ELIQUIS (apixaban),BRAND,202612,2025-08-08,81.09,154338741.92,139844005.53,,90.61,65.68,100.0,26.59,70.61,84.98,92.95,100.0,0.0,1,62.08,0.55,0.0,70.61,100.0,56.34,
89,00101940,ELIQUIS (apixaban),BRAND,202612,2025-08-15,-35.49,123359666.62,-110528005.35,,89.6,65.75,100.0,20.45,64.99,86.56,90.23,100.0,0.0,1,33.89,0.31,0.0,64.99,100.0,53.33,
90,00101940,ELIQUIS (apixaban),BRAND,202612,2025-08-22,-15.24,54485527.96,-30624097.35,,56.21,65.81,100.0,32.4,72.13,82.95,47.68,100.0,0.0,1,37.15,0.31,0.0,72.13,100.0,56.22,
91,00101940,ELIQUIS (apixaban),BRAND,202612,2025-08-26,,0.0,0.0,,,65.93,,,,,,,,,0.0,0.0,0.0,,,,
92,00101940,ELIQUIS (apixaban),BRAND,202612,2025-08-29,37.72,117235391.09,64223704.39,,54.78,62.82,67.44,31.4,79.8,90.65,76.45,100.0,0.0,1,35.57,0.25,0.0,53.81,100.0,57.9,
93,00101940,ELIQUIS (apixaban),BRAND,202612,2025-09-05,18.69,154062668.0,43821073.35,,28.44,57.83,55.8,18.95,64.85,83.38,43.68,100.0,0.0,1,54.78,0.5,1.91,36.19,100.0,50.74,
94,00101940,ELIQUIS (apixaban),BRAND,202612,2025-09-12,2.44,30282071.19,6803617.29,,22.47,57.27,30.43,26.03,66.55,80.89,45.34,100.0,0.0,1,29.26,0.34,1.61,20.25,100.0,50.66,
95,00101940,ELIQUIS (apixaban),BRAND,202612,2025-09-18,15.08,183279992.99,34995078.44,,19.09,58.38,68.19,21.89,67.39,84.3,49.29,100.0,0.0,1,70.35,0.75,6.31,45.95,100.0,52.8,
96,00101940,ELIQUIS (apixaban),BRAND,202612,2025-09-19,-9.94,69429814.39,-28335931.57,,40.81,51.2,41.69,26.42,60.69,80.72,78.44,100.0,0.0,1,39.93,0.62,3.6,25.3,100.0,46.84,
97,00101940,ELIQUIS (apixaban),BRAND,202612,2025-09-26,-0.04,33147588.41,-106470.19,,0.32,84.29,37.23,33.14,80.45,89.42,66.03,147.22,-47.21,1,37.97,0.67,2.71,29.95,194.43,68.12,
98,00101940,ELIQUIS (apixaban),BRAND,202612,2025-10-03,-0.24,62973151.48,-614761.66,,0.98,58.07,65.25,22.96,67.84,78.94,49.66,98.76,1.24,1,64.54,0.6,3.51,44.26,97.51,52.38,
99,00101940,ELIQUIS (apixaban),BRAND,202612,2025-10-10,0.0,0.0,0.0,,,52.82,,,,,,,,,0.0,0.0,0.0,,,,
100,00101940,ELIQUIS (apixaban),BRAND,202612,2025-10-17,-0.78,52647752.2,-2095414.23,,3.98,60.66,96.65,9.01,34.65,53.22,41.09,101.82,-2.25,1,73.87,0.53,0.0,33.49,104.07,39.9,
101,00101940,ELIQUIS (apixaban),BRAND,202612,2025-10-24,0.28,73404806.08,727138.88,,0.99,49.0,62.15,22.26,64.57,80.41,37.29,100.0,0.0,1,39.41,0.53,4.46,40.13,100.0,47.19,
102,00101940,ELIQUIS (apixaban),BRAND,202612,2025-10-31,0.67,24407040.85,1726633.21,,7.07,55.13,80.97,24.75,65.33,75.59,67.45,100.0,0.0,1,39.87,0.49,4.32,52.9,100.0,49.81,
103,00101940,ELIQUIS (apixaban),BRAND,202612,2025-11-07,-2.78,40535159.53,-7169321.28,,17.69,56.62,62.96,14.49,52.32,75.67,73.72,100.0,0.0,1,58.12,0.6,2.6,32.94,100.0,45.59,
104,00101940,ELIQUIS (apixaban),BRAND,202612,2025-11-14,10.3,98511300.69,25595756.26,,25.98,52.03,55.49,17.41,58.6,83.47,69.58,100.0,0.0,1,36.17,0.47,3.55,32.52,100.0,45.83,
105,00101940,ELIQUIS (apixaban),BRAND,202612,2025-11-19,-2.75,97633670.62,-7220280.56,,7.4,55.45,59.67,18.84,51.75,71.0,47.12,100.0,0.0,1,74.33,0.85,6.0,30.88,100.0,45.72,
106,00101940,ELIQUIS (apixaban),BRAND,202612,2025-11-21,-2.89,105187837.23,-7923169.61,,7.53,47.32,33.96,16.27,60.35,82.87,73.93,100.0,0.0,1,35.55,0.63,5.86,20.5,100.0,45.16,
107,00101940,ELIQUIS (apixaban),BRAND,202612,2025-11-28,-2.8,22973707.31,-7454131.13,,32.45,58.33,23.83,44.55,79.71,86.43,89.07,100.0,0.0,1,41.27,0.49,1.59,18.99,100.0,56.85,
108,00101940,ELIQUIS (apixaban),BRAND,202612,2025-12-05,6.06,50796834.36,15658509.48,,30.83,56.91,25.49,27.77,77.88,84.53,86.27,100.0,0.0,1,57.61,0.65,2.27,19.85,100.0,56.07,
109,00101940,ELIQUIS (apixaban),BRAND,202612,2025-12-12,2.48,14704808.84,6840016.0,,46.52,53.96,82.24,31.81,51.3,65.99,39.82,100.0,0.0,1,31.4,0.41,1.02,42.19,100.0,43.46,
110,00101940,ELIQUIS (apixaban),BRAND,202612,2025-12-17,6.46,46071212.24,16489716.6,,35.79,57.72,77.37,14.95,55.73,69.52,56.93,100.0,0.0,1,66.88,0.75,3.82,43.12,100.0,47.89,
111,00101940,ELIQUIS (apixaban),BRAND,202612,2025-12-19,-1.37,69522866.23,-3875878.64,,5.57,51.29,29.51,23.3,69.07,92.16,77.66,100.0,0.0,1,37.63,0.54,4.66,20.38,100.0,49.93,
112,00101940,ELIQUIS (apixaban),BRAND,202612,2025-12-26,7.79,58438968.16,21806593.23,,37.32,61.58,54.36,22.66,75.24,92.07,83.9,100.0,0.0,1,34.93,0.43,1.49,40.9,100.0,56.15,
113,00101940,ELIQUIS (apixaban),BRAND,202612,2026-01-02,1.6,25258854.53,4821523.35,,19.09,63.42,79.26,7.07,28.23,45.19,37.8,-11.07,108.92,-1,60.0,0.46,3.19,22.38,119.99,38.19,
114,00101940,ELIQUIS (apixaban),BRAND,202612,2026-01-09,-2.62,76560802.77,-8034059.34,,10.49,56.35,43.34,18.95,58.98,82.84,57.49,100.0,0.0,1,30.72,0.34,1.96,25.56,100.0,47.25,
115,00101940,ELIQUIS (apixaban),BRAND,202612,2026-01-16,-14.96,120925352.16,-44631680.2,,36.91,61.01,72.46,20.11,54.45,76.72,50.04,100.05,0.0,1,39.76,0.46,1.53,39.45,100.05,47.72,
116,00101940,ELIQUIS (apixaban),BRAND,202612,2026-01-23,-3.43,156636021.71,-9380072.05,,5.99,53.16,17.63,20.0,44.18,62.62,46.81,161.34,-74.6,1,52.45,0.83,4.55,7.79,235.94,41.69,
117,00101940,ELIQUIS (apixaban),BRAND,202612,2026-01-30,-1.15,67340266.25,-2915368.03,,4.33,48.79,42.65,11.06,44.14,68.84,55.15,100.0,0.0,1,43.51,0.74,4.2,18.83,100.0,39.65,
118,00101940,ELIQUIS (apixaban),BRAND,202612,2026-02-06,1.16,44879260.82,2894222.41,,6.45,51.77,40.67,14.72,51.74,66.08,63.61,100.0,0.0,1,54.68,0.69,0.0,21.04,100.0,43.71,
119,00151399,Efavirenz,BRAND,202612,2025-07-18,,0.0,0.0,,,100.0,,,,,,,,,0.0,0.0,0.0,,,,
120,00151399,Efavirenz,BRAND,202612,2025-07-25,0.0,0.0,0.0,,,3.33,,,,,,,,,0.0,0.0,0.0,,,,
121,00151399,Efavirenz,BRAND,202612,2025-08-01,0.0,0.0,0.0,,,3.33,,,,,,,,,0.0,0.0,0.0,,,,
122,00151399,Efavirenz,BRAND,202612,2025-08-08,0.0,0.0,0.0,,,3.33,,,,,,,,,0.0,0.0,0.0,,,,
123,00151399,Efavirenz,BRAND,202612,2025-08-15,-0.2,106.87,-106.87,,100.0,3.33,100.0,100.0,100.0,100.0,100.0,100.0,0.0,1,100.0,0.03,0.0,100.0,100.0,41.44,
124,00151399,Efavirenz,BRAND,202612,2025-08-22,-0.93,490.51,-490.51,,100.0,3.33,100.0,100.0,100.0,100.0,100.0,100.0,0.0,1,100.0,0.07,0.0,100.0,100.0,41.56,
125,00151399,Efavirenz,BRAND,202612,2025-08-26,,0.0,0.0,,,3.33,,,,,,,,,0.0,0.0,0.0,,,,
126,00151399,Efavirenz,BRAND,202612,2025-08-29,0.0,0.0,0.0,,,3.33,,,,,,,,,0.0,0.0,0.0,,,,
127,00151399,Efavirenz,BRAND,202612,2025-09-05,0.05,27.43,27.43,,100.0,3.33,100.0,100.0,100.0,100.0,100.0,100.0,0.0,1,100.0,0.03,0.0,100.0,100.0,41.44,
128,00151399,Efavirenz,BRAND,202612,2025-09-12,10.0,5218.23,5218.23,,100.0,3.33,100.0,100.0,100.0,100.0,100.0,100.0,0.0,1,100.0,0.07,0.0,100.0,100.0,41.56,
129,00151399,Efavirenz,BRAND,202612,2025-09-18,-2.43,1267.89,-1267.89,,100.0,0.0,0.0,100.0,100.0,100.0,100.0,100.0,0.0,1,,0.03,,0.0,100.0,40.11,
130,00151399,Efavirenz,BRAND,202612,2025-09-19,-13.27,7621.39,-7621.39,,100.0,3.33,100.0,100.0,100.0,100.0,100.0,100.0,0.0,1,100.0,0.07,100.0,100.0,100.0,41.56,
131,00151399,Efavirenz,BRAND,202612,2025-09-26,0.12,62.16,62.16,,100.0,0.0,0.0,100.0,100.0,100.0,100.0,100.0,0.0,1,,1.0,,0.0,100.0,43.33,
132,00151399,Efavirenz,BRAND,202612,2025-10-03,-0.07,35.98,-35.98,,100.0,3.33,100.0,100.0,100.0,100.0,100.0,100.0,0.0,1,100.0,0.03,0.0,100.0,100.0,41.44,
133,00151399,Efavirenz,BRAND,202612,2025-10-10,0.0,0.0,0.0,,,3.45,,,,,,,,,0.0,0.0,0.0,,,,
134,00151399,Efavirenz,BRAND,202612,2025-10-17,-2.41,1229.31,-1229.31,,100.0,3.45,100.0,100.0,100.0,100.0,100.0,100.0,0.0,1,100.0,0.03,0.0,100.0,100.0,41.49,
135,00151399,Efavirenz,BRAND,202612,2025-10-24,-0.32,157.21,-157.21,,100.0,3.45,100.0,100.0,100.0,100.0,100.0,100.0,0.0,1,100.0,0.07,100.0,100.0,100.0,41.61,
136,00151399,Efavirenz,BRAND,202612,2025-10-31,-1.19,592.43,-592.43,,100.0,3.45,100.0,100.0,100.0,100.0,100.0,100.0,0.0,1,100.0,0.1,100.0,100.0,100.0,41.72,
137,00151399,Efavirenz,BRAND,202612,2025-11-07,0.19,91.96,91.96,,100.0,3.45,100.0,100.0,100.0,100.0,100.0,100.0,0.0,1,100.0,0.03,0.0,100.0,100.0,41.49,
138,00151399,Efavirenz,BRAND,202612,2025-11-14,-0.31,152.46,-152.46,,100.0,3.45,100.0,100.0,100.0,100.0,100.0,100.0,0.0,1,100.0,0.03,0.0,100.0,100.0,41.49,
139,00151399,Efavirenz,BRAND,202612,2025-11-19,-1.05,520.0,-520.0,,100.0,3.45,100.0,100.0,100.0,100.0,100.0,100.0,0.0,1,100.0,0.07,0.0,100.0,100.0,41.61,
140,00151399,Efavirenz,BRAND,202612,2025-11-21,0.25,124.68,124.68,,100.0,3.45,100.0,100.0,100.0,100.0,100.0,100.0,0.0,1,100.0,0.03,0.0,100.0,100.0,41.49,
141,00151399,Efavirenz,BRAND,202612,2025-11-28,-1.5,737.55,-737.55,,100.0,3.45,100.0,100.0,100.0,100.0,100.0,100.0,0.0,1,100.0,0.03,0.0,100.0,100.0,41.49,
142,00151399,Efavirenz,BRAND,202612,2025-12-05,1.0,482.85,482.85,,100.0,3.45,100.0,100.0,100.0,100.0,100.0,100.0,0.0,1,100.0,0.03,0.0,100.0,100.0,41.49,
143,00151399,Efavirenz,BRAND,202612,2025-12-12,-0.24,117.73,-117.73,,100.0,3.45,100.0,100.0,100.0,100.0,100.0,100.0,0.0,1,100.0,0.03,0.0,100.0,100.0,41.49,
144,00151399,Efavirenz,BRAND,202612,2025-12-17,-0.76,372.43,-372.43,,100.0,3.45,100.0,100.0,100.0,100.0,100.0,100.0,0.0,1,100.0,0.07,0.0,100.0,100.0,41.61,
145,00151399,Efavirenz,BRAND,202612,2025-12-19,0.04,17.81,17.81,,100.0,3.45,100.0,100.0,100.0,100.0,100.0,100.0,0.0,1,100.0,0.03,0.0,100.0,100.0,41.49,
146,00151399,Efavirenz,BRAND,202612,2025-12-26,0.0,0.0,0.0,,,3.45,,,,,,,,,0.0,0.0,0.0,,,,
147,00151399,Efavirenz,BRAND,202612,2026-01-02,13.2,6437.49,6437.49,,100.0,3.45,100.0,100.0,100.0,100.0,100.0,2.82,96.82,-1,0.0,0.03,0.0,100.0,94.0,41.49,
148,00151399,Efavirenz,BRAND,202612,2026-01-09,-2.24,1234.71,-1234.71,,100.0,3.45,100.0,100.0,100.0,100.0,100.0,100.0,0.0,1,100.0,0.03,0.0,100.0,100.0,41.49,
149,00151399,Efavirenz,BRAND,202612,2026-01-16,-23.03,12431.49,-12431.49,,100.0,3.33,100.0,100.0,100.0,100.0,100.0,100.0,0.0,1,100.0,0.07,0.0,100.0,100.0,41.56,
150,00151399,Efavirenz,BRAND,202612,2026-01-23,-11.12,5426.56,-5426.56,,100.0,0.0,0.0,100.0,100.0,100.0,100.0,190.51,-114.85,0,,0.1,,0.0,305.37,40.33,
151,00151399,Efavirenz,BRAND,202612,2026-01-30,-1.97,817.12,-817.12,,100.0,3.33,100.0,100.0,100.0,100.0,100.0,100.0,0.0,1,100.0,0.13,100.0,100.0,100.0,41.78,
152,00151399,Efavirenz,BRAND,202612,2026-02-06,4.86,1981.32,1981.32,,100.0,3.33,100.0,100.0,100.0,100.0,100.0,100.0,0.0,1,100.0,0.03,0.0,100.0,100.0,41.44,
153,00201740,Gastrointestinals,BRAND,202612,2025-07-18,,0.0,0.0,,,100.0,,,,,,,,,0.0,0.0,0.0,,,,
154,00201740,Gastrointestinals,BRAND,202612,2025-07-25,,0.0,0.0,,,0.0,,,,,,,,,,0.0,,,,,
155,00201740,Gastrointestinals,BRAND,202612,2025-08-01,,0.0,0.0,,,0.0,,,,,,,,,,0.0,,,,,
156,00201740,Gastrointestinals,BRAND,202612,2025-08-08,,0.0,0.0,,,0.0,,,,,,,,,,0.0,,,,,
157,00201740,Gastrointestinals,BRAND,202612,2025-08-15,,0.0,0.0,,,0.0,,,,,,,,,,0.0,,,,,
158,00201740,Gastrointestinals,BRAND,202612,2025-08-22,,0.0,0.0,,,0.0,,,,,,,,,,0.0,,,,,
159,00201740,Gastrointestinals,BRAND,202612,2025-08-26,,0.0,0.0,,,0.0,,,,,,,,,,0.0,,,,,
160,00201740,Gastrointestinals,BRAND,202612,2025-08-29,,0.0,0.0,,,0.0,,,,,,,,,,0.0,,,,,
161,00201740,Gastrointestinals,BRAND,202612,2025-09-05,,0.0,0.0,,,0.0,,,,,,,,,,0.0,,,,,
162,00201740,Gastrointestinals,BRAND,202612,2025-09-12,,0.0,0.0,,,0.0,,,,,,,,,,0.0,,,,,
163,00201740,Gastrointestinals,BRAND,202612,2025-09-18,,0.0,0.0,,,0.0,,,,,,,,,,0.0,,,,,
164,00201740,Gastrointestinals,BRAND,202612,2025-09-19,,0.0,0.0,,,0.0,,,,,,,,,,0.0,,,,,
165,00201740,Gastrointestinals,BRAND,202612,2025-10-03,,0.0,0.0,,,0.0,,,,,,,,,,0.0,,,,,
166,00201740,Gastrointestinals,BRAND,202612,2025-10-10,,0.0,0.0,,,0.0,,,,,,,,,,0.0,,,,,
167,00201740,Gastrointestinals,BRAND,202612,2025-10-17,,0.0,0.0,,,0.0,,,,,,,,,,0.0,,,,,
168,00201740,Gastrointestinals,BRAND,202612,2025-10-24,,0.0,0.0,,,0.0,,,,,,,,,,0.0,,,,,
169,00201740,Gastrointestinals,BRAND,202612,2025-10-31,,0.0,0.0,,,0.0,,,,,,,,,,0.0,,,,,
170,00201740,Gastrointestinals,BRAND,202612,2025-11-07,,0.0,0.0,,,0.0,,,,,,,,,,0.0,,,,,
171,00201740,Gastrointestinals,BRAND,202612,2025-11-14,,0.0,0.0,,,0.0,,,,,,,,,,0.0,,,,,
172,00201740,Gastrointestinals,BRAND,202612,2025-11-19,,0.0,0.0,,,0.0,,,,,,,,,,0.0,,,,,
173,00201740,Gastrointestinals,BRAND,202612,2025-11-21,,0.0,0.0,,,0.0,,,,,,,,,,0.0,,,,,
174,00201740,Gastrointestinals,BRAND,202612,2025-11-28,,0.0,0.0,,,0.0,,,,,,,,,,0.0,,,,,
175,00201740,Gastrointestinals,BRAND,202612,2025-12-05,,0.0,0.0,,,0.0,,,,,,,,,,0.0,,,,,
176,00201740,Gastrointestinals,BRAND,202612,2025-12-12,,0.0,0.0,,,0.0,,,,,,,,,,0.0,,,,,
177,00201740,Gastrointestinals,BRAND,202612,2025-12-17,,0.0,0.0,,,0.0,,,,,,,,,,0.0,,,,,
178,00201740,Gastrointestinals,BRAND,202612,2025-12-19,,0.0,0.0,,,0.0,,,,,,,,,,0.0,,,,,
179,00201740,Gastrointestinals,BRAND,202612,2025-12-26,,0.0,0.0,,,0.0,,,,,,,,,,0.0,,,,,
180,00201740,Gastrointestinals,BRAND,202612,2026-01-02,,0.0,0.0,,,0.0,,,,,,,,,,0.0,,,,,
181,00201740,Gastrointestinals,BRAND,202612,2026-01-09,,0.0,0.0,,,0.0,,,,,,,,,,0.0,,,,,
182,00201740,Gastrointestinals,BRAND,202612,2026-01-16,,0.0,0.0,,,0.0,,,,,,,,,,0.0,,,,,
183,00201740,Gastrointestinals,BRAND,202612,2026-01-23,,0.0,0.0,,,0.0,,,,,,,,,,0.0,,,,,
184,00201740,Gastrointestinals,BRAND,202612,2026-01-30,,0.0,0.0,,,0.0,,,,,,,,,,0.0,,,,,
185,00201740,Gastrointestinals,BRAND,202612,2026-02-06,,0.0,0.0,,,0.0,,,,,,,,,,0.0,,,,,
186,00201770,Other Ethicals,BRAND,202612,2025-07-18,,0.0,0.0,,,100.0,,,,,,,,,0.0,0.0,0.0,,,,
187,00201770,Other Ethicals,BRAND,202612,2025-07-25,,0.0,0.0,,,0.0,,,,,,,,,,0.0,,,,,
188,00201770,Other Ethicals,BRAND,202612,2025-08-01,,0.0,0.0,,,0.0,,,,,,,,,,0.0,,,,,
189,00201770,Other Ethicals,BRAND,202612,2025-08-08,,0.0,0.0,,,0.0,,,,,,,,,,0.0,,,,,
190,00201770,Other Ethicals,BRAND,202612,2025-08-15,,0.0,0.0,,,0.0,,,,,,,,,,0.0,,,,,
191,00201770,Other Ethicals,BRAND,202612,2025-08-22,,0.0,0.0,,,0.0,,,,,,,,,,0.0,,,,,
192,00201770,Other Ethicals,BRAND,202612,2025-08-26,,0.0,0.0,,,0.0,,,,,,,,,,0.0,,,,,
193,00201770,Other Ethicals,BRAND,202612,2025-08-29,,0.0,0.0,,,0.0,,,,,,,,,,0.0,,,,,
194,00201770,Other Ethicals,BRAND,202612,2025-09-05,,0.0,0.0,,,0.0,,,,,,,,,,0.0,,,,,
195,00201770,Other Ethicals,BRAND,202612,2025-09-12,,0.0,0.0,,,0.0,,,,,,,,,,0.0,,,,,
196,00201770,Other Ethicals,BRAND,202612,2025-09-18,,0.0,0.0,,,0.0,,,,,,,,,,0.0,,,,,
197,00201770,Other Ethicals,BRAND,202612,2025-09-19,,0.0,0.0,,,0.0,,,,,,,,,,0.0,,,,,
198,00201770,Other Ethicals,BRAND,202612,2025-10-10,,0.0,0.0,,,0.0,,,,,,,,,,0.0,,,,,
199,00201770,Other Ethicals,BRAND,202612,2025-10-17,,0.0,0.0,,,0.0,,,,,,,,,,0.0,,,,,
200,00201770,Other Ethicals,BRAND,202612,2025-10-24,,0.0,0.0,,,0.0,,,,,,,,,,0.0,,,,,
201,00201770,Other Ethicals,BRAND,202612,2025-10-31,,0.0,0.0,,,0.0,,,,,,,,,,0.0,,,,,
202,00201770,Other Ethicals,BRAND,202612,2025-11-07,,0.0,0.0,,,0.0,,,,,,,,,,0.0,,,,,
203,00201770,Other Ethicals,BRAND,202612,2025-11-14,,0.0,0.0,,,0.0,,,,,,,,,,0.0,,,,,
204,00201770,Other Ethicals,BRAND,202612,2025-11-19,,0.0,0.0,,,0.0,,,,,,,,,,0.0,,,,,
205,00201770,Other Ethicals,BRAND,202612,2025-11-21,,0.0,0.0,,,0.0,,,,,,,,,,0.0,,,,,
206,00201770,Other Ethicals,BRAND,202612,2025-11-28,,0.0,0.0,,,0.0,,,,,,,,,,0.0,,,,,
207,00201770,Other Ethicals,BRAND,202612,2025-12-05,,0.0,0.0,,,0.0,,,,,,,,,,0.0,,,,,
208,00201770,Other Ethicals,BRAND,202612,2025-12-12,,0.0,0.0,,,0.0,,,,,,,,,,0.0,,,,,
209,00201770,Other Ethicals,BRAND,202612,2025-12-17,,0.0,0.0,,,0.0,,,,,,,,,,0.0,,,,,
210,00201770,Other Ethicals,BRAND,202612,2025-12-19,,0.0,0.0,,,0.0,,,,,,,,,,0.0,,,,,
211,00201770,Other Ethicals,BRAND,202612,2025-12-26,,0.0,0.0,,,0.0,,,,,,,,,,0.0,,,,,
212,00201770,Other Ethicals,BRAND,202612,2026-01-09,,0.0,0.0,,,0.0,,,,,,,,,,0.0,,,,,
213,00201770,Other Ethicals,BRAND,202612,2026-01-16,,0.0,0.0,,,0.0,,,,,,,,,,0.0,,,,,
214,00201770,Other Ethicals,BRAND,202612,2026-01-23,,0.0,0.0,,,0.0,,,,,,,,,,0.0,,,,,
215,00201770,Other Ethicals,BRAND,202612,2026-01-30,,0.0,0.0,,,0.0,,,,,,,,,,0.0,,,,,
216,00201770,Other Ethicals,BRAND,202612,2026-02-06,,0.0,0.0,,,0.0,,,,,,,,,,0.0,,,,,
217,00201790,All Other Pharmaceut,BRAND,202612,2025-07-18,,0.0,0.0,,,100.0,,,,,,,,,0.0,0.0,0.0,,,,
218,00201790,All Other Pharmaceut,BRAND,202612,2025-07-25,-0.1,2308031.81,-115399.95,,5.0,43.64,100.0,10.88,42.79,62.99,48.36,100.0,0.0,1,19.7,0.1,0.0,42.79,100.0,34.92,
219,00201790,All Other Pharmaceut,BRAND,202612,2025-08-01,-0.18,1559786.84,-220533.35,,14.14,43.61,100.0,26.93,52.96,67.43,50.24,100.0,0.0,1,19.72,0.14,0.0,52.96,100.0,39.11,
220,00201790,All Other Pharmaceut,BRAND,202612,2025-08-08,15.99,26733370.42,19040996.65,,71.23,44.31,100.0,29.8,72.52,87.25,56.1,100.0,0.0,1,28.81,0.22,0.0,72.52,100.0,47.47,
221,00201790,All Other Pharmaceut,BRAND,202612,2025-08-15,-4.31,9201404.04,-6052805.51,,65.78,44.62,100.0,30.93,74.01,84.71,49.68,100.0,0.0,1,28.21,0.22,0.0,74.01,100.0,48.19,
222,00201790,All Other Pharmaceut,BRAND,202612,2025-08-22,-1.2,3256743.43,-1610534.18,,49.45,44.66,100.0,21.73,50.68,63.19,73.47,100.0,0.0,1,30.43,0.26,0.0,50.68,100.0,39.01,
223,00201790,All Other Pharmaceut,BRAND,202612,2025-08-26,,0.0,0.0,,,44.93,,,,,,,,,0.0,0.0,0.0,,,,
224,00201790,All Other Pharmaceut,BRAND,202612,2025-08-29,2.59,6200958.35,3444627.76,,55.55,43.19,91.7,27.71,66.49,78.55,51.54,100.0,0.0,1,26.98,0.15,0.0,60.97,100.0,44.38,
225,00201790,All Other Pharmaceut,BRAND,202612,2025-09-05,-2.6,5426642.11,-3551208.05,,65.44,42.75,55.46,37.83,77.35,84.83,68.0,100.0,0.0,1,21.8,0.18,1.26,42.9,100.0,48.65,
226,00201790,All Other Pharmaceut,BRAND,202612,2025-09-12,-1.17,6685807.11,-1559954.48,,23.33,41.98,76.85,11.47,45.67,67.6,67.99,100.0,0.0,1,24.54,0.25,1.5,35.1,100.0,35.91,
227,00201790,All Other Pharmaceut,BRAND,202612,2025-09-18,9.0,29751678.31,10764126.46,,36.18,40.34,86.42,57.38,74.25,81.84,79.26,100.0,0.0,1,36.92,0.47,1.55,64.17,100.0,47.39,
228,00201790,All Other Pharmaceut,BRAND,202612,2025-09-19,-0.35,4245305.91,-463763.61,,10.92,39.42,65.32,26.21,42.99,54.77,66.83,100.0,0.0,1,27.02,0.43,1.59,28.08,100.0,34.4,
229,00201790,All Other Pharmaceut,BRAND,202612,2025-09-26,-0.17,6301729.05,-220362.98,,3.5,64.66,76.53,14.15,48.73,62.72,50.01,100.0,0.0,1,27.46,0.5,1.11,37.29,100.0,47.02,
230,00201790,All Other Pharmaceut,BRAND,202612,2025-10-03,-0.23,5137385.34,-298014.49,,5.8,53.3,67.92,17.36,52.42,63.98,58.85,100.0,0.0,1,19.63,0.3,0.77,35.6,100.0,43.29,
231,00201790,All Other Pharmaceut,BRAND,202612,2025-10-10,0.0,0.0,0.0,,,43.1,,,,,,,,,0.0,0.0,0.0,,,,
232,00201790,All Other Pharmaceut,BRAND,202612,2025-10-17,-0.42,9618159.0,-541882.61,,5.63,41.37,86.53,7.99,32.61,45.66,40.96,100.0,0.0,1,42.44,0.27,0.0,28.22,100.0,30.5,
233,00201790,All Other Pharmaceut,BRAND,202612,2025-10-24,-0.37,5876427.8,-492079.94,,8.37,40.72,80.1,12.78,40.86,52.94,49.42,100.0,0.0,1,29.49,0.37,2.94,32.73,100.0,33.86,
234,00201790,All Other Pharmaceut,BRAND,202612,2025-10-31,1.55,6624286.68,2051611.12,,30.97,42.16,91.78,19.4,69.46,78.97,37.48,100.0,0.0,1,24.83,0.29,1.25,63.75,100.0,45.62,
235,00201790,All Other Pharmaceut,BRAND,202612,2025-11-07,2.04,7020527.16,2743518.89,,39.08,42.19,69.61,22.61,58.0,68.79,28.64,100.0,0.0,1,30.91,0.32,1.15,40.37,100.0,41.16,
236,00201790,All Other Pharmaceut,BRAND,202612,2025-11-14,-1.27,5458515.77,-1746371.96,,31.99,40.98,73.07,28.61,54.77,66.9,31.74,100.0,0.0,1,26.87,0.29,1.78,40.02,100.0,39.28,
237,00201790,All Other Pharmaceut,BRAND,202612,2025-11-19,72.98,104214026.87,96523871.13,,92.62,40.54,8.93,89.37,93.99,95.32,89.97,100.0,0.0,1,38.78,0.49,3.24,8.39,100.0,55.43,
238,00201790,All Other Pharmaceut,BRAND,202612,2025-11-21,68.26,98152077.85,93111548.39,,94.86,39.11,3.85,94.81,98.2,98.71,96.63,100.0,0.0,1,21.64,0.36,1.99,3.78,100.0,56.14,
239,00201790,All Other Pharmaceut,BRAND,202612,2025-11-28,-47.56,111143056.13,-109168474.55,,98.22,42.68,99.56,83.74,98.15,98.76,84.04,100.0,0.0,1,28.65,0.36,1.36,97.72,100.0,57.52,
240,00201790,All Other Pharmaceut,BRAND,202612,2025-12-05,-1.17,6316420.3,-1410210.92,,22.33,45.57,60.4,32.7,60.73,71.19,53.12,100.0,0.0,1,26.11,0.35,1.81,36.68,100.0,43.68,
241,00201790,All Other Pharmaceut,BRAND,202612,2025-12-12,0.78,3263827.24,949397.41,,29.09,46.04,80.87,20.7,41.17,51.77,43.87,100.0,0.0,1,32.08,0.37,1.49,33.3,100.0,36.13,
242,00201790,All Other Pharmaceut,BRAND,202612,2025-12-17,-47.45,118896294.55,-109307852.89,,91.94,45.35,83.19,78.29,94.12,95.26,78.67,100.0,0.0,1,33.57,0.5,2.11,78.3,100.0,57.46,
243,00201790,All Other Pharmaceut,BRAND,202612,2025-12-19,202.22,887544729.21,880242482.94,,99.18,42.71,99.76,99.05,99.46,99.61,99.24,100.0,0.0,1,26.23,0.42,1.49,99.22,100.0,58.27,
244,00201790,All Other Pharmaceut,BRAND,202612,2025-12-26,1.22,21524961.6,16100890.27,,74.8,45.84,78.37,49.43,85.03,92.7,68.08,100.0,0.0,1,26.15,0.31,0.7,66.64,100.0,53.37,
245,00201790,All Other Pharmaceut,BRAND,202612,2026-01-02,0.45,10561953.96,5989305.38,,56.71,54.08,85.62,9.87,33.48,51.37,44.66,24.1,77.17,0,49.24,0.27,0.86,28.66,53.08,35.91,
246,00201790,All Other Pharmaceut,BRAND,202612,2026-01-09,-8.07,13721299.42,-11894762.52,,86.69,49.1,99.14,85.51,90.31,93.01,91.64,100.0,0.0,1,20.58,0.24,0.09,89.53,100.0,56.55,
247,00201790,All Other Pharmaceut,BRAND,202612,2026-01-16,-14.71,34811342.86,-19207936.71,,55.18,46.3,59.73,16.99,56.24,67.4,29.69,100.0,0.0,1,41.81,0.4,0.63,33.6,100.0,42.35,
248,00201790,All Other Pharmaceut,BRAND,202612,2026-01-23,-77.94,354439937.07,-333720665.77,,94.15,40.1,90.64,88.26,93.45,95.34,89.03,-137.17,92.43,0,41.56,0.62,3.61,84.71,229.6,55.5,
249,00201790,All Other Pharmaceut,BRAND,202612,2026-01-30,-3.39,9604459.43,-3716181.77,,38.69,44.49,14.73,50.59,74.84,81.94,53.0,100.0,0.0,1,20.84,0.39,2.75,11.03,100.0,49.04,
250,00201790,All Other Pharmaceut,BRAND,202612,2026-02-06,1.92,14618161.84,2050290.77,,14.03,50.54,45.85,23.22,57.61,68.29,42.75,136.24,-36.24,1,27.41,0.34,0.0,26.42,172.48,44.41,
251,00211787,TYK2 INHIBITOR,BRAND,202612,2025-07-18,,0.0,0.0,,,100.0,,,,,,,,,0.0,0.0,0.0,,,,
252,00211787,TYK2 INHIBITOR,BRAND,202612,2025-07-25,2.26,4789189.09,1746067.77,,36.46,95.04,100.0,20.16,67.01,97.26,42.57,100.0,0.0,1,24.35,0.23,0.0,67.01,100.0,65.59,
253,00211787,TYK2 INHIBITOR,BRAND,202612,2025-08-01,-4.18,5811422.93,-3303999.11,,56.85,95.04,100.0,41.15,80.61,98.32,70.11,100.0,0.0,1,25.22,0.31,0.0,80.61,100.0,71.31,
254,00211787,TYK2 INHIBITOR,BRAND,202612,2025-08-08,12.31,16490388.72,9319454.71,,56.51,95.08,100.0,45.47,68.08,79.71,66.14,100.0,0.0,1,57.76,0.72,0.0,68.08,100.0,67.67,
255,00211787,TYK2 INHIBITOR,BRAND,202612,2025-08-15,-9.96,10787397.84,-8481966.58,,78.63,95.04,100.0,57.22,80.05,92.69,79.5,100.0,0.0,1,30.43,0.41,0.0,80.05,100.0,71.41,
256,00211787,TYK2 INHIBITOR,BRAND,202612,2025-08-22,0.45,4570486.92,346594.67,,7.58,95.0,100.0,38.48,90.17,99.96,52.82,100.0,0.0,1,11.4,0.17,0.0,90.17,100.0,74.62,
257,00211787,TYK2 INHIBITOR,BRAND,202612,2025-08-26,,0.0,0.0,,,95.04,,,,,,,,,0.0,0.0,0.0,,,,
258,00211787,TYK2 INHIBITOR,BRAND,202612,2025-08-29,0.27,1383771.32,209262.39,,15.12,93.39,74.66,27.48,86.2,99.4,51.83,100.0,0.0,1,14.16,0.15,0.0,64.36,100.0,72.33,
259,00211787,TYK2 INHIBITOR,BRAND,202612,2025-09-05,-2.22,3804490.66,-1714815.77,,45.07,87.7,66.44,21.81,68.98,91.11,33.62,100.0,0.0,1,37.38,0.44,0.93,45.83,100.0,64.15,
260,00211787,TYK2 INHIBITOR,BRAND,202612,2025-09-12,1.85,3079207.91,1391842.86,,45.2,85.25,83.96,46.25,90.15,99.9,63.35,100.0,0.0,1,8.65,0.15,0.0,75.7,100.0,70.65,
261,00211787,TYK2 INHIBITOR,BRAND,202612,2025-09-18,-1.28,5952508.51,-973770.45,,16.36,82.79,48.38,18.43,61.32,82.0,48.83,100.0,0.0,1,43.56,0.57,0.0,29.67,100.0,59.55,
262,00211787,TYK2 INHIBITOR,BRAND,202612,2025-09-19,-1.34,3412578.15,-1020376.84,,29.9,79.51,47.47,32.15,71.85,91.17,62.95,100.0,0.0,1,20.62,0.51,3.09,34.11,100.0,62.24,
263,00211787,TYK2 INHIBITOR,BRAND,202612,2025-09-26,1.53,5528139.57,1164715.21,,21.07,88.39,94.56,46.57,85.83,96.66,46.57,100.0,0.0,1,24.24,0.4,3.03,81.16,100.0,71.03,
264,00211787,TYK2 INHIBITOR,BRAND,202612,2025-10-03,8.1,11206340.9,6242830.79,,55.71,82.91,78.8,22.13,68.1,85.38,38.93,100.0,0.0,1,44.33,0.7,6.19,53.66,100.0,62.74,
265,00211787,TYK2 INHIBITOR,BRAND,202612,2025-10-10,0.0,0.0,0.0,,,84.43,,,,,,,,,0.0,0.0,0.0,,,,
266,00211787,TYK2 INHIBITOR,BRAND,202612,2025-10-17,3.02,13567897.97,2298738.04,,16.94,85.95,88.41,15.33,58.97,75.15,48.3,100.0,0.0,1,57.69,0.62,0.0,52.14,100.0,60.04,
267,00211787,TYK2 INHIBITOR,BRAND,202612,2025-10-24,-5.81,13452681.21,-4842374.2,,36.0,77.69,19.38,21.55,73.67,91.52,42.57,100.0,0.0,1,27.66,0.58,1.06,14.28,100.0,62.47,
268,00211787,TYK2 INHIBITOR,BRAND,202612,2025-10-31,-1.58,8375093.99,-1238217.31,,14.78,82.11,47.16,27.85,87.02,98.5,41.15,101.07,-1.07,1,20.79,0.46,2.97,41.04,102.14,69.2,
269,00211787,TYK2 INHIBITOR,BRAND,202612,2025-11-07,3.29,8006931.93,2543646.18,,31.77,81.97,58.85,25.58,69.62,85.17,40.07,100.0,0.0,1,42.0,0.71,2.0,40.97,100.0,63.01,
270,00211787,TYK2 INHIBITOR,BRAND,202612,2025-11-14,-1.41,3576809.96,-1127687.47,,31.53,85.71,90.56,32.6,92.83,99.31,61.66,100.0,0.0,1,11.76,0.24,0.98,84.07,100.0,72.2,
271,00211787,TYK2 INHIBITOR,BRAND,202612,2025-11-19,0.15,6403058.86,118979.68,,1.86,86.44,85.91,18.21,63.12,79.24,54.84,89.22,10.78,1,46.08,0.74,0.98,54.23,78.44,62.28,
272,00211787,TYK2 INHIBITOR,BRAND,202612,2025-11-21,-19.13,16994374.72,-15058348.45,,88.61,83.9,95.47,82.17,96.14,99.6,92.11,100.0,0.0,1,18.18,0.43,3.03,91.78,100.0,73.45,
273,00211787,TYK2 INHIBITOR,BRAND,202612,2025-11-28,22.08,18468907.08,14048987.71,,76.07,89.92,12.16,76.57,88.56,96.79,87.77,100.0,0.0,1,16.82,0.37,3.74,10.77,100.0,72.62,
274,00211787,TYK2 INHIBITOR,BRAND,202612,2025-12-05,0.42,5528715.46,327329.55,,5.92,85.25,76.99,15.3,50.01,75.96,27.94,100.0,0.0,1,40.38,0.65,1.92,38.51,100.0,56.26,
275,00211787,TYK2 INHIBITOR,BRAND,202612,2025-12-12,-0.51,2292772.03,-401048.08,,17.49,85.25,75.91,34.08,94.32,99.62,42.32,100.0,0.0,1,11.54,0.23,0.0,71.6,100.0,72.59,
276,00211787,TYK2 INHIBITOR,BRAND,202612,2025-12-17,-1.05,6244874.07,-825930.59,,13.23,90.91,91.29,16.62,65.71,82.33,27.94,100.0,0.0,1,45.45,0.64,3.64,59.98,100.0,64.8,
277,00211787,TYK2 INHIBITOR,BRAND,202612,2025-12-19,-0.1,175019.7,-75704.15,,43.25,85.0,70.87,20.08,75.92,94.58,76.73,100.0,0.0,1,19.61,0.38,4.9,53.8,100.0,65.65,
278,00211787,TYK2 INHIBITOR,BRAND,202612,2025-12-26,-1.81,4037144.14,-1401662.48,,34.72,95.0,77.63,44.4,99.82,99.98,67.2,100.0,0.0,1,8.77,0.22,1.75,77.49,100.0,78.68,
279,00211787,TYK2 INHIBITOR,BRAND,202612,2026-01-02,15.85,14380927.24,12069888.26,,83.93,93.33,96.44,20.63,64.18,80.61,31.33,2.55,97.37,-1,50.0,0.46,0.0,61.89,94.81,64.53,
280,00211787,TYK2 INHIBITOR,BRAND,202612,2026-01-09,0.01,1933620.66,10586.68,,0.55,89.92,95.72,36.92,94.68,99.99,56.92,100.0,0.0,1,11.21,0.16,0.93,90.63,100.0,74.37,
281,00211787,TYK2 INHIBITOR,BRAND,202612,2026-01-16,-0.04,118311.85,-35175.66,,29.73,93.1,78.21,36.01,84.34,98.14,36.01,100.0,0.0,1,13.89,0.22,0.93,65.96,100.0,71.7,
282,00211787,TYK2 INHIBITOR,BRAND,202612,2026-01-23,2.99,17419245.32,2302063.71,,13.22,87.07,87.16,23.07,57.47,78.77,35.07,-310.9,533.01,0,41.58,0.67,2.97,50.09,843.91,60.06,
283,00211787,TYK2 INHIBITOR,BRAND,202612,2026-01-30,-10.16,15292254.05,-8897713.43,,58.18,79.49,45.15,38.4,81.26,94.2,50.7,100.0,0.0,1,24.73,0.56,2.15,36.69,100.0,66.15,
284,00211787,TYK2 INHIBITOR,BRAND,202612,2026-02-06,-0.19,1499583.21,-154393.27,,10.3,78.63,39.07,13.36,47.97,67.69,18.98,100.0,0.0,1,42.39,0.67,0.0,18.74,100.0,52.86,
285,00211791,Belatacept (Nulojix),BRAND,202612,2025-07-18,,0.0,0.0,,,100.0,,,,,,,,,0.0,0.0,0.0,,,,
286,00211791,Belatacept (Nulojix),BRAND,202612,2025-07-25,8.09,29774956.19,27983424.44,,93.98,61.54,100.0,93.7,97.06,99.03,93.71,100.0,0.0,1,27.5,0.17,0.0,97.06,100.0,64.0,
287,00211791,Belatacept (Nulojix),BRAND,202612,2025-08-01,-0.11,9217539.91,-416691.33,,4.52,61.54,100.0,28.98,94.73,98.67,60.5,100.0,0.0,1,26.67,0.21,0.0,94.73,100.0,63.21,
288,00211791,Belatacept (Nulojix),BRAND,202612,2025-08-08,4.79,29053792.48,17869285.34,,61.5,61.93,100.0,31.1,78.57,92.71,45.88,100.0,0.0,1,48.36,0.42,0.0,78.57,100.0,57.61,
289,00211791,Belatacept (Nulojix),BRAND,202612,2025-08-15,-0.51,43828280.8,-1991669.57,,4.54,61.93,100.0,40.33,85.66,96.29,60.5,100.0,0.0,1,34.43,0.31,0.0,85.66,100.0,60.09,
290,00211791,Belatacept (Nulojix),BRAND,202612,2025-08-22,-0.09,12998962.22,-352744.05,,2.71,62.12,100.0,47.46,98.32,99.8,76.87,100.0,0.0,1,25.2,0.3,0.0,98.32,100.0,65.19,
291,00211791,Belatacept (Nulojix),BRAND,202612,2025-08-26,,0.0,0.0,,,62.12,,,,,,,,,0.0,0.0,0.0,,,,
292,00211791,Belatacept (Nulojix),BRAND,202612,2025-08-29,0.62,18903881.7,2399800.32,,12.69,59.9,71.64,27.01,92.62,97.94,42.28,100.0,0.0,1,31.36,0.21,0.0,66.35,100.0,61.7,
293,00211791,Belatacept (Nulojix),BRAND,202612,2025-09-05,-2.21,26527370.2,-8644307.58,,32.59,57.87,72.89,24.06,75.85,94.88,51.09,100.0,0.0,1,42.11,0.37,5.26,55.29,100.0,54.72,
294,00211791,Belatacept (Nulojix),BRAND,202612,2025-09-12,-0.03,6838479.41,-103443.07,,1.51,57.36,61.38,38.65,88.81,98.64,81.17,100.0,0.0,1,26.55,0.28,1.77,54.52,100.0,59.42,
295,00211791,Belatacept (Nulojix),BRAND,202612,2025-09-18,-2.77,42391562.19,-10954324.82,,25.84,53.06,63.24,17.97,67.05,89.61,59.95,100.0,0.0,1,50.0,0.55,2.88,42.4,100.0,49.86,
296,00211791,Belatacept (Nulojix),BRAND,202612,2025-09-19,-0.3,16904769.21,-1148829.77,,6.8,53.57,67.62,34.45,94.51,98.55,66.54,100.0,0.0,1,31.43,0.44,1.9,63.9,100.0,60.69,
297,00211791,Belatacept (Nulojix),BRAND,202612,2025-09-26,3.83,30661443.31,14617365.16,,47.67,79.37,31.08,45.93,79.81,94.89,57.91,100.0,0.0,1,33.0,0.7,3.0,24.81,100.0,66.0,
298,00211791,Belatacept (Nulojix),BRAND,202612,2025-10-03,0.19,6125906.16,733298.68,,11.97,54.36,53.51,13.71,48.09,65.58,28.92,100.0,0.0,1,45.28,0.5,1.89,25.73,100.0,42.65,
299,00211791,Belatacept (Nulojix),BRAND,202612,2025-10-10,0.0,0.0,0.0,,,56.28,,,,,,,,,0.0,0.0,0.0,,,,
300,00211791,Belatacept (Nulojix),BRAND,202612,2025-10-17,3.59,52628525.16,13770071.45,,26.16,52.76,55.79,26.76,58.74,80.9,34.76,100.0,0.0,1,55.24,0.39,0.0,32.77,100.0,45.89,
301,00211791,Belatacept (Nulojix),BRAND,202612,2025-10-24,-0.12,70753960.18,-482702.87,,0.68,51.53,82.42,24.5,65.0,87.94,49.51,100.0,0.0,1,44.55,0.51,4.95,53.57,100.0,48.31,
302,00211791,Belatacept (Nulojix),BRAND,202612,2025-10-31,-0.3,20132621.04,-1171520.16,,5.82,58.16,96.83,30.69,82.47,96.47,42.39,100.0,0.0,1,35.96,0.41,3.51,79.85,100.0,57.61,
303,00211791,Belatacept (Nulojix),BRAND,202612,2025-11-07,3.85,21344212.46,15223224.25,,71.32,55.38,86.45,32.18,79.24,91.73,76.32,100.0,0.0,1,45.37,0.5,3.7,68.5,100.0,55.51,
304,00211791,Belatacept (Nulojix),BRAND,202612,2025-11-14,2.39,35440323.4,9827478.19,,27.73,52.31,84.42,29.22,70.15,95.54,42.04,100.0,0.0,1,31.37,0.37,1.96,59.22,100.0,50.21,
305,00211791,Belatacept (Nulojix),BRAND,202612,2025-11-19,6.88,83247784.04,27342956.48,,32.85,49.22,60.79,23.47,66.27,81.32,48.15,100.0,0.0,1,58.95,0.66,2.11,40.29,100.0,48.39,
306,00211791,Belatacept (Nulojix),BRAND,202612,2025-11-21,0.61,48938449.39,2566132.63,,5.24,46.39,38.01,18.42,58.81,82.63,42.82,100.0,0.0,1,30.0,0.44,3.33,22.35,100.0,43.56,
307,00211791,Belatacept (Nulojix),BRAND,202612,2025-11-28,1.53,12971115.11,6474499.96,,49.91,54.12,69.89,54.08,94.86,98.88,54.21,100.0,0.0,1,28.57,0.38,0.95,66.3,100.0,60.87,
308,00211791,Belatacept (Nulojix),BRAND,202612,2025-12-05,-0.5,39084849.34,-2135806.84,,5.46,59.16,88.13,16.64,55.23,82.34,63.39,100.0,0.0,1,48.67,0.5,2.65,48.68,100.0,47.41,
309,00211791,Belatacept (Nulojix),BRAND,202612,2025-12-12,-2.31,45394206.61,-9887599.71,,21.78,50.0,67.34,22.4,62.8,88.5,59.99,100.0,0.0,1,30.53,0.41,2.11,42.29,100.0,46.49,
310,00211791,Belatacept (Nulojix),BRAND,202612,2025-12-17,-3.55,52324335.33,-15068070.99,,28.8,52.38,62.77,26.46,70.66,87.19,46.55,100.0,0.0,1,57.58,0.67,5.05,44.35,100.0,51.46,
311,00211791,Belatacept (Nulojix),BRAND,202612,2025-12-19,0.31,17412341.06,1279496.68,,7.35,49.21,61.31,23.27,83.09,94.1,71.8,100.0,0.0,1,35.48,0.56,3.23,50.94,100.0,54.77,
312,00211791,Belatacept (Nulojix),BRAND,202612,2025-12-26,-0.27,2646132.92,-1119305.88,,42.3,59.26,52.24,30.53,88.56,98.05,38.63,100.0,0.0,1,25.0,0.34,3.57,46.26,100.0,60.26,
313,00211791,Belatacept (Nulojix),BRAND,202612,2026-01-02,5.85,42060182.72,24423318.99,,58.07,60.64,92.04,21.21,62.61,86.53,31.01,9.22,88.66,0,59.65,0.52,1.75,57.63,79.44,51.02,
314,00211791,Belatacept (Nulojix),BRAND,202612,2026-01-09,0.47,60939757.75,2083644.27,,3.42,51.61,76.11,20.83,61.21,85.36,52.98,100.0,0.0,1,34.38,0.33,0.0,46.59,100.0,46.24,
315,00211791,Belatacept (Nulojix),BRAND,202612,2026-01-16,-2.62,42889943.09,-11609430.15,,27.07,53.26,49.96,36.06,82.85,93.87,38.64,102.23,0.0,1,29.59,0.36,1.02,41.4,102.23,55.64,
316,00211791,Belatacept (Nulojix),BRAND,202612,2026-01-23,6.66,114335991.57,27297473.11,,23.87,50.0,63.27,13.16,47.07,71.91,47.36,17.31,77.31,1,48.39,0.67,3.23,29.78,59.99,41.07,
317,00211791,Belatacept (Nulojix),BRAND,202612,2026-01-30,1.7,61027018.57,7331815.01,,12.01,49.46,46.34,12.66,56.31,80.61,32.13,100.0,0.0,1,34.78,0.52,5.43,26.09,100.0,44.05,
318,00211791,Belatacept (Nulojix),BRAND,202612,2026-02-06,0.34,33077120.59,1505459.02,,4.55,49.46,20.97,11.61,48.1,80.19,48.07,100.0,0.0,1,43.48,0.48,0.0,10.08,100.0,40.62,
319,00211794,Orencia IV,BRAND,202612,2025-07-18,,0.0,0.0,,,100.0,,,,,,,,,0.0,0.0,0.0,,,,
320,00211794,Orencia IV,BRAND,202612,2025-07-25,-1.6,33046776.49,-6197295.7,,18.75,44.76,100.0,21.99,66.22,85.15,31.23,100.0,0.0,1,28.99,0.13,0.0,66.22,100.0,44.83,
321,00211794,Orencia IV,BRAND,202612,2025-08-01,4.77,26660775.88,16431869.0,,61.63,44.63,100.0,32.59,72.17,85.13,36.62,100.0,0.0,1,28.07,0.17,0.0,72.17,100.0,47.28,
322,00211794,Orencia IV,BRAND,202612,2025-08-08,32.23,129865478.45,116287705.68,,89.54,44.89,100.0,26.43,62.84,75.19,40.92,100.0,0.0,1,52.65,0.32,0.0,62.84,100.0,44.15,
323,00211794,Orencia IV,BRAND,202612,2025-08-15,-23.52,126891984.89,-112223511.28,,88.44,44.96,100.0,40.55,65.68,79.35,43.44,100.0,0.0,1,45.65,0.27,0.0,65.68,100.0,45.15,
324,00211794,Orencia IV,BRAND,202612,2025-08-22,1.35,60339417.28,5041335.27,,8.35,44.96,100.0,15.51,71.73,88.64,60.07,100.0,0.0,1,36.15,0.26,0.0,71.73,100.0,47.53,
325,00211794,Orencia IV,BRAND,202612,2025-08-26,,0.0,0.0,,,44.96,,,,,,,,,0.0,0.0,0.0,,,,
326,00211794,Orencia IV,BRAND,202612,2025-08-29,1.38,35059790.2,5235918.19,,14.93,43.48,91.49,38.35,79.93,91.16,71.2,100.0,0.0,1,30.52,0.15,0.0,73.13,100.0,49.86,
327,00211794,Orencia IV,BRAND,202612,2025-09-05,-2.3,62005058.29,-8846198.34,,14.27,40.64,62.56,25.45,73.62,84.54,48.55,100.0,0.0,1,39.07,0.26,0.58,46.05,100.0,46.57,
328,00211794,Orencia IV,BRAND,202612,2025-09-12,4.97,42360955.56,18108912.46,,42.75,39.36,64.64,18.69,41.0,60.72,33.88,100.0,0.0,1,39.27,0.31,1.81,26.5,100.0,33.16,
329,00211794,Orencia IV,BRAND,202612,2025-09-18,-9.9,105461742.01,-37433733.19,,35.5,35.52,66.46,26.79,63.57,76.57,51.37,100.0,0.0,1,57.72,0.52,2.35,42.25,100.0,41.37,
330,00211794,Orencia IV,BRAND,202612,2025-09-19,-13.08,74609615.24,-50060125.64,,67.1,34.56,78.76,50.51,66.95,78.63,62.7,100.0,0.0,1,40.69,0.49,2.07,52.73,100.0,42.24,
331,00211794,Orencia IV,BRAND,202612,2025-09-26,-5.43,52193535.94,-18124378.6,,34.73,86.73,67.11,26.62,60.04,80.86,44.21,100.0,0.0,1,38.44,0.84,2.04,40.29,100.0,61.5,
332,00211794,Orencia IV,BRAND,202612,2025-10-03,-1.53,50902696.0,-4835634.83,,9.5,39.68,68.36,21.59,56.07,73.85,29.62,100.0,0.0,1,40.98,0.38,2.14,38.33,100.0,39.56,
333,00211794,Orencia IV,BRAND,202612,2025-10-10,0.0,0.0,0.0,,,41.06,,,,,,,,,0.0,0.0,0.0,,,,
334,00211794,Orencia IV,BRAND,202612,2025-10-17,-3.6,89211303.7,-12334318.34,,13.83,38.89,72.06,17.54,63.08,73.83,34.88,100.0,0.0,1,63.04,0.31,0.0,45.46,100.0,41.82,
335,00211794,Orencia IV,BRAND,202612,2025-10-24,24.76,177671790.89,77086506.12,,43.39,35.67,74.95,53.37,80.63,89.05,59.87,100.0,0.0,1,49.49,0.41,4.41,60.43,100.0,47.87,
336,00211794,Orencia IV,BRAND,202612,2025-10-31,-3.9,47395161.43,-15061506.15,,31.78,35.84,34.73,43.57,79.2,89.12,47.27,100.0,0.0,1,37.16,0.35,1.35,27.5,100.0,47.18,
337,00211794,Orencia IV,BRAND,202612,2025-11-07,3.2,50022037.94,11889303.05,,23.77,36.31,62.11,21.49,51.89,65.99,35.78,100.0,0.0,1,50.5,0.43,3.65,32.23,100.0,36.72,
338,00211794,Orencia IV,BRAND,202612,2025-11-14,-7.59,72385534.74,-29109691.59,,40.21,36.32,85.46,46.48,71.88,87.44,50.11,100.0,0.0,1,44.67,0.35,2.67,61.43,100.0,44.44,
339,00211794,Orencia IV,BRAND,202612,2025-11-19,15.77,107881670.27,51734547.44,,47.95,35.47,83.47,38.08,59.55,69.48,48.71,100.0,0.0,1,63.48,0.55,3.41,49.71,100.0,39.84,
340,00211794,Orencia IV,BRAND,202612,2025-11-21,7.25,59533389.3,25697189.95,,43.16,32.69,35.19,55.4,82.67,90.69,61.09,100.0,0.0,1,38.15,0.44,1.48,29.1,100.0,47.63,
341,00211794,Orencia IV,BRAND,202612,2025-11-28,3.75,35657054.53,14247127.65,,39.96,38.26,79.63,42.38,71.9,87.04,57.02,100.0,0.0,1,40.82,0.44,0.95,57.26,100.0,45.53,
342,00211794,Orencia IV,BRAND,202612,2025-12-05,0.22,63319556.48,876575.05,,1.38,37.77,66.96,20.72,48.22,61.47,27.66,100.0,0.0,1,50.64,0.41,1.28,32.28,100.0,35.76,
343,00211794,Orencia IV,BRAND,202612,2025-12-12,1.58,47786764.59,6244297.98,,13.07,37.88,56.44,33.12,81.16,89.07,75.72,100.0,0.0,1,37.58,0.39,2.23,45.81,100.0,48.9,
344,00211794,Orencia IV,BRAND,202612,2025-12-17,7.18,93355819.56,27249287.96,,29.19,37.68,60.38,20.19,60.69,72.64,43.41,100.0,0.0,1,62.82,0.62,4.81,36.64,100.0,41.42,
345,00211794,Orencia IV,BRAND,202612,2025-12-19,7.32,53663705.44,29387716.34,,54.76,34.75,61.32,24.34,61.0,77.34,44.63,100.0,0.0,1,40.77,0.52,3.83,37.41,100.0,40.02,
346,00211794,Orencia IV,BRAND,202612,2025-12-26,-7.78,58675208.26,-33524540.58,,57.14,38.91,41.77,49.04,86.62,94.99,63.79,100.0,0.0,1,30.53,0.35,2.18,36.18,100.0,51.39,
347,00211794,Orencia IV,BRAND,202612,2026-01-02,3.86,29606018.9,15321636.67,,51.75,41.07,58.97,11.96,42.1,59.71,36.22,-13.28,113.86,0,64.2,0.3,1.18,24.82,127.13,34.25,
348,00211794,Orencia IV,BRAND,202612,2026-01-09,-2.09,24874242.77,-8901945.78,,35.79,40.63,57.79,10.16,43.25,67.68,31.9,100.0,0.0,1,20.24,0.21,0.0,24.99,100.0,34.24,
349,00211794,Orencia IV,BRAND,202612,2026-01-16,-3.27,70421663.28,-13618389.6,,19.34,36.56,78.15,18.95,54.27,70.02,36.35,100.0,0.0,1,47.46,0.31,0.34,42.41,100.0,37.36,
350,00211794,Orencia IV,BRAND,202612,2026-01-23,-4.54,119073658.59,-18466346.01,,15.51,25.25,22.76,12.99,41.24,60.43,28.12,186.57,-102.7,1,50.74,0.56,3.94,9.39,289.27,28.46,
351,00211794,Orencia IV,BRAND,202612,2026-01-30,-0.23,79011467.39,-918376.26,,1.16,31.01,53.3,20.17,61.15,73.86,42.92,100.0,0.0,1,40.56,0.42,3.61,32.59,100.0,38.28,
352,00211794,Orencia IV,BRAND,202612,2026-02-06,2.36,39301517.38,9480055.47,,24.12,34.0,61.13,16.53,39.5,56.17,49.22,100.0,0.0,1,48.35,0.43,0.0,24.15,100.0,30.84,
353,00211795,Orencia Subcutaneous,BRAND,202612,2025-07-18,,0.0,0.0,,,100.0,,,,,,,,,0.0,0.0,0.0,,,,
354,00211795,Orencia Subcutaneous,BRAND,202612,2025-07-25,-1.45,15443027.22,-3268308.61,,21.16,35.49,100.0,20.88,60.33,82.88,36.26,100.0,0.0,1,21.35,0.08,0.0,60.33,100.0,38.58,
355,00211795,Orencia Subcutaneous,BRAND,202612,2025-08-01,-3.24,25073024.06,-7192690.88,,28.69,35.59,100.0,15.47,63.97,87.57,43.61,100.0,0.0,1,17.67,0.08,0.0,63.97,100.0,40.1,
356,00211795,Orencia Subcutaneous,BRAND,202612,2025-08-08,34.93,109788545.5,75121728.09,,68.42,35.59,100.0,28.78,60.42,72.97,81.02,100.0,0.0,1,44.07,0.19,0.0,60.42,100.0,39.05,
357,00211795,Orencia Subcutaneous,BRAND,202612,2025-08-15,-25.34,121774337.4,-73671352.85,,60.5,35.59,100.0,31.62,63.28,73.69,70.73,100.0,0.0,1,37.36,0.17,0.0,63.28,100.0,40.12,
358,00211795,Orencia Subcutaneous,BRAND,202612,2025-08-22,13.13,33401801.34,28508313.32,,85.35,35.64,100.0,26.14,63.1,79.1,63.07,100.0,0.0,1,25.0,0.13,0.0,63.1,100.0,39.92,
359,00211795,Orencia Subcutaneous,BRAND,202612,2025-08-26,,0.0,0.0,,,35.59,,,,,,,,,0.0,0.0,0.0,,,,
360,00211795,Orencia Subcutaneous,BRAND,202612,2025-08-29,9.87,73403360.83,24247449.44,,33.03,33.81,37.46,36.41,59.0,77.31,66.31,100.0,0.0,1,23.76,0.1,0.0,22.1,100.0,37.46,
361,00211795,Orencia Subcutaneous,BRAND,202612,2025-09-05,-1.97,62866354.78,-5326501.07,,8.47,31.32,45.13,6.09,25.92,42.32,45.31,100.0,0.0,1,32.23,0.17,1.78,11.7,100.0,23.46,
362,00211795,Orencia Subcutaneous,BRAND,202612,2025-09-12,-1.11,34868439.93,-2929307.52,,8.4,30.37,61.47,13.46,42.02,62.56,50.48,100.0,0.0,1,25.92,0.16,2.09,25.82,100.0,29.5,
363,00211795,Orencia Subcutaneous,BRAND,202612,2025-09-18,-2.37,74201791.65,-5913323.06,,7.97,28.33,50.0,5.78,23.56,37.88,47.9,100.0,0.0,1,57.14,0.35,3.08,11.78,100.0,21.94,
364,00211795,Orencia Subcutaneous,BRAND,202612,2025-09-19,-6.9,29881616.72,-18047600.73,,60.4,28.33,74.83,40.98,60.14,74.63,67.56,100.0,0.0,1,33.61,0.3,1.68,45.0,100.0,36.38,
365,00211795,Orencia Subcutaneous,BRAND,202612,2025-09-26,-14.21,50326471.5,-34552331.81,,68.66,85.4,70.64,32.93,74.34,85.37,75.13,100.0,0.0,1,29.03,0.52,0.65,52.51,100.0,65.61,
366,00211795,Orencia Subcutaneous,BRAND,202612,2025-10-03,3.99,39433408.47,8317014.36,,21.09,33.52,67.38,8.33,37.26,56.3,37.55,100.0,0.0,1,31.28,0.18,1.18,25.1,100.0,28.9,
367,00211795,Orencia Subcutaneous,BRAND,202612,2025-10-10,0.0,0.0,0.0,,,33.28,,,,,,,,,0.0,0.0,0.0,,,,
368,00211795,Orencia Subcutaneous,BRAND,202612,2025-10-17,-10.47,74592544.84,-25530242.03,,34.23,28.92,64.31,12.98,34.04,46.87,41.83,100.0,0.0,1,60.76,0.25,0.0,21.89,100.0,26.02,
369,00211795,Orencia Subcutaneous,BRAND,202612,2025-10-24,-17.83,74149519.31,-38783352.73,,52.3,27.27,32.84,10.74,32.22,51.61,37.38,100.0,0.0,1,35.55,0.29,3.18,10.58,100.0,24.76,
370,00211795,Orencia Subcutaneous,BRAND,202612,2025-10-31,22.51,52534048.69,40224202.8,,76.57,30.26,57.95,18.07,45.34,63.27,59.93,100.0,0.0,1,23.7,0.17,0.78,26.27,100.0,30.81,
371,00211795,Orencia Subcutaneous,BRAND,202612,2025-11-07,-12.78,65555425.5,-27987757.22,,42.69,29.73,65.5,10.26,39.75,59.31,40.19,100.0,0.0,1,40.11,0.26,1.58,26.04,100.0,28.64,
372,00211795,Orencia Subcutaneous,BRAND,202612,2025-11-14,-11.07,68628341.37,-21130723.07,,30.79,28.44,53.41,13.02,38.36,54.21,49.47,100.0,0.0,1,36.74,0.22,0.55,20.49,100.0,27.44,
373,00211795,Orencia Subcutaneous,BRAND,202612,2025-11-19,-8.43,219604192.05,-18384113.85,,8.37,27.32,32.33,29.24,56.6,67.19,56.58,100.0,0.0,1,51.72,0.36,2.59,18.3,100.0,34.77,
374,00211795,Orencia Subcutaneous,BRAND,202612,2025-11-21,22.93,134781509.26,38926095.2,,28.88,27.32,20.48,47.62,73.66,81.32,69.0,100.0,0.0,1,33.05,0.33,3.45,15.08,100.0,41.48,
375,00211795,Orencia Subcutaneous,BRAND,202612,2025-11-28,1.87,28517012.6,3886052.56,,13.63,30.82,65.74,29.81,76.54,92.99,44.9,100.0,0.0,1,28.32,0.2,1.53,50.32,100.0,43.62,
376,00211795,Orencia Subcutaneous,BRAND,202612,2025-12-05,9.4,212309330.91,19860895.22,,9.35,29.3,60.26,26.23,52.64,64.21,57.43,100.0,0.0,1,42.63,0.25,1.34,31.72,100.0,33.6,
377,00211795,Orencia Subcutaneous,BRAND,202612,2025-12-12,-5.98,36343018.27,-13822173.63,,38.03,29.17,29.86,15.42,48.89,81.3,57.18,100.0,0.0,1,25.34,0.2,0.81,14.6,100.0,31.89,
378,00211795,Orencia Subcutaneous,BRAND,202612,2025-12-17,7.26,206888314.75,15025227.84,,7.26,29.66,49.31,31.04,57.82,68.81,57.76,100.0,0.0,1,58.09,0.38,1.86,28.51,100.0,36.24,
379,00211795,Orencia Subcutaneous,BRAND,202612,2025-12-19,-1.87,42855828.8,-4058628.01,,9.47,27.34,55.33,11.04,36.55,59.18,61.79,100.0,0.0,1,27.3,0.26,1.72,20.22,100.0,26.41,
380,00211795,Orencia Subcutaneous,BRAND,202612,2025-12-26,-9.41,27181117.06,-20074979.21,,73.86,31.26,65.93,43.48,69.93,88.96,69.83,100.0,0.0,1,17.59,0.15,0.25,46.1,100.0,40.97,
381,00211795,Orencia Subcutaneous,BRAND,202612,2026-01-02,7.15,23113413.75,13814258.86,,59.77,36.42,83.13,20.61,47.36,61.8,38.42,-5.96,106.73,0,58.62,0.13,0.86,39.37,112.69,33.95,
382,00211795,Orencia Subcutaneous,BRAND,202612,2026-01-09,-0.59,32235225.02,-1277173.13,,3.96,35.9,79.91,18.51,55.39,83.37,48.78,100.0,0.0,1,10.07,0.06,0.44,44.26,100.0,36.73,
383,00211795,Orencia Subcutaneous,BRAND,202612,2026-01-16,14.88,86159362.82,31599746.81,,36.68,31.08,43.48,14.45,37.8,51.71,53.69,99.97,0.0,1,37.85,0.2,0.51,16.44,99.97,28.21,
384,00211795,Orencia Subcutaneous,BRAND,202612,2026-01-23,3.29,66474306.04,7176269.71,,10.8,27.96,61.88,7.82,27.33,42.32,45.77,-97.01,230.82,1,40.62,0.38,1.14,16.91,327.82,23.39,
385,00211795,Orencia Subcutaneous,BRAND,202612,2026-01-30,0.84,66021913.62,2044428.63,,3.1,27.96,42.81,9.01,40.33,58.4,38.58,100.0,0.0,1,36.65,0.31,1.7,17.27,100.0,28.36,
386,00211795,Orencia Subcutaneous,BRAND,202612,2026-02-06,5.68,52153538.46,13667025.26,,26.21,30.87,63.85,18.99,41.27,60.43,50.13,100.0,0.0,1,44.59,0.32,0.0,26.35,100.0,29.92,
387,00211797,Clazakizumab (IL-6),BRAND,202612,2025-07-18,,0.0,0.0,,,100.0,,,,,,,,,0.0,0.0,0.0,,,,
388,00211797,Clazakizumab (IL-6),BRAND,202612,2025-07-25,,0.0,0.0,,,0.0,,,,,,,,,,0.0,,,,,
389,00211797,Clazakizumab (IL-6),BRAND,202612,2025-08-01,,0.0,0.0,,,0.0,,,,,,,,,,0.0,,,,,
390,00211797,Clazakizumab (IL-6),BRAND,202612,2025-08-08,,0.0,0.0,,,0.0,,,,,,,,,,0.0,,,,,
391,00211797,Clazakizumab (IL-6),BRAND,202612,2025-08-15,,0.0,0.0,,,0.0,,,,,,,,,,0.0,,,,,
392,00211797,Clazakizumab (IL-6),BRAND,202612,2025-08-22,,0.0,0.0,,,0.0,,,,,,,,,,0.0,,,,,
393,00211797,Clazakizumab (IL-6),BRAND,202612,2025-08-26,,0.0,0.0,,,0.0,,,,,,,,,,0.0,,,,,
394,00211797,Clazakizumab (IL-6),BRAND,202612,2025-08-29,,0.0,0.0,,,0.0,,,,,,,,,,0.0,,,,,
395,00211797,Clazakizumab (IL-6),BRAND,202612,2025-09-05,,0.0,0.0,,,0.0,,,,,,,,,,0.0,,,,,
396,00211797,Clazakizumab (IL-6),BRAND,202612,2025-09-12,,0.0,0.0,,,0.0,,,,,,,,,,0.0,,,,,
397,00211797,Clazakizumab (IL-6),BRAND,202612,2025-09-18,,0.0,0.0,,,0.0,,,,,,,,,,0.0,,,,,
398,00211797,Clazakizumab (IL-6),BRAND,202612,2025-09-19,,0.0,0.0,,,0.0,,,,,,,,,,0.0,,,,,
399,00211797,Clazakizumab (IL-6),BRAND,202612,2025-10-03,,0.0,0.0,,,0.0,,,,,,,,,,0.0,,,,,
400,00211797,Clazakizumab (IL-6),BRAND,202612,2025-10-10,,0.0,0.0,,,0.0,,,,,,,,,,0.0,,,,,
401,00211797,Clazakizumab (IL-6),BRAND,202612,2025-10-17,,0.0,0.0,,,0.0,,,,,,,,,,0.0,,,,,
402,00211797,Clazakizumab (IL-6),BRAND,202612,2025-10-24,,0.0,0.0,,,0.0,,,,,,,,,,0.0,,,,,
403,00211797,Clazakizumab (IL-6),BRAND,202612,2025-10-31,,0.0,0.0,,,0.0,,,,,,,,,,0.0,,,,,
404,00211797,Clazakizumab (IL-6),BRAND,202612,2025-11-07,,0.0,0.0,,,0.0,,,,,,,,,,0.0,,,,,
405,00211797,Clazakizumab (IL-6),BRAND,202612,2025-11-14,,0.0,0.0,,,0.0,,,,,,,,,,0.0,,,,,
406,00211797,Clazakizumab (IL-6),BRAND,202612,2025-11-19,,0.0,0.0,,,0.0,,,,,,,,,,0.0,,,,,
407,00211797,Clazakizumab (IL-6),BRAND,202612,2025-11-21,,0.0,0.0,,,0.0,,,,,,,,,,0.0,,,,,
408,00211797,Clazakizumab (IL-6),BRAND,202612,2025-11-28,,0.0,0.0,,,0.0,,,,,,,,,,0.0,,,,,
409,00211797,Clazakizumab (IL-6),BRAND,202612,2025-12-05,,0.0,0.0,,,0.0,,,,,,,,,,0.0,,,,,
410,00211797,Clazakizumab (IL-6),BRAND,202612,2025-12-12,,0.0,0.0,,,0.0,,,,,,,,,,0.0,,,,,
411,00211797,Clazakizumab (IL-6),BRAND,202612,2025-12-17,,0.0,0.0,,,0.0,,,,,,,,,,0.0,,,,,
412,00211797,Clazakizumab (IL-6),BRAND,202612,2025-12-19,,0.0,0.0,,,0.0,,,,,,,,,,0.0,,,,,
413,00211797,Clazakizumab (IL-6),BRAND,202612,2025-12-26,,0.0,0.0,,,0.0,,,,,,,,,,0.0,,,,,
414,00211797,Clazakizumab (IL-6),BRAND,202612,2026-01-02,,0.0,0.0,,,50.0,,,,,,,,,0.0,0.0,0.0,,,,
415,00211797,Clazakizumab (IL-6),BRAND,202612,2026-01-09,,0.0,0.0,,,50.0,,,,,,,,,0.0,0.0,0.0,,,,
416,00211797,Clazakizumab (IL-6),BRAND,202612,2026-01-16,,0.0,0.0,,,50.0,,,,,,,,,0.0,0.0,0.0,,,,
417,00211797,Clazakizumab (IL-6),BRAND,202612,2026-01-23,,0.0,0.0,,,50.0,,,,,,,,,0.0,0.0,0.0,,,,
418,00211797,Clazakizumab (IL-6),BRAND,202612,2026-01-30,,0.0,0.0,,,50.0,,,,,,,,,0.0,0.0,0.0,,,,
419,00211797,Clazakizumab (IL-6),BRAND,202612,2026-02-06,,0.0,0.0,,,50.0,,,,,,,,,0.0,0.0,0.0,,,,
420,00212057,ZEPOSIA (ozanimod),BRAND,202612,2025-07-18,,0.0,0.0,,,100.0,,,,,,,,,0.0,0.0,0.0,,,,
421,00212057,ZEPOSIA (ozanimod),BRAND,202612,2025-07-25,0.56,783050.88,276471.95,,35.31,99.74,100.0,20.11,69.44,89.2,56.64,100.0,0.0,1,13.04,0.13,0.0,69.44,100.0,68.11,
422,00212057,ZEPOSIA (ozanimod),BRAND,202612,2025-08-01,-0.94,1209267.3,-465030.79,,38.46,99.74,100.0,24.06,71.54,86.43,52.35,100.0,0.0,1,18.25,0.22,0.0,71.54,100.0,69.24,
423,00212057,ZEPOSIA (ozanimod),BRAND,202612,2025-08-08,3.25,4114508.08,1603526.07,,38.97,99.74,100.0,18.82,56.43,83.15,60.71,100.0,0.0,1,37.02,0.44,0.0,56.43,100.0,63.92,
424,00212057,ZEPOSIA (ozanimod),BRAND,202612,2025-08-15,6.65,8673222.63,3380376.38,,38.97,99.74,100.0,53.44,78.87,91.81,86.53,100.0,0.0,1,23.08,0.28,0.0,78.87,100.0,72.39,
425,00212057,ZEPOSIA (ozanimod),BRAND,202612,2025-08-22,1.07,1299458.0,578737.71,,44.54,99.74,100.0,23.79,73.98,86.55,64.71,100.0,0.0,1,14.83,0.18,0.0,73.98,100.0,70.09,
426,00212057,ZEPOSIA (ozanimod),BRAND,202612,2025-08-26,,0.0,0.0,,,99.74,,,,,,,,,0.0,0.0,0.0,,,,
427,00212057,ZEPOSIA (ozanimod),BRAND,202612,2025-08-29,-0.15,365111.89,-83364.51,,22.83,98.98,91.3,28.97,76.63,92.81,61.66,100.0,0.0,1,10.57,0.11,0.0,69.96,100.0,70.62,
428,00212057,ZEPOSIA (ozanimod),BRAND,202612,2025-09-05,-1.51,2549537.09,-825965.24,,32.4,96.95,74.46,15.63,54.07,71.87,64.04,100.0,0.0,1,32.98,0.4,0.52,40.26,100.0,61.73,
429,00212057,ZEPOSIA (ozanimod),BRAND,202612,2025-09-12,2.04,1334343.73,1100485.98,,82.47,95.18,81.04,35.83,84.11,91.73,92.5,100.0,0.0,1,13.07,0.2,0.53,68.16,100.0,72.38,
430,00212057,ZEPOSIA (ozanimod),BRAND,202612,2025-09-18,-0.14,3677527.35,-78060.46,,2.12,91.3,49.28,19.77,50.22,66.25,70.17,100.0,0.0,1,43.98,0.64,1.12,24.75,100.0,58.73,
431,00212057,ZEPOSIA (ozanimod),BRAND,202612,2025-09-19,-0.6,2751619.76,-332303.41,,12.08,88.75,54.05,26.43,74.2,85.17,87.31,100.0,0.0,1,25.94,0.56,1.44,40.1,100.0,67.04,
432,00212057,ZEPOSIA (ozanimod),BRAND,202612,2025-09-26,-0.21,2706241.79,-112861.96,,4.17,93.63,66.32,17.17,66.36,87.02,47.02,100.0,0.0,1,16.57,0.26,1.18,44.01,100.0,64.86,
433,00212057,ZEPOSIA (ozanimod),BRAND,202612,2025-10-03,-10.63,9223225.44,-5650518.22,,61.26,88.39,94.33,49.29,79.33,90.7,86.21,0.81,99.19,0,37.01,0.49,0.6,74.83,98.38,68.71,
434,00212057,ZEPOSIA (ozanimod),BRAND,202612,2025-10-10,0.0,0.0,0.0,,,93.19,,,,,,,,,0.0,0.0,0.0,,,,
435,00212057,ZEPOSIA (ozanimod),BRAND,202612,2025-10-17,-13.55,12027898.22,-7424250.57,,61.73,85.38,90.81,38.5,64.68,81.26,76.25,14.72,87.43,0,51.38,0.58,0.0,58.74,72.71,61.96,
436,00212057,ZEPOSIA (ozanimod),BRAND,202612,2025-10-24,-2.31,2589376.62,-1113604.8,,43.01,86.16,23.03,17.21,54.62,77.66,48.14,100.0,0.0,1,23.03,0.5,1.52,12.58,100.0,57.97,
437,00212057,ZEPOSIA (ozanimod),BRAND,202612,2025-10-31,-0.35,2239209.42,-163771.14,,7.31,93.59,61.65,11.91,43.57,69.42,60.64,100.0,0.0,1,13.97,0.26,0.55,26.86,100.0,55.72,
438,00212057,ZEPOSIA (ozanimod),BRAND,202612,2025-11-07,-1.34,2932211.91,-632844.82,,21.58,89.09,46.24,9.83,39.43,54.82,47.17,100.0,0.0,1,36.75,0.52,0.85,18.23,100.0,53.14,
439,00212057,ZEPOSIA (ozanimod),BRAND,202612,2025-11-14,0.99,2446960.24,461694.23,,18.87,80.88,69.17,24.09,61.85,76.61,62.06,100.0,0.0,1,14.38,0.34,0.32,42.78,100.0,58.23,
440,00212057,ZEPOSIA (ozanimod),BRAND,202612,2025-11-19,-2.19,6441543.94,-1033669.02,,16.05,79.53,47.59,12.65,43.8,60.22,51.56,100.0,0.0,1,49.84,0.83,1.3,20.84,100.0,52.11,
441,00212057,ZEPOSIA (ozanimod),BRAND,202612,2025-11-21,-0.73,4026229.05,-346538.4,,8.61,84.5,42.5,15.12,56.88,77.15,47.61,100.0,0.0,1,17.43,0.41,2.14,24.18,100.0,57.92,
442,00212057,ZEPOSIA (ozanimod),BRAND,202612,2025-11-28,2.22,3385388.03,1039434.24,,30.7,93.01,64.15,16.81,55.2,79.06,53.7,100.0,0.0,1,17.55,0.25,0.84,35.41,100.0,60.13,
443,00212057,ZEPOSIA (ozanimod),BRAND,202612,2025-12-05,-2.07,3152435.4,-990702.68,,31.43,88.08,65.26,17.86,54.48,69.31,56.79,100.0,0.0,1,31.76,0.47,0.0,35.56,100.0,58.6,
444,00212057,ZEPOSIA (ozanimod),BRAND,202612,2025-12-12,25.74,13542565.22,12059360.76,,89.05,90.11,5.07,92.63,97.7,98.69,94.91,100.0,0.0,1,15.24,0.24,0.3,4.95,100.0,75.93,
445,00212057,ZEPOSIA (ozanimod),BRAND,202612,2025-12-17,27.0,18220308.08,12557297.12,,68.92,89.84,20.53,68.78,79.8,86.05,82.96,100.0,0.0,1,49.54,0.71,0.92,16.39,100.0,70.24,
446,00212057,ZEPOSIA (ozanimod),BRAND,202612,2025-12-19,3.64,6676348.01,2145394.27,,32.13,85.44,45.36,23.03,63.2,86.01,49.93,100.0,0.0,1,11.58,0.29,1.29,28.67,100.0,60.41,
447,00212057,ZEPOSIA (ozanimod),BRAND,202612,2025-12-26,-0.06,421095.53,-36674.48,,8.71,93.41,28.75,39.84,74.89,90.51,39.84,100.0,0.0,1,10.59,0.19,0.0,21.53,100.0,67.95,
448,00212057,ZEPOSIA (ozanimod),BRAND,202612,2026-01-02,-4.53,24075956.2,-2763035.07,,11.48,93.96,42.93,52.11,59.71,67.24,67.36,456.2,74.6,0,65.2,0.42,0.88,25.64,381.6,62.87,
449,00212057,ZEPOSIA (ozanimod),BRAND,202612,2026-01-09,-0.03,1287496.15,-16988.8,,1.32,92.37,57.95,15.82,55.71,78.12,60.24,100.0,0.0,1,9.73,0.18,0.29,32.28,100.0,59.82,
450,00212057,ZEPOSIA (ozanimod),BRAND,202612,2026-01-16,-0.04,6250021.52,-25399.53,,0.41,81.16,54.99,17.85,54.59,72.54,56.87,100.0,0.0,1,34.47,0.52,1.02,30.02,100.0,56.03,
451,00212057,ZEPOSIA (ozanimod),BRAND,202612,2026-01-23,-2.15,33318810.31,-1271948.24,,3.82,73.06,33.22,37.66,54.96,62.98,59.62,854.64,188.76,0,56.65,1.09,1.9,18.26,665.88,54.84,
452,00212057,ZEPOSIA (ozanimod),BRAND,202612,2026-01-30,-2.34,12999640.13,-1358208.33,,10.45,79.05,24.77,17.59,51.45,66.3,40.95,100.0,0.0,1,38.87,0.83,1.77,12.74,100.0,54.97,
453,00212057,ZEPOSIA (ozanimod),BRAND,202612,2026-02-06,-1.64,6269245.69,-929939.16,,14.83,81.79,35.68,17.31,49.98,72.19,51.93,100.0,0.0,1,39.73,0.75,0.0,17.83,100.0,55.21,
454,00212085,Cendakimab,BRAND,202612,2025-07-18,,0.0,0.0,,,100.0,,,,,,,,,0.0,0.0,0.0,,,,
455,00212085,Cendakimab,BRAND,202612,2025-07-25,-0.0,10.15,-10.15,,100.0,83.33,100.0,100.0,100.0,100.0,100.0,100.0,0.0,1,6.67,0.06,0.0,100.0,100.0,73.52,
456,00212085,Cendakimab,BRAND,202612,2025-08-01,-0.59,327875.97,-327874.09,,100.0,83.33,100.0,100.0,100.0,100.0,100.0,100.0,0.0,1,13.33,0.11,0.0,100.0,100.0,73.7,
457,00212085,Cendakimab,BRAND,202612,2025-08-08,0.01,7376.7,7376.7,,100.0,83.33,100.0,100.0,100.0,100.0,100.0,100.0,0.0,1,13.33,0.17,0.0,100.0,100.0,73.89,
458,00212085,Cendakimab,BRAND,202612,2025-08-15,-0.01,7554.94,-7554.94,,100.0,83.33,100.0,100.0,100.0,100.0,100.0,100.0,0.0,1,6.67,0.06,0.0,100.0,100.0,73.52,
459,00212085,Cendakimab,BRAND,202612,2025-08-22,0.0,178.26,178.26,,100.0,83.33,100.0,100.0,100.0,100.0,100.0,100.0,0.0,1,6.67,0.06,0.0,100.0,100.0,73.52,
460,00212085,Cendakimab,BRAND,202612,2025-08-26,,0.0,0.0,,,83.33,,,,,,,,,0.0,0.0,0.0,,,,
461,00212085,Cendakimab,BRAND,202612,2025-08-29,0.0,0.0,0.0,,,83.33,,,,,,,,,0.0,0.0,0.0,,,,
462,00212085,Cendakimab,BRAND,202612,2025-09-05,0.0,0.0,0.0,,,83.33,,,,,,,,,0.0,0.0,0.0,,,,
463,00212085,Cendakimab,BRAND,202612,2025-09-12,0.0,0.17,0.17,,100.0,72.22,0.0,98.88,100.0,100.0,98.88,100.0,0.0,1,7.69,0.22,0.0,0.0,100.0,69.63,
464,00212085,Cendakimab,BRAND,202612,2025-09-18,0.0,0.17,0.17,,100.0,70.59,0.0,98.88,100.0,100.0,98.88,100.0,0.0,1,8.33,0.47,0.0,0.0,100.0,69.8,
465,00212085,Cendakimab,BRAND,202612,2025-09-19,0.0,0.0,0.0,,,82.35,,,,,,,,,0.0,0.0,0.0,,,,
466,00212085,Cendakimab,BRAND,202612,2025-09-26,-0.0,76.61,-76.61,,100.0,80.0,100.0,100.0,100.0,100.0,100.0,100.0,0.0,1,8.33,0.07,0.0,100.0,100.0,72.22,
467,00212085,Cendakimab,BRAND,202612,2025-10-03,0.0,43.75,43.75,,100.0,82.35,100.0,100.0,100.0,100.0,100.0,100.0,0.0,1,7.14,0.06,0.0,100.0,100.0,73.14,
468,00212085,Cendakimab,BRAND,202612,2025-10-10,0.0,0.0,0.0,,,82.35,,,,,,,,,0.0,0.0,0.0,,,,
469,00212085,Cendakimab,BRAND,202612,2025-10-17,0.02,9867.5,9863.19,,99.96,77.78,0.02,99.98,100.0,100.0,100.0,100.0,0.0,1,7.14,0.11,0.0,0.02,100.0,71.48,
470,00212085,Cendakimab,BRAND,202612,2025-10-24,0.01,7750.6,7746.29,,99.94,77.78,0.03,99.97,100.0,100.0,100.0,100.0,0.0,1,7.14,0.22,0.0,0.03,100.0,71.85,
471,00212085,Cendakimab,BRAND,202612,2025-10-31,-0.0,2.71,-1.6,,58.79,77.78,20.61,79.39,100.0,100.0,100.0,100.0,0.0,1,7.14,0.22,0.0,20.61,100.0,71.85,
472,00212085,Cendakimab,BRAND,202612,2025-11-07,-0.0,2152.47,-2147.04,,99.75,77.78,99.9,99.87,100.0,100.0,100.0,100.0,0.0,1,14.29,0.22,0.0,99.9,100.0,71.85,
473,00212085,Cendakimab,BRAND,202612,2025-11-14,-0.0,557.82,-557.82,,100.0,83.33,100.0,100.0,100.0,100.0,100.0,100.0,0.0,1,6.67,0.06,0.0,100.0,100.0,73.52,
474,00212085,Cendakimab,BRAND,202612,2025-11-19,-0.0,2706.41,-2706.41,,100.0,83.33,100.0,79.43,100.0,100.0,100.0,100.0,0.0,1,20.0,0.22,0.0,100.0,100.0,74.07,
475,00212085,Cendakimab,BRAND,202612,2025-11-21,-0.0,1.08,-1.08,,100.0,76.47,99.52,99.52,100.0,100.0,100.0,100.0,0.0,1,7.69,0.18,0.0,99.52,100.0,71.18,
476,00212085,Cendakimab,BRAND,202612,2025-11-28,0.08,7760.61,7760.61,,100.0,81.25,0.0,100.0,100.0,100.0,100.0,100.0,0.0,1,0.0,0.06,0.0,0.0,100.0,72.71,
477,00212085,Cendakimab,BRAND,202612,2025-12-05,-0.08,7761.69,-7759.53,,99.97,81.25,0.01,99.99,100.0,100.0,100.0,100.0,0.0,1,7.69,0.12,0.0,0.01,100.0,72.92,
478,00212085,Cendakimab,BRAND,202612,2025-12-12,0.02,2150.83,2150.83,,100.0,81.25,0.05,99.95,100.0,100.0,100.0,100.0,0.0,1,7.69,0.19,0.0,0.05,100.0,73.12,
479,00212085,Cendakimab,BRAND,202612,2025-12-17,0.0,2.16,2.15,,99.52,75.0,99.76,99.76,100.0,100.0,100.0,100.0,0.0,1,8.33,0.25,0.0,99.76,100.0,70.83,
480,00212085,Cendakimab,BRAND,202612,2025-12-19,-0.02,2149.75,-2149.75,,100.0,87.5,100.0,100.0,100.0,100.0,100.0,100.0,0.0,1,7.14,0.06,0.0,100.0,100.0,75.21,
481,00212085,Cendakimab,BRAND,202612,2025-12-26,0.04,4300.58,4300.58,,100.0,82.35,0.03,99.97,100.0,100.0,100.0,100.0,0.0,1,7.14,0.12,0.0,0.03,100.0,73.33,
482,00212085,Cendakimab,BRAND,202612,2026-01-02,0.1,9944.77,9944.68,,100.0,76.47,43.06,56.94,100.0,100.0,100.0,0.0,100.0,-1,53.85,0.0,0.0,43.06,100.0,70.59,
483,00212085,Cendakimab,BRAND,202612,2026-01-09,-0.03,3360.69,-3360.69,,100.0,81.25,100.0,100.0,100.0,100.0,100.0,100.0,0.0,1,7.69,0.06,0.0,100.0,100.0,72.71,
484,00212085,Cendakimab,BRAND,202612,2026-01-16,0.01,2367.53,1342.69,,56.71,81.82,0.0,78.36,100.0,100.0,100.0,100.0,0.0,1,0.0,0.18,0.0,0.0,100.0,73.33,
485,00212085,Cendakimab,BRAND,202612,2026-01-23,0.09,9268.49,9268.29,,100.0,81.82,31.96,68.04,100.0,100.0,100.0,7.48,85.51,-1,55.56,0.36,0.0,31.96,78.03,73.94,
486,00212085,Cendakimab,BRAND,202612,2026-01-30,0.0,0.0,0.0,,,90.91,,,,,,,,,0.0,0.0,0.0,,,,
487,00212085,Cendakimab,BRAND,202612,2026-02-06,0.0,0.0,0.0,,,100.0,,,,,,,,,0.0,0.0,0.0,,,,
488,00221042,SAXAGLIPTIN,BRAND,202612,2025-07-18,,0.0,0.0,,,100.0,,,,,,,,,0.0,0.0,0.0,,,,
489,00221042,SAXAGLIPTIN,BRAND,202612,2025-07-25,,0.0,0.0,,,0.0,,,,,,,,,,0.0,,,,,
490,00221042,SAXAGLIPTIN,BRAND,202612,2025-08-01,,0.0,0.0,,,0.0,,,,,,,,,,0.0,,,,,
491,00221042,SAXAGLIPTIN,BRAND,202612,2025-08-08,,0.0,0.0,,,0.0,,,,,,,,,,0.0,,,,,
492,00221042,SAXAGLIPTIN,BRAND,202612,2025-08-15,,0.0,0.0,,,0.0,,,,,,,,,,0.0,,,,,
493,00221042,SAXAGLIPTIN,BRAND,202612,2025-08-22,,0.0,0.0,,,0.0,,,,,,,,,,0.0,,,,,
494,00221042,SAXAGLIPTIN,BRAND,202612,2025-08-26,,0.0,0.0,,,0.0,,,,,,,,,,0.0,,,,,
495,00221042,SAXAGLIPTIN,BRAND,202612,2025-08-29,,0.0,0.0,,,0.0,,,,,,,,,,0.0,,,,,
496,00221042,SAXAGLIPTIN,BRAND,202612,2025-09-05,,0.0,0.0,,,0.0,,,,,,,,,,0.0,,,,,
497,00221042,SAXAGLIPTIN,BRAND,202612,2025-09-12,,0.0,0.0,,,0.0,,,,,,,,,,0.0,,,,,
498,00221042,SAXAGLIPTIN,BRAND,202612,2025-09-18,,0.0,0.0,,,0.0,,,,,,,,,,0.0,,,,,
499,00221042,SAXAGLIPTIN,BRAND,202612,2025-09-19,,0.0,0.0,,,0.0,,,,,,,,,,0.0,,,,,
500,00221042,SAXAGLIPTIN,BRAND,202612,2025-10-03,,0.0,0.0,,,0.0,,,,,,,,,,0.0,,,,,
501,00221042,SAXAGLIPTIN,BRAND,202612,2025-10-10,,0.0,0.0,,,0.0,,,,,,,,,,0.0,,,,,
502,00221042,SAXAGLIPTIN,BRAND,202612,2025-10-17,,0.0,0.0,,,0.0,,,,,,,,,,0.0,,,,,
503,00221042,SAXAGLIPTIN,BRAND,202612,2025-10-24,,0.0,0.0,,,0.0,,,,,,,,,,0.0,,,,,
504,00221042,SAXAGLIPTIN,BRAND,202612,2025-10-31,,0.0,0.0,,,0.0,,,,,,,,,,0.0,,,,,
505,00221042,SAXAGLIPTIN,BRAND,202612,2025-11-07,,0.0,0.0,,,0.0,,,,,,,,,,0.0,,,,,
506,00221042,SAXAGLIPTIN,BRAND,202612,2025-11-14,,0.0,0.0,,,0.0,,,,,,,,,,0.0,,,,,
507,00221042,SAXAGLIPTIN,BRAND,202612,2025-11-19,,0.0,0.0,,,0.0,,,,,,,,,,0.0,,,,,
508,00221042,SAXAGLIPTIN,BRAND,202612,2025-11-21,,0.0,0.0,,,0.0,,,,,,,,,,0.0,,,,,
509,00221042,SAXAGLIPTIN,BRAND,202612,2025-11-28,,0.0,0.0,,,0.0,,,,,,,,,,0.0,,,,,
510,00221042,SAXAGLIPTIN,BRAND,202612,2025-12-05,,0.0,0.0,,,0.0,,,,,,,,,,0.0,,,,,
511,00221042,SAXAGLIPTIN,BRAND,202612,2025-12-12,,0.0,0.0,,,0.0,,,,,,,,,,0.0,,,,,
512,00221042,SAXAGLIPTIN,BRAND,202612,2025-12-17,,0.0,0.0,,,0.0,,,,,,,,,,0.0,,,,,
513,00221042,SAXAGLIPTIN,BRAND,202612,2025-12-19,,0.0,0.0,,,0.0,,,,,,,,,,0.0,,,,,
514,00221042,SAXAGLIPTIN,BRAND,202612,2025-12-26,,0.0,0.0,,,0.0,,,,,,,,,,0.0,,,,,
515,00221042,SAXAGLIPTIN,BRAND,202612,2026-01-02,,0.0,0.0,,,0.0,,,,,,,,,,0.0,,,,,
516,00221042,SAXAGLIPTIN,BRAND,202612,2026-01-09,,0.0,0.0,,,0.0,,,,,,,,,,0.0,,,,,
517,00221042,SAXAGLIPTIN,BRAND,202612,2026-01-16,,0.0,0.0,,,0.0,,,,,,,,,,0.0,,,,,
518,00221042,SAXAGLIPTIN,BRAND,202612,2026-01-23,,0.0,0.0,,,0.0,,,,,,,,,,0.0,,,,,
519,00221042,SAXAGLIPTIN,BRAND,202612,2026-01-30,,0.0,0.0,,,0.0,,,,,,,,,,0.0,,,,,
520,00221042,SAXAGLIPTIN,BRAND,202612,2026-02-06,,0.0,0.0,,,0.0,,,,,,,,,,0.0,,,,,
521,00221043,Symlin,BRAND,202612,2025-07-18,,0.0,0.0,,,100.0,,,,,,,,,0.0,0.0,0.0,,,,
522,00221043,Symlin,BRAND,202612,2025-07-25,,0.0,0.0,,,0.0,,,,,,,,,,0.0,,,,,
523,00221043,Symlin,BRAND,202612,2025-08-01,,0.0,0.0,,,0.0,,,,,,,,,,0.0,,,,,
524,00221043,Symlin,BRAND,202612,2025-08-08,,0.0,0.0,,,0.0,,,,,,,,,,0.0,,,,,
525,00221043,Symlin,BRAND,202612,2025-08-15,,0.0,0.0,,,0.0,,,,,,,,,,0.0,,,,,
526,00221043,Symlin,BRAND,202612,2025-08-22,,0.0,0.0,,,0.0,,,,,,,,,,0.0,,,,,
527,00221043,Symlin,BRAND,202612,2025-08-26,,0.0,0.0,,,0.0,,,,,,,,,,0.0,,,,,
528,00221043,Symlin,BRAND,202612,2025-08-29,,0.0,0.0,,,0.0,,,,,,,,,,0.0,,,,,
529,00221043,Symlin,BRAND,202612,2025-09-05,,0.0,0.0,,,0.0,,,,,,,,,,0.0,,,,,
530,00221043,Symlin,BRAND,202612,2025-09-12,,0.0,0.0,,,0.0,,,,,,,,,,0.0,,,,,
531,00221043,Symlin,BRAND,202612,2025-09-18,,0.0,0.0,,,0.0,,,,,,,,,,0.0,,,,,
532,00221043,Symlin,BRAND,202612,2025-09-19,,0.0,0.0,,,0.0,,,,,,,,,,0.0,,,,,
533,00221043,Symlin,BRAND,202612,2025-10-03,,0.0,0.0,,,0.0,,,,,,,,,,0.0,,,,,
534,00221043,Symlin,BRAND,202612,2025-10-10,,0.0,0.0,,,0.0,,,,,,,,,,0.0,,,,,
535,00221043,Symlin,BRAND,202612,2025-10-17,,0.0,0.0,,,0.0,,,,,,,,,,0.0,,,,,
536,00221043,Symlin,BRAND,202612,2025-10-24,,0.0,0.0,,,0.0,,,,,,,,,,0.0,,,,,
537,00221043,Symlin,BRAND,202612,2025-10-31,,0.0,0.0,,,0.0,,,,,,,,,,0.0,,,,,
538,00221043,Symlin,BRAND,202612,2025-11-07,,0.0,0.0,,,0.0,,,,,,,,,,0.0,,,,,
539,00221043,Symlin,BRAND,202612,2025-11-14,,0.0,0.0,,,0.0,,,,,,,,,,0.0,,,,,
540,00221043,Symlin,BRAND,202612,2025-11-19,,0.0,0.0,,,0.0,,,,,,,,,,0.0,,,,,
541,00221043,Symlin,BRAND,202612,2025-11-21,,0.0,0.0,,,0.0,,,,,,,,,,0.0,,,,,
542,00221043,Symlin,BRAND,202612,2025-11-28,,0.0,0.0,,,0.0,,,,,,,,,,0.0,,,,,
543,00221043,Symlin,BRAND,202612,2025-12-05,,0.0,0.0,,,0.0,,,,,,,,,,0.0,,,,,
544,00221043,Symlin,BRAND,202612,2025-12-12,,0.0,0.0,,,0.0,,,,,,,,,,0.0,,,,,
545,00221043,Symlin,BRAND,202612,2025-12-17,,0.0,0.0,,,0.0,,,,,,,,,,0.0,,,,,
546,00221043,Symlin,BRAND,202612,2025-12-19,,0.0,0.0,,,0.0,,,,,,,,,,0.0,,,,,
547,00221043,Symlin,BRAND,202612,2025-12-26,,0.0,0.0,,,0.0,,,,,,,,,,0.0,,,,,
548,00221043,Symlin,BRAND,202612,2026-01-02,,0.0,0.0,,,0.0,,,,,,,,,,0.0,,,,,
549,00221043,Symlin,BRAND,202612,2026-01-09,,0.0,0.0,,,0.0,,,,,,,,,,0.0,,,,,
550,00221043,Symlin,BRAND,202612,2026-01-16,,0.0,0.0,,,0.0,,,,,,,,,,0.0,,,,,
551,00221043,Symlin,BRAND,202612,2026-01-23,,0.0,0.0,,,0.0,,,,,,,,,,0.0,,,,,
552,00221043,Symlin,BRAND,202612,2026-01-30,,0.0,0.0,,,0.0,,,,,,,,,,0.0,,,,,
553,00221043,Symlin,BRAND,202612,2026-02-06,,0.0,0.0,,,0.0,,,,,,,,,,0.0,,,,,
554,00221046,Onglyza/Forxiga Comb,BRAND,202612,2025-07-18,,0.0,0.0,,,100.0,,,,,,,,,0.0,0.0,0.0,,,,
555,00221046,Onglyza/Forxiga Comb,BRAND,202612,2025-07-25,,0.0,0.0,,,0.0,,,,,,,,,,0.0,,,,,
556,00221046,Onglyza/Forxiga Comb,BRAND,202612,2025-08-01,,0.0,0.0,,,0.0,,,,,,,,,,0.0,,,,,
557,00221046,Onglyza/Forxiga Comb,BRAND,202612,2025-08-08,,0.0,0.0,,,0.0,,,,,,,,,,0.0,,,,,
558,00221046,Onglyza/Forxiga Comb,BRAND,202612,2025-08-15,,0.0,0.0,,,0.0,,,,,,,,,,0.0,,,,,
559,00221046,Onglyza/Forxiga Comb,BRAND,202612,2025-08-22,,0.0,0.0,,,0.0,,,,,,,,,,0.0,,,,,
560,00221046,Onglyza/Forxiga Comb,BRAND,202612,2025-08-26,,0.0,0.0,,,0.0,,,,,,,,,,0.0,,,,,
561,00221046,Onglyza/Forxiga Comb,BRAND,202612,2025-08-29,,0.0,0.0,,,0.0,,,,,,,,,,0.0,,,,,
562,00221046,Onglyza/Forxiga Comb,BRAND,202612,2025-09-05,,0.0,0.0,,,0.0,,,,,,,,,,0.0,,,,,
563,00221046,Onglyza/Forxiga Comb,BRAND,202612,2025-09-12,,0.0,0.0,,,0.0,,,,,,,,,,0.0,,,,,
564,00221046,Onglyza/Forxiga Comb,BRAND,202612,2025-09-18,,0.0,0.0,,,0.0,,,,,,,,,,0.0,,,,,
565,00221046,Onglyza/Forxiga Comb,BRAND,202612,2025-09-19,,0.0,0.0,,,0.0,,,,,,,,,,0.0,,,,,
566,00221046,Onglyza/Forxiga Comb,BRAND,202612,2025-10-03,,0.0,0.0,,,0.0,,,,,,,,,,0.0,,,,,
567,00221046,Onglyza/Forxiga Comb,BRAND,202612,2025-10-10,,0.0,0.0,,,0.0,,,,,,,,,,0.0,,,,,
568,00221046,Onglyza/Forxiga Comb,BRAND,202612,2025-10-17,,0.0,0.0,,,0.0,,,,,,,,,,0.0,,,,,
569,00221046,Onglyza/Forxiga Comb,BRAND,202612,2025-10-24,,0.0,0.0,,,0.0,,,,,,,,,,0.0,,,,,
570,00221046,Onglyza/Forxiga Comb,BRAND,202612,2025-10-31,,0.0,0.0,,,0.0,,,,,,,,,,0.0,,,,,
571,00221046,Onglyza/Forxiga Comb,BRAND,202612,2025-11-07,,0.0,0.0,,,0.0,,,,,,,,,,0.0,,,,,
572,00221046,Onglyza/Forxiga Comb,BRAND,202612,2025-11-14,,0.0,0.0,,,0.0,,,,,,,,,,0.0,,,,,
573,00221046,Onglyza/Forxiga Comb,BRAND,202612,2025-11-19,,0.0,0.0,,,0.0,,,,,,,,,,0.0,,,,,
574,00221046,Onglyza/Forxiga Comb,BRAND,202612,2025-11-21,,0.0,0.0,,,0.0,,,,,,,,,,0.0,,,,,
575,00221046,Onglyza/Forxiga Comb,BRAND,202612,2025-11-28,,0.0,0.0,,,0.0,,,,,,,,,,0.0,,,,,
576,00221046,Onglyza/Forxiga Comb,BRAND,202612,2025-12-05,,0.0,0.0,,,0.0,,,,,,,,,,0.0,,,,,
577,00221046,Onglyza/Forxiga Comb,BRAND,202612,2025-12-12,,0.0,0.0,,,0.0,,,,,,,,,,0.0,,,,,
578,00221046,Onglyza/Forxiga Comb,BRAND,202612,2025-12-17,,0.0,0.0,,,0.0,,,,,,,,,,0.0,,,,,
579,00221046,Onglyza/Forxiga Comb,BRAND,202612,2025-12-19,,0.0,0.0,,,0.0,,,,,,,,,,0.0,,,,,
580,00221046,Onglyza/Forxiga Comb,BRAND,202612,2025-12-26,,0.0,0.0,,,0.0,,,,,,,,,,0.0,,,,,
581,00221046,Onglyza/Forxiga Comb,BRAND,202612,2026-01-02,,0.0,0.0,,,0.0,,,,,,,,,,0.0,,,,,
582,00221046,Onglyza/Forxiga Comb,BRAND,202612,2026-01-09,,0.0,0.0,,,0.0,,,,,,,,,,0.0,,,,,
583,00221046,Onglyza/Forxiga Comb,BRAND,202612,2026-01-16,,0.0,0.0,,,0.0,,,,,,,,,,0.0,,,,,
584,00221046,Onglyza/Forxiga Comb,BRAND,202612,2026-01-23,,0.0,0.0,,,0.0,,,,,,,,,,0.0,,,,,
585,00221046,Onglyza/Forxiga Comb,BRAND,202612,2026-01-30,,0.0,0.0,,,0.0,,,,,,,,,,0.0,,,,,
586,00221046,Onglyza/Forxiga Comb,BRAND,202612,2026-02-06,,0.0,0.0,,,0.0,,,,,,,,,,0.0,,,,,
587,00221054,Byetta,BRAND,202612,2025-07-18,,0.0,0.0,,,100.0,,,,,,,,,0.0,0.0,0.0,,,,
588,00221054,Byetta,BRAND,202612,2025-07-25,,0.0,0.0,,,0.0,,,,,,,,,,0.0,,,,,
589,00221054,Byetta,BRAND,202612,2025-08-01,,0.0,0.0,,,0.0,,,,,,,,,,0.0,,,,,
590,00221054,Byetta,BRAND,202612,2025-08-08,,0.0,0.0,,,0.0,,,,,,,,,,0.0,,,,,
591,00221054,Byetta,BRAND,202612,2025-08-15,,0.0,0.0,,,0.0,,,,,,,,,,0.0,,,,,
592,00221054,Byetta,BRAND,202612,2025-08-22,,0.0,0.0,,,0.0,,,,,,,,,,0.0,,,,,
593,00221054,Byetta,BRAND,202612,2025-08-26,,0.0,0.0,,,0.0,,,,,,,,,,0.0,,,,,
594,00221054,Byetta,BRAND,202612,2025-08-29,,0.0,0.0,,,0.0,,,,,,,,,,0.0,,,,,
595,00221054,Byetta,BRAND,202612,2025-09-05,,0.0,0.0,,,0.0,,,,,,,,,,0.0,,,,,
596,00221054,Byetta,BRAND,202612,2025-09-12,,0.0,0.0,,,0.0,,,,,,,,,,0.0,,,,,
597,00221054,Byetta,BRAND,202612,2025-09-18,,0.0,0.0,,,0.0,,,,,,,,,,0.0,,,,,
598,00221054,Byetta,BRAND,202612,2025-09-19,,0.0,0.0,,,0.0,,,,,,,,,,0.0,,,,,
599,00221054,Byetta,BRAND,202612,2025-10-03,,0.0,0.0,,,0.0,,,,,,,,,,0.0,,,,,
600,00221054,Byetta,BRAND,202612,2025-10-10,,0.0,0.0,,,0.0,,,,,,,,,,0.0,,,,,
601,00221054,Byetta,BRAND,202612,2025-10-17,,0.0,0.0,,,0.0,,,,,,,,,,0.0,,,,,
602,00221054,Byetta,BRAND,202612,2025-10-24,,0.0,0.0,,,0.0,,,,,,,,,,0.0,,,,,
603,00221054,Byetta,BRAND,202612,2025-10-31,,0.0,0.0,,,0.0,,,,,,,,,,0.0,,,,,
604,00221054,Byetta,BRAND,202612,2025-11-07,,0.0,0.0,,,0.0,,,,,,,,,,0.0,,,,,
605,00221054,Byetta,BRAND,202612,2025-11-14,,0.0,0.0,,,0.0,,,,,,,,,,0.0,,,,,
606,00221054,Byetta,BRAND,202612,2025-11-19,,0.0,0.0,,,0.0,,,,,,,,,,0.0,,,,,
607,00221054,Byetta,BRAND,202612,2025-11-21,,0.0,0.0,,,0.0,,,,,,,,,,0.0,,,,,
608,00221054,Byetta,BRAND,202612,2025-11-28,,0.0,0.0,,,0.0,,,,,,,,,,0.0,,,,,
609,00221054,Byetta,BRAND,202612,2025-12-05,,0.0,0.0,,,0.0,,,,,,,,,,0.0,,,,,
610,00221054,Byetta,BRAND,202612,2025-12-12,,0.0,0.0,,,0.0,,,,,,,,,,0.0,,,,,
611,00221054,Byetta,BRAND,202612,2025-12-17,,0.0,0.0,,,0.0,,,,,,,,,,0.0,,,,,
612,00221054,Byetta,BRAND,202612,2025-12-19,,0.0,0.0,,,0.0,,,,,,,,,,0.0,,,,,
613,00221054,Byetta,BRAND,202612,2025-12-26,,0.0,0.0,,,0.0,,,,,,,,,,0.0,,,,,
614,00221054,Byetta,BRAND,202612,2026-01-02,,0.0,0.0,,,0.0,,,,,,,,,,0.0,,,,,
615,00221054,Byetta,BRAND,202612,2026-01-09,,0.0,0.0,,,0.0,,,,,,,,,,0.0,,,,,
616,00221054,Byetta,BRAND,202612,2026-01-16,,0.0,0.0,,,0.0,,,,,,,,,,0.0,,,,,
617,00221054,Byetta,BRAND,202612,2026-01-23,,0.0,0.0,,,0.0,,,,,,,,,,0.0,,,,,
618,00221054,Byetta,BRAND,202612,2026-01-30,,0.0,0.0,,,0.0,,,,,,,,,,0.0,,,,,
619,00221054,Byetta,BRAND,202612,2026-02-06,,0.0,0.0,,,0.0,,,,,,,,,,0.0,,,,,
620,00221055,Bydureon injectable,BRAND,202612,2025-07-18,,0.0,0.0,,,100.0,,,,,,,,,0.0,0.0,0.0,,,,
621,00221055,Bydureon injectable,BRAND,202612,2025-07-25,,0.0,0.0,,,0.0,,,,,,,,,,0.0,,,,,
622,00221055,Bydureon injectable,BRAND,202612,2025-08-01,,0.0,0.0,,,0.0,,,,,,,,,,0.0,,,,,
623,00221055,Bydureon injectable,BRAND,202612,2025-08-08,,0.0,0.0,,,0.0,,,,,,,,,,0.0,,,,,
624,00221055,Bydureon injectable,BRAND,202612,2025-08-15,,0.0,0.0,,,0.0,,,,,,,,,,0.0,,,,,
625,00221055,Bydureon injectable,BRAND,202612,2025-08-22,,0.0,0.0,,,0.0,,,,,,,,,,0.0,,,,,
626,00221055,Bydureon injectable,BRAND,202612,2025-08-26,,0.0,0.0,,,0.0,,,,,,,,,,0.0,,,,,
627,00221055,Bydureon injectable,BRAND,202612,2025-08-29,,0.0,0.0,,,0.0,,,,,,,,,,0.0,,,,,
628,00221055,Bydureon injectable,BRAND,202612,2025-09-05,,0.0,0.0,,,0.0,,,,,,,,,,0.0,,,,,
629,00221055,Bydureon injectable,BRAND,202612,2025-09-12,,0.0,0.0,,,0.0,,,,,,,,,,0.0,,,,,
630,00221055,Bydureon injectable,BRAND,202612,2025-09-18,,0.0,0.0,,,0.0,,,,,,,,,,0.0,,,,,
631,00221055,Bydureon injectable,BRAND,202612,2025-09-19,,0.0,0.0,,,0.0,,,,,,,,,,0.0,,,,,
632,00221055,Bydureon injectable,BRAND,202612,2025-10-03,,0.0,0.0,,,0.0,,,,,,,,,,0.0,,,,,
633,00221055,Bydureon injectable,BRAND,202612,2025-10-10,,0.0,0.0,,,0.0,,,,,,,,,,0.0,,,,,
634,00221055,Bydureon injectable,BRAND,202612,2025-10-17,,0.0,0.0,,,0.0,,,,,,,,,,0.0,,,,,
635,00221055,Bydureon injectable,BRAND,202612,2025-10-24,,0.0,0.0,,,0.0,,,,,,,,,,0.0,,,,,
636,00221055,Bydureon injectable,BRAND,202612,2025-10-31,,0.0,0.0,,,0.0,,,,,,,,,,0.0,,,,,
637,00221055,Bydureon injectable,BRAND,202612,2025-11-07,,0.0,0.0,,,0.0,,,,,,,,,,0.0,,,,,
638,00221055,Bydureon injectable,BRAND,202612,2025-11-14,,0.0,0.0,,,0.0,,,,,,,,,,0.0,,,,,
639,00221055,Bydureon injectable,BRAND,202612,2025-11-19,,0.0,0.0,,,0.0,,,,,,,,,,0.0,,,,,
640,00221055,Bydureon injectable,BRAND,202612,2025-11-21,,0.0,0.0,,,0.0,,,,,,,,,,0.0,,,,,
641,00221055,Bydureon injectable,BRAND,202612,2025-11-28,,0.0,0.0,,,0.0,,,,,,,,,,0.0,,,,,
642,00221055,Bydureon injectable,BRAND,202612,2025-12-05,,0.0,0.0,,,0.0,,,,,,,,,,0.0,,,,,
643,00221055,Bydureon injectable,BRAND,202612,2025-12-12,,0.0,0.0,,,0.0,,,,,,,,,,0.0,,,,,
644,00221055,Bydureon injectable,BRAND,202612,2025-12-17,,0.0,0.0,,,0.0,,,,,,,,,,0.0,,,,,
645,00221055,Bydureon injectable,BRAND,202612,2025-12-19,,0.0,0.0,,,0.0,,,,,,,,,,0.0,,,,,
646,00221055,Bydureon injectable,BRAND,202612,2025-12-26,,0.0,0.0,,,0.0,,,,,,,,,,0.0,,,,,
647,00221055,Bydureon injectable,BRAND,202612,2026-01-02,,0.0,0.0,,,0.0,,,,,,,,,,0.0,,,,,
648,00221055,Bydureon injectable,BRAND,202612,2026-01-09,,0.0,0.0,,,0.0,,,,,,,,,,0.0,,,,,
649,00221055,Bydureon injectable,BRAND,202612,2026-01-16,,0.0,0.0,,,0.0,,,,,,,,,,0.0,,,,,
650,00221055,Bydureon injectable,BRAND,202612,2026-01-23,,0.0,0.0,,,0.0,,,,,,,,,,0.0,,,,,
651,00221055,Bydureon injectable,BRAND,202612,2026-01-30,,0.0,0.0,,,0.0,,,,,,,,,,0.0,,,,,
652,00221055,Bydureon injectable,BRAND,202612,2026-02-06,,0.0,0.0,,,0.0,,,,,,,,,,0.0,,,,,
653,00221056,Bydureon (DC Pen),BRAND,202612,2025-07-18,,0.0,0.0,,,100.0,,,,,,,,,0.0,0.0,0.0,,,,
654,00221056,Bydureon (DC Pen),BRAND,202612,2025-07-25,,0.0,0.0,,,0.0,,,,,,,,,,0.0,,,,,
655,00221056,Bydureon (DC Pen),BRAND,202612,2025-08-01,,0.0,0.0,,,0.0,,,,,,,,,,0.0,,,,,
656,00221056,Bydureon (DC Pen),BRAND,202612,2025-08-08,,0.0,0.0,,,0.0,,,,,,,,,,0.0,,,,,
657,00221056,Bydureon (DC Pen),BRAND,202612,2025-08-15,,0.0,0.0,,,0.0,,,,,,,,,,0.0,,,,,
658,00221056,Bydureon (DC Pen),BRAND,202612,2025-08-22,,0.0,0.0,,,0.0,,,,,,,,,,0.0,,,,,
659,00221056,Bydureon (DC Pen),BRAND,202612,2025-08-26,,0.0,0.0,,,0.0,,,,,,,,,,0.0,,,,,
660,00221056,Bydureon (DC Pen),BRAND,202612,2025-08-29,,0.0,0.0,,,0.0,,,,,,,,,,0.0,,,,,
661,00221056,Bydureon (DC Pen),BRAND,202612,2025-09-05,,0.0,0.0,,,0.0,,,,,,,,,,0.0,,,,,
662,00221056,Bydureon (DC Pen),BRAND,202612,2025-09-12,,0.0,0.0,,,0.0,,,,,,,,,,0.0,,,,,
663,00221056,Bydureon (DC Pen),BRAND,202612,2025-09-18,,0.0,0.0,,,0.0,,,,,,,,,,0.0,,,,,
664,00221056,Bydureon (DC Pen),BRAND,202612,2025-09-19,,0.0,0.0,,,0.0,,,,,,,,,,0.0,,,,,
665,00221056,Bydureon (DC Pen),BRAND,202612,2025-10-03,,0.0,0.0,,,0.0,,,,,,,,,,0.0,,,,,
666,00221056,Bydureon (DC Pen),BRAND,202612,2025-10-10,,0.0,0.0,,,0.0,,,,,,,,,,0.0,,,,,
667,00221056,Bydureon (DC Pen),BRAND,202612,2025-10-17,,0.0,0.0,,,0.0,,,,,,,,,,0.0,,,,,
668,00221056,Bydureon (DC Pen),BRAND,202612,2025-10-24,,0.0,0.0,,,0.0,,,,,,,,,,0.0,,,,,
669,00221056,Bydureon (DC Pen),BRAND,202612,2025-10-31,,0.0,0.0,,,0.0,,,,,,,,,,0.0,,,,,
670,00221056,Bydureon (DC Pen),BRAND,202612,2025-11-07,,0.0,0.0,,,0.0,,,,,,,,,,0.0,,,,,
671,00221056,Bydureon (DC Pen),BRAND,202612,2025-11-14,,0.0,0.0,,,0.0,,,,,,,,,,0.0,,,,,
672,00221056,Bydureon (DC Pen),BRAND,202612,2025-11-19,,0.0,0.0,,,0.0,,,,,,,,,,0.0,,,,,
673,00221056,Bydureon (DC Pen),BRAND,202612,2025-11-21,,0.0,0.0,,,0.0,,,,,,,,,,0.0,,,,,
674,00221056,Bydureon (DC Pen),BRAND,202612,2025-11-28,,0.0,0.0,,,0.0,,,,,,,,,,0.0,,,,,
675,00221056,Bydureon (DC Pen),BRAND,202612,2025-12-05,,0.0,0.0,,,0.0,,,,,,,,,,0.0,,,,,
676,00221056,Bydureon (DC Pen),BRAND,202612,2025-12-12,,0.0,0.0,,,0.0,,,,,,,,,,0.0,,,,,
677,00221056,Bydureon (DC Pen),BRAND,202612,2025-12-17,,0.0,0.0,,,0.0,,,,,,,,,,0.0,,,,,
678,00221056,Bydureon (DC Pen),BRAND,202612,2025-12-19,,0.0,0.0,,,0.0,,,,,,,,,,0.0,,,,,
679,00221056,Bydureon (DC Pen),BRAND,202612,2025-12-26,,0.0,0.0,,,0.0,,,,,,,,,,0.0,,,,,
680,00221056,Bydureon (DC Pen),BRAND,202612,2026-01-02,,0.0,0.0,,,0.0,,,,,,,,,,0.0,,,,,
681,00221056,Bydureon (DC Pen),BRAND,202612,2026-01-09,,0.0,0.0,,,0.0,,,,,,,,,,0.0,,,,,
682,00221056,Bydureon (DC Pen),BRAND,202612,2026-01-16,,0.0,0.0,,,0.0,,,,,,,,,,0.0,,,,,
683,00221056,Bydureon (DC Pen),BRAND,202612,2026-01-23,,0.0,0.0,,,0.0,,,,,,,,,,0.0,,,,,
684,00221056,Bydureon (DC Pen),BRAND,202612,2026-01-30,,0.0,0.0,,,0.0,,,,,,,,,,0.0,,,,,
685,00221056,Bydureon (DC Pen),BRAND,202612,2026-02-06,,0.0,0.0,,,0.0,,,,,,,,,,0.0,,,,,
686,00221118,Metformin,BRAND,202612,2025-07-18,,0.0,0.0,,,100.0,,,,,,,,,0.0,0.0,0.0,,,,
687,00221118,Metformin,BRAND,202612,2025-07-25,0.0,0.0,0.0,,,3.41,,,,,,,,,0.0,0.0,0.0,,,,
688,00221118,Metformin,BRAND,202612,2025-08-01,0.0,0.0,0.0,,,3.41,,,,,,,,,0.0,0.0,0.0,,,,
689,00221118,Metformin,BRAND,202612,2025-08-08,0.0,0.0,0.0,,,3.41,,,,,,,,,0.0,0.0,0.0,,,,
690,00221118,Metformin,BRAND,202612,2025-08-15,0.0,0.0,0.0,,,3.41,,,,,,,,,0.0,0.0,0.0,,,,
691,00221118,Metformin,BRAND,202612,2025-08-22,0.0,0.0,0.0,,,3.41,,,,,,,,,0.0,0.0,0.0,,,,
692,00221118,Metformin,BRAND,202612,2025-08-26,,0.0,0.0,,,3.41,,,,,,,,,0.0,0.0,0.0,,,,
693,00221118,Metformin,BRAND,202612,2025-08-29,0.0,0.0,0.0,,,3.41,,,,,,,,,0.0,0.0,0.0,,,,
694,00221118,Metformin,BRAND,202612,2025-09-05,0.0,0.0,0.0,,,3.41,,,,,,,,,0.0,0.0,0.0,,,,
695,00221118,Metformin,BRAND,202612,2025-09-12,0.0,0.0,0.0,,,3.41,,,,,,,,,0.0,0.0,0.0,,,,
696,00221118,Metformin,BRAND,202612,2025-09-18,0.0,0.0,0.0,,,3.41,,,,,,,,,0.0,0.0,0.0,,,,
697,00221118,Metformin,BRAND,202612,2025-09-19,0.0,0.0,0.0,,,3.41,,,,,,,,,0.0,0.0,0.0,,,,
698,00221118,Metformin,BRAND,202612,2025-10-03,,0.0,0.0,,,3.45,,,,,,,,,0.0,0.0,0.0,,,,
699,00221118,Metformin,BRAND,202612,2025-10-10,0.0,0.0,0.0,,,3.41,,,,,,,,,0.0,0.0,0.0,,,,
700,00221118,Metformin,BRAND,202612,2025-10-17,0.0,0.0,0.0,,,3.41,,,,,,,,,0.0,0.0,0.0,,,,
701,00221118,Metformin,BRAND,202612,2025-10-24,0.0,0.0,0.0,,,3.41,,,,,,,,,0.0,0.0,0.0,,,,
702,00221118,Metformin,BRAND,202612,2025-10-31,0.0,0.0,0.0,,,3.41,,,,,,,,,0.0,0.0,0.0,,,,
703,00221118,Metformin,BRAND,202612,2025-11-07,0.0,0.0,0.0,,,3.41,,,,,,,,,0.0,0.0,0.0,,,,
704,00221118,Metformin,BRAND,202612,2025-11-14,0.0,0.0,0.0,,,3.41,,,,,,,,,0.0,0.0,0.0,,,,
705,00221118,Metformin,BRAND,202612,2025-11-19,0.0,0.0,0.0,,,3.41,,,,,,,,,0.0,0.0,0.0,,,,
706,00221118,Metformin,BRAND,202612,2025-11-21,0.0,0.0,0.0,,,3.41,,,,,,,,,0.0,0.0,0.0,,,,
707,00221118,Metformin,BRAND,202612,2025-11-28,0.0,0.0,0.0,,,3.41,,,,,,,,,0.0,0.0,0.0,,,,
708,00221118,Metformin,BRAND,202612,2025-12-05,0.0,0.0,0.0,,,3.41,,,,,,,,,0.0,0.0,0.0,,,,
709,00221118,Metformin,BRAND,202612,2025-12-12,0.0,0.0,0.0,,,3.41,,,,,,,,,0.0,0.0,0.0,,,,
710,00221118,Metformin,BRAND,202612,2025-12-17,0.0,0.0,0.0,,,3.41,,,,,,,,,0.0,0.0,0.0,,,,
711,00221118,Metformin,BRAND,202612,2025-12-19,0.0,0.0,0.0,,,3.41,,,,,,,,,0.0,0.0,0.0,,,,
712,00221118,Metformin,BRAND,202612,2025-12-26,0.0,0.0,0.0,,,3.41,,,,,,,,,0.0,0.0,0.0,,,,
713,00221118,Metformin,BRAND,202612,2026-01-02,-0.0,3.12,-3.12,,100.0,2.27,25.23,74.77,100.0,100.0,74.77,3.08,96.92,-1,50.0,0.01,0.0,25.23,93.84,40.95,
714,00221118,Metformin,BRAND,202612,2026-01-09,0.0,0.0,0.0,,,3.41,,,,,,,,,0.0,0.0,0.0,,,,
715,00221118,Metformin,BRAND,202612,2026-01-16,0.0,0.0,0.0,,,3.41,,,,,,,,,0.0,0.0,0.0,,,,
716,00221118,Metformin,BRAND,202612,2026-01-23,-0.0,3.12,-3.12,,100.0,2.27,25.23,74.77,100.0,100.0,74.77,3.08,96.92,-1,50.0,0.01,0.0,25.23,93.84,40.95,
717,00221118,Metformin,BRAND,202612,2026-01-30,0.0,0.0,0.0,,,3.41,,,,,,,,,0.0,0.0,0.0,,,,
718,00221118,Metformin,BRAND,202612,2026-02-06,0.0,0.0,0.0,,,3.41,,,,,,,,,0.0,0.0,0.0,,,,
719,00221121,Metformin,BRAND,202612,2025-07-18,,0.0,0.0,,,100.0,,,,,,,,,0.0,0.0,0.0,,,,
720,00221121,Metformin,BRAND,202612,2025-07-25,,0.0,0.0,,,0.0,,,,,,,,,,0.0,,,,,
721,00221121,Metformin,BRAND,202612,2025-08-01,,0.0,0.0,,,0.0,,,,,,,,,,0.0,,,,,
722,00221121,Metformin,BRAND,202612,2025-08-08,,0.0,0.0,,,0.0,,,,,,,,,,0.0,,,,,
723,00221121,Metformin,BRAND,202612,2025-08-15,,0.0,0.0,,,0.0,,,,,,,,,,0.0,,,,,
724,00221121,Metformin,BRAND,202612,2025-08-22,,0.0,0.0,,,0.0,,,,,,,,,,0.0,,,,,
725,00221121,Metformin,BRAND,202612,2025-08-26,,0.0,0.0,,,0.0,,,,,,,,,,0.0,,,,,
726,00221121,Metformin,BRAND,202612,2025-08-29,,0.0,0.0,,,0.0,,,,,,,,,,0.0,,,,,
727,00221121,Metformin,BRAND,202612,2025-09-05,,0.0,0.0,,,0.0,,,,,,,,,,0.0,,,,,
728,00221121,Metformin,BRAND,202612,2025-09-12,,0.0,0.0,,,0.0,,,,,,,,,,0.0,,,,,
729,00221121,Metformin,BRAND,202612,2025-09-18,,0.0,0.0,,,0.0,,,,,,,,,,0.0,,,,,
730,00221121,Metformin,BRAND,202612,2025-09-19,,0.0,0.0,,,0.0,,,,,,,,,,0.0,,,,,
731,00221121,Metformin,BRAND,202612,2025-10-03,,0.0,0.0,,,0.0,,,,,,,,,,0.0,,,,,
732,00221121,Metformin,BRAND,202612,2025-10-10,,0.0,0.0,,,0.0,,,,,,,,,,0.0,,,,,
733,00221121,Metformin,BRAND,202612,2025-10-17,,0.0,0.0,,,0.0,,,,,,,,,,0.0,,,,,
734,00221121,Metformin,BRAND,202612,2025-10-24,,0.0,0.0,,,0.0,,,,,,,,,,0.0,,,,,
735,00221121,Metformin,BRAND,202612,2025-10-31,,0.0,0.0,,,0.0,,,,,,,,,,0.0,,,,,
736,00221121,Metformin,BRAND,202612,2025-11-07,,0.0,0.0,,,0.0,,,,,,,,,,0.0,,,,,
737,00221121,Metformin,BRAND,202612,2025-11-14,,0.0,0.0,,,0.0,,,,,,,,,,0.0,,,,,
738,00221121,Metformin,BRAND,202612,2025-11-19,,0.0,0.0,,,0.0,,,,,,,,,,0.0,,,,,
739,00221121,Metformin,BRAND,202612,2025-11-21,,0.0,0.0,,,0.0,,,,,,,,,,0.0,,,,,
740,00221121,Metformin,BRAND,202612,2025-11-28,,0.0,0.0,,,0.0,,,,,,,,,,0.0,,,,,
741,00221121,Metformin,BRAND,202612,2025-12-05,,0.0,0.0,,,0.0,,,,,,,,,,0.0,,,,,
742,00221121,Metformin,BRAND,202612,2025-12-12,,0.0,0.0,,,0.0,,,,,,,,,,0.0,,,,,
743,00221121,Metformin,BRAND,202612,2025-12-17,,0.0,0.0,,,0.0,,,,,,,,,,0.0,,,,,
744,00221121,Metformin,BRAND,202612,2025-12-19,,0.0,0.0,,,0.0,,,,,,,,,,0.0,,,,,
745,00221121,Metformin,BRAND,202612,2025-12-26,,0.0,0.0,,,0.0,,,,,,,,,,0.0,,,,,
746,00221121,Metformin,BRAND,202612,2026-01-02,,0.0,0.0,,,0.0,,,,,,,,,,0.0,,,,,
747,00221121,Metformin,BRAND,202612,2026-01-09,,0.0,0.0,,,0.0,,,,,,,,,,0.0,,,,,
748,00221121,Metformin,BRAND,202612,2026-01-16,,0.0,0.0,,,0.0,,,,,,,,,,0.0,,,,,
749,00221121,Metformin,BRAND,202612,2026-01-23,,0.0,0.0,,,0.0,,,,,,,,,,0.0,,,,,
750,00221121,Metformin,BRAND,202612,2026-01-30,,0.0,0.0,,,0.0,,,,,,,,,,0.0,,,,,
751,00221121,Metformin,BRAND,202612,2026-02-06,,0.0,0.0,,,0.0,,,,,,,,,,0.0,,,,,
752,00221124,Metformin,BRAND,202612,2025-07-18,,0.0,0.0,,,100.0,,,,,,,,,0.0,0.0,0.0,,,,
753,00221124,Metformin,BRAND,202612,2025-07-25,,0.0,0.0,,,0.0,,,,,,,,,,0.0,,,,,
754,00221124,Metformin,BRAND,202612,2025-08-01,,0.0,0.0,,,0.0,,,,,,,,,,0.0,,,,,
755,00221124,Metformin,BRAND,202612,2025-08-08,,0.0,0.0,,,0.0,,,,,,,,,,0.0,,,,,
756,00221124,Metformin,BRAND,202612,2025-08-15,,0.0,0.0,,,0.0,,,,,,,,,,0.0,,,,,
757,00221124,Metformin,BRAND,202612,2025-08-22,,0.0,0.0,,,0.0,,,,,,,,,,0.0,,,,,
758,00221124,Metformin,BRAND,202612,2025-08-26,,0.0,0.0,,,0.0,,,,,,,,,,0.0,,,,,
759,00221124,Metformin,BRAND,202612,2025-08-29,,0.0,0.0,,,0.0,,,,,,,,,,0.0,,,,,
760,00221124,Metformin,BRAND,202612,2025-09-05,,0.0,0.0,,,0.0,,,,,,,,,,0.0,,,,,
761,00221124,Metformin,BRAND,202612,2025-09-12,,0.0,0.0,,,0.0,,,,,,,,,,0.0,,,,,
762,00221124,Metformin,BRAND,202612,2025-09-18,,0.0,0.0,,,0.0,,,,,,,,,,0.0,,,,,
763,00221124,Metformin,BRAND,202612,2025-09-19,,0.0,0.0,,,0.0,,,,,,,,,,0.0,,,,,
764,00221124,Metformin,BRAND,202612,2025-10-03,,0.0,0.0,,,0.0,,,,,,,,,,0.0,,,,,
765,00221124,Metformin,BRAND,202612,2025-10-10,,0.0,0.0,,,0.0,,,,,,,,,,0.0,,,,,
766,00221124,Metformin,BRAND,202612,2025-10-17,,0.0,0.0,,,0.0,,,,,,,,,,0.0,,,,,
767,00221124,Metformin,BRAND,202612,2025-10-24,,0.0,0.0,,,0.0,,,,,,,,,,0.0,,,,,
768,00221124,Metformin,BRAND,202612,2025-10-31,,0.0,0.0,,,0.0,,,,,,,,,,0.0,,,,,
769,00221124,Metformin,BRAND,202612,2025-11-07,,0.0,0.0,,,0.0,,,,,,,,,,0.0,,,,,
770,00221124,Metformin,BRAND,202612,2025-11-14,,0.0,0.0,,,0.0,,,,,,,,,,0.0,,,,,
771,00221124,Metformin,BRAND,202612,2025-11-19,,0.0,0.0,,,0.0,,,,,,,,,,0.0,,,,,
772,00221124,Metformin,BRAND,202612,2025-11-21,,0.0,0.0,,,0.0,,,,,,,,,,0.0,,,,,
773,00221124,Metformin,BRAND,202612,2025-11-28,,0.0,0.0,,,0.0,,,,,,,,,,0.0,,,,,
774,00221124,Metformin,BRAND,202612,2025-12-05,,0.0,0.0,,,0.0,,,,,,,,,,0.0,,,,,
775,00221124,Metformin,BRAND,202612,2025-12-12,,0.0,0.0,,,0.0,,,,,,,,,,0.0,,,,,
776,00221124,Metformin,BRAND,202612,2025-12-17,,0.0,0.0,,,0.0,,,,,,,,,,0.0,,,,,
777,00221124,Metformin,BRAND,202612,2025-12-19,,0.0,0.0,,,0.0,,,,,,,,,,0.0,,,,,
778,00221124,Metformin,BRAND,202612,2025-12-26,,0.0,0.0,,,0.0,,,,,,,,,,0.0,,,,,
779,00221124,Metformin,BRAND,202612,2026-01-02,,0.0,0.0,,,0.0,,,,,,,,,,0.0,,,,,
780,00221124,Metformin,BRAND,202612,2026-01-09,,0.0,0.0,,,0.0,,,,,,,,,,0.0,,,,,
781,00221124,Metformin,BRAND,202612,2026-01-16,,0.0,0.0,,,0.0,,,,,,,,,,0.0,,,,,
782,00221124,Metformin,BRAND,202612,2026-01-23,,0.0,0.0,,,0.0,,,,,,,,,,0.0,,,,,
783,00221124,Metformin,BRAND,202612,2026-01-30,,0.0,0.0,,,0.0,,,,,,,,,,0.0,,,,,
784,00221124,Metformin,BRAND,202612,2026-02-06,,0.0,0.0,,,0.0,,,,,,,,,,0.0,,,,,
785,00221125,Metformin,BRAND,202612,2025-07-18,,0.0,0.0,,,100.0,,,,,,,,,0.0,0.0,0.0,,,,
786,00221125,Metformin,BRAND,202612,2025-07-25,,0.0,0.0,,,0.0,,,,,,,,,,0.0,,,,,
787,00221125,Metformin,BRAND,202612,2025-08-01,,0.0,0.0,,,0.0,,,,,,,,,,0.0,,,,,
788,00221125,Metformin,BRAND,202612,2025-08-08,,0.0,0.0,,,0.0,,,,,,,,,,0.0,,,,,
789,00221125,Metformin,BRAND,202612,2025-08-15,,0.0,0.0,,,0.0,,,,,,,,,,0.0,,,,,
790,00221125,Metformin,BRAND,202612,2025-08-22,,0.0,0.0,,,0.0,,,,,,,,,,0.0,,,,,
791,00221125,Metformin,BRAND,202612,2025-08-26,,0.0,0.0,,,0.0,,,,,,,,,,0.0,,,,,
792,00221125,Metformin,BRAND,202612,2025-08-29,,0.0,0.0,,,0.0,,,,,,,,,,0.0,,,,,
793,00221125,Metformin,BRAND,202612,2025-09-05,,0.0,0.0,,,0.0,,,,,,,,,,0.0,,,,,
794,00221125,Metformin,BRAND,202612,2025-09-12,,0.0,0.0,,,0.0,,,,,,,,,,0.0,,,,,
795,00221125,Metformin,BRAND,202612,2025-09-18,,0.0,0.0,,,0.0,,,,,,,,,,0.0,,,,,
796,00221125,Metformin,BRAND,202612,2025-09-19,,0.0,0.0,,,0.0,,,,,,,,,,0.0,,,,,
797,00221125,Metformin,BRAND,202612,2025-10-03,,0.0,0.0,,,0.0,,,,,,,,,,0.0,,,,,
798,00221125,Metformin,BRAND,202612,2025-10-10,,0.0,0.0,,,0.0,,,,,,,,,,0.0,,,,,
799,00221125,Metformin,BRAND,202612,2025-10-17,,0.0,0.0,,,0.0,,,,,,,,,,0.0,,,,,
800,00221125,Metformin,BRAND,202612,2025-10-24,,0.0,0.0,,,0.0,,,,,,,,,,0.0,,,,,
801,00221125,Metformin,BRAND,202612,2025-10-31,,0.0,0.0,,,0.0,,,,,,,,,,0.0,,,,,
802,00221125,Metformin,BRAND,202612,2025-11-07,,0.0,0.0,,,0.0,,,,,,,,,,0.0,,,,,
803,00221125,Metformin,BRAND,202612,2025-11-14,,0.0,0.0,,,0.0,,,,,,,,,,0.0,,,,,
804,00221125,Metformin,BRAND,202612,2025-11-19,,0.0,0.0,,,0.0,,,,,,,,,,0.0,,,,,
805,00221125,Metformin,BRAND,202612,2025-11-21,,0.0,0.0,,,0.0,,,,,,,,,,0.0,,,,,
806,00221125,Metformin,BRAND,202612,2025-11-28,,0.0,0.0,,,0.0,,,,,,,,,,0.0,,,,,
807,00221125,Metformin,BRAND,202612,2025-12-05,,0.0,0.0,,,0.0,,,,,,,,,,0.0,,,,,
808,00221125,Metformin,BRAND,202612,2025-12-12,,0.0,0.0,,,0.0,,,,,,,,,,0.0,,,,,
809,00221125,Metformin,BRAND,202612,2025-12-17,,0.0,0.0,,,0.0,,,,,,,,,,0.0,,,,,
810,00221125,Metformin,BRAND,202612,2025-12-19,,0.0,0.0,,,0.0,,,,,,,,,,0.0,,,,,
811,00221125,Metformin,BRAND,202612,2025-12-26,,0.0,0.0,,,0.0,,,,,,,,,,0.0,,,,,
812,00221125,Metformin,BRAND,202612,2026-01-02,,0.0,0.0,,,0.0,,,,,,,,,,0.0,,,,,
813,00221125,Metformin,BRAND,202612,2026-01-09,,0.0,0.0,,,0.0,,,,,,,,,,0.0,,,,,
814,00221125,Metformin,BRAND,202612,2026-01-16,,0.0,0.0,,,0.0,,,,,,,,,,0.0,,,,,
815,00221125,Metformin,BRAND,202612,2026-01-23,,0.0,0.0,,,0.0,,,,,,,,,,0.0,,,,,
816,00221125,Metformin,BRAND,202612,2026-01-30,,0.0,0.0,,,0.0,,,,,,,,,,0.0,,,,,
817,00221125,Metformin,BRAND,202612,2026-02-06,,0.0,0.0,,,0.0,,,,,,,,,,0.0,,,,,
818,00221144,Kombiglyze XR,BRAND,202612,2025-07-18,,0.0,0.0,,,100.0,,,,,,,,,0.0,0.0,0.0,,,,
819,00221144,Kombiglyze XR,BRAND,202612,2025-07-25,,0.0,0.0,,,0.0,,,,,,,,,,0.0,,,,,
820,00221144,Kombiglyze XR,BRAND,202612,2025-08-01,,0.0,0.0,,,0.0,,,,,,,,,,0.0,,,,,
821,00221144,Kombiglyze XR,BRAND,202612,2025-08-08,,0.0,0.0,,,0.0,,,,,,,,,,0.0,,,,,
822,00221144,Kombiglyze XR,BRAND,202612,2025-08-15,,0.0,0.0,,,0.0,,,,,,,,,,0.0,,,,,
823,00221144,Kombiglyze XR,BRAND,202612,2025-08-22,,0.0,0.0,,,0.0,,,,,,,,,,0.0,,,,,
824,00221144,Kombiglyze XR,BRAND,202612,2025-08-26,,0.0,0.0,,,0.0,,,,,,,,,,0.0,,,,,
825,00221144,Kombiglyze XR,BRAND,202612,2025-08-29,,0.0,0.0,,,0.0,,,,,,,,,,0.0,,,,,
826,00221144,Kombiglyze XR,BRAND,202612,2025-09-05,,0.0,0.0,,,0.0,,,,,,,,,,0.0,,,,,
827,00221144,Kombiglyze XR,BRAND,202612,2025-09-12,,0.0,0.0,,,0.0,,,,,,,,,,0.0,,,,,
828,00221144,Kombiglyze XR,BRAND,202612,2025-09-18,,0.0,0.0,,,0.0,,,,,,,,,,0.0,,,,,
829,00221144,Kombiglyze XR,BRAND,202612,2025-09-19,,0.0,0.0,,,0.0,,,,,,,,,,0.0,,,,,
830,00221144,Kombiglyze XR,BRAND,202612,2025-10-03,,0.0,0.0,,,0.0,,,,,,,,,,0.0,,,,,
831,00221144,Kombiglyze XR,BRAND,202612,2025-10-10,,0.0,0.0,,,0.0,,,,,,,,,,0.0,,,,,
832,00221144,Kombiglyze XR,BRAND,202612,2025-10-17,,0.0,0.0,,,0.0,,,,,,,,,,0.0,,,,,
833,00221144,Kombiglyze XR,BRAND,202612,2025-10-24,,0.0,0.0,,,0.0,,,,,,,,,,0.0,,,,,
834,00221144,Kombiglyze XR,BRAND,202612,2025-10-31,,0.0,0.0,,,0.0,,,,,,,,,,0.0,,,,,
835,00221144,Kombiglyze XR,BRAND,202612,2025-11-07,,0.0,0.0,,,0.0,,,,,,,,,,0.0,,,,,
836,00221144,Kombiglyze XR,BRAND,202612,2025-11-14,,0.0,0.0,,,0.0,,,,,,,,,,0.0,,,,,
837,00221144,Kombiglyze XR,BRAND,202612,2025-11-19,,0.0,0.0,,,0.0,,,,,,,,,,0.0,,,,,
838,00221144,Kombiglyze XR,BRAND,202612,2025-11-21,,0.0,0.0,,,0.0,,,,,,,,,,0.0,,,,,
839,00221144,Kombiglyze XR,BRAND,202612,2025-11-28,,0.0,0.0,,,0.0,,,,,,,,,,0.0,,,,,
840,00221144,Kombiglyze XR,BRAND,202612,2025-12-05,,0.0,0.0,,,0.0,,,,,,,,,,0.0,,,,,
841,00221144,Kombiglyze XR,BRAND,202612,2025-12-12,,0.0,0.0,,,0.0,,,,,,,,,,0.0,,,,,
842,00221144,Kombiglyze XR,BRAND,202612,2025-12-17,,0.0,0.0,,,0.0,,,,,,,,,,0.0,,,,,
843,00221144,Kombiglyze XR,BRAND,202612,2025-12-19,,0.0,0.0,,,0.0,,,,,,,,,,0.0,,,,,
844,00221144,Kombiglyze XR,BRAND,202612,2025-12-26,,0.0,0.0,,,0.0,,,,,,,,,,0.0,,,,,
845,00221144,Kombiglyze XR,BRAND,202612,2026-01-02,,0.0,0.0,,,0.0,,,,,,,,,,0.0,,,,,
846,00221144,Kombiglyze XR,BRAND,202612,2026-01-09,,0.0,0.0,,,0.0,,,,,,,,,,0.0,,,,,
847,00221144,Kombiglyze XR,BRAND,202612,2026-01-16,,0.0,0.0,,,0.0,,,,,,,,,,0.0,,,,,
848,00221144,Kombiglyze XR,BRAND,202612,2026-01-23,,0.0,0.0,,,0.0,,,,,,,,,,0.0,,,,,
849,00221144,Kombiglyze XR,BRAND,202612,2026-01-30,,0.0,0.0,,,0.0,,,,,,,,,,0.0,,,,,
850,00221144,Kombiglyze XR,BRAND,202612,2026-02-06,,0.0,0.0,,,0.0,,,,,,,,,,0.0,,,,,
851,00221145,Kombiglyze IR,BRAND,202612,2025-07-18,,0.0,0.0,,,100.0,,,,,,,,,0.0,0.0,0.0,,,,
852,00221145,Kombiglyze IR,BRAND,202612,2025-07-25,,0.0,0.0,,,0.0,,,,,,,,,,0.0,,,,,
853,00221145,Kombiglyze IR,BRAND,202612,2025-08-01,,0.0,0.0,,,0.0,,,,,,,,,,0.0,,,,,
854,00221145,Kombiglyze IR,BRAND,202612,2025-08-08,,0.0,0.0,,,0.0,,,,,,,,,,0.0,,,,,
855,00221145,Kombiglyze IR,BRAND,202612,2025-08-15,,0.0,0.0,,,0.0,,,,,,,,,,0.0,,,,,
856,00221145,Kombiglyze IR,BRAND,202612,2025-08-22,,0.0,0.0,,,0.0,,,,,,,,,,0.0,,,,,
857,00221145,Kombiglyze IR,BRAND,202612,2025-08-26,,0.0,0.0,,,0.0,,,,,,,,,,0.0,,,,,
858,00221145,Kombiglyze IR,BRAND,202612,2025-08-29,,0.0,0.0,,,0.0,,,,,,,,,,0.0,,,,,
859,00221145,Kombiglyze IR,BRAND,202612,2025-09-05,,0.0,0.0,,,0.0,,,,,,,,,,0.0,,,,,
860,00221145,Kombiglyze IR,BRAND,202612,2025-09-12,,0.0,0.0,,,0.0,,,,,,,,,,0.0,,,,,
861,00221145,Kombiglyze IR,BRAND,202612,2025-09-18,,0.0,0.0,,,0.0,,,,,,,,,,0.0,,,,,
862,00221145,Kombiglyze IR,BRAND,202612,2025-09-19,,0.0,0.0,,,0.0,,,,,,,,,,0.0,,,,,
863,00221145,Kombiglyze IR,BRAND,202612,2025-10-03,,0.0,0.0,,,0.0,,,,,,,,,,0.0,,,,,
864,00221145,Kombiglyze IR,BRAND,202612,2025-10-10,,0.0,0.0,,,0.0,,,,,,,,,,0.0,,,,,
865,00221145,Kombiglyze IR,BRAND,202612,2025-10-17,,0.0,0.0,,,0.0,,,,,,,,,,0.0,,,,,
866,00221145,Kombiglyze IR,BRAND,202612,2025-10-24,,0.0,0.0,,,0.0,,,,,,,,,,0.0,,,,,
867,00221145,Kombiglyze IR,BRAND,202612,2025-10-31,,0.0,0.0,,,0.0,,,,,,,,,,0.0,,,,,
868,00221145,Kombiglyze IR,BRAND,202612,2025-11-07,,0.0,0.0,,,0.0,,,,,,,,,,0.0,,,,,
869,00221145,Kombiglyze IR,BRAND,202612,2025-11-14,,0.0,0.0,,,0.0,,,,,,,,,,0.0,,,,,
870,00221145,Kombiglyze IR,BRAND,202612,2025-11-19,,0.0,0.0,,,0.0,,,,,,,,,,0.0,,,,,
871,00221145,Kombiglyze IR,BRAND,202612,2025-11-21,,0.0,0.0,,,0.0,,,,,,,,,,0.0,,,,,
872,00221145,Kombiglyze IR,BRAND,202612,2025-11-28,,0.0,0.0,,,0.0,,,,,,,,,,0.0,,,,,
873,00221145,Kombiglyze IR,BRAND,202612,2025-12-05,,0.0,0.0,,,0.0,,,,,,,,,,0.0,,,,,
874,00221145,Kombiglyze IR,BRAND,202612,2025-12-12,,0.0,0.0,,,0.0,,,,,,,,,,0.0,,,,,
875,00221145,Kombiglyze IR,BRAND,202612,2025-12-17,,0.0,0.0,,,0.0,,,,,,,,,,0.0,,,,,
876,00221145,Kombiglyze IR,BRAND,202612,2025-12-19,,0.0,0.0,,,0.0,,,,,,,,,,0.0,,,,,
877,00221145,Kombiglyze IR,BRAND,202612,2025-12-26,,0.0,0.0,,,0.0,,,,,,,,,,0.0,,,,,
878,00221145,Kombiglyze IR,BRAND,202612,2026-01-02,,0.0,0.0,,,0.0,,,,,,,,,,0.0,,,,,
879,00221145,Kombiglyze IR,BRAND,202612,2026-01-09,,0.0,0.0,,,0.0,,,,,,,,,,0.0,,,,,
880,00221145,Kombiglyze IR,BRAND,202612,2026-01-16,,0.0,0.0,,,0.0,,,,,,,,,,0.0,,,,,
881,00221145,Kombiglyze IR,BRAND,202612,2026-01-23,,0.0,0.0,,,0.0,,,,,,,,,,0.0,,,,,
882,00221145,Kombiglyze IR,BRAND,202612,2026-01-30,,0.0,0.0,,,0.0,,,,,,,,,,0.0,,,,,
883,00221145,Kombiglyze IR,BRAND,202612,2026-02-06,,0.0,0.0,,,0.0,,,,,,,,,,0.0,,,,,
884,00221231,Forxiga,BRAND,202612,2025-07-18,,0.0,0.0,,,100.0,,,,,,,,,0.0,0.0,0.0,,,,
885,00221231,Forxiga,BRAND,202612,2025-07-25,,0.0,0.0,,,0.0,,,,,,,,,,0.0,,,,,
886,00221231,Forxiga,BRAND,202612,2025-08-01,,0.0,0.0,,,0.0,,,,,,,,,,0.0,,,,,
887,00221231,Forxiga,BRAND,202612,2025-08-08,,0.0,0.0,,,0.0,,,,,,,,,,0.0,,,,,
888,00221231,Forxiga,BRAND,202612,2025-08-15,,0.0,0.0,,,0.0,,,,,,,,,,0.0,,,,,
889,00221231,Forxiga,BRAND,202612,2025-08-22,,0.0,0.0,,,0.0,,,,,,,,,,0.0,,,,,
890,00221231,Forxiga,BRAND,202612,2025-08-26,,0.0,0.0,,,0.0,,,,,,,,,,0.0,,,,,
891,00221231,Forxiga,BRAND,202612,2025-08-29,,0.0,0.0,,,0.0,,,,,,,,,,0.0,,,,,
892,00221231,Forxiga,BRAND,202612,2025-09-05,,0.0,0.0,,,0.0,,,,,,,,,,0.0,,,,,
893,00221231,Forxiga,BRAND,202612,2025-09-12,,0.0,0.0,,,0.0,,,,,,,,,,0.0,,,,,
894,00221231,Forxiga,BRAND,202612,2025-09-18,,0.0,0.0,,,0.0,,,,,,,,,,0.0,,,,,
895,00221231,Forxiga,BRAND,202612,2025-09-19,,0.0,0.0,,,0.0,,,,,,,,,,0.0,,,,,
896,00221231,Forxiga,BRAND,202612,2025-10-03,,0.0,0.0,,,0.0,,,,,,,,,,0.0,,,,,
897,00221231,Forxiga,BRAND,202612,2025-10-10,,0.0,0.0,,,0.0,,,,,,,,,,0.0,,,,,
898,00221231,Forxiga,BRAND,202612,2025-10-17,,0.0,0.0,,,0.0,,,,,,,,,,0.0,,,,,
899,00221231,Forxiga,BRAND,202612,2025-10-24,,0.0,0.0,,,0.0,,,,,,,,,,0.0,,,,,
900,00221231,Forxiga,BRAND,202612,2025-10-31,,0.0,0.0,,,0.0,,,,,,,,,,0.0,,,,,
901,00221231,Forxiga,BRAND,202612,2025-11-07,,0.0,0.0,,,0.0,,,,,,,,,,0.0,,,,,
902,00221231,Forxiga,BRAND,202612,2025-11-14,,0.0,0.0,,,0.0,,,,,,,,,,0.0,,,,,
903,00221231,Forxiga,BRAND,202612,2025-11-19,,0.0,0.0,,,0.0,,,,,,,,,,0.0,,,,,
904,00221231,Forxiga,BRAND,202612,2025-11-21,,0.0,0.0,,,0.0,,,,,,,,,,0.0,,,,,
905,00221231,Forxiga,BRAND,202612,2025-11-28,,0.0,0.0,,,0.0,,,,,,,,,,0.0,,,,,
906,00221231,Forxiga,BRAND,202612,2025-12-05,,0.0,0.0,,,0.0,,,,,,,,,,0.0,,,,,
907,00221231,Forxiga,BRAND,202612,2025-12-12,,0.0,0.0,,,0.0,,,,,,,,,,0.0,,,,,
908,00221231,Forxiga,BRAND,202612,2025-12-17,,0.0,0.0,,,0.0,,,,,,,,,,0.0,,,,,
909,00221231,Forxiga,BRAND,202612,2025-12-19,,0.0,0.0,,,0.0,,,,,,,,,,0.0,,,,,
910,00221231,Forxiga,BRAND,202612,2025-12-26,,0.0,0.0,,,0.0,,,,,,,,,,0.0,,,,,
911,00221231,Forxiga,BRAND,202612,2026-01-02,,0.0,0.0,,,0.0,,,,,,,,,,0.0,,,,,
912,00221231,Forxiga,BRAND,202612,2026-01-09,,0.0,0.0,,,0.0,,,,,,,,,,0.0,,,,,
913,00221231,Forxiga,BRAND,202612,2026-01-16,,0.0,0.0,,,0.0,,,,,,,,,,0.0,,,,,
914,00221231,Forxiga,BRAND,202612,2026-01-23,,0.0,0.0,,,0.0,,,,,,,,,,0.0,,,,,
915,00221231,Forxiga,BRAND,202612,2026-01-30,,0.0,0.0,,,0.0,,,,,,,,,,0.0,,,,,
916,00221231,Forxiga,BRAND,202612,2026-02-06,,0.0,0.0,,,0.0,,,,,,,,,,0.0,,,,,
917,00221232,Forxiga/Metformin,BRAND,202612,2025-07-18,,0.0,0.0,,,100.0,,,,,,,,,0.0,0.0,0.0,,,,
918,00221232,Forxiga/Metformin,BRAND,202612,2025-07-25,,0.0,0.0,,,0.0,,,,,,,,,,0.0,,,,,
919,00221232,Forxiga/Metformin,BRAND,202612,2025-08-01,,0.0,0.0,,,0.0,,,,,,,,,,0.0,,,,,
920,00221232,Forxiga/Metformin,BRAND,202612,2025-08-08,,0.0,0.0,,,0.0,,,,,,,,,,0.0,,,,,
921,00221232,Forxiga/Metformin,BRAND,202612,2025-08-15,,0.0,0.0,,,0.0,,,,,,,,,,0.0,,,,,
922,00221232,Forxiga/Metformin,BRAND,202612,2025-08-22,,0.0,0.0,,,0.0,,,,,,,,,,0.0,,,,,
923,00221232,Forxiga/Metformin,BRAND,202612,2025-08-26,,0.0,0.0,,,0.0,,,,,,,,,,0.0,,,,,
924,00221232,Forxiga/Metformin,BRAND,202612,2025-08-29,,0.0,0.0,,,0.0,,,,,,,,,,0.0,,,,,
925,00221232,Forxiga/Metformin,BRAND,202612,2025-09-05,,0.0,0.0,,,0.0,,,,,,,,,,0.0,,,,,
926,00221232,Forxiga/Metformin,BRAND,202612,2025-09-12,,0.0,0.0,,,0.0,,,,,,,,,,0.0,,,,,
927,00221232,Forxiga/Metformin,BRAND,202612,2025-09-18,,0.0,0.0,,,0.0,,,,,,,,,,0.0,,,,,
928,00221232,Forxiga/Metformin,BRAND,202612,2025-09-19,,0.0,0.0,,,0.0,,,,,,,,,,0.0,,,,,
929,00221232,Forxiga/Metformin,BRAND,202612,2025-10-03,,0.0,0.0,,,0.0,,,,,,,,,,0.0,,,,,
930,00221232,Forxiga/Metformin,BRAND,202612,2025-10-10,,0.0,0.0,,,0.0,,,,,,,,,,0.0,,,,,
931,00221232,Forxiga/Metformin,BRAND,202612,2025-10-17,,0.0,0.0,,,0.0,,,,,,,,,,0.0,,,,,
932,00221232,Forxiga/Metformin,BRAND,202612,2025-10-24,,0.0,0.0,,,0.0,,,,,,,,,,0.0,,,,,
933,00221232,Forxiga/Metformin,BRAND,202612,2025-10-31,,0.0,0.0,,,0.0,,,,,,,,,,0.0,,,,,
934,00221232,Forxiga/Metformin,BRAND,202612,2025-11-07,,0.0,0.0,,,0.0,,,,,,,,,,0.0,,,,,
935,00221232,Forxiga/Metformin,BRAND,202612,2025-11-14,,0.0,0.0,,,0.0,,,,,,,,,,0.0,,,,,
936,00221232,Forxiga/Metformin,BRAND,202612,2025-11-19,,0.0,0.0,,,0.0,,,,,,,,,,0.0,,,,,
937,00221232,Forxiga/Metformin,BRAND,202612,2025-11-21,,0.0,0.0,,,0.0,,,,,,,,,,0.0,,,,,
938,00221232,Forxiga/Metformin,BRAND,202612,2025-11-28,,0.0,0.0,,,0.0,,,,,,,,,,0.0,,,,,
939,00221232,Forxiga/Metformin,BRAND,202612,2025-12-05,,0.0,0.0,,,0.0,,,,,,,,,,0.0,,,,,
940,00221232,Forxiga/Metformin,BRAND,202612,2025-12-12,,0.0,0.0,,,0.0,,,,,,,,,,0.0,,,,,
941,00221232,Forxiga/Metformin,BRAND,202612,2025-12-17,,0.0,0.0,,,0.0,,,,,,,,,,0.0,,,,,
942,00221232,Forxiga/Metformin,BRAND,202612,2025-12-19,,0.0,0.0,,,0.0,,,,,,,,,,0.0,,,,,
943,00221232,Forxiga/Metformin,BRAND,202612,2025-12-26,,0.0,0.0,,,0.0,,,,,,,,,,0.0,,,,,
944,00221232,Forxiga/Metformin,BRAND,202612,2026-01-02,,0.0,0.0,,,0.0,,,,,,,,,,0.0,,,,,
945,00221232,Forxiga/Metformin,BRAND,202612,2026-01-09,,0.0,0.0,,,0.0,,,,,,,,,,0.0,,,,,
946,00221232,Forxiga/Metformin,BRAND,202612,2026-01-16,,0.0,0.0,,,0.0,,,,,,,,,,0.0,,,,,
947,00221232,Forxiga/Metformin,BRAND,202612,2026-01-23,,0.0,0.0,,,0.0,,,,,,,,,,0.0,,,,,
948,00221232,Forxiga/Metformin,BRAND,202612,2026-01-30,,0.0,0.0,,,0.0,,,,,,,,,,0.0,,,,,
949,00221232,Forxiga/Metformin,BRAND,202612,2026-02-06,,0.0,0.0,,,0.0,,,,,,,,,,0.0,,,,,
950,00231784,PEG-FGF21,BRAND,202612,2025-07-18,,0.0,0.0,,,100.0,,,,,,,,,0.0,0.0,0.0,,,,
951,00231784,PEG-FGF21,BRAND,202612,2025-07-25,0.0,0.0,0.0,,,100.0,,,,,,,,,0.0,0.0,0.0,,,,
952,00231784,PEG-FGF21,BRAND,202612,2025-08-01,0.0,0.0,0.0,,,100.0,,,,,,,,,0.0,0.0,0.0,,,,
953,00231784,PEG-FGF21,BRAND,202612,2025-08-08,0.0,0.0,0.0,,,100.0,,,,,,,,,0.0,0.0,0.0,,,,
954,00231784,PEG-FGF21,BRAND,202612,2025-08-15,0.0,0.0,0.0,,,100.0,,,,,,,,,0.0,0.0,0.0,,,,
955,00231784,PEG-FGF21,BRAND,202612,2025-08-22,0.0,0.0,0.0,,,100.0,,,,,,,,,0.0,0.0,0.0,,,,
956,00231784,PEG-FGF21,BRAND,202612,2025-08-26,,0.0,0.0,,,100.0,,,,,,,,,0.0,0.0,0.0,,,,
957,00231784,PEG-FGF21,BRAND,202612,2025-08-29,0.0,0.0,0.0,,,100.0,,,,,,,,,0.0,0.0,0.0,,,,
958,00231784,PEG-FGF21,BRAND,202612,2025-09-05,0.0,0.0,0.0,,,100.0,,,,,,,,,0.0,0.0,0.0,,,,
959,00231784,PEG-FGF21,BRAND,202612,2025-09-12,0.0,0.0,0.0,,,100.0,,,,,,,,,0.0,0.0,0.0,,,,
960,00231784,PEG-FGF21,BRAND,202612,2025-09-18,0.0,0.0,0.0,,,100.0,,,,,,,,,0.0,0.0,0.0,,,,
961,00231784,PEG-FGF21,BRAND,202612,2025-09-19,0.0,0.0,0.0,,,100.0,,,,,,,,,0.0,0.0,0.0,,,,
962,00231784,PEG-FGF21,BRAND,202612,2025-09-26,0.0,0.0,0.0,,,100.0,,,,,,,,,0.0,0.0,0.0,,,,
963,00231784,PEG-FGF21,BRAND,202612,2025-10-03,0.0,0.0,0.0,,,100.0,,,,,,,,,0.0,0.0,0.0,,,,
964,00231784,PEG-FGF21,BRAND,202612,2025-10-10,0.0,0.0,0.0,,,100.0,,,,,,,,,0.0,0.0,0.0,,,,
965,00231784,PEG-FGF21,BRAND,202612,2025-10-17,0.0,0.0,0.0,,,100.0,,,,,,,,,0.0,0.0,0.0,,,,
966,00231784,PEG-FGF21,BRAND,202612,2025-10-24,0.0,0.0,0.0,,,100.0,,,,,,,,,0.0,0.0,0.0,,,,
967,00231784,PEG-FGF21,BRAND,202612,2025-10-31,0.0,0.0,0.0,,,100.0,,,,,,,,,0.0,0.0,0.0,,,,
968,00231784,PEG-FGF21,BRAND,202612,2025-11-07,0.0,0.0,0.0,,,100.0,,,,,,,,,0.0,0.0,0.0,,,,
969,00231784,PEG-FGF21,BRAND,202612,2025-11-14,0.0,0.0,0.0,,,100.0,,,,,,,,,0.0,0.0,0.0,,,,
970,00231784,PEG-FGF21,BRAND,202612,2025-11-19,0.0,0.0,0.0,,,100.0,,,,,,,,,0.0,0.0,0.0,,,,
971,00231784,PEG-FGF21,BRAND,202612,2025-11-21,0.0,0.0,0.0,,,100.0,,,,,,,,,0.0,0.0,0.0,,,,
972,00231784,PEG-FGF21,BRAND,202612,2025-11-28,0.0,0.0,0.0,,,100.0,,,,,,,,,0.0,0.0,0.0,,,,
973,00231784,PEG-FGF21,BRAND,202612,2025-12-05,0.0,0.0,0.0,,,100.0,,,,,,,,,0.0,0.0,0.0,,,,
974,00231784,PEG-FGF21,BRAND,202612,2025-12-12,0.0,0.0,0.0,,,100.0,,,,,,,,,0.0,0.0,0.0,,,,
975,00231784,PEG-FGF21,BRAND,202612,2025-12-17,0.0,0.0,0.0,,,100.0,,,,,,,,,0.0,0.0,0.0,,,,
976,00231784,PEG-FGF21,BRAND,202612,2025-12-19,0.0,0.0,0.0,,,100.0,,,,,,,,,0.0,0.0,0.0,,,,
977,00231784,PEG-FGF21,BRAND,202612,2025-12-26,0.0,0.0,0.0,,,100.0,,,,,,,,,0.0,0.0,0.0,,,,
978,00231784,PEG-FGF21,BRAND,202612,2026-01-02,0.0,0.0,0.0,,,100.0,,,,,,,,,0.0,0.0,0.0,,,,
979,00231784,PEG-FGF21,BRAND,202612,2026-01-09,0.0,0.0,0.0,,,100.0,,,,,,,,,0.0,0.0,0.0,,,,
980,00231784,PEG-FGF21,BRAND,202612,2026-01-16,0.0,0.0,0.0,,,100.0,,,,,,,,,0.0,0.0,0.0,,,,
981,00231784,PEG-FGF21,BRAND,202612,2026-01-23,0.0,0.0,0.0,,,100.0,,,,,,,,,0.0,0.0,0.0,,,,
982,00231784,PEG-FGF21,BRAND,202612,2026-01-30,0.0,0.0,0.0,,,100.0,,,,,,,,,0.0,0.0,0.0,,,,
983,00231784,PEG-FGF21,BRAND,202612,2026-02-06,0.0,0.0,0.0,,,100.0,,,,,,,,,0.0,0.0,0.0,,,,
984,00231950,Anti-Myostatin,BRAND,202612,2025-07-18,,0.0,0.0,,,100.0,,,,,,,,,0.0,0.0,0.0,,,,
985,00231950,Anti-Myostatin,BRAND,202612,2025-07-25,-0.94,826.57,-707.3,,85.57,75.56,100.0,88.92,99.98,99.99,100.0,100.0,0.0,1,47.06,0.36,0.0,99.98,100.0,71.4,
986,00231950,Anti-Myostatin,BRAND,202612,2025-08-01,-1.02,762.66,-761.93,,99.9,75.56,100.0,91.13,99.96,99.99,100.0,100.0,0.0,1,47.06,0.56,0.0,99.96,100.0,72.06,
987,00231950,Anti-Myostatin,BRAND,202612,2025-08-08,22.0,16321.88,16312.95,,99.95,75.56,100.0,99.96,99.99,100.0,99.96,100.0,0.0,1,67.65,0.76,0.0,99.99,100.0,72.74,
988,00231950,Anti-Myostatin,BRAND,202612,2025-08-15,-17.42,16876.11,-15756.93,,93.37,75.56,100.0,96.68,100.0,100.0,96.68,100.0,0.0,1,58.82,0.82,0.0,100.0,100.0,72.96,
989,00231950,Anti-Myostatin,BRAND,202612,2025-08-22,-8.18,6117.75,-6115.91,,99.97,75.56,100.0,87.75,99.99,100.0,87.75,100.0,0.0,1,64.71,0.96,0.0,99.99,100.0,73.4,
990,00231950,Anti-Myostatin,BRAND,202612,2025-08-26,,0.0,0.0,,,75.56,,,,,,,,,0.0,0.0,0.0,,,,
991,00231950,Anti-Myostatin,BRAND,202612,2025-08-29,7.84,5379.37,5379.1,,99.99,73.33,99.95,99.79,99.99,100.0,99.79,100.0,0.0,1,45.45,0.36,0.0,99.93,100.0,70.51,
992,00231950,Anti-Myostatin,BRAND,202612,2025-09-05,-0.02,13.58,-12.8,,94.25,68.89,99.01,56.28,97.47,99.7,100.0,100.0,0.0,1,38.71,0.4,0.0,96.5,100.0,67.88,
993,00231950,Anti-Myostatin,BRAND,202612,2025-09-12,-5.29,3917.66,-3915.21,,99.94,68.89,99.98,99.9,99.98,99.99,100.0,100.0,0.0,1,45.16,0.58,3.23,99.95,100.0,69.47,
994,00231950,Anti-Myostatin,BRAND,202612,2025-09-18,6.21,12384.17,4263.82,,34.43,60.0,67.25,43.35,99.98,99.99,56.65,100.0,0.0,1,51.85,0.87,14.81,67.23,100.0,66.88,
995,00231950,Anti-Myostatin,BRAND,202612,2025-09-19,4.12,3022.93,2884.23,,95.41,64.44,97.74,97.69,99.98,100.0,100.0,100.0,0.0,1,37.93,0.96,6.9,97.72,100.0,68.95,
996,00231950,Anti-Myostatin,BRAND,202612,2025-09-26,-3.76,2747.9,-2745.67,,99.92,94.12,100.0,96.68,99.99,100.0,100.0,100.0,0.0,1,37.5,1.09,0.0,99.98,100.0,81.27,
997,00231950,Anti-Myostatin,BRAND,202612,2025-10-03,-1.03,1960.37,-723.85,,36.92,68.89,99.89,68.3,99.92,99.99,100.0,100.0,0.0,1,41.94,0.67,3.23,99.81,100.0,69.74,
998,00231950,Anti-Myostatin,BRAND,202612,2025-10-10,0.0,0.0,0.0,,,66.67,,,,,,,,,0.0,0.0,0.0,,,,
999,00231950,Anti-Myostatin,BRAND,202612,2025-10-17,-3.13,3064.39,-2283.5,,74.52,71.11,99.96,87.04,99.87,99.95,100.0,100.0,0.0,1,65.62,0.51,0.0,99.83,100.0,70.1,
1000,00231950,Anti-Myostatin,BRAND,202612,2025-10-24,-0.2,141.61,-137.13,,96.84,57.78,96.11,93.57,97.15,99.05,100.0,100.0,0.0,1,61.54,0.91,3.85,93.36,100.0,65.01,
1001,00231950,Anti-Myostatin,BRAND,202612,2025-10-31,2.57,2647.18,1784.69,,67.42,60.0,100.0,83.63,99.98,100.0,100.0,100.0,0.0,1,44.44,0.71,3.7,99.97,100.0,66.36,
1002,00231950,Anti-Myostatin,BRAND,202612,2025-11-07,-2.17,1552.48,-1540.7,,99.24,66.67,99.66,85.56,99.82,99.97,100.0,100.0,0.0,1,70.0,0.76,0.0,99.48,100.0,69.11,
1003,00231950,Anti-Myostatin,BRAND,202612,2025-11-14,3.14,2218.29,2185.17,,98.51,64.44,99.94,99.17,99.95,99.99,100.0,100.0,0.0,1,51.72,0.78,0.0,99.9,100.0,68.35,
1004,00231950,Anti-Myostatin,BRAND,202612,2025-11-19,1.66,2347.02,1174.87,,50.06,60.0,99.86,74.87,99.88,99.96,100.0,100.0,0.0,1,66.67,1.11,3.7,99.74,100.0,67.65,
1005,00231950,Anti-Myostatin,BRAND,202612,2025-11-21,-0.01,6.34,-6.2,,97.75,66.67,91.64,69.03,95.98,98.91,100.0,100.0,0.0,1,46.67,0.93,6.67,87.96,100.0,68.17,
1006,00231950,Anti-Myostatin,BRAND,202612,2025-11-28,-2.35,1685.09,-1682.75,,99.86,73.33,99.99,79.5,99.94,99.98,100.0,100.0,0.0,1,54.55,1.07,6.06,99.93,100.0,72.86,
1007,00231950,Anti-Myostatin,BRAND,202612,2025-12-05,-8.33,5876.23,-5835.12,,99.3,73.33,100.0,92.25,99.98,99.99,92.25,100.0,0.0,1,57.58,1.07,9.09,99.97,100.0,72.88,
1008,00231950,Anti-Myostatin,BRAND,202612,2025-12-12,-9.45,6080.15,-6071.29,,99.85,67.39,99.98,89.45,99.98,100.0,89.45,100.0,0.0,1,38.71,0.52,0.0,99.97,100.0,68.69,
1009,00231950,Anti-Myostatin,BRAND,202612,2025-12-17,-13.29,14538.08,-9539.09,,65.61,71.74,99.99,74.7,99.97,99.99,74.7,100.0,0.0,1,69.7,1.0,0.0,99.97,100.0,72.02,
1010,00231950,Anti-Myostatin,BRAND,202612,2025-12-19,6.85,4556.36,3985.83,,87.48,54.35,99.88,93.68,99.88,99.97,98.43,100.0,0.0,1,48.0,0.76,8.0,99.76,100.0,64.23,
1011,00231950,Anti-Myostatin,BRAND,202612,2025-12-26,-1.53,1646.37,-949.02,,57.64,52.17,13.6,73.45,99.33,99.97,99.48,100.0,0.0,1,50.0,0.72,4.17,13.51,100.0,62.99,
1012,00231950,Anti-Myostatin,BRAND,202612,2026-01-02,-5.85,5090.46,-3579.16,,70.31,71.74,99.99,84.3,99.98,100.0,99.19,103.07,-10.71,1,54.55,0.8,3.03,99.97,113.78,71.37,
1013,00231950,Anti-Myostatin,BRAND,202612,2026-01-09,-11.1,6400.72,-6400.17,,99.99,69.57,85.53,85.52,99.99,100.0,85.52,100.0,0.0,1,46.88,0.65,0.0,85.52,100.0,70.0,
1014,00231950,Anti-Myostatin,BRAND,202612,2026-01-16,-70.36,45590.38,-36013.46,,78.99,25.0,28.59,71.41,100.0,100.0,71.41,100.0,0.0,1,50.0,0.62,0.0,28.59,100.0,52.08,
1015,00231950,Anti-Myostatin,BRAND,202612,2026-01-23,-45.92,30239.41,-27992.41,,92.57,12.5,72.38,72.38,100.0,100.0,72.38,101.49,-1.4,1,100.0,0.88,0.0,72.38,102.89,47.92,
1016,00231950,Anti-Myostatin,BRAND,202612,2026-01-30,21.69,3400.1,3291.49,,96.81,25.0,98.42,96.82,100.0,100.0,98.4,100.0,0.0,1,50.0,0.88,0.0,98.42,100.0,52.92,
1017,00231950,Anti-Myostatin,BRAND,202612,2026-02-06,-7.05,4514.75,-1302.46,,28.85,31.25,100.0,62.76,100.0,100.0,98.34,100.0,0.0,1,60.0,0.88,0.0,100.0,100.0,55.42,
1018,00251126,recothrom,BRAND,202612,2025-07-18,,0.0,0.0,,,100.0,,,,,,,,,0.0,0.0,0.0,,,,
1019,00251126,recothrom,BRAND,202612,2025-07-25,,0.0,0.0,,,0.0,,,,,,,,,,0.0,,,,,
1020,00251126,recothrom,BRAND,202612,2025-08-01,,0.0,0.0,,,0.0,,,,,,,,,,0.0,,,,,
1021,00251126,recothrom,BRAND,202612,2025-08-08,,0.0,0.0,,,0.0,,,,,,,,,,0.0,,,,,
1022,00251126,recothrom,BRAND,202612,2025-08-15,,0.0,0.0,,,0.0,,,,,,,,,,0.0,,,,,
1023,00251126,recothrom,BRAND,202612,2025-08-22,,0.0,0.0,,,0.0,,,,,,,,,,0.0,,,,,
1024,00251126,recothrom,BRAND,202612,2025-08-26,,0.0,0.0,,,0.0,,,,,,,,,,0.0,,,,,
1025,00251126,recothrom,BRAND,202612,2025-08-29,,0.0,0.0,,,0.0,,,,,,,,,,0.0,,,,,
1026,00251126,recothrom,BRAND,202612,2025-09-05,,0.0,0.0,,,0.0,,,,,,,,,,0.0,,,,,
1027,00251126,recothrom,BRAND,202612,2025-09-12,,0.0,0.0,,,0.0,,,,,,,,,,0.0,,,,,
1028,00251126,recothrom,BRAND,202612,2025-09-18,,0.0,0.0,,,0.0,,,,,,,,,,0.0,,,,,
1029,00251126,recothrom,BRAND,202612,2025-09-19,,0.0,0.0,,,0.0,,,,,,,,,,0.0,,,,,
1030,00251126,recothrom,BRAND,202612,2025-10-10,,0.0,0.0,,,0.0,,,,,,,,,,0.0,,,,,
1031,00251126,recothrom,BRAND,202612,2025-10-17,,0.0,0.0,,,0.0,,,,,,,,,,0.0,,,,,
1032,00251126,recothrom,BRAND,202612,2025-10-24,,0.0,0.0,,,0.0,,,,,,,,,,0.0,,,,,
1033,00251126,recothrom,BRAND,202612,2025-10-31,,0.0,0.0,,,0.0,,,,,,,,,,0.0,,,,,
1034,00251126,recothrom,BRAND,202612,2025-11-07,,0.0,0.0,,,0.0,,,,,,,,,,0.0,,,,,
1035,00251126,recothrom,BRAND,202612,2025-11-14,,0.0,0.0,,,0.0,,,,,,,,,,0.0,,,,,
1036,00251126,recothrom,BRAND,202612,2025-11-19,,0.0,0.0,,,0.0,,,,,,,,,,0.0,,,,,
1037,00251126,recothrom,BRAND,202612,2025-11-21,,0.0,0.0,,,0.0,,,,,,,,,,0.0,,,,,
1038,00251126,recothrom,BRAND,202612,2025-11-28,,0.0,0.0,,,0.0,,,,,,,,,,0.0,,,,,
1039,00301700,Mucomyst (UPSA),BRAND,202612,2025-07-18,,0.0,0.0,,,100.0,,,,,,,,,0.0,0.0,0.0,,,,
1040,00301700,Mucomyst (UPSA),BRAND,202612,2025-07-25,,0.0,0.0,,,0.0,,,,,,,,,,0.0,,,,,
1041,00301700,Mucomyst (UPSA),BRAND,202612,2025-08-01,,0.0,0.0,,,0.0,,,,,,,,,,0.0,,,,,
1042,00301700,Mucomyst (UPSA),BRAND,202612,2025-08-08,,0.0,0.0,,,0.0,,,,,,,,,,0.0,,,,,
1043,00301700,Mucomyst (UPSA),BRAND,202612,2025-08-15,,0.0,0.0,,,0.0,,,,,,,,,,0.0,,,,,
1044,00301700,Mucomyst (UPSA),BRAND,202612,2025-08-22,,0.0,0.0,,,0.0,,,,,,,,,,0.0,,,,,
1045,00301700,Mucomyst (UPSA),BRAND,202612,2025-08-26,,0.0,0.0,,,0.0,,,,,,,,,,0.0,,,,,
1046,00301700,Mucomyst (UPSA),BRAND,202612,2025-08-29,,0.0,0.0,,,0.0,,,,,,,,,,0.0,,,,,
1047,00301700,Mucomyst (UPSA),BRAND,202612,2025-09-05,,0.0,0.0,,,0.0,,,,,,,,,,0.0,,,,,
1048,00301700,Mucomyst (UPSA),BRAND,202612,2025-09-12,,0.0,0.0,,,0.0,,,,,,,,,,0.0,,,,,
1049,00301700,Mucomyst (UPSA),BRAND,202612,2025-09-18,,0.0,0.0,,,0.0,,,,,,,,,,0.0,,,,,
1050,00301700,Mucomyst (UPSA),BRAND,202612,2025-09-19,,0.0,0.0,,,0.0,,,,,,,,,,0.0,,,,,
1051,00301700,Mucomyst (UPSA),BRAND,202612,2025-10-03,,0.0,0.0,,,0.0,,,,,,,,,,0.0,,,,,
1052,00301700,Mucomyst (UPSA),BRAND,202612,2025-10-10,,0.0,0.0,,,0.0,,,,,,,,,,0.0,,,,,
1053,00301700,Mucomyst (UPSA),BRAND,202612,2025-10-17,,0.0,0.0,,,0.0,,,,,,,,,,0.0,,,,,
1054,00301700,Mucomyst (UPSA),BRAND,202612,2025-10-24,,0.0,0.0,,,0.0,,,,,,,,,,0.0,,,,,
1055,00301700,Mucomyst (UPSA),BRAND,202612,2025-10-31,,0.0,0.0,,,0.0,,,,,,,,,,0.0,,,,,
1056,00301700,Mucomyst (UPSA),BRAND,202612,2025-11-07,,0.0,0.0,,,0.0,,,,,,,,,,0.0,,,,,
1057,00301700,Mucomyst (UPSA),BRAND,202612,2025-11-14,,0.0,0.0,,,0.0,,,,,,,,,,0.0,,,,,
1058,00301700,Mucomyst (UPSA),BRAND,202612,2025-11-19,,0.0,0.0,,,0.0,,,,,,,,,,0.0,,,,,
1059,00301700,Mucomyst (UPSA),BRAND,202612,2025-11-21,,0.0,0.0,,,0.0,,,,,,,,,,0.0,,,,,
1060,00301700,Mucomyst (UPSA),BRAND,202612,2025-11-28,,0.0,0.0,,,0.0,,,,,,,,,,0.0,,,,,
1061,00301700,Mucomyst (UPSA),BRAND,202612,2025-12-05,,0.0,0.0,,,0.0,,,,,,,,,,0.0,,,,,
1062,00301700,Mucomyst (UPSA),BRAND,202612,2025-12-12,,0.0,0.0,,,0.0,,,,,,,,,,0.0,,,,,
1063,00301700,Mucomyst (UPSA),BRAND,202612,2025-12-17,,0.0,0.0,,,0.0,,,,,,,,,,0.0,,,,,
1064,00301700,Mucomyst (UPSA),BRAND,202612,2025-12-19,,0.0,0.0,,,0.0,,,,,,,,,,0.0,,,,,
1065,00301700,Mucomyst (UPSA),BRAND,202612,2025-12-26,,0.0,0.0,,,0.0,,,,,,,,,,0.0,,,,,
1066,00301700,Mucomyst (UPSA),BRAND,202612,2026-01-02,,0.0,0.0,,,0.0,,,,,,,,,,0.0,,,,,
1067,00301700,Mucomyst (UPSA),BRAND,202612,2026-01-09,,0.0,0.0,,,0.0,,,,,,,,,,0.0,,,,,
1068,00301700,Mucomyst (UPSA),BRAND,202612,2026-01-16,,0.0,0.0,,,0.0,,,,,,,,,,0.0,,,,,
1069,00301700,Mucomyst (UPSA),BRAND,202612,2026-01-23,,0.0,0.0,,,0.0,,,,,,,,,,0.0,,,,,
1070,00301700,Mucomyst (UPSA),BRAND,202612,2026-01-30,,0.0,0.0,,,0.0,,,,,,,,,,0.0,,,,,
1071,00301700,Mucomyst (UPSA),BRAND,202612,2026-02-06,,0.0,0.0,,,0.0,,,,,,,,,,0.0,,,,,
1072,00301705,Pemilaston,BRAND,202612,2025-07-18,,0.0,0.0,,,100.0,,,,,,,,,0.0,0.0,0.0,,,,
1073,00301705,Pemilaston,BRAND,202612,2025-07-25,,0.0,0.0,,,0.0,,,,,,,,,,0.0,,,,,
1074,00301705,Pemilaston,BRAND,202612,2025-08-01,,0.0,0.0,,,0.0,,,,,,,,,,0.0,,,,,
1075,00301705,Pemilaston,BRAND,202612,2025-08-08,,0.0,0.0,,,0.0,,,,,,,,,,0.0,,,,,
1076,00301705,Pemilaston,BRAND,202612,2025-08-15,,0.0,0.0,,,0.0,,,,,,,,,,0.0,,,,,
1077,00301705,Pemilaston,BRAND,202612,2025-08-22,,0.0,0.0,,,0.0,,,,,,,,,,0.0,,,,,
1078,00301705,Pemilaston,BRAND,202612,2025-08-26,,0.0,0.0,,,0.0,,,,,,,,,,0.0,,,,,
1079,00301705,Pemilaston,BRAND,202612,2025-08-29,,0.0,0.0,,,0.0,,,,,,,,,,0.0,,,,,
1080,00301705,Pemilaston,BRAND,202612,2025-09-05,,0.0,0.0,,,0.0,,,,,,,,,,0.0,,,,,
1081,00301705,Pemilaston,BRAND,202612,2025-09-12,,0.0,0.0,,,0.0,,,,,,,,,,0.0,,,,,
1082,00301705,Pemilaston,BRAND,202612,2025-09-18,,0.0,0.0,,,0.0,,,,,,,,,,0.0,,,,,
1083,00301705,Pemilaston,BRAND,202612,2025-09-19,,0.0,0.0,,,0.0,,,,,,,,,,0.0,,,,,
1084,00301705,Pemilaston,BRAND,202612,2025-10-03,,0.0,0.0,,,0.0,,,,,,,,,,0.0,,,,,
1085,00301705,Pemilaston,BRAND,202612,2025-10-10,,0.0,0.0,,,0.0,,,,,,,,,,0.0,,,,,
1086,00301705,Pemilaston,BRAND,202612,2025-10-17,,0.0,0.0,,,0.0,,,,,,,,,,0.0,,,,,
1087,00301705,Pemilaston,BRAND,202612,2025-10-24,,0.0,0.0,,,0.0,,,,,,,,,,0.0,,,,,
1088,00301705,Pemilaston,BRAND,202612,2025-10-31,,0.0,0.0,,,0.0,,,,,,,,,,0.0,,,,,
1089,00301705,Pemilaston,BRAND,202612,2025-11-07,,0.0,0.0,,,0.0,,,,,,,,,,0.0,,,,,
1090,00301705,Pemilaston,BRAND,202612,2025-11-14,,0.0,0.0,,,0.0,,,,,,,,,,0.0,,,,,
1091,00301705,Pemilaston,BRAND,202612,2025-11-19,,0.0,0.0,,,0.0,,,,,,,,,,0.0,,,,,
1092,00301705,Pemilaston,BRAND,202612,2025-11-21,,0.0,0.0,,,0.0,,,,,,,,,,0.0,,,,,
1093,00301705,Pemilaston,BRAND,202612,2025-11-28,,0.0,0.0,,,0.0,,,,,,,,,,0.0,,,,,
1094,00301705,Pemilaston,BRAND,202612,2025-12-05,,0.0,0.0,,,0.0,,,,,,,,,,0.0,,,,,
1095,00301705,Pemilaston,BRAND,202612,2025-12-12,,0.0,0.0,,,0.0,,,,,,,,,,0.0,,,,,
1096,00301705,Pemilaston,BRAND,202612,2025-12-17,,0.0,0.0,,,0.0,,,,,,,,,,0.0,,,,,
1097,00301705,Pemilaston,BRAND,202612,2025-12-19,,0.0,0.0,,,0.0,,,,,,,,,,0.0,,,,,
1098,00301705,Pemilaston,BRAND,202612,2025-12-26,,0.0,0.0,,,0.0,,,,,,,,,,0.0,,,,,
1099,00301705,Pemilaston,BRAND,202612,2026-01-02,,0.0,0.0,,,0.0,,,,,,,,,,0.0,,,,,
1100,00301705,Pemilaston,BRAND,202612,2026-01-09,,0.0,0.0,,,0.0,,,,,,,,,,0.0,,,,,
1101,00301705,Pemilaston,BRAND,202612,2026-01-16,,0.0,0.0,,,0.0,,,,,,,,,,0.0,,,,,
1102,00301705,Pemilaston,BRAND,202612,2026-01-23,,0.0,0.0,,,0.0,,,,,,,,,,0.0,,,,,
1103,00301705,Pemilaston,BRAND,202612,2026-01-30,,0.0,0.0,,,0.0,,,,,,,,,,0.0,,,,,
1104,00301705,Pemilaston,BRAND,202612,2026-02-06,,0.0,0.0,,,0.0,,,,,,,,,,0.0,,,,,
1105,00351536,"Nalorex, Nemexin, Celupan",BRAND,202612,2025-07-18,,0.0,0.0,,,100.0,,,,,,,,,0.0,0.0,0.0,,,,
1106,00351536,"Nalorex, Nemexin, Celupan",BRAND,202612,2025-07-25,,0.0,0.0,,,0.0,,,,,,,,,,0.0,,,,,
1107,00351536,"Nalorex, Nemexin, Celupan",BRAND,202612,2025-08-01,,0.0,0.0,,,0.0,,,,,,,,,,0.0,,,,,
1108,00351536,"Nalorex, Nemexin, Celupan",BRAND,202612,2025-08-08,,0.0,0.0,,,0.0,,,,,,,,,,0.0,,,,,
1109,00351536,"Nalorex, Nemexin, Celupan",BRAND,202612,2025-08-15,,0.0,0.0,,,0.0,,,,,,,,,,0.0,,,,,
1110,00351536,"Nalorex, Nemexin, Celupan",BRAND,202612,2025-08-22,,0.0,0.0,,,0.0,,,,,,,,,,0.0,,,,,
1111,00351536,"Nalorex, Nemexin, Celupan",BRAND,202612,2025-08-26,,0.0,0.0,,,0.0,,,,,,,,,,0.0,,,,,
1112,00351536,"Nalorex, Nemexin, Celupan",BRAND,202612,2025-08-29,,0.0,0.0,,,0.0,,,,,,,,,,0.0,,,,,
1113,00351536,"Nalorex, Nemexin, Celupan",BRAND,202612,2025-09-05,,0.0,0.0,,,0.0,,,,,,,,,,0.0,,,,,
1114,00351536,"Nalorex, Nemexin, Celupan",BRAND,202612,2025-09-12,,0.0,0.0,,,0.0,,,,,,,,,,0.0,,,,,
1115,00351536,"Nalorex, Nemexin, Celupan",BRAND,202612,2025-09-18,,0.0,0.0,,,0.0,,,,,,,,,,0.0,,,,,
1116,00351536,"Nalorex, Nemexin, Celupan",BRAND,202612,2025-09-19,,0.0,0.0,,,0.0,,,,,,,,,,0.0,,,,,
1117,00351536,"Nalorex, Nemexin, Celupan",BRAND,202612,2025-10-03,,0.0,0.0,,,0.0,,,,,,,,,,0.0,,,,,
1118,00351536,"Nalorex, Nemexin, Celupan",BRAND,202612,2025-10-10,,0.0,0.0,,,0.0,,,,,,,,,,0.0,,,,,
1119,00351536,"Nalorex, Nemexin, Celupan",BRAND,202612,2025-10-17,,0.0,0.0,,,0.0,,,,,,,,,,0.0,,,,,
1120,00351536,"Nalorex, Nemexin, Celupan",BRAND,202612,2025-10-24,,0.0,0.0,,,0.0,,,,,,,,,,0.0,,,,,
1121,00351536,"Nalorex, Nemexin, Celupan",BRAND,202612,2025-10-31,,0.0,0.0,,,0.0,,,,,,,,,,0.0,,,,,
1122,00351536,"Nalorex, Nemexin, Celupan",BRAND,202612,2025-11-07,,0.0,0.0,,,0.0,,,,,,,,,,0.0,,,,,
1123,00351536,"Nalorex, Nemexin, Celupan",BRAND,202612,2025-11-14,,0.0,0.0,,,0.0,,,,,,,,,,0.0,,,,,
1124,00351536,"Nalorex, Nemexin, Celupan",BRAND,202612,2025-11-19,,0.0,0.0,,,0.0,,,,,,,,,,0.0,,,,,
1125,00351536,"Nalorex, Nemexin, Celupan",BRAND,202612,2025-11-21,,0.0,0.0,,,0.0,,,,,,,,,,0.0,,,,,
1126,00351536,"Nalorex, Nemexin, Celupan",BRAND,202612,2025-11-28,,0.0,0.0,,,0.0,,,,,,,,,,0.0,,,,,
1127,00351536,"Nalorex, Nemexin, Celupan",BRAND,202612,2025-12-05,,0.0,0.0,,,0.0,,,,,,,,,,0.0,,,,,
1128,00351536,"Nalorex, Nemexin, Celupan",BRAND,202612,2025-12-12,,0.0,0.0,,,0.0,,,,,,,,,,0.0,,,,,
1129,00351536,"Nalorex, Nemexin, Celupan",BRAND,202612,2025-12-17,,0.0,0.0,,,0.0,,,,,,,,,,0.0,,,,,
1130,00351536,"Nalorex, Nemexin, Celupan",BRAND,202612,2025-12-19,,0.0,0.0,,,0.0,,,,,,,,,,0.0,,,,,
1131,00351536,"Nalorex, Nemexin, Celupan",BRAND,202612,2025-12-26,,0.0,0.0,,,0.0,,,,,,,,,,0.0,,,,,
1132,00351536,"Nalorex, Nemexin, Celupan",BRAND,202612,2026-01-02,,0.0,0.0,,,0.0,,,,,,,,,,0.0,,,,,
1133,00351536,"Nalorex, Nemexin, Celupan",BRAND,202612,2026-01-09,,0.0,0.0,,,0.0,,,,,,,,,,0.0,,,,,
1134,00351536,"Nalorex, Nemexin, Celupan",BRAND,202612,2026-01-16,,0.0,0.0,,,0.0,,,,,,,,,,0.0,,,,,
1135,00351536,"Nalorex, Nemexin, Celupan",BRAND,202612,2026-01-23,,0.0,0.0,,,0.0,,,,,,,,,,0.0,,,,,
1136,00351536,"Nalorex, Nemexin, Celupan",BRAND,202612,2026-01-30,,0.0,0.0,,,0.0,,,,,,,,,,0.0,,,,,
1137,00351536,"Nalorex, Nemexin, Celupan",BRAND,202612,2026-02-06,,0.0,0.0,,,0.0,,,,,,,,,,0.0,,,,,
1138,00351542,SINEMET,BRAND,202612,2025-07-18,,0.0,0.0,,,100.0,,,,,,,,,0.0,0.0,0.0,,,,
1139,00351542,SINEMET,BRAND,202612,2025-07-25,,0.0,0.0,,,0.0,,,,,,,,,,0.0,,,,,
1140,00351542,SINEMET,BRAND,202612,2025-08-01,,0.0,0.0,,,0.0,,,,,,,,,,0.0,,,,,
1141,00351542,SINEMET,BRAND,202612,2025-08-08,,0.0,0.0,,,0.0,,,,,,,,,,0.0,,,,,
1142,00351542,SINEMET,BRAND,202612,2025-08-15,,0.0,0.0,,,0.0,,,,,,,,,,0.0,,,,,
1143,00351542,SINEMET,BRAND,202612,2025-08-22,,0.0,0.0,,,0.0,,,,,,,,,,0.0,,,,,
1144,00351542,SINEMET,BRAND,202612,2025-08-26,,0.0,0.0,,,0.0,,,,,,,,,,0.0,,,,,
1145,00351542,SINEMET,BRAND,202612,2025-08-29,,0.0,0.0,,,0.0,,,,,,,,,,0.0,,,,,
1146,00351542,SINEMET,BRAND,202612,2025-09-05,,0.0,0.0,,,0.0,,,,,,,,,,0.0,,,,,
1147,00351542,SINEMET,BRAND,202612,2025-09-12,,0.0,0.0,,,0.0,,,,,,,,,,0.0,,,,,
1148,00351542,SINEMET,BRAND,202612,2025-09-18,,0.0,0.0,,,0.0,,,,,,,,,,0.0,,,,,
1149,00351542,SINEMET,BRAND,202612,2025-09-19,,0.0,0.0,,,0.0,,,,,,,,,,0.0,,,,,
1150,00351542,SINEMET,BRAND,202612,2025-10-03,,0.0,0.0,,,0.0,,,,,,,,,,0.0,,,,,
1151,00351542,SINEMET,BRAND,202612,2025-10-10,,0.0,0.0,,,0.0,,,,,,,,,,0.0,,,,,
1152,00351542,SINEMET,BRAND,202612,2025-10-17,,0.0,0.0,,,0.0,,,,,,,,,,0.0,,,,,
1153,00351542,SINEMET,BRAND,202612,2025-10-24,,0.0,0.0,,,0.0,,,,,,,,,,0.0,,,,,
1154,00351542,SINEMET,BRAND,202612,2025-10-31,,0.0,0.0,,,0.0,,,,,,,,,,0.0,,,,,
1155,00351542,SINEMET,BRAND,202612,2025-11-07,,0.0,0.0,,,0.0,,,,,,,,,,0.0,,,,,
1156,00351542,SINEMET,BRAND,202612,2025-11-14,,0.0,0.0,,,0.0,,,,,,,,,,0.0,,,,,
1157,00351542,SINEMET,BRAND,202612,2025-11-19,,0.0,0.0,,,0.0,,,,,,,,,,0.0,,,,,
1158,00351542,SINEMET,BRAND,202612,2025-11-21,,0.0,0.0,,,0.0,,,,,,,,,,0.0,,,,,
1159,00351542,SINEMET,BRAND,202612,2025-11-28,,0.0,0.0,,,0.0,,,,,,,,,,0.0,,,,,
1160,00351542,SINEMET,BRAND,202612,2025-12-05,,0.0,0.0,,,0.0,,,,,,,,,,0.0,,,,,
1161,00351542,SINEMET,BRAND,202612,2025-12-12,,0.0,0.0,,,0.0,,,,,,,,,,0.0,,,,,
1162,00351542,SINEMET,BRAND,202612,2025-12-17,,0.0,0.0,,,0.0,,,,,,,,,,0.0,,,,,
1163,00351542,SINEMET,BRAND,202612,2025-12-19,,0.0,0.0,,,0.0,,,,,,,,,,0.0,,,,,
1164,00351542,SINEMET,BRAND,202612,2025-12-26,,0.0,0.0,,,0.0,,,,,,,,,,0.0,,,,,
1165,00351542,SINEMET,BRAND,202612,2026-01-02,,0.0,0.0,,,0.0,,,,,,,,,,0.0,,,,,
1166,00351542,SINEMET,BRAND,202612,2026-01-09,,0.0,0.0,,,0.0,,,,,,,,,,0.0,,,,,
1167,00351542,SINEMET,BRAND,202612,2026-01-16,,0.0,0.0,,,0.0,,,,,,,,,,0.0,,,,,
1168,00351542,SINEMET,BRAND,202612,2026-01-23,,0.0,0.0,,,0.0,,,,,,,,,,0.0,,,,,
1169,00351542,SINEMET,BRAND,202612,2026-01-30,,0.0,0.0,,,0.0,,,,,,,,,,0.0,,,,,
1170,00351542,SINEMET,BRAND,202612,2026-02-06,,0.0,0.0,,,0.0,,,,,,,,,,0.0,,,,,
1171,00351543,SINEMET CR,BRAND,202612,2025-07-18,,0.0,0.0,,,100.0,,,,,,,,,0.0,0.0,0.0,,,,
1172,00351543,SINEMET CR,BRAND,202612,2025-07-25,,0.0,0.0,,,0.0,,,,,,,,,,0.0,,,,,
1173,00351543,SINEMET CR,BRAND,202612,2025-08-01,,0.0,0.0,,,0.0,,,,,,,,,,0.0,,,,,
1174,00351543,SINEMET CR,BRAND,202612,2025-08-08,,0.0,0.0,,,0.0,,,,,,,,,,0.0,,,,,
1175,00351543,SINEMET CR,BRAND,202612,2025-08-15,,0.0,0.0,,,0.0,,,,,,,,,,0.0,,,,,
1176,00351543,SINEMET CR,BRAND,202612,2025-08-22,,0.0,0.0,,,0.0,,,,,,,,,,0.0,,,,,
1177,00351543,SINEMET CR,BRAND,202612,2025-08-26,,0.0,0.0,,,0.0,,,,,,,,,,0.0,,,,,
1178,00351543,SINEMET CR,BRAND,202612,2025-08-29,,0.0,0.0,,,0.0,,,,,,,,,,0.0,,,,,
1179,00351543,SINEMET CR,BRAND,202612,2025-09-05,,0.0,0.0,,,0.0,,,,,,,,,,0.0,,,,,
1180,00351543,SINEMET CR,BRAND,202612,2025-09-12,,0.0,0.0,,,0.0,,,,,,,,,,0.0,,,,,
1181,00351543,SINEMET CR,BRAND,202612,2025-09-18,,0.0,0.0,,,0.0,,,,,,,,,,0.0,,,,,
1182,00351543,SINEMET CR,BRAND,202612,2025-09-19,,0.0,0.0,,,0.0,,,,,,,,,,0.0,,,,,
1183,00351543,SINEMET CR,BRAND,202612,2025-10-03,,0.0,0.0,,,0.0,,,,,,,,,,0.0,,,,,
1184,00351543,SINEMET CR,BRAND,202612,2025-10-10,,0.0,0.0,,,0.0,,,,,,,,,,0.0,,,,,
1185,00351543,SINEMET CR,BRAND,202612,2025-10-17,,0.0,0.0,,,0.0,,,,,,,,,,0.0,,,,,
1186,00351543,SINEMET CR,BRAND,202612,2025-10-24,,0.0,0.0,,,0.0,,,,,,,,,,0.0,,,,,
1187,00351543,SINEMET CR,BRAND,202612,2025-10-31,,0.0,0.0,,,0.0,,,,,,,,,,0.0,,,,,
1188,00351543,SINEMET CR,BRAND,202612,2025-11-07,,0.0,0.0,,,0.0,,,,,,,,,,0.0,,,,,
1189,00351543,SINEMET CR,BRAND,202612,2025-11-14,,0.0,0.0,,,0.0,,,,,,,,,,0.0,,,,,
1190,00351543,SINEMET CR,BRAND,202612,2025-11-19,,0.0,0.0,,,0.0,,,,,,,,,,0.0,,,,,
1191,00351543,SINEMET CR,BRAND,202612,2025-11-21,,0.0,0.0,,,0.0,,,,,,,,,,0.0,,,,,
1192,00351543,SINEMET CR,BRAND,202612,2025-11-28,,0.0,0.0,,,0.0,,,,,,,,,,0.0,,,,,
1193,00351543,SINEMET CR,BRAND,202612,2025-12-05,,0.0,0.0,,,0.0,,,,,,,,,,0.0,,,,,
1194,00351543,SINEMET CR,BRAND,202612,2025-12-12,,0.0,0.0,,,0.0,,,,,,,,,,0.0,,,,,
1195,00351543,SINEMET CR,BRAND,202612,2025-12-17,,0.0,0.0,,,0.0,,,,,,,,,,0.0,,,,,
1196,00351543,SINEMET CR,BRAND,202612,2025-12-19,,0.0,0.0,,,0.0,,,,,,,,,,0.0,,,,,
1197,00351543,SINEMET CR,BRAND,202612,2025-12-26,,0.0,0.0,,,0.0,,,,,,,,,,0.0,,,,,
1198,00351543,SINEMET CR,BRAND,202612,2026-01-02,,0.0,0.0,,,0.0,,,,,,,,,,0.0,,,,,
1199,00351543,SINEMET CR,BRAND,202612,2026-01-09,,0.0,0.0,,,0.0,,,,,,,,,,0.0,,,,,
1200,00351543,SINEMET CR,BRAND,202612,2026-01-16,,0.0,0.0,,,0.0,,,,,,,,,,0.0,,,,,
1201,00351543,SINEMET CR,BRAND,202612,2026-01-23,,0.0,0.0,,,0.0,,,,,,,,,,0.0,,,,,
1202,00351543,SINEMET CR,BRAND,202612,2026-01-30,,0.0,0.0,,,0.0,,,,,,,,,,0.0,,,,,
1203,00351543,SINEMET CR,BRAND,202612,2026-02-06,,0.0,0.0,,,0.0,,,,,,,,,,0.0,,,,,
1204,00351551,Revia,BRAND,202612,2025-07-18,,0.0,0.0,,,100.0,,,,,,,,,0.0,0.0,0.0,,,,
1205,00351551,Revia,BRAND,202612,2025-07-25,,0.0,0.0,,,0.0,,,,,,,,,,0.0,,,,,
1206,00351551,Revia,BRAND,202612,2025-08-01,,0.0,0.0,,,0.0,,,,,,,,,,0.0,,,,,
1207,00351551,Revia,BRAND,202612,2025-08-08,,0.0,0.0,,,0.0,,,,,,,,,,0.0,,,,,
1208,00351551,Revia,BRAND,202612,2025-08-15,,0.0,0.0,,,0.0,,,,,,,,,,0.0,,,,,
1209,00351551,Revia,BRAND,202612,2025-08-22,,0.0,0.0,,,0.0,,,,,,,,,,0.0,,,,,
1210,00351551,Revia,BRAND,202612,2025-08-26,,0.0,0.0,,,0.0,,,,,,,,,,0.0,,,,,
1211,00351551,Revia,BRAND,202612,2025-08-29,,0.0,0.0,,,0.0,,,,,,,,,,0.0,,,,,
1212,00351551,Revia,BRAND,202612,2025-09-05,,0.0,0.0,,,0.0,,,,,,,,,,0.0,,,,,
1213,00351551,Revia,BRAND,202612,2025-09-12,,0.0,0.0,,,0.0,,,,,,,,,,0.0,,,,,
1214,00351551,Revia,BRAND,202612,2025-09-18,,0.0,0.0,,,0.0,,,,,,,,,,0.0,,,,,
1215,00351551,Revia,BRAND,202612,2025-09-19,,0.0,0.0,,,0.0,,,,,,,,,,0.0,,,,,
1216,00351551,Revia,BRAND,202612,2025-10-03,,0.0,0.0,,,0.0,,,,,,,,,,0.0,,,,,
1217,00351551,Revia,BRAND,202612,2025-10-10,,0.0,0.0,,,0.0,,,,,,,,,,0.0,,,,,
1218,00351551,Revia,BRAND,202612,2025-10-17,,0.0,0.0,,,0.0,,,,,,,,,,0.0,,,,,
1219,00351551,Revia,BRAND,202612,2025-10-24,,0.0,0.0,,,0.0,,,,,,,,,,0.0,,,,,
1220,00351551,Revia,BRAND,202612,2025-10-31,,0.0,0.0,,,0.0,,,,,,,,,,0.0,,,,,
1221,00351551,Revia,BRAND,202612,2025-11-07,,0.0,0.0,,,0.0,,,,,,,,,,0.0,,,,,
1222,00351551,Revia,BRAND,202612,2025-11-14,,0.0,0.0,,,0.0,,,,,,,,,,0.0,,,,,
1223,00351551,Revia,BRAND,202612,2025-11-19,,0.0,0.0,,,0.0,,,,,,,,,,0.0,,,,,
1224,00351551,Revia,BRAND,202612,2025-11-21,,0.0,0.0,,,0.0,,,,,,,,,,0.0,,,,,
1225,00351551,Revia,BRAND,202612,2025-11-28,,0.0,0.0,,,0.0,,,,,,,,,,0.0,,,,,
1226,00351551,Revia,BRAND,202612,2025-12-05,,0.0,0.0,,,0.0,,,,,,,,,,0.0,,,,,
1227,00351551,Revia,BRAND,202612,2025-12-12,,0.0,0.0,,,0.0,,,,,,,,,,0.0,,,,,
1228,00351551,Revia,BRAND,202612,2025-12-17,,0.0,0.0,,,0.0,,,,,,,,,,0.0,,,,,
1229,00351551,Revia,BRAND,202612,2025-12-19,,0.0,0.0,,,0.0,,,,,,,,,,0.0,,,,,
1230,00351551,Revia,BRAND,202612,2025-12-26,,0.0,0.0,,,0.0,,,,,,,,,,0.0,,,,,
1231,00351551,Revia,BRAND,202612,2026-01-02,,0.0,0.0,,,0.0,,,,,,,,,,0.0,,,,,
1232,00351551,Revia,BRAND,202612,2026-01-09,,0.0,0.0,,,0.0,,,,,,,,,,0.0,,,,,
1233,00351551,Revia,BRAND,202612,2026-01-16,,0.0,0.0,,,0.0,,,,,,,,,,0.0,,,,,
1234,00351551,Revia,BRAND,202612,2026-01-23,,0.0,0.0,,,0.0,,,,,,,,,,0.0,,,,,
1235,00351551,Revia,BRAND,202612,2026-01-30,,0.0,0.0,,,0.0,,,,,,,,,,0.0,,,,,
1236,00351551,Revia,BRAND,202612,2026-02-06,,0.0,0.0,,,0.0,,,,,,,,,,0.0,,,,,
1237,00351552,LODOSYN,BRAND,202612,2025-07-18,,0.0,0.0,,,100.0,,,,,,,,,0.0,0.0,0.0,,,,
1238,00351552,LODOSYN,BRAND,202612,2025-07-25,,0.0,0.0,,,0.0,,,,,,,,,,0.0,,,,,
1239,00351552,LODOSYN,BRAND,202612,2025-08-01,,0.0,0.0,,,0.0,,,,,,,,,,0.0,,,,,
1240,00351552,LODOSYN,BRAND,202612,2025-08-08,,0.0,0.0,,,0.0,,,,,,,,,,0.0,,,,,
1241,00351552,LODOSYN,BRAND,202612,2025-08-15,,0.0,0.0,,,0.0,,,,,,,,,,0.0,,,,,
1242,00351552,LODOSYN,BRAND,202612,2025-08-22,,0.0,0.0,,,0.0,,,,,,,,,,0.0,,,,,
1243,00351552,LODOSYN,BRAND,202612,2025-08-26,,0.0,0.0,,,0.0,,,,,,,,,,0.0,,,,,
1244,00351552,LODOSYN,BRAND,202612,2025-08-29,,0.0,0.0,,,0.0,,,,,,,,,,0.0,,,,,
1245,00351552,LODOSYN,BRAND,202612,2025-09-05,,0.0,0.0,,,0.0,,,,,,,,,,0.0,,,,,
1246,00351552,LODOSYN,BRAND,202612,2025-09-12,,0.0,0.0,,,0.0,,,,,,,,,,0.0,,,,,
1247,00351552,LODOSYN,BRAND,202612,2025-09-18,,0.0,0.0,,,0.0,,,,,,,,,,0.0,,,,,
1248,00351552,LODOSYN,BRAND,202612,2025-09-19,,0.0,0.0,,,0.0,,,,,,,,,,0.0,,,,,
1249,00351552,LODOSYN,BRAND,202612,2025-10-03,,0.0,0.0,,,0.0,,,,,,,,,,0.0,,,,,
1250,00351552,LODOSYN,BRAND,202612,2025-10-10,,0.0,0.0,,,0.0,,,,,,,,,,0.0,,,,,
1251,00351552,LODOSYN,BRAND,202612,2025-10-17,,0.0,0.0,,,0.0,,,,,,,,,,0.0,,,,,
1252,00351552,LODOSYN,BRAND,202612,2025-10-24,,0.0,0.0,,,0.0,,,,,,,,,,0.0,,,,,
1253,00351552,LODOSYN,BRAND,202612,2025-10-31,,0.0,0.0,,,0.0,,,,,,,,,,0.0,,,,,
1254,00351552,LODOSYN,BRAND,202612,2025-11-07,,0.0,0.0,,,0.0,,,,,,,,,,0.0,,,,,
1255,00351552,LODOSYN,BRAND,202612,2025-11-14,,0.0,0.0,,,0.0,,,,,,,,,,0.0,,,,,
1256,00351552,LODOSYN,BRAND,202612,2025-11-19,,0.0,0.0,,,0.0,,,,,,,,,,0.0,,,,,
1257,00351552,LODOSYN,BRAND,202612,2025-11-21,,0.0,0.0,,,0.0,,,,,,,,,,0.0,,,,,
1258,00351552,LODOSYN,BRAND,202612,2025-11-28,,0.0,0.0,,,0.0,,,,,,,,,,0.0,,,,,
1259,00351552,LODOSYN,BRAND,202612,2025-12-05,,0.0,0.0,,,0.0,,,,,,,,,,0.0,,,,,
1260,00351552,LODOSYN,BRAND,202612,2025-12-12,,0.0,0.0,,,0.0,,,,,,,,,,0.0,,,,,
1261,00351552,LODOSYN,BRAND,202612,2025-12-17,,0.0,0.0,,,0.0,,,,,,,,,,0.0,,,,,
1262,00351552,LODOSYN,BRAND,202612,2025-12-19,,0.0,0.0,,,0.0,,,,,,,,,,0.0,,,,,
1263,00351552,LODOSYN,BRAND,202612,2025-12-26,,0.0,0.0,,,0.0,,,,,,,,,,0.0,,,,,
1264,00351552,LODOSYN,BRAND,202612,2026-01-02,,0.0,0.0,,,0.0,,,,,,,,,,0.0,,,,,
1265,00351552,LODOSYN,BRAND,202612,2026-01-09,,0.0,0.0,,,0.0,,,,,,,,,,0.0,,,,,
1266,00351552,LODOSYN,BRAND,202612,2026-01-16,,0.0,0.0,,,0.0,,,,,,,,,,0.0,,,,,
1267,00351552,LODOSYN,BRAND,202612,2026-01-23,,0.0,0.0,,,0.0,,,,,,,,,,0.0,,,,,
1268,00351552,LODOSYN,BRAND,202612,2026-01-30,,0.0,0.0,,,0.0,,,,,,,,,,0.0,,,,,
1269,00351552,LODOSYN,BRAND,202612,2026-02-06,,0.0,0.0,,,0.0,,,,,,,,,,0.0,,,,,
1270,00401040,Cholestyramine,BRAND,202612,2025-07-18,,0.0,0.0,,,100.0,,,,,,,,,0.0,0.0,0.0,,,,
1271,00401040,Cholestyramine,BRAND,202612,2025-07-25,,0.0,0.0,,,0.0,,,,,,,,,,0.0,,,,,
1272,00401040,Cholestyramine,BRAND,202612,2025-08-01,,0.0,0.0,,,0.0,,,,,,,,,,0.0,,,,,
1273,00401040,Cholestyramine,BRAND,202612,2025-08-08,,0.0,0.0,,,0.0,,,,,,,,,,0.0,,,,,
1274,00401040,Cholestyramine,BRAND,202612,2025-08-15,,0.0,0.0,,,0.0,,,,,,,,,,0.0,,,,,
1275,00401040,Cholestyramine,BRAND,202612,2025-08-22,,0.0,0.0,,,0.0,,,,,,,,,,0.0,,,,,
1276,00401040,Cholestyramine,BRAND,202612,2025-08-26,,0.0,0.0,,,0.0,,,,,,,,,,0.0,,,,,
1277,00401040,Cholestyramine,BRAND,202612,2025-08-29,,0.0,0.0,,,0.0,,,,,,,,,,0.0,,,,,
1278,00401040,Cholestyramine,BRAND,202612,2025-09-05,,0.0,0.0,,,0.0,,,,,,,,,,0.0,,,,,
1279,00401040,Cholestyramine,BRAND,202612,2025-09-12,,0.0,0.0,,,0.0,,,,,,,,,,0.0,,,,,
1280,00401040,Cholestyramine,BRAND,202612,2025-09-18,,0.0,0.0,,,0.0,,,,,,,,,,0.0,,,,,
1281,00401040,Cholestyramine,BRAND,202612,2025-09-19,,0.0,0.0,,,0.0,,,,,,,,,,0.0,,,,,
1282,00401040,Cholestyramine,BRAND,202612,2025-10-03,,0.0,0.0,,,0.0,,,,,,,,,,0.0,,,,,
1283,00401040,Cholestyramine,BRAND,202612,2025-10-10,,0.0,0.0,,,0.0,,,,,,,,,,0.0,,,,,
1284,00401040,Cholestyramine,BRAND,202612,2025-10-17,,0.0,0.0,,,0.0,,,,,,,,,,0.0,,,,,
1285,00401040,Cholestyramine,BRAND,202612,2025-10-24,,0.0,0.0,,,0.0,,,,,,,,,,0.0,,,,,
1286,00401040,Cholestyramine,BRAND,202612,2025-10-31,,0.0,0.0,,,0.0,,,,,,,,,,0.0,,,,,
1287,00401040,Cholestyramine,BRAND,202612,2025-11-07,,0.0,0.0,,,0.0,,,,,,,,,,0.0,,,,,
1288,00401040,Cholestyramine,BRAND,202612,2025-11-14,,0.0,0.0,,,0.0,,,,,,,,,,0.0,,,,,
1289,00401040,Cholestyramine,BRAND,202612,2025-11-19,,0.0,0.0,,,0.0,,,,,,,,,,0.0,,,,,
1290,00401040,Cholestyramine,BRAND,202612,2025-11-21,,0.0,0.0,,,0.0,,,,,,,,,,0.0,,,,,
1291,00401040,Cholestyramine,BRAND,202612,2025-11-28,,0.0,0.0,,,0.0,,,,,,,,,,0.0,,,,,
1292,00401040,Cholestyramine,BRAND,202612,2025-12-05,,0.0,0.0,,,0.0,,,,,,,,,,0.0,,,,,
1293,00401040,Cholestyramine,BRAND,202612,2025-12-12,,0.0,0.0,,,0.0,,,,,,,,,,0.0,,,,,
1294,00401040,Cholestyramine,BRAND,202612,2025-12-17,,0.0,0.0,,,0.0,,,,,,,,,,0.0,,,,,
1295,00401040,Cholestyramine,BRAND,202612,2025-12-19,,0.0,0.0,,,0.0,,,,,,,,,,0.0,,,,,
1296,00401040,Cholestyramine,BRAND,202612,2025-12-26,,0.0,0.0,,,0.0,,,,,,,,,,0.0,,,,,
1297,00401040,Cholestyramine,BRAND,202612,2026-01-02,,0.0,0.0,,,0.0,,,,,,,,,,0.0,,,,,
1298,00401040,Cholestyramine,BRAND,202612,2026-01-09,,0.0,0.0,,,0.0,,,,,,,,,,0.0,,,,,
1299,00401040,Cholestyramine,BRAND,202612,2026-01-16,,0.0,0.0,,,0.0,,,,,,,,,,0.0,,,,,
1300,00401040,Cholestyramine,BRAND,202612,2026-01-23,,0.0,0.0,,,0.0,,,,,,,,,,0.0,,,,,
1301,00401040,Cholestyramine,BRAND,202612,2026-01-30,,0.0,0.0,,,0.0,,,,,,,,,,0.0,,,,,
1302,00401040,Cholestyramine,BRAND,202612,2026-02-06,,0.0,0.0,,,0.0,,,,,,,,,,0.0,,,,,
1303,00501111,Clopidogrel,BRAND,202612,2025-07-18,,0.0,0.0,,,100.0,,,,,,,,,0.0,0.0,0.0,,,,
1304,00501111,Clopidogrel,BRAND,202612,2025-07-25,,0.0,0.0,,,0.0,,,,,,,,,,0.0,,,,,
1305,00501111,Clopidogrel,BRAND,202612,2025-08-01,,0.0,0.0,,,0.0,,,,,,,,,,0.0,,,,,
1306,00501111,Clopidogrel,BRAND,202612,2025-08-08,,0.0,0.0,,,0.0,,,,,,,,,,0.0,,,,,
1307,00501111,Clopidogrel,BRAND,202612,2025-08-15,,0.0,0.0,,,0.0,,,,,,,,,,0.0,,,,,
1308,00501111,Clopidogrel,BRAND,202612,2025-08-22,,0.0,0.0,,,0.0,,,,,,,,,,0.0,,,,,
1309,00501111,Clopidogrel,BRAND,202612,2025-08-26,,0.0,0.0,,,0.0,,,,,,,,,,0.0,,,,,
1310,00501111,Clopidogrel,BRAND,202612,2025-08-29,,0.0,0.0,,,0.0,,,,,,,,,,0.0,,,,,
1311,00501111,Clopidogrel,BRAND,202612,2025-09-05,,0.0,0.0,,,0.0,,,,,,,,,,0.0,,,,,
1312,00501111,Clopidogrel,BRAND,202612,2025-09-12,,0.0,0.0,,,0.0,,,,,,,,,,0.0,,,,,
1313,00501111,Clopidogrel,BRAND,202612,2025-09-18,,0.0,0.0,,,0.0,,,,,,,,,,0.0,,,,,
1314,00501111,Clopidogrel,BRAND,202612,2025-09-19,,0.0,0.0,,,0.0,,,,,,,,,,0.0,,,,,
1315,00501111,Clopidogrel,BRAND,202612,2025-10-03,,0.0,0.0,,,0.0,,,,,,,,,,0.0,,,,,
1316,00501111,Clopidogrel,BRAND,202612,2025-10-10,,0.0,0.0,,,0.0,,,,,,,,,,0.0,,,,,
1317,00501111,Clopidogrel,BRAND,202612,2025-10-17,,0.0,0.0,,,0.0,,,,,,,,,,0.0,,,,,
1318,00501111,Clopidogrel,BRAND,202612,2025-10-24,,0.0,0.0,,,0.0,,,,,,,,,,0.0,,,,,
1319,00501111,Clopidogrel,BRAND,202612,2025-10-31,,0.0,0.0,,,0.0,,,,,,,,,,0.0,,,,,
1320,00501111,Clopidogrel,BRAND,202612,2025-11-07,,0.0,0.0,,,0.0,,,,,,,,,,0.0,,,,,
1321,00501111,Clopidogrel,BRAND,202612,2025-11-14,,0.0,0.0,,,0.0,,,,,,,,,,0.0,,,,,
1322,00501111,Clopidogrel,BRAND,202612,2025-11-19,,0.0,0.0,,,0.0,,,,,,,,,,0.0,,,,,
1323,00501111,Clopidogrel,BRAND,202612,2025-11-21,,0.0,0.0,,,0.0,,,,,,,,,,0.0,,,,,
1324,00501111,Clopidogrel,BRAND,202612,2025-11-28,,0.0,0.0,,,0.0,,,,,,,,,,0.0,,,,,
1325,00501111,Clopidogrel,BRAND,202612,2025-12-05,,0.0,0.0,,,0.0,,,,,,,,,,0.0,,,,,
1326,00501111,Clopidogrel,BRAND,202612,2025-12-12,,0.0,0.0,,,0.0,,,,,,,,,,0.0,,,,,
1327,00501111,Clopidogrel,BRAND,202612,2025-12-17,,0.0,0.0,,,0.0,,,,,,,,,,0.0,,,,,
1328,00501111,Clopidogrel,BRAND,202612,2025-12-19,,0.0,0.0,,,0.0,,,,,,,,,,0.0,,,,,
1329,00501111,Clopidogrel,BRAND,202612,2025-12-26,,0.0,0.0,,,0.0,,,,,,,,,,0.0,,,,,
1330,00501111,Clopidogrel,BRAND,202612,2026-01-02,,0.0,0.0,,,0.0,,,,,,,,,,0.0,,,,,
1331,00501111,Clopidogrel,BRAND,202612,2026-01-09,,0.0,0.0,,,0.0,,,,,,,,,,0.0,,,,,
1332,00501111,Clopidogrel,BRAND,202612,2026-01-16,,0.0,0.0,,,0.0,,,,,,,,,,0.0,,,,,
1333,00501111,Clopidogrel,BRAND,202612,2026-01-23,,0.0,0.0,,,0.0,,,,,,,,,,0.0,,,,,
1334,00501111,Clopidogrel,BRAND,202612,2026-01-30,,0.0,0.0,,,0.0,,,,,,,,,,0.0,,,,,
1335,00501111,Clopidogrel,BRAND,202612,2026-02-06,,0.0,0.0,,,0.0,,,,,,,,,,0.0,,,,,
1336,00601590,Westcort,BRAND,202612,2025-07-18,,0.0,0.0,,,100.0,,,,,,,,,0.0,0.0,0.0,,,,
1337,00601590,Westcort,BRAND,202612,2025-07-25,,0.0,0.0,,,0.0,,,,,,,,,,0.0,,,,,
1338,00601590,Westcort,BRAND,202612,2025-08-01,,0.0,0.0,,,0.0,,,,,,,,,,0.0,,,,,
1339,00601590,Westcort,BRAND,202612,2025-08-08,,0.0,0.0,,,0.0,,,,,,,,,,0.0,,,,,
1340,00601590,Westcort,BRAND,202612,2025-08-15,,0.0,0.0,,,0.0,,,,,,,,,,0.0,,,,,
1341,00601590,Westcort,BRAND,202612,2025-08-22,,0.0,0.0,,,0.0,,,,,,,,,,0.0,,,,,
1342,00601590,Westcort,BRAND,202612,2025-08-26,,0.0,0.0,,,0.0,,,,,,,,,,0.0,,,,,
1343,00601590,Westcort,BRAND,202612,2025-08-29,,0.0,0.0,,,0.0,,,,,,,,,,0.0,,,,,
1344,00601590,Westcort,BRAND,202612,2025-09-05,,0.0,0.0,,,0.0,,,,,,,,,,0.0,,,,,
1345,00601590,Westcort,BRAND,202612,2025-09-12,,0.0,0.0,,,0.0,,,,,,,,,,0.0,,,,,
1346,00601590,Westcort,BRAND,202612,2025-09-18,,0.0,0.0,,,0.0,,,,,,,,,,0.0,,,,,
1347,00601590,Westcort,BRAND,202612,2025-09-19,,0.0,0.0,,,0.0,,,,,,,,,,0.0,,,,,
1348,00601590,Westcort,BRAND,202612,2025-10-03,,0.0,0.0,,,0.0,,,,,,,,,,0.0,,,,,
1349,00601590,Westcort,BRAND,202612,2025-10-10,,0.0,0.0,,,0.0,,,,,,,,,,0.0,,,,,
1350,00601590,Westcort,BRAND,202612,2025-10-17,,0.0,0.0,,,0.0,,,,,,,,,,0.0,,,,,
1351,00601590,Westcort,BRAND,202612,2025-10-24,,0.0,0.0,,,0.0,,,,,,,,,,0.0,,,,,
1352,00601590,Westcort,BRAND,202612,2025-10-31,,0.0,0.0,,,0.0,,,,,,,,,,0.0,,,,,
1353,00601590,Westcort,BRAND,202612,2025-11-07,,0.0,0.0,,,0.0,,,,,,,,,,0.0,,,,,
1354,00601590,Westcort,BRAND,202612,2025-11-14,,0.0,0.0,,,0.0,,,,,,,,,,0.0,,,,,
1355,00601590,Westcort,BRAND,202612,2025-11-19,,0.0,0.0,,,0.0,,,,,,,,,,0.0,,,,,
1356,00601590,Westcort,BRAND,202612,2025-11-21,,0.0,0.0,,,0.0,,,,,,,,,,0.0,,,,,
1357,00601590,Westcort,BRAND,202612,2025-11-28,,0.0,0.0,,,0.0,,,,,,,,,,0.0,,,,,
1358,00601590,Westcort,BRAND,202612,2025-12-05,,0.0,0.0,,,0.0,,,,,,,,,,0.0,,,,,
1359,00601590,Westcort,BRAND,202612,2025-12-12,,0.0,0.0,,,0.0,,,,,,,,,,0.0,,,,,
1360,00601590,Westcort,BRAND,202612,2025-12-17,,0.0,0.0,,,0.0,,,,,,,,,,0.0,,,,,
1361,00601590,Westcort,BRAND,202612,2025-12-19,,0.0,0.0,,,0.0,,,,,,,,,,0.0,,,,,
1362,00601590,Westcort,BRAND,202612,2025-12-26,,0.0,0.0,,,0.0,,,,,,,,,,0.0,,,,,
1363,00601590,Westcort,BRAND,202612,2026-01-02,,0.0,0.0,,,0.0,,,,,,,,,,0.0,,,,,
1364,00601590,Westcort,BRAND,202612,2026-01-09,,0.0,0.0,,,0.0,,,,,,,,,,0.0,,,,,
1365,00601590,Westcort,BRAND,202612,2026-01-16,,0.0,0.0,,,0.0,,,,,,,,,,0.0,,,,,
1366,00601590,Westcort,BRAND,202612,2026-01-23,,0.0,0.0,,,0.0,,,,,,,,,,0.0,,,,,
1367,00601590,Westcort,BRAND,202612,2026-01-30,,0.0,0.0,,,0.0,,,,,,,,,,0.0,,,,,
1368,00601590,Westcort,BRAND,202612,2026-02-06,,0.0,0.0,,,0.0,,,,,,,,,,0.0,,,,,
1369,00601600,Halcinonide,BRAND,202612,2025-07-18,,0.0,0.0,,,100.0,,,,,,,,,0.0,0.0,0.0,,,,
1370,00601600,Halcinonide,BRAND,202612,2025-07-25,,0.0,0.0,,,0.0,,,,,,,,,,0.0,,,,,
1371,00601600,Halcinonide,BRAND,202612,2025-08-01,,0.0,0.0,,,0.0,,,,,,,,,,0.0,,,,,
1372,00601600,Halcinonide,BRAND,202612,2025-08-08,,0.0,0.0,,,0.0,,,,,,,,,,0.0,,,,,
1373,00601600,Halcinonide,BRAND,202612,2025-08-15,,0.0,0.0,,,0.0,,,,,,,,,,0.0,,,,,
1374,00601600,Halcinonide,BRAND,202612,2025-08-22,,0.0,0.0,,,0.0,,,,,,,,,,0.0,,,,,
1375,00601600,Halcinonide,BRAND,202612,2025-08-26,,0.0,0.0,,,0.0,,,,,,,,,,0.0,,,,,
1376,00601600,Halcinonide,BRAND,202612,2025-08-29,,0.0,0.0,,,0.0,,,,,,,,,,0.0,,,,,
1377,00601600,Halcinonide,BRAND,202612,2025-09-05,,0.0,0.0,,,0.0,,,,,,,,,,0.0,,,,,
1378,00601600,Halcinonide,BRAND,202612,2025-09-12,,0.0,0.0,,,0.0,,,,,,,,,,0.0,,,,,
1379,00601600,Halcinonide,BRAND,202612,2025-09-18,,0.0,0.0,,,0.0,,,,,,,,,,0.0,,,,,
1380,00601600,Halcinonide,BRAND,202612,2025-09-19,,0.0,0.0,,,0.0,,,,,,,,,,0.0,,,,,
1381,00601600,Halcinonide,BRAND,202612,2025-10-03,,0.0,0.0,,,0.0,,,,,,,,,,0.0,,,,,
1382,00601600,Halcinonide,BRAND,202612,2025-10-10,,0.0,0.0,,,0.0,,,,,,,,,,0.0,,,,,
1383,00601600,Halcinonide,BRAND,202612,2025-10-17,,0.0,0.0,,,0.0,,,,,,,,,,0.0,,,,,
1384,00601600,Halcinonide,BRAND,202612,2025-10-24,,0.0,0.0,,,0.0,,,,,,,,,,0.0,,,,,
1385,00601600,Halcinonide,BRAND,202612,2025-10-31,,0.0,0.0,,,0.0,,,,,,,,,,0.0,,,,,
1386,00601600,Halcinonide,BRAND,202612,2025-11-07,,0.0,0.0,,,0.0,,,,,,,,,,0.0,,,,,
1387,00601600,Halcinonide,BRAND,202612,2025-11-14,,0.0,0.0,,,0.0,,,,,,,,,,0.0,,,,,
1388,00601600,Halcinonide,BRAND,202612,2025-11-19,,0.0,0.0,,,0.0,,,,,,,,,,0.0,,,,,
1389,00601600,Halcinonide,BRAND,202612,2025-11-21,,0.0,0.0,,,0.0,,,,,,,,,,0.0,,,,,
1390,00601600,Halcinonide,BRAND,202612,2025-11-28,,0.0,0.0,,,0.0,,,,,,,,,,0.0,,,,,
1391,00601600,Halcinonide,BRAND,202612,2025-12-05,,0.0,0.0,,,0.0,,,,,,,,,,0.0,,,,,
1392,00601600,Halcinonide,BRAND,202612,2025-12-12,,0.0,0.0,,,0.0,,,,,,,,,,0.0,,,,,
1393,00601600,Halcinonide,BRAND,202612,2025-12-17,,0.0,0.0,,,0.0,,,,,,,,,,0.0,,,,,
1394,00601600,Halcinonide,BRAND,202612,2025-12-19,,0.0,0.0,,,0.0,,,,,,,,,,0.0,,,,,
1395,00601600,Halcinonide,BRAND,202612,2025-12-26,,0.0,0.0,,,0.0,,,,,,,,,,0.0,,,,,
1396,00601600,Halcinonide,BRAND,202612,2026-01-02,,0.0,0.0,,,0.0,,,,,,,,,,0.0,,,,,
1397,00601600,Halcinonide,BRAND,202612,2026-01-09,,0.0,0.0,,,0.0,,,,,,,,,,0.0,,,,,
1398,00601600,Halcinonide,BRAND,202612,2026-01-16,,0.0,0.0,,,0.0,,,,,,,,,,0.0,,,,,
1399,00601600,Halcinonide,BRAND,202612,2026-01-23,,0.0,0.0,,,0.0,,,,,,,,,,0.0,,,,,
1400,00601600,Halcinonide,BRAND,202612,2026-01-30,,0.0,0.0,,,0.0,,,,,,,,,,0.0,,,,,
1401,00601600,Halcinonide,BRAND,202612,2026-02-06,,0.0,0.0,,,0.0,,,,,,,,,,0.0,,,,,
1402,00601610,Triamcinolone,BRAND,202612,2025-07-18,,0.0,0.0,,,100.0,,,,,,,,,0.0,0.0,0.0,,,,
1403,00601610,Triamcinolone,BRAND,202612,2025-07-25,,0.0,0.0,,,0.0,,,,,,,,,,0.0,,,,,
1404,00601610,Triamcinolone,BRAND,202612,2025-08-01,,0.0,0.0,,,0.0,,,,,,,,,,0.0,,,,,
1405,00601610,Triamcinolone,BRAND,202612,2025-08-08,,0.0,0.0,,,0.0,,,,,,,,,,0.0,,,,,
1406,00601610,Triamcinolone,BRAND,202612,2025-08-15,,0.0,0.0,,,0.0,,,,,,,,,,0.0,,,,,
1407,00601610,Triamcinolone,BRAND,202612,2025-08-22,,0.0,0.0,,,0.0,,,,,,,,,,0.0,,,,,
1408,00601610,Triamcinolone,BRAND,202612,2025-08-26,,0.0,0.0,,,0.0,,,,,,,,,,0.0,,,,,
1409,00601610,Triamcinolone,BRAND,202612,2025-08-29,,0.0,0.0,,,0.0,,,,,,,,,,0.0,,,,,
1410,00601610,Triamcinolone,BRAND,202612,2025-09-05,,0.0,0.0,,,0.0,,,,,,,,,,0.0,,,,,
1411,00601610,Triamcinolone,BRAND,202612,2025-09-12,,0.0,0.0,,,0.0,,,,,,,,,,0.0,,,,,
1412,00601610,Triamcinolone,BRAND,202612,2025-09-18,,0.0,0.0,,,0.0,,,,,,,,,,0.0,,,,,
1413,00601610,Triamcinolone,BRAND,202612,2025-09-19,,0.0,0.0,,,0.0,,,,,,,,,,0.0,,,,,
1414,00601610,Triamcinolone,BRAND,202612,2025-10-03,,0.0,0.0,,,0.0,,,,,,,,,,0.0,,,,,
1415,00601610,Triamcinolone,BRAND,202612,2025-10-10,,0.0,0.0,,,0.0,,,,,,,,,,0.0,,,,,
1416,00601610,Triamcinolone,BRAND,202612,2025-10-17,,0.0,0.0,,,0.0,,,,,,,,,,0.0,,,,,
1417,00601610,Triamcinolone,BRAND,202612,2025-10-24,,0.0,0.0,,,0.0,,,,,,,,,,0.0,,,,,
1418,00601610,Triamcinolone,BRAND,202612,2025-10-31,,0.0,0.0,,,0.0,,,,,,,,,,0.0,,,,,
1419,00601610,Triamcinolone,BRAND,202612,2025-11-07,,0.0,0.0,,,0.0,,,,,,,,,,0.0,,,,,
1420,00601610,Triamcinolone,BRAND,202612,2025-11-14,,0.0,0.0,,,0.0,,,,,,,,,,0.0,,,,,
1421,00601610,Triamcinolone,BRAND,202612,2025-11-19,,0.0,0.0,,,0.0,,,,,,,,,,0.0,,,,,
1422,00601610,Triamcinolone,BRAND,202612,2025-11-21,,0.0,0.0,,,0.0,,,,,,,,,,0.0,,,,,
1423,00601610,Triamcinolone,BRAND,202612,2025-11-28,,0.0,0.0,,,0.0,,,,,,,,,,0.0,,,,,
1424,00601610,Triamcinolone,BRAND,202612,2025-12-05,,0.0,0.0,,,0.0,,,,,,,,,,0.0,,,,,
1425,00601610,Triamcinolone,BRAND,202612,2025-12-12,,0.0,0.0,,,0.0,,,,,,,,,,0.0,,,,,
1426,00601610,Triamcinolone,BRAND,202612,2025-12-17,,0.0,0.0,,,0.0,,,,,,,,,,0.0,,,,,
1427,00601610,Triamcinolone,BRAND,202612,2025-12-19,,0.0,0.0,,,0.0,,,,,,,,,,0.0,,,,,
1428,00601610,Triamcinolone,BRAND,202612,2025-12-26,,0.0,0.0,,,0.0,,,,,,,,,,0.0,,,,,
1429,00601610,Triamcinolone,BRAND,202612,2026-01-02,,0.0,0.0,,,0.0,,,,,,,,,,0.0,,,,,
1430,00601610,Triamcinolone,BRAND,202612,2026-01-09,,0.0,0.0,,,0.0,,,,,,,,,,0.0,,,,,
1431,00601610,Triamcinolone,BRAND,202612,2026-01-16,,0.0,0.0,,,0.0,,,,,,,,,,0.0,,,,,
1432,00601610,Triamcinolone,BRAND,202612,2026-01-23,,0.0,0.0,,,0.0,,,,,,,,,,0.0,,,,,
1433,00601610,Triamcinolone,BRAND,202612,2026-01-30,,0.0,0.0,,,0.0,,,,,,,,,,0.0,,,,,
1434,00601610,Triamcinolone,BRAND,202612,2026-02-06,,0.0,0.0,,,0.0,,,,,,,,,,0.0,,,,,
1435,00601620,Triamcinolone,BRAND,202612,2025-07-18,,0.0,0.0,,,100.0,,,,,,,,,0.0,0.0,0.0,,,,
1436,00601620,Triamcinolone,BRAND,202612,2025-07-25,,0.0,0.0,,,0.0,,,,,,,,,,0.0,,,,,
1437,00601620,Triamcinolone,BRAND,202612,2025-08-01,,0.0,0.0,,,0.0,,,,,,,,,,0.0,,,,,
1438,00601620,Triamcinolone,BRAND,202612,2025-08-08,,0.0,0.0,,,0.0,,,,,,,,,,0.0,,,,,
1439,00601620,Triamcinolone,BRAND,202612,2025-08-15,,0.0,0.0,,,0.0,,,,,,,,,,0.0,,,,,
1440,00601620,Triamcinolone,BRAND,202612,2025-08-22,,0.0,0.0,,,0.0,,,,,,,,,,0.0,,,,,
1441,00601620,Triamcinolone,BRAND,202612,2025-08-26,,0.0,0.0,,,0.0,,,,,,,,,,0.0,,,,,
1442,00601620,Triamcinolone,BRAND,202612,2025-08-29,,0.0,0.0,,,0.0,,,,,,,,,,0.0,,,,,
1443,00601620,Triamcinolone,BRAND,202612,2025-09-05,,0.0,0.0,,,0.0,,,,,,,,,,0.0,,,,,
1444,00601620,Triamcinolone,BRAND,202612,2025-09-12,,0.0,0.0,,,0.0,,,,,,,,,,0.0,,,,,
1445,00601620,Triamcinolone,BRAND,202612,2025-09-18,,0.0,0.0,,,0.0,,,,,,,,,,0.0,,,,,
1446,00601620,Triamcinolone,BRAND,202612,2025-09-19,,0.0,0.0,,,0.0,,,,,,,,,,0.0,,,,,
1447,00601620,Triamcinolone,BRAND,202612,2025-10-03,,0.0,0.0,,,0.0,,,,,,,,,,0.0,,,,,
1448,00601620,Triamcinolone,BRAND,202612,2025-10-10,,0.0,0.0,,,0.0,,,,,,,,,,0.0,,,,,
1449,00601620,Triamcinolone,BRAND,202612,2025-10-17,,0.0,0.0,,,0.0,,,,,,,,,,0.0,,,,,
1450,00601620,Triamcinolone,BRAND,202612,2025-10-24,,0.0,0.0,,,0.0,,,,,,,,,,0.0,,,,,
1451,00601620,Triamcinolone,BRAND,202612,2025-10-31,,0.0,0.0,,,0.0,,,,,,,,,,0.0,,,,,
1452,00601620,Triamcinolone,BRAND,202612,2025-11-07,,0.0,0.0,,,0.0,,,,,,,,,,0.0,,,,,
1453,00601620,Triamcinolone,BRAND,202612,2025-11-14,,0.0,0.0,,,0.0,,,,,,,,,,0.0,,,,,
1454,00601620,Triamcinolone,BRAND,202612,2025-11-19,,0.0,0.0,,,0.0,,,,,,,,,,0.0,,,,,
1455,00601620,Triamcinolone,BRAND,202612,2025-11-21,,0.0,0.0,,,0.0,,,,,,,,,,0.0,,,,,
1456,00601620,Triamcinolone,BRAND,202612,2025-11-28,,0.0,0.0,,,0.0,,,,,,,,,,0.0,,,,,
1457,00601620,Triamcinolone,BRAND,202612,2025-12-05,,0.0,0.0,,,0.0,,,,,,,,,,0.0,,,,,
1458,00601620,Triamcinolone,BRAND,202612,2025-12-12,,0.0,0.0,,,0.0,,,,,,,,,,0.0,,,,,
1459,00601620,Triamcinolone,BRAND,202612,2025-12-17,,0.0,0.0,,,0.0,,,,,,,,,,0.0,,,,,
1460,00601620,Triamcinolone,BRAND,202612,2025-12-19,,0.0,0.0,,,0.0,,,,,,,,,,0.0,,,,,
1461,00601620,Triamcinolone,BRAND,202612,2025-12-26,,0.0,0.0,,,0.0,,,,,,,,,,0.0,,,,,
1462,00601620,Triamcinolone,BRAND,202612,2026-01-02,,0.0,0.0,,,0.0,,,,,,,,,,0.0,,,,,
1463,00601620,Triamcinolone,BRAND,202612,2026-01-09,,0.0,0.0,,,0.0,,,,,,,,,,0.0,,,,,
1464,00601620,Triamcinolone,BRAND,202612,2026-01-16,,0.0,0.0,,,0.0,,,,,,,,,,0.0,,,,,
1465,00601620,Triamcinolone,BRAND,202612,2026-01-23,,0.0,0.0,,,0.0,,,,,,,,,,0.0,,,,,
1466,00601620,Triamcinolone,BRAND,202612,2026-01-30,,0.0,0.0,,,0.0,,,,,,,,,,0.0,,,,,
1467,00601620,Triamcinolone,BRAND,202612,2026-02-06,,0.0,0.0,,,0.0,,,,,,,,,,0.0,,,,,
1468,00601630,Lac-Hydrin,BRAND,202612,2025-07-18,,0.0,0.0,,,100.0,,,,,,,,,0.0,0.0,0.0,,,,
1469,00601630,Lac-Hydrin,BRAND,202612,2025-07-25,,0.0,0.0,,,0.0,,,,,,,,,,0.0,,,,,
1470,00601630,Lac-Hydrin,BRAND,202612,2025-08-01,,0.0,0.0,,,0.0,,,,,,,,,,0.0,,,,,
1471,00601630,Lac-Hydrin,BRAND,202612,2025-08-08,,0.0,0.0,,,0.0,,,,,,,,,,0.0,,,,,
1472,00601630,Lac-Hydrin,BRAND,202612,2025-08-15,,0.0,0.0,,,0.0,,,,,,,,,,0.0,,,,,
1473,00601630,Lac-Hydrin,BRAND,202612,2025-08-22,,0.0,0.0,,,0.0,,,,,,,,,,0.0,,,,,
1474,00601630,Lac-Hydrin,BRAND,202612,2025-08-26,,0.0,0.0,,,0.0,,,,,,,,,,0.0,,,,,
1475,00601630,Lac-Hydrin,BRAND,202612,2025-08-29,,0.0,0.0,,,0.0,,,,,,,,,,0.0,,,,,
1476,00601630,Lac-Hydrin,BRAND,202612,2025-09-05,,0.0,0.0,,,0.0,,,,,,,,,,0.0,,,,,
1477,00601630,Lac-Hydrin,BRAND,202612,2025-09-12,,0.0,0.0,,,0.0,,,,,,,,,,0.0,,,,,
1478,00601630,Lac-Hydrin,BRAND,202612,2025-09-18,,0.0,0.0,,,0.0,,,,,,,,,,0.0,,,,,
1479,00601630,Lac-Hydrin,BRAND,202612,2025-09-19,,0.0,0.0,,,0.0,,,,,,,,,,0.0,,,,,
1480,00601630,Lac-Hydrin,BRAND,202612,2025-10-03,,0.0,0.0,,,0.0,,,,,,,,,,0.0,,,,,
1481,00601630,Lac-Hydrin,BRAND,202612,2025-10-10,,0.0,0.0,,,0.0,,,,,,,,,,0.0,,,,,
1482,00601630,Lac-Hydrin,BRAND,202612,2025-10-17,,0.0,0.0,,,0.0,,,,,,,,,,0.0,,,,,
1483,00601630,Lac-Hydrin,BRAND,202612,2025-10-24,,0.0,0.0,,,0.0,,,,,,,,,,0.0,,,,,
1484,00601630,Lac-Hydrin,BRAND,202612,2025-10-31,,0.0,0.0,,,0.0,,,,,,,,,,0.0,,,,,
1485,00601630,Lac-Hydrin,BRAND,202612,2025-11-07,,0.0,0.0,,,0.0,,,,,,,,,,0.0,,,,,
1486,00601630,Lac-Hydrin,BRAND,202612,2025-11-14,,0.0,0.0,,,0.0,,,,,,,,,,0.0,,,,,
1487,00601630,Lac-Hydrin,BRAND,202612,2025-11-19,,0.0,0.0,,,0.0,,,,,,,,,,0.0,,,,,
1488,00601630,Lac-Hydrin,BRAND,202612,2025-11-21,,0.0,0.0,,,0.0,,,,,,,,,,0.0,,,,,
1489,00601630,Lac-Hydrin,BRAND,202612,2025-11-28,,0.0,0.0,,,0.0,,,,,,,,,,0.0,,,,,
1490,00601630,Lac-Hydrin,BRAND,202612,2025-12-05,,0.0,0.0,,,0.0,,,,,,,,,,0.0,,,,,
1491,00601630,Lac-Hydrin,BRAND,202612,2025-12-12,,0.0,0.0,,,0.0,,,,,,,,,,0.0,,,,,
1492,00601630,Lac-Hydrin,BRAND,202612,2025-12-17,,0.0,0.0,,,0.0,,,,,,,,,,0.0,,,,,
1493,00601630,Lac-Hydrin,BRAND,202612,2025-12-19,,0.0,0.0,,,0.0,,,,,,,,,,0.0,,,,,
1494,00601630,Lac-Hydrin,BRAND,202612,2025-12-26,,0.0,0.0,,,0.0,,,,,,,,,,0.0,,,,,
1495,00601630,Lac-Hydrin,BRAND,202612,2026-01-02,,0.0,0.0,,,0.0,,,,,,,,,,0.0,,,,,
1496,00601630,Lac-Hydrin,BRAND,202612,2026-01-09,,0.0,0.0,,,0.0,,,,,,,,,,0.0,,,,,
1497,00601630,Lac-Hydrin,BRAND,202612,2026-01-16,,0.0,0.0,,,0.0,,,,,,,,,,0.0,,,,,
1498,00601630,Lac-Hydrin,BRAND,202612,2026-01-23,,0.0,0.0,,,0.0,,,,,,,,,,0.0,,,,,
1499,00601630,Lac-Hydrin,BRAND,202612,2026-01-30,,0.0,0.0,,,0.0,,,,,,,,,,0.0,,,,,
1500,00601630,Lac-Hydrin,BRAND,202612,2026-02-06,,0.0,0.0,,,0.0,,,,,,,,,,0.0,,,,,
1501,00601640,Ultravate,BRAND,202612,2025-07-18,,0.0,0.0,,,100.0,,,,,,,,,0.0,0.0,0.0,,,,
1502,00601640,Ultravate,BRAND,202612,2025-07-25,,0.0,0.0,,,0.0,,,,,,,,,,0.0,,,,,
1503,00601640,Ultravate,BRAND,202612,2025-08-01,,0.0,0.0,,,0.0,,,,,,,,,,0.0,,,,,
1504,00601640,Ultravate,BRAND,202612,2025-08-08,,0.0,0.0,,,0.0,,,,,,,,,,0.0,,,,,
1505,00601640,Ultravate,BRAND,202612,2025-08-15,,0.0,0.0,,,0.0,,,,,,,,,,0.0,,,,,
1506,00601640,Ultravate,BRAND,202612,2025-08-22,,0.0,0.0,,,0.0,,,,,,,,,,0.0,,,,,
1507,00601640,Ultravate,BRAND,202612,2025-08-26,,0.0,0.0,,,0.0,,,,,,,,,,0.0,,,,,
1508,00601640,Ultravate,BRAND,202612,2025-08-29,,0.0,0.0,,,0.0,,,,,,,,,,0.0,,,,,
1509,00601640,Ultravate,BRAND,202612,2025-09-05,,0.0,0.0,,,0.0,,,,,,,,,,0.0,,,,,
1510,00601640,Ultravate,BRAND,202612,2025-09-12,,0.0,0.0,,,0.0,,,,,,,,,,0.0,,,,,
1511,00601640,Ultravate,BRAND,202612,2025-09-18,,0.0,0.0,,,0.0,,,,,,,,,,0.0,,,,,
1512,00601640,Ultravate,BRAND,202612,2025-09-19,,0.0,0.0,,,0.0,,,,,,,,,,0.0,,,,,
1513,00601640,Ultravate,BRAND,202612,2025-10-03,,0.0,0.0,,,0.0,,,,,,,,,,0.0,,,,,
1514,00601640,Ultravate,BRAND,202612,2025-10-10,,0.0,0.0,,,0.0,,,,,,,,,,0.0,,,,,
1515,00601640,Ultravate,BRAND,202612,2025-10-17,,0.0,0.0,,,0.0,,,,,,,,,,0.0,,,,,
1516,00601640,Ultravate,BRAND,202612,2025-10-24,,0.0,0.0,,,0.0,,,,,,,,,,0.0,,,,,
1517,00601640,Ultravate,BRAND,202612,2025-10-31,,0.0,0.0,,,0.0,,,,,,,,,,0.0,,,,,
1518,00601640,Ultravate,BRAND,202612,2025-11-07,,0.0,0.0,,,0.0,,,,,,,,,,0.0,,,,,
1519,00601640,Ultravate,BRAND,202612,2025-11-14,,0.0,0.0,,,0.0,,,,,,,,,,0.0,,,,,
1520,00601640,Ultravate,BRAND,202612,2025-11-19,,0.0,0.0,,,0.0,,,,,,,,,,0.0,,,,,
1521,00601640,Ultravate,BRAND,202612,2025-11-21,,0.0,0.0,,,0.0,,,,,,,,,,0.0,,,,,
1522,00601640,Ultravate,BRAND,202612,2025-11-28,,0.0,0.0,,,0.0,,,,,,,,,,0.0,,,,,
1523,00601640,Ultravate,BRAND,202612,2025-12-05,,0.0,0.0,,,0.0,,,,,,,,,,0.0,,,,,
1524,00601640,Ultravate,BRAND,202612,2025-12-12,,0.0,0.0,,,0.0,,,,,,,,,,0.0,,,,,
1525,00601640,Ultravate,BRAND,202612,2025-12-17,,0.0,0.0,,,0.0,,,,,,,,,,0.0,,,,,
1526,00601640,Ultravate,BRAND,202612,2025-12-19,,0.0,0.0,,,0.0,,,,,,,,,,0.0,,,,,
1527,00601640,Ultravate,BRAND,202612,2025-12-26,,0.0,0.0,,,0.0,,,,,,,,,,0.0,,,,,
1528,00601640,Ultravate,BRAND,202612,2026-01-02,,0.0,0.0,,,0.0,,,,,,,,,,0.0,,,,,
1529,00601640,Ultravate,BRAND,202612,2026-01-09,,0.0,0.0,,,0.0,,,,,,,,,,0.0,,,,,
1530,00601640,Ultravate,BRAND,202612,2026-01-16,,0.0,0.0,,,0.0,,,,,,,,,,0.0,,,,,
1531,00601640,Ultravate,BRAND,202612,2026-01-23,,0.0,0.0,,,0.0,,,,,,,,,,0.0,,,,,
1532,00601640,Ultravate,BRAND,202612,2026-01-30,,0.0,0.0,,,0.0,,,,,,,,,,0.0,,,,,
1533,00601640,Ultravate,BRAND,202612,2026-02-06,,0.0,0.0,,,0.0,,,,,,,,,,0.0,,,,,
1534,00601650,Excelderm,BRAND,202612,2025-07-18,,0.0,0.0,,,100.0,,,,,,,,,0.0,0.0,0.0,,,,
1535,00601650,Excelderm,BRAND,202612,2025-07-25,,0.0,0.0,,,0.0,,,,,,,,,,0.0,,,,,
1536,00601650,Excelderm,BRAND,202612,2025-08-01,,0.0,0.0,,,0.0,,,,,,,,,,0.0,,,,,
1537,00601650,Excelderm,BRAND,202612,2025-08-08,,0.0,0.0,,,0.0,,,,,,,,,,0.0,,,,,
1538,00601650,Excelderm,BRAND,202612,2025-08-15,,0.0,0.0,,,0.0,,,,,,,,,,0.0,,,,,
1539,00601650,Excelderm,BRAND,202612,2025-08-22,,0.0,0.0,,,0.0,,,,,,,,,,0.0,,,,,
1540,00601650,Excelderm,BRAND,202612,2025-08-26,,0.0,0.0,,,0.0,,,,,,,,,,0.0,,,,,
1541,00601650,Excelderm,BRAND,202612,2025-08-29,,0.0,0.0,,,0.0,,,,,,,,,,0.0,,,,,
1542,00601650,Excelderm,BRAND,202612,2025-09-05,,0.0,0.0,,,0.0,,,,,,,,,,0.0,,,,,
1543,00601650,Excelderm,BRAND,202612,2025-09-12,,0.0,0.0,,,0.0,,,,,,,,,,0.0,,,,,
1544,00601650,Excelderm,BRAND,202612,2025-09-18,,0.0,0.0,,,0.0,,,,,,,,,,0.0,,,,,
1545,00601650,Excelderm,BRAND,202612,2025-09-19,,0.0,0.0,,,0.0,,,,,,,,,,0.0,,,,,
1546,00601650,Excelderm,BRAND,202612,2025-10-03,,0.0,0.0,,,0.0,,,,,,,,,,0.0,,,,,
1547,00601650,Excelderm,BRAND,202612,2025-10-10,,0.0,0.0,,,0.0,,,,,,,,,,0.0,,,,,
1548,00601650,Excelderm,BRAND,202612,2025-10-17,,0.0,0.0,,,0.0,,,,,,,,,,0.0,,,,,
1549,00601650,Excelderm,BRAND,202612,2025-10-24,,0.0,0.0,,,0.0,,,,,,,,,,0.0,,,,,
1550,00601650,Excelderm,BRAND,202612,2025-10-31,,0.0,0.0,,,0.0,,,,,,,,,,0.0,,,,,
1551,00601650,Excelderm,BRAND,202612,2025-11-07,,0.0,0.0,,,0.0,,,,,,,,,,0.0,,,,,
1552,00601650,Excelderm,BRAND,202612,2025-11-14,,0.0,0.0,,,0.0,,,,,,,,,,0.0,,,,,
1553,00601650,Excelderm,BRAND,202612,2025-11-19,,0.0,0.0,,,0.0,,,,,,,,,,0.0,,,,,
1554,00601650,Excelderm,BRAND,202612,2025-11-21,,0.0,0.0,,,0.0,,,,,,,,,,0.0,,,,,
1555,00601650,Excelderm,BRAND,202612,2025-11-28,,0.0,0.0,,,0.0,,,,,,,,,,0.0,,,,,
1556,00601650,Excelderm,BRAND,202612,2025-12-05,,0.0,0.0,,,0.0,,,,,,,,,,0.0,,,,,
1557,00601650,Excelderm,BRAND,202612,2025-12-12,,0.0,0.0,,,0.0,,,,,,,,,,0.0,,,,,
1558,00601650,Excelderm,BRAND,202612,2025-12-17,,0.0,0.0,,,0.0,,,,,,,,,,0.0,,,,,
1559,00601650,Excelderm,BRAND,202612,2025-12-19,,0.0,0.0,,,0.0,,,,,,,,,,0.0,,,,,
1560,00601650,Excelderm,BRAND,202612,2025-12-26,,0.0,0.0,,,0.0,,,,,,,,,,0.0,,,,,
1561,00601650,Excelderm,BRAND,202612,2026-01-02,,0.0,0.0,,,0.0,,,,,,,,,,0.0,,,,,
1562,00601650,Excelderm,BRAND,202612,2026-01-09,,0.0,0.0,,,0.0,,,,,,,,,,0.0,,,,,
1563,00601650,Excelderm,BRAND,202612,2026-01-16,,0.0,0.0,,,0.0,,,,,,,,,,0.0,,,,,
1564,00601650,Excelderm,BRAND,202612,2026-01-23,,0.0,0.0,,,0.0,,,,,,,,,,0.0,,,,,
1565,00601650,Excelderm,BRAND,202612,2026-01-30,,0.0,0.0,,,0.0,,,,,,,,,,0.0,,,,,
1566,00601650,Excelderm,BRAND,202612,2026-02-06,,0.0,0.0,,,0.0,,,,,,,,,,0.0,,,,,
1567,00601660,All Other Dermatolog,BRAND,202612,2025-07-18,,0.0,0.0,,,100.0,,,,,,,,,0.0,0.0,0.0,,,,
1568,00601660,All Other Dermatolog,BRAND,202612,2025-07-25,,0.0,0.0,,,0.0,,,,,,,,,,0.0,,,,,
1569,00601660,All Other Dermatolog,BRAND,202612,2025-08-01,,0.0,0.0,,,0.0,,,,,,,,,,0.0,,,,,
1570,00601660,All Other Dermatolog,BRAND,202612,2025-08-08,,0.0,0.0,,,0.0,,,,,,,,,,0.0,,,,,
1571,00601660,All Other Dermatolog,BRAND,202612,2025-08-15,,0.0,0.0,,,0.0,,,,,,,,,,0.0,,,,,
1572,00601660,All Other Dermatolog,BRAND,202612,2025-08-22,,0.0,0.0,,,0.0,,,,,,,,,,0.0,,,,,
1573,00601660,All Other Dermatolog,BRAND,202612,2025-08-26,,0.0,0.0,,,0.0,,,,,,,,,,0.0,,,,,
1574,00601660,All Other Dermatolog,BRAND,202612,2025-08-29,,0.0,0.0,,,0.0,,,,,,,,,,0.0,,,,,
1575,00601660,All Other Dermatolog,BRAND,202612,2025-09-05,,0.0,0.0,,,0.0,,,,,,,,,,0.0,,,,,
1576,00601660,All Other Dermatolog,BRAND,202612,2025-09-12,,0.0,0.0,,,0.0,,,,,,,,,,0.0,,,,,
1577,00601660,All Other Dermatolog,BRAND,202612,2025-09-18,,0.0,0.0,,,0.0,,,,,,,,,,0.0,,,,,
1578,00601660,All Other Dermatolog,BRAND,202612,2025-09-19,,0.0,0.0,,,0.0,,,,,,,,,,0.0,,,,,
1579,00601660,All Other Dermatolog,BRAND,202612,2025-10-03,,0.0,0.0,,,0.0,,,,,,,,,,0.0,,,,,
1580,00601660,All Other Dermatolog,BRAND,202612,2025-10-10,,0.0,0.0,,,0.0,,,,,,,,,,0.0,,,,,
1581,00601660,All Other Dermatolog,BRAND,202612,2025-10-17,,0.0,0.0,,,0.0,,,,,,,,,,0.0,,,,,
1582,00601660,All Other Dermatolog,BRAND,202612,2025-10-24,,0.0,0.0,,,0.0,,,,,,,,,,0.0,,,,,
1583,00601660,All Other Dermatolog,BRAND,202612,2025-10-31,,0.0,0.0,,,0.0,,,,,,,,,,0.0,,,,,
1584,00601660,All Other Dermatolog,BRAND,202612,2025-11-07,,0.0,0.0,,,0.0,,,,,,,,,,0.0,,,,,
1585,00601660,All Other Dermatolog,BRAND,202612,2025-11-14,,0.0,0.0,,,0.0,,,,,,,,,,0.0,,,,,
1586,00601660,All Other Dermatolog,BRAND,202612,2025-11-19,,0.0,0.0,,,0.0,,,,,,,,,,0.0,,,,,
1587,00601660,All Other Dermatolog,BRAND,202612,2025-11-21,,0.0,0.0,,,0.0,,,,,,,,,,0.0,,,,,
1588,00601660,All Other Dermatolog,BRAND,202612,2025-11-28,,0.0,0.0,,,0.0,,,,,,,,,,0.0,,,,,
1589,00601660,All Other Dermatolog,BRAND,202612,2025-12-05,,0.0,0.0,,,0.0,,,,,,,,,,0.0,,,,,
1590,00601660,All Other Dermatolog,BRAND,202612,2025-12-12,,0.0,0.0,,,0.0,,,,,,,,,,0.0,,,,,
1591,00601660,All Other Dermatolog,BRAND,202612,2025-12-17,,0.0,0.0,,,0.0,,,,,,,,,,0.0,,,,,
1592,00601660,All Other Dermatolog,BRAND,202612,2025-12-19,,0.0,0.0,,,0.0,,,,,,,,,,0.0,,,,,
1593,00601660,All Other Dermatolog,BRAND,202612,2025-12-26,,0.0,0.0,,,0.0,,,,,,,,,,0.0,,,,,
1594,00601660,All Other Dermatolog,BRAND,202612,2026-01-02,,0.0,0.0,,,0.0,,,,,,,,,,0.0,,,,,
1595,00601660,All Other Dermatolog,BRAND,202612,2026-01-09,,0.0,0.0,,,0.0,,,,,,,,,,0.0,,,,,
1596,00601660,All Other Dermatolog,BRAND,202612,2026-01-16,,0.0,0.0,,,0.0,,,,,,,,,,0.0,,,,,
1597,00601660,All Other Dermatolog,BRAND,202612,2026-01-23,,0.0,0.0,,,0.0,,,,,,,,,,0.0,,,,,
1598,00601660,All Other Dermatolog,BRAND,202612,2026-01-30,,0.0,0.0,,,0.0,,,,,,,,,,0.0,,,,,
1599,00601660,All Other Dermatolog,BRAND,202612,2026-02-06,,0.0,0.0,,,0.0,,,,,,,,,,0.0,,,,,
1600,00701112,Irbesartan,BRAND,202612,2025-07-18,,0.0,0.0,,,100.0,,,,,,,,,0.0,0.0,0.0,,,,
1601,00701112,Irbesartan,BRAND,202612,2025-07-25,,0.0,0.0,,,0.0,,,,,,,,,,0.0,,,,,
1602,00701112,Irbesartan,BRAND,202612,2025-08-01,,0.0,0.0,,,0.0,,,,,,,,,,0.0,,,,,
1603,00701112,Irbesartan,BRAND,202612,2025-08-08,,0.0,0.0,,,0.0,,,,,,,,,,0.0,,,,,
1604,00701112,Irbesartan,BRAND,202612,2025-08-15,,0.0,0.0,,,0.0,,,,,,,,,,0.0,,,,,
1605,00701112,Irbesartan,BRAND,202612,2025-08-22,,0.0,0.0,,,0.0,,,,,,,,,,0.0,,,,,
1606,00701112,Irbesartan,BRAND,202612,2025-08-26,,0.0,0.0,,,0.0,,,,,,,,,,0.0,,,,,
1607,00701112,Irbesartan,BRAND,202612,2025-08-29,,0.0,0.0,,,0.0,,,,,,,,,,0.0,,,,,
1608,00701112,Irbesartan,BRAND,202612,2025-09-05,,0.0,0.0,,,0.0,,,,,,,,,,0.0,,,,,
1609,00701112,Irbesartan,BRAND,202612,2025-09-12,,0.0,0.0,,,0.0,,,,,,,,,,0.0,,,,,
1610,00701112,Irbesartan,BRAND,202612,2025-09-18,,0.0,0.0,,,0.0,,,,,,,,,,0.0,,,,,
1611,00701112,Irbesartan,BRAND,202612,2025-09-19,,0.0,0.0,,,0.0,,,,,,,,,,0.0,,,,,
1612,00701112,Irbesartan,BRAND,202612,2025-10-03,,0.0,0.0,,,0.0,,,,,,,,,,0.0,,,,,
1613,00701112,Irbesartan,BRAND,202612,2025-10-10,,0.0,0.0,,,0.0,,,,,,,,,,0.0,,,,,
1614,00701112,Irbesartan,BRAND,202612,2025-10-17,,0.0,0.0,,,0.0,,,,,,,,,,0.0,,,,,
1615,00701112,Irbesartan,BRAND,202612,2025-10-24,,0.0,0.0,,,0.0,,,,,,,,,,0.0,,,,,
1616,00701112,Irbesartan,BRAND,202612,2025-10-31,,0.0,0.0,,,0.0,,,,,,,,,,0.0,,,,,
1617,00701112,Irbesartan,BRAND,202612,2025-11-07,,0.0,0.0,,,0.0,,,,,,,,,,0.0,,,,,
1618,00701112,Irbesartan,BRAND,202612,2025-11-14,,0.0,0.0,,,0.0,,,,,,,,,,0.0,,,,,
1619,00701112,Irbesartan,BRAND,202612,2025-11-19,,0.0,0.0,,,0.0,,,,,,,,,,0.0,,,,,
1620,00701112,Irbesartan,BRAND,202612,2025-11-21,,0.0,0.0,,,0.0,,,,,,,,,,0.0,,,,,
1621,00701112,Irbesartan,BRAND,202612,2025-11-28,,0.0,0.0,,,0.0,,,,,,,,,,0.0,,,,,
1622,00701112,Irbesartan,BRAND,202612,2025-12-05,,0.0,0.0,,,0.0,,,,,,,,,,0.0,,,,,
1623,00701112,Irbesartan,BRAND,202612,2025-12-12,,0.0,0.0,,,0.0,,,,,,,,,,0.0,,,,,
1624,00701112,Irbesartan,BRAND,202612,2025-12-17,,0.0,0.0,,,0.0,,,,,,,,,,0.0,,,,,
1625,00701112,Irbesartan,BRAND,202612,2025-12-19,,0.0,0.0,,,0.0,,,,,,,,,,0.0,,,,,
1626,00701112,Irbesartan,BRAND,202612,2025-12-26,,0.0,0.0,,,0.0,,,,,,,,,,0.0,,,,,
1627,00701112,Irbesartan,BRAND,202612,2026-01-02,,0.0,0.0,,,0.0,,,,,,,,,,0.0,,,,,
1628,00701112,Irbesartan,BRAND,202612,2026-01-09,,0.0,0.0,,,0.0,,,,,,,,,,0.0,,,,,
1629,00701112,Irbesartan,BRAND,202612,2026-01-16,,0.0,0.0,,,0.0,,,,,,,,,,0.0,,,,,
1630,00701112,Irbesartan,BRAND,202612,2026-01-23,,0.0,0.0,,,0.0,,,,,,,,,,0.0,,,,,
1631,00701112,Irbesartan,BRAND,202612,2026-01-30,,0.0,0.0,,,0.0,,,,,,,,,,0.0,,,,,
1632,00701112,Irbesartan,BRAND,202612,2026-02-06,,0.0,0.0,,,0.0,,,,,,,,,,0.0,,,,,
1633,00701135,Irbesartan,BRAND,202612,2025-07-18,,0.0,0.0,,,100.0,,,,,,,,,0.0,0.0,0.0,,,,
1634,00701135,Irbesartan,BRAND,202612,2025-07-25,,0.0,0.0,,,0.0,,,,,,,,,,0.0,,,,,
1635,00701135,Irbesartan,BRAND,202612,2025-08-01,,0.0,0.0,,,0.0,,,,,,,,,,0.0,,,,,
1636,00701135,Irbesartan,BRAND,202612,2025-08-08,,0.0,0.0,,,0.0,,,,,,,,,,0.0,,,,,
1637,00701135,Irbesartan,BRAND,202612,2025-08-15,,0.0,0.0,,,0.0,,,,,,,,,,0.0,,,,,
1638,00701135,Irbesartan,BRAND,202612,2025-08-22,,0.0,0.0,,,0.0,,,,,,,,,,0.0,,,,,
1639,00701135,Irbesartan,BRAND,202612,2025-08-26,,0.0,0.0,,,0.0,,,,,,,,,,0.0,,,,,
1640,00701135,Irbesartan,BRAND,202612,2025-08-29,,0.0,0.0,,,0.0,,,,,,,,,,0.0,,,,,
1641,00701135,Irbesartan,BRAND,202612,2025-09-05,,0.0,0.0,,,0.0,,,,,,,,,,0.0,,,,,
1642,00701135,Irbesartan,BRAND,202612,2025-09-12,,0.0,0.0,,,0.0,,,,,,,,,,0.0,,,,,
1643,00701135,Irbesartan,BRAND,202612,2025-09-18,,0.0,0.0,,,0.0,,,,,,,,,,0.0,,,,,
1644,00701135,Irbesartan,BRAND,202612,2025-09-19,,0.0,0.0,,,0.0,,,,,,,,,,0.0,,,,,
1645,00701135,Irbesartan,BRAND,202612,2025-10-03,,0.0,0.0,,,0.0,,,,,,,,,,0.0,,,,,
1646,00701135,Irbesartan,BRAND,202612,2025-10-10,,0.0,0.0,,,0.0,,,,,,,,,,0.0,,,,,
1647,00701135,Irbesartan,BRAND,202612,2025-10-17,,0.0,0.0,,,0.0,,,,,,,,,,0.0,,,,,
1648,00701135,Irbesartan,BRAND,202612,2025-10-24,,0.0,0.0,,,0.0,,,,,,,,,,0.0,,,,,
1649,00701135,Irbesartan,BRAND,202612,2025-10-31,,0.0,0.0,,,0.0,,,,,,,,,,0.0,,,,,
1650,00701135,Irbesartan,BRAND,202612,2025-11-07,,0.0,0.0,,,0.0,,,,,,,,,,0.0,,,,,
1651,00701135,Irbesartan,BRAND,202612,2025-11-14,,0.0,0.0,,,0.0,,,,,,,,,,0.0,,,,,
1652,00701135,Irbesartan,BRAND,202612,2025-11-19,,0.0,0.0,,,0.0,,,,,,,,,,0.0,,,,,
1653,00701135,Irbesartan,BRAND,202612,2025-11-21,,0.0,0.0,,,0.0,,,,,,,,,,0.0,,,,,
1654,00701135,Irbesartan,BRAND,202612,2025-11-28,,0.0,0.0,,,0.0,,,,,,,,,,0.0,,,,,
1655,00701135,Irbesartan,BRAND,202612,2025-12-05,,0.0,0.0,,,0.0,,,,,,,,,,0.0,,,,,
1656,00701135,Irbesartan,BRAND,202612,2025-12-12,,0.0,0.0,,,0.0,,,,,,,,,,0.0,,,,,
1657,00701135,Irbesartan,BRAND,202612,2025-12-17,,0.0,0.0,,,0.0,,,,,,,,,,0.0,,,,,
1658,00701135,Irbesartan,BRAND,202612,2025-12-19,,0.0,0.0,,,0.0,,,,,,,,,,0.0,,,,,
1659,00701135,Irbesartan,BRAND,202612,2025-12-26,,0.0,0.0,,,0.0,,,,,,,,,,0.0,,,,,
1660,00701135,Irbesartan,BRAND,202612,2026-01-02,,0.0,0.0,,,0.0,,,,,,,,,,0.0,,,,,
1661,00701135,Irbesartan,BRAND,202612,2026-01-09,,0.0,0.0,,,0.0,,,,,,,,,,0.0,,,,,
1662,00701135,Irbesartan,BRAND,202612,2026-01-16,,0.0,0.0,,,0.0,,,,,,,,,,0.0,,,,,
1663,00701135,Irbesartan,BRAND,202612,2026-01-23,,0.0,0.0,,,0.0,,,,,,,,,,0.0,,,,,
1664,00701135,Irbesartan,BRAND,202612,2026-01-30,,0.0,0.0,,,0.0,,,,,,,,,,0.0,,,,,
1665,00701135,Irbesartan,BRAND,202612,2026-02-06,,0.0,0.0,,,0.0,,,,,,,,,,0.0,,,,,
1666,00951026,Warfarin,BRAND,202612,2025-07-18,,0.0,0.0,,,100.0,,,,,,,,,0.0,0.0,0.0,,,,
1667,00951026,Warfarin,BRAND,202612,2025-07-25,0.0,0.0,0.0,,,1.11,,,,,,,,,0.0,0.0,0.0,,,,
1668,00951026,Warfarin,BRAND,202612,2025-08-01,0.0,0.0,0.0,,,1.11,,,,,,,,,0.0,0.0,0.0,,,,
1669,00951026,Warfarin,BRAND,202612,2025-08-08,32.31,669.43,669.43,,100.0,1.11,100.0,100.0,100.0,100.0,100.0,100.0,0.0,1,100.0,0.01,0.0,100.0,100.0,40.48,
1670,00951026,Warfarin,BRAND,202612,2025-08-15,-38.37,1051.96,-1051.96,,100.0,1.11,100.0,100.0,100.0,100.0,100.0,100.0,0.0,1,100.0,0.01,0.0,100.0,100.0,40.48,
1671,00951026,Warfarin,BRAND,202612,2025-08-22,13.13,221.84,221.84,,100.0,1.11,100.0,100.0,100.0,100.0,100.0,100.0,0.0,1,100.0,0.01,0.0,100.0,100.0,40.48,
1672,00951026,Warfarin,BRAND,202612,2025-08-26,,0.0,0.0,,,1.11,,,,,,,,,0.0,0.0,0.0,,,,
1673,00951026,Warfarin,BRAND,202612,2025-08-29,-0.56,10.69,-10.69,,100.0,1.11,100.0,100.0,100.0,100.0,100.0,100.0,0.0,1,100.0,0.01,0.0,100.0,100.0,40.48,
1674,00951026,Warfarin,BRAND,202612,2025-09-05,6.08,115.52,115.52,,100.0,1.11,100.0,100.0,100.0,100.0,100.0,100.0,0.0,1,100.0,0.01,0.0,100.0,100.0,40.48,
1675,00951026,Warfarin,BRAND,202612,2025-09-12,-16.52,333.1,-333.1,,100.0,1.11,100.0,100.0,100.0,100.0,100.0,100.0,0.0,1,100.0,0.01,0.0,100.0,100.0,40.48,
1676,00951026,Warfarin,BRAND,202612,2025-09-18,-17.26,351.09,-351.09,,100.0,1.11,100.0,100.0,100.0,100.0,100.0,100.0,0.0,1,100.0,0.02,0.0,100.0,100.0,40.52,
1677,00951026,Warfarin,BRAND,202612,2025-09-19,0.0,0.0,0.0,,,1.11,,,,,,,,,0.0,0.0,0.0,,,,
1678,00951026,Warfarin,BRAND,202612,2025-09-26,6.48,109.02,109.02,,100.0,100.0,100.0,100.0,100.0,100.0,100.0,100.0,0.0,1,100.0,1.0,0.0,100.0,100.0,83.33,
1679,00951026,Warfarin,BRAND,202612,2025-10-03,1.11,19.88,19.88,,100.0,2.56,100.0,100.0,100.0,100.0,100.0,100.0,0.0,1,100.0,0.05,0.0,100.0,100.0,41.2,
1680,00951026,Warfarin,BRAND,202612,2025-10-10,0.0,0.0,0.0,,,1.11,,,,,,,,,0.0,0.0,0.0,,,,
1681,00951026,Warfarin,BRAND,202612,2025-10-17,0.0,0.0,0.0,,,1.11,,,,,,,,,0.0,0.0,0.0,,,,
1682,00951026,Warfarin,BRAND,202612,2025-10-24,-99.16,1796.71,-1796.71,,100.0,0.0,0.0,100.0,100.0,100.0,100.0,100.0,0.0,1,,0.01,,0.0,100.0,40.04,
1683,00951026,Warfarin,BRAND,202612,2025-10-31,130.15,19.88,19.88,,100.0,0.0,0.0,100.0,100.0,100.0,100.0,100.0,0.0,1,,0.01,,0.0,100.0,40.04,
1684,00951026,Warfarin,BRAND,202612,2025-11-07,328.53,115.52,115.52,,100.0,1.11,100.0,100.0,100.0,100.0,100.0,100.0,0.0,1,100.0,0.02,0.0,100.0,100.0,40.52,
1685,00951026,Warfarin,BRAND,202612,2025-11-14,63.47,95.63,95.63,,100.0,1.11,100.0,100.0,100.0,100.0,100.0,100.0,0.0,1,100.0,0.03,0.0,100.0,100.0,40.56,
1686,00951026,Warfarin,BRAND,202612,2025-11-19,-85.37,1436.78,-1436.78,,100.0,1.11,100.0,100.0,100.0,100.0,100.0,100.0,0.0,1,100.0,0.01,0.0,100.0,100.0,40.48,
1687,00951026,Warfarin,BRAND,202612,2025-11-21,0.0,0.0,0.0,,,1.11,,,,,,,,,0.0,0.0,0.0,,,,
1688,00951026,Warfarin,BRAND,202612,2025-11-28,0.0,0.0,0.0,,,1.11,,,,,,,,,0.0,0.0,0.0,,,,
1689,00951026,Warfarin,BRAND,202612,2025-12-05,0.0,0.0,0.0,,,1.11,,,,,,,,,0.0,0.0,0.0,,,,
1690,00951026,Warfarin,BRAND,202612,2025-12-12,0.0,0.0,0.0,,,1.11,,,,,,,,,0.0,0.0,0.0,,,,
1691,00951026,Warfarin,BRAND,202612,2025-12-17,0.0,0.0,0.0,,,1.11,,,,,,,,,0.0,0.0,0.0,,,,
1692,00951026,Warfarin,BRAND,202612,2025-12-19,0.0,0.0,0.0,,,1.11,,,,,,,,,0.0,0.0,0.0,,,,
1693,00951026,Warfarin,BRAND,202612,2025-12-26,0.0,0.0,0.0,,,1.11,,,,,,,,,0.0,0.0,0.0,,,,
1694,00951026,Warfarin,BRAND,202612,2026-01-02,-5.72,14.09,-14.09,,100.0,1.11,100.0,100.0,100.0,100.0,100.0,0.0,100.0,-1,100.0,0.0,0.0,100.0,100.0,40.44,
1695,00951026,Warfarin,BRAND,202612,2026-01-09,0.0,0.0,0.0,,,1.11,,,,,,,,,0.0,0.0,0.0,,,,
1696,00951026,Warfarin,BRAND,202612,2026-01-16,0.0,0.0,0.0,,,1.11,,,,,,,,,0.0,0.0,0.0,,,,
1697,00951026,Warfarin,BRAND,202612,2026-01-23,-5.72,14.09,-14.09,,100.0,1.11,100.0,100.0,100.0,100.0,100.0,0.0,100.0,-1,100.0,0.0,0.0,100.0,100.0,40.44,
1698,00951026,Warfarin,BRAND,202612,2026-01-30,0.0,0.0,0.0,,,1.11,,,,,,,,,0.0,0.0,0.0,,,,
1699,00951026,Warfarin,BRAND,202612,2026-02-06,0.0,0.0,0.0,,,1.11,,,,,,,,,0.0,0.0,0.0,,,,
1700,00951131,PRINIVIL,BRAND,202612,2025-07-18,,0.0,0.0,,,100.0,,,,,,,,,0.0,0.0,0.0,,,,
1701,00951131,PRINIVIL,BRAND,202612,2025-07-25,,0.0,0.0,,,0.0,,,,,,,,,,0.0,,,,,
1702,00951131,PRINIVIL,BRAND,202612,2025-08-01,,0.0,0.0,,,0.0,,,,,,,,,,0.0,,,,,
1703,00951131,PRINIVIL,BRAND,202612,2025-08-08,,0.0,0.0,,,0.0,,,,,,,,,,0.0,,,,,
1704,00951131,PRINIVIL,BRAND,202612,2025-08-15,,0.0,0.0,,,0.0,,,,,,,,,,0.0,,,,,
1705,00951131,PRINIVIL,BRAND,202612,2025-08-22,,0.0,0.0,,,0.0,,,,,,,,,,0.0,,,,,
1706,00951131,PRINIVIL,BRAND,202612,2025-08-26,,0.0,0.0,,,0.0,,,,,,,,,,0.0,,,,,
1707,00951131,PRINIVIL,BRAND,202612,2025-08-29,,0.0,0.0,,,0.0,,,,,,,,,,0.0,,,,,
1708,00951131,PRINIVIL,BRAND,202612,2025-09-05,,0.0,0.0,,,0.0,,,,,,,,,,0.0,,,,,
1709,00951131,PRINIVIL,BRAND,202612,2025-09-12,,0.0,0.0,,,0.0,,,,,,,,,,0.0,,,,,
1710,00951131,PRINIVIL,BRAND,202612,2025-09-18,,0.0,0.0,,,0.0,,,,,,,,,,0.0,,,,,
1711,00951131,PRINIVIL,BRAND,202612,2025-09-19,,0.0,0.0,,,0.0,,,,,,,,,,0.0,,,,,
1712,00951131,PRINIVIL,BRAND,202612,2025-10-03,,0.0,0.0,,,0.0,,,,,,,,,,0.0,,,,,
1713,00951131,PRINIVIL,BRAND,202612,2025-10-10,,0.0,0.0,,,0.0,,,,,,,,,,0.0,,,,,
1714,00951131,PRINIVIL,BRAND,202612,2025-10-17,,0.0,0.0,,,0.0,,,,,,,,,,0.0,,,,,
1715,00951131,PRINIVIL,BRAND,202612,2025-10-24,,0.0,0.0,,,0.0,,,,,,,,,,0.0,,,,,
1716,00951131,PRINIVIL,BRAND,202612,2025-10-31,,0.0,0.0,,,0.0,,,,,,,,,,0.0,,,,,
1717,00951131,PRINIVIL,BRAND,202612,2025-11-07,,0.0,0.0,,,0.0,,,,,,,,,,0.0,,,,,
1718,00951131,PRINIVIL,BRAND,202612,2025-11-14,,0.0,0.0,,,0.0,,,,,,,,,,0.0,,,,,
1719,00951131,PRINIVIL,BRAND,202612,2025-11-19,,0.0,0.0,,,0.0,,,,,,,,,,0.0,,,,,
1720,00951131,PRINIVIL,BRAND,202612,2025-11-21,,0.0,0.0,,,0.0,,,,,,,,,,0.0,,,,,
1721,00951131,PRINIVIL,BRAND,202612,2025-11-28,,0.0,0.0,,,0.0,,,,,,,,,,0.0,,,,,
1722,00951131,PRINIVIL,BRAND,202612,2025-12-05,,0.0,0.0,,,0.0,,,,,,,,,,0.0,,,,,
1723,00951131,PRINIVIL,BRAND,202612,2025-12-12,,0.0,0.0,,,0.0,,,,,,,,,,0.0,,,,,
1724,00951131,PRINIVIL,BRAND,202612,2025-12-17,,0.0,0.0,,,0.0,,,,,,,,,,0.0,,,,,
1725,00951131,PRINIVIL,BRAND,202612,2025-12-19,,0.0,0.0,,,0.0,,,,,,,,,,0.0,,,,,
1726,00951131,PRINIVIL,BRAND,202612,2025-12-26,,0.0,0.0,,,0.0,,,,,,,,,,0.0,,,,,
1727,00951131,PRINIVIL,BRAND,202612,2026-01-02,,0.0,0.0,,,0.0,,,,,,,,,,0.0,,,,,
1728,00951131,PRINIVIL,BRAND,202612,2026-01-09,,0.0,0.0,,,0.0,,,,,,,,,,0.0,,,,,
1729,00951131,PRINIVIL,BRAND,202612,2026-01-16,,0.0,0.0,,,0.0,,,,,,,,,,0.0,,,,,
1730,00951131,PRINIVIL,BRAND,202612,2026-01-23,,0.0,0.0,,,0.0,,,,,,,,,,0.0,,,,,
1731,00951131,PRINIVIL,BRAND,202612,2026-01-30,,0.0,0.0,,,0.0,,,,,,,,,,0.0,,,,,
1732,00951131,PRINIVIL,BRAND,202612,2026-02-06,,0.0,0.0,,,0.0,,,,,,,,,,0.0,,,,,
1733,00951133,PRINIZIDE,BRAND,202612,2025-07-18,,0.0,0.0,,,100.0,,,,,,,,,0.0,0.0,0.0,,,,
1734,00951133,PRINIZIDE,BRAND,202612,2025-07-25,,0.0,0.0,,,0.0,,,,,,,,,,0.0,,,,,
1735,00951133,PRINIZIDE,BRAND,202612,2025-08-01,,0.0,0.0,,,0.0,,,,,,,,,,0.0,,,,,
1736,00951133,PRINIZIDE,BRAND,202612,2025-08-08,,0.0,0.0,,,0.0,,,,,,,,,,0.0,,,,,
1737,00951133,PRINIZIDE,BRAND,202612,2025-08-15,,0.0,0.0,,,0.0,,,,,,,,,,0.0,,,,,
1738,00951133,PRINIZIDE,BRAND,202612,2025-08-22,,0.0,0.0,,,0.0,,,,,,,,,,0.0,,,,,
1739,00951133,PRINIZIDE,BRAND,202612,2025-08-26,,0.0,0.0,,,0.0,,,,,,,,,,0.0,,,,,
1740,00951133,PRINIZIDE,BRAND,202612,2025-08-29,,0.0,0.0,,,0.0,,,,,,,,,,0.0,,,,,
1741,00951133,PRINIZIDE,BRAND,202612,2025-09-05,,0.0,0.0,,,0.0,,,,,,,,,,0.0,,,,,
1742,00951133,PRINIZIDE,BRAND,202612,2025-09-12,,0.0,0.0,,,0.0,,,,,,,,,,0.0,,,,,
1743,00951133,PRINIZIDE,BRAND,202612,2025-09-18,,0.0,0.0,,,0.0,,,,,,,,,,0.0,,,,,
1744,00951133,PRINIZIDE,BRAND,202612,2025-09-19,,0.0,0.0,,,0.0,,,,,,,,,,0.0,,,,,
1745,00951133,PRINIZIDE,BRAND,202612,2025-10-03,,0.0,0.0,,,0.0,,,,,,,,,,0.0,,,,,
1746,00951133,PRINIZIDE,BRAND,202612,2025-10-10,,0.0,0.0,,,0.0,,,,,,,,,,0.0,,,,,
1747,00951133,PRINIZIDE,BRAND,202612,2025-10-17,,0.0,0.0,,,0.0,,,,,,,,,,0.0,,,,,
1748,00951133,PRINIZIDE,BRAND,202612,2025-10-24,,0.0,0.0,,,0.0,,,,,,,,,,0.0,,,,,
1749,00951133,PRINIZIDE,BRAND,202612,2025-10-31,,0.0,0.0,,,0.0,,,,,,,,,,0.0,,,,,
1750,00951133,PRINIZIDE,BRAND,202612,2025-11-07,,0.0,0.0,,,0.0,,,,,,,,,,0.0,,,,,
1751,00951133,PRINIZIDE,BRAND,202612,2025-11-14,,0.0,0.0,,,0.0,,,,,,,,,,0.0,,,,,
1752,00951133,PRINIZIDE,BRAND,202612,2025-11-19,,0.0,0.0,,,0.0,,,,,,,,,,0.0,,,,,
1753,00951133,PRINIZIDE,BRAND,202612,2025-11-21,,0.0,0.0,,,0.0,,,,,,,,,,0.0,,,,,
1754,00951133,PRINIZIDE,BRAND,202612,2025-11-28,,0.0,0.0,,,0.0,,,,,,,,,,0.0,,,,,
1755,00951133,PRINIZIDE,BRAND,202612,2025-12-05,,0.0,0.0,,,0.0,,,,,,,,,,0.0,,,,,
1756,00951133,PRINIZIDE,BRAND,202612,2025-12-12,,0.0,0.0,,,0.0,,,,,,,,,,0.0,,,,,
1757,00951133,PRINIZIDE,BRAND,202612,2025-12-17,,0.0,0.0,,,0.0,,,,,,,,,,0.0,,,,,
1758,00951133,PRINIZIDE,BRAND,202612,2025-12-19,,0.0,0.0,,,0.0,,,,,,,,,,0.0,,,,,
1759,00951133,PRINIZIDE,BRAND,202612,2025-12-26,,0.0,0.0,,,0.0,,,,,,,,,,0.0,,,,,
1760,00951133,PRINIZIDE,BRAND,202612,2026-01-02,,0.0,0.0,,,0.0,,,,,,,,,,0.0,,,,,
1761,00951133,PRINIZIDE,BRAND,202612,2026-01-09,,0.0,0.0,,,0.0,,,,,,,,,,0.0,,,,,
1762,00951133,PRINIZIDE,BRAND,202612,2026-01-16,,0.0,0.0,,,0.0,,,,,,,,,,0.0,,,,,
1763,00951133,PRINIZIDE,BRAND,202612,2026-01-23,,0.0,0.0,,,0.0,,,,,,,,,,0.0,,,,,
1764,00951133,PRINIZIDE,BRAND,202612,2026-01-30,,0.0,0.0,,,0.0,,,,,,,,,,0.0,,,,,
1765,00951133,PRINIZIDE,BRAND,202612,2026-02-06,,0.0,0.0,,,0.0,,,,,,,,,,0.0,,,,,
1766,01101050,Pravastatin,BRAND,202612,2025-07-18,,0.0,0.0,,,100.0,,,,,,,,,0.0,0.0,0.0,,,,
1767,01101050,Pravastatin,BRAND,202612,2025-07-25,0.0,0.0,0.0,,,1.15,,,,,,,,,0.0,0.0,0.0,,,,
1768,01101050,Pravastatin,BRAND,202612,2025-08-01,0.0,0.0,0.0,,,1.15,,,,,,,,,0.0,0.0,0.0,,,,
1769,01101050,Pravastatin,BRAND,202612,2025-08-08,0.0,0.0,0.0,,,1.15,,,,,,,,,0.0,0.0,0.0,,,,
1770,01101050,Pravastatin,BRAND,202612,2025-08-15,-0.06,29.95,-29.95,,100.0,1.16,100.0,100.0,100.0,100.0,100.0,100.0,0.0,1,50.0,0.01,0.0,100.0,100.0,40.48,
1771,01101050,Pravastatin,BRAND,202612,2025-08-22,-0.42,196.94,-196.94,,100.0,1.16,100.0,100.0,100.0,100.0,100.0,100.0,0.0,1,50.0,0.01,0.0,100.0,100.0,40.5,
1772,01101050,Pravastatin,BRAND,202612,2025-08-26,,0.0,0.0,,,1.16,,,,,,,,,0.0,0.0,0.0,,,,
1773,01101050,Pravastatin,BRAND,202612,2025-08-29,0.09,40.32,40.32,,100.0,1.16,100.0,100.0,100.0,100.0,100.0,100.0,0.0,1,50.0,0.01,0.0,100.0,100.0,40.48,
1774,01101050,Pravastatin,BRAND,202612,2025-09-05,2.19,4977.42,1019.38,,20.48,0.58,39.76,60.24,100.0,100.0,100.0,100.0,0.0,1,100.0,0.01,0.0,39.76,100.0,40.27,
1775,01101050,Pravastatin,BRAND,202612,2025-09-12,-11.61,5522.46,-5522.46,,100.0,1.16,100.0,90.95,100.0,100.0,100.0,100.0,0.0,1,100.0,0.02,50.0,100.0,100.0,40.52,
1776,01101050,Pravastatin,BRAND,202612,2025-09-18,-9.37,9356.73,-4359.13,,46.59,0.58,73.29,73.29,100.0,100.0,100.0,100.0,0.0,1,100.0,0.02,100.0,73.29,100.0,40.31,
1777,01101050,Pravastatin,BRAND,202612,2025-09-19,0.34,143.95,143.95,,100.0,0.58,0.0,100.0,100.0,100.0,100.0,100.0,0.0,1,0.0,0.01,0.0,0.0,100.0,40.25,
1778,01101050,Pravastatin,BRAND,202612,2025-09-26,0.0,1.57,1.57,,100.0,100.0,100.0,100.0,100.0,100.0,100.0,100.0,0.0,1,50.0,1.0,50.0,100.0,100.0,83.33,
1779,01101050,Pravastatin,BRAND,202612,2025-10-03,-0.55,230.7,-230.7,,100.0,4.26,100.0,100.0,100.0,100.0,100.0,100.0,0.0,1,50.0,0.02,0.0,100.0,100.0,41.77,
1780,01101050,Pravastatin,BRAND,202612,2025-10-10,0.0,0.0,0.0,,,1.16,,,,,,,,,0.0,0.0,0.0,,,,
1781,01101050,Pravastatin,BRAND,202612,2025-10-17,-0.54,229.14,-229.14,,100.0,1.16,100.0,100.0,100.0,100.0,100.0,100.0,0.0,1,50.0,0.01,0.0,100.0,100.0,40.48,
1782,01101050,Pravastatin,BRAND,202612,2025-10-24,0.0,0.0,0.0,,,1.16,,,,,,,,,0.0,0.0,0.0,,,,
1783,01101050,Pravastatin,BRAND,202612,2025-10-31,-0.9,379.31,-379.31,,100.0,1.16,100.0,100.0,100.0,100.0,100.0,100.0,0.0,1,50.0,0.01,0.0,100.0,100.0,40.48,
1784,01101050,Pravastatin,BRAND,202612,2025-11-07,-4.69,1950.3,-1950.3,,100.0,1.16,100.0,100.0,100.0,100.0,100.0,100.0,0.0,1,50.0,0.01,50.0,100.0,100.0,40.5,
1785,01101050,Pravastatin,BRAND,202612,2025-11-14,0.0,0.88,0.88,,100.0,0.58,0.0,100.0,100.0,100.0,100.0,100.0,0.0,1,0.0,0.01,0.0,0.0,100.0,40.25,
1786,01101050,Pravastatin,BRAND,202612,2025-11-19,-5.43,2278.04,-2278.04,,100.0,1.16,100.0,100.0,100.0,100.0,100.0,100.0,0.0,1,50.0,0.01,0.0,100.0,100.0,40.48,
1787,01101050,Pravastatin,BRAND,202612,2025-11-21,0.13,51.08,51.08,,100.0,0.58,0.0,100.0,100.0,100.0,100.0,100.0,0.0,1,0.0,0.01,0.0,0.0,100.0,40.25,
1788,01101050,Pravastatin,BRAND,202612,2025-11-28,-0.11,45.04,-45.04,,100.0,1.16,100.0,99.73,100.0,100.0,100.0,100.0,0.0,1,100.0,0.01,0.0,100.0,100.0,40.5,
1789,01101050,Pravastatin,BRAND,202612,2025-12-05,-0.13,53.38,-53.38,,100.0,1.16,100.0,100.0,100.0,100.0,100.0,100.0,0.0,1,50.0,0.01,50.0,100.0,100.0,40.5,
1790,01101050,Pravastatin,BRAND,202612,2025-12-12,0.32,126.92,126.92,,100.0,1.16,100.0,100.0,100.0,100.0,100.0,100.0,0.0,1,50.0,0.01,0.0,100.0,100.0,40.48,
1791,01101050,Pravastatin,BRAND,202612,2025-12-17,0.1,39.9,39.66,,99.4,1.16,100.0,99.7,100.0,100.0,100.0,100.0,0.0,1,100.0,0.02,0.0,100.0,100.0,40.52,
1792,01101050,Pravastatin,BRAND,202612,2025-12-19,36.99,14689.76,14689.76,,100.0,1.16,100.0,100.0,100.0,100.0,100.0,100.0,0.0,1,50.0,0.02,0.0,100.0,100.0,40.52,
1793,01101050,Pravastatin,BRAND,202612,2025-12-26,0.0,0.0,0.0,,,0.58,,,,,,,,,0.0,0.0,0.0,,,,
1794,01101050,Pravastatin,BRAND,202612,2026-01-02,7.32,3984.28,3984.28,,100.0,1.89,100.0,100.0,100.0,100.0,100.0,0.0,100.0,-1,50.0,0.0,0.0,100.0,100.0,40.75,
1795,01101050,Pravastatin,BRAND,202612,2026-01-09,53.42,31263.68,31190.24,,99.77,1.16,100.0,99.88,100.0,100.0,100.0,100.0,0.0,1,100.0,0.01,0.0,100.0,100.0,40.5,
1796,01101050,Pravastatin,BRAND,202612,2026-01-16,-90.89,81413.58,-81413.58,,100.0,0.58,0.09,99.91,100.0,100.0,100.0,100.0,0.0,1,100.0,0.02,0.0,0.09,100.0,40.29,
1797,01101050,Pravastatin,BRAND,202612,2026-01-23,100.21,41022.03,39802.27,,97.03,1.16,100.0,98.51,100.0,100.0,100.0,85.79,6.94,1,50.0,0.02,0.0,100.0,78.85,40.54,
1798,01101050,Pravastatin,BRAND,202612,2026-01-30,584.84,47717.16,47717.16,,100.0,0.58,0.0,100.0,100.0,100.0,100.0,100.0,0.0,1,0.0,0.01,0.0,0.0,100.0,40.27,
1799,01101050,Pravastatin,BRAND,202612,2026-02-06,43.71,24426.14,24426.14,,100.0,0.58,0.0,100.0,100.0,100.0,100.0,100.0,0.0,1,0.0,0.02,0.0,0.0,100.0,40.29,
1800,01101051,Pravastatin,BRAND,202612,2025-07-18,,0.0,0.0,,,100.0,,,,,,,,,0.0,0.0,0.0,,,,
1801,01101051,Pravastatin,BRAND,202612,2025-07-25,,0.0,0.0,,,0.0,,,,,,,,,,0.0,,,,,
1802,01101051,Pravastatin,BRAND,202612,2025-08-01,,0.0,0.0,,,0.0,,,,,,,,,,0.0,,,,,
1803,01101051,Pravastatin,BRAND,202612,2025-08-08,,0.0,0.0,,,0.0,,,,,,,,,,0.0,,,,,
1804,01101051,Pravastatin,BRAND,202612,2025-08-15,,0.0,0.0,,,0.0,,,,,,,,,,0.0,,,,,
1805,01101051,Pravastatin,BRAND,202612,2025-08-22,,0.0,0.0,,,0.0,,,,,,,,,,0.0,,,,,
1806,01101051,Pravastatin,BRAND,202612,2025-08-26,,0.0,0.0,,,0.0,,,,,,,,,,0.0,,,,,
1807,01101051,Pravastatin,BRAND,202612,2025-08-29,,0.0,0.0,,,0.0,,,,,,,,,,0.0,,,,,
1808,01101051,Pravastatin,BRAND,202612,2025-09-05,,0.0,0.0,,,0.0,,,,,,,,,,0.0,,,,,
1809,01101051,Pravastatin,BRAND,202612,2025-09-12,,0.0,0.0,,,0.0,,,,,,,,,,0.0,,,,,
1810,01101051,Pravastatin,BRAND,202612,2025-09-18,,0.0,0.0,,,0.0,,,,,,,,,,0.0,,,,,
1811,01101051,Pravastatin,BRAND,202612,2025-09-19,,0.0,0.0,,,0.0,,,,,,,,,,0.0,,,,,
1812,01101051,Pravastatin,BRAND,202612,2025-10-03,,0.0,0.0,,,0.0,,,,,,,,,,0.0,,,,,
1813,01101051,Pravastatin,BRAND,202612,2025-10-10,,0.0,0.0,,,0.0,,,,,,,,,,0.0,,,,,
1814,01101051,Pravastatin,BRAND,202612,2025-10-17,,0.0,0.0,,,0.0,,,,,,,,,,0.0,,,,,
1815,01101051,Pravastatin,BRAND,202612,2025-10-24,,0.0,0.0,,,0.0,,,,,,,,,,0.0,,,,,
1816,01101051,Pravastatin,BRAND,202612,2025-10-31,,0.0,0.0,,,0.0,,,,,,,,,,0.0,,,,,
1817,01101051,Pravastatin,BRAND,202612,2025-11-07,,0.0,0.0,,,0.0,,,,,,,,,,0.0,,,,,
1818,01101051,Pravastatin,BRAND,202612,2025-11-14,,0.0,0.0,,,0.0,,,,,,,,,,0.0,,,,,
1819,01101051,Pravastatin,BRAND,202612,2025-11-19,,0.0,0.0,,,0.0,,,,,,,,,,0.0,,,,,
1820,01101051,Pravastatin,BRAND,202612,2025-11-21,,0.0,0.0,,,0.0,,,,,,,,,,0.0,,,,,
1821,01101051,Pravastatin,BRAND,202612,2025-11-28,,0.0,0.0,,,0.0,,,,,,,,,,0.0,,,,,
1822,01101051,Pravastatin,BRAND,202612,2025-12-05,,0.0,0.0,,,0.0,,,,,,,,,,0.0,,,,,
1823,01101051,Pravastatin,BRAND,202612,2025-12-12,,0.0,0.0,,,0.0,,,,,,,,,,0.0,,,,,
1824,01101051,Pravastatin,BRAND,202612,2025-12-17,,0.0,0.0,,,0.0,,,,,,,,,,0.0,,,,,
1825,01101051,Pravastatin,BRAND,202612,2025-12-19,,0.0,0.0,,,0.0,,,,,,,,,,0.0,,,,,
1826,01101051,Pravastatin,BRAND,202612,2025-12-26,,0.0,0.0,,,0.0,,,,,,,,,,0.0,,,,,
1827,01101051,Pravastatin,BRAND,202612,2026-01-02,,0.0,0.0,,,0.0,,,,,,,,,,0.0,,,,,
1828,01101051,Pravastatin,BRAND,202612,2026-01-09,,0.0,0.0,,,0.0,,,,,,,,,,0.0,,,,,
1829,01101051,Pravastatin,BRAND,202612,2026-01-16,,0.0,0.0,,,0.0,,,,,,,,,,0.0,,,,,
1830,01101051,Pravastatin,BRAND,202612,2026-01-23,,0.0,0.0,,,0.0,,,,,,,,,,0.0,,,,,
1831,01101051,Pravastatin,BRAND,202612,2026-01-30,,0.0,0.0,,,0.0,,,,,,,,,,0.0,,,,,
1832,01101051,Pravastatin,BRAND,202612,2026-02-06,,0.0,0.0,,,0.0,,,,,,,,,,0.0,,,,,
1833,01506870,All Other Consumer P,BRAND,202612,2025-07-18,,0.0,0.0,,,100.0,,,,,,,,,0.0,0.0,0.0,,,,
1834,01506870,All Other Consumer P,BRAND,202612,2025-07-25,0.0,0.0,0.0,,,50.0,,,,,,,,,0.0,0.0,0.0,,,,
1835,01506870,All Other Consumer P,BRAND,202612,2025-08-01,0.0,0.0,0.0,,,50.0,,,,,,,,,0.0,0.0,0.0,,,,
1836,01506870,All Other Consumer P,BRAND,202612,2025-08-08,0.0,0.0,0.0,,,50.0,,,,,,,,,0.0,0.0,0.0,,,,
1837,01506870,All Other Consumer P,BRAND,202612,2025-08-15,0.0,0.0,0.0,,,50.0,,,,,,,,,0.0,0.0,0.0,,,,
1838,01506870,All Other Consumer P,BRAND,202612,2025-08-22,0.0,0.0,0.0,,,50.0,,,,,,,,,0.0,0.0,0.0,,,,
1839,01506870,All Other Consumer P,BRAND,202612,2025-08-26,,0.0,0.0,,,50.0,,,,,,,,,0.0,0.0,0.0,,,,
1840,01506870,All Other Consumer P,BRAND,202612,2025-08-29,0.0,0.0,0.0,,,50.0,,,,,,,,,0.0,0.0,0.0,,,,
1841,01506870,All Other Consumer P,BRAND,202612,2025-09-05,0.0,0.0,0.0,,,50.0,,,,,,,,,0.0,0.0,0.0,,,,
1842,01506870,All Other Consumer P,BRAND,202612,2025-09-12,0.0,0.0,0.0,,,50.0,,,,,,,,,0.0,0.0,0.0,,,,
1843,01506870,All Other Consumer P,BRAND,202612,2025-09-18,33.31,30886.78,30886.78,,100.0,50.0,100.0,100.0,100.0,100.0,100.0,100.0,0.0,1,100.0,0.5,0.0,100.0,100.0,61.67,
1844,01506870,All Other Consumer P,BRAND,202612,2025-09-19,33.31,30886.78,30886.78,,100.0,50.0,100.0,100.0,100.0,100.0,100.0,100.0,0.0,1,100.0,1.0,0.0,100.0,100.0,63.33,
1845,01506870,All Other Consumer P,BRAND,202612,2025-10-03,,0.0,0.0,,,50.0,,,,,,,,,0.0,0.0,0.0,,,,
1846,01506870,All Other Consumer P,BRAND,202612,2025-10-10,0.0,0.0,0.0,,,50.0,,,,,,,,,0.0,0.0,0.0,,,,
1847,01506870,All Other Consumer P,BRAND,202612,2025-10-17,-25.0,30895.37,-30895.37,,100.0,0.0,0.0,100.0,100.0,100.0,100.0,100.0,0.0,1,,0.5,,0.0,100.0,41.67,
1848,01506870,All Other Consumer P,BRAND,202612,2025-10-24,0.0,0.0,0.0,,,50.0,,,,,,,,,0.0,0.0,0.0,,,,
1849,01506870,All Other Consumer P,BRAND,202612,2025-10-31,-6.66,6178.62,-6178.62,,100.0,50.0,100.0,100.0,100.0,100.0,100.0,100.0,0.0,1,100.0,0.5,0.0,100.0,100.0,61.67,
1850,01506870,All Other Consumer P,BRAND,202612,2025-11-07,0.0,0.0,0.0,,,50.0,,,,,,,,,0.0,0.0,0.0,,,,
1851,01506870,All Other Consumer P,BRAND,202612,2025-11-14,0.0,0.0,0.0,,,50.0,,,,,,,,,0.0,0.0,0.0,,,,
1852,01506870,All Other Consumer P,BRAND,202612,2025-11-19,-13.33,12358.38,-12358.38,,100.0,50.0,100.0,100.0,100.0,100.0,100.0,100.0,0.0,1,100.0,0.5,0.0,100.0,100.0,61.67,
1853,01506870,All Other Consumer P,BRAND,202612,2025-11-21,-7.14,6179.76,-6179.76,,100.0,50.0,100.0,100.0,100.0,100.0,100.0,100.0,0.0,1,100.0,1.0,0.0,100.0,100.0,63.33,
1854,01506870,All Other Consumer P,BRAND,202612,2025-11-28,0.0,0.0,0.0,,,50.0,,,,,,,,,0.0,0.0,0.0,,,,
1855,01506870,All Other Consumer P,BRAND,202612,2025-12-05,0.0,0.0,0.0,,,50.0,,,,,,,,,0.0,0.0,0.0,,,,
1856,01506870,All Other Consumer P,BRAND,202612,2025-12-12,0.0,0.0,0.0,,,50.0,,,,,,,,,0.0,0.0,0.0,,,,
1857,01506870,All Other Consumer P,BRAND,202612,2025-12-17,6.8,5462.79,5462.79,,100.0,50.0,100.0,100.0,100.0,100.0,100.0,100.0,0.0,1,100.0,0.5,0.0,100.0,100.0,61.67,
1858,01506870,All Other Consumer P,BRAND,202612,2025-12-19,6.8,5462.79,5462.79,,100.0,50.0,100.0,100.0,100.0,100.0,100.0,100.0,0.0,1,100.0,1.0,0.0,100.0,100.0,63.33,
1859,01506870,All Other Consumer P,BRAND,202612,2025-12-26,0.0,0.0,0.0,,,50.0,,,,,,,,,0.0,0.0,0.0,,,,
1860,01506870,All Other Consumer P,BRAND,202612,2026-01-02,9.72,8337.83,8337.83,,100.0,50.0,100.0,100.0,100.0,100.0,100.0,0.0,100.0,-1,100.0,0.0,0.0,100.0,100.0,60.0,
1861,01506870,All Other Consumer P,BRAND,202612,2026-01-09,0.0,0.0,0.0,,,50.0,,,,,,,,,0.0,0.0,0.0,,,,
1862,01506870,All Other Consumer P,BRAND,202612,2026-01-16,7.2,6778.98,6778.98,,100.0,50.0,100.0,100.0,100.0,100.0,100.0,100.0,0.0,1,100.0,0.5,0.0,100.0,100.0,61.67,
1863,01506870,All Other Consumer P,BRAND,202612,2026-01-23,25.52,21897.06,21897.06,,100.0,50.0,100.0,100.0,100.0,100.0,100.0,56.44,38.08,0,0.0,1.0,0.0,100.0,18.36,63.33,
1864,01506870,All Other Consumer P,BRAND,202612,2026-01-30,6.72,6780.24,6780.24,,100.0,50.0,100.0,100.0,100.0,100.0,100.0,100.0,0.0,1,100.0,1.5,0.0,100.0,100.0,65.0,
1865,01506870,All Other Consumer P,BRAND,202612,2026-02-06,0.0,0.0,0.0,,,50.0,,,,,,,,,0.0,0.0,0.0,,,,
1866,01801110,Sotalol/Sotazide,BRAND,202612,2025-07-18,,0.0,0.0,,,100.0,,,,,,,,,0.0,0.0,0.0,,,,
1867,01801110,Sotalol/Sotazide,BRAND,202612,2025-07-25,,0.0,0.0,,,0.0,,,,,,,,,,0.0,,,,,
1868,01801110,Sotalol/Sotazide,BRAND,202612,2025-08-01,,0.0,0.0,,,0.0,,,,,,,,,,0.0,,,,,
1869,01801110,Sotalol/Sotazide,BRAND,202612,2025-08-08,,0.0,0.0,,,0.0,,,,,,,,,,0.0,,,,,
1870,01801110,Sotalol/Sotazide,BRAND,202612,2025-08-15,,0.0,0.0,,,0.0,,,,,,,,,,0.0,,,,,
1871,01801110,Sotalol/Sotazide,BRAND,202612,2025-08-22,,0.0,0.0,,,0.0,,,,,,,,,,0.0,,,,,
1872,01801110,Sotalol/Sotazide,BRAND,202612,2025-08-26,,0.0,0.0,,,0.0,,,,,,,,,,0.0,,,,,
1873,01801110,Sotalol/Sotazide,BRAND,202612,2025-08-29,,0.0,0.0,,,0.0,,,,,,,,,,0.0,,,,,
1874,01801110,Sotalol/Sotazide,BRAND,202612,2025-09-05,,0.0,0.0,,,0.0,,,,,,,,,,0.0,,,,,
1875,01801110,Sotalol/Sotazide,BRAND,202612,2025-09-12,,0.0,0.0,,,0.0,,,,,,,,,,0.0,,,,,
1876,01801110,Sotalol/Sotazide,BRAND,202612,2025-09-18,,0.0,0.0,,,0.0,,,,,,,,,,0.0,,,,,
1877,01801110,Sotalol/Sotazide,BRAND,202612,2025-09-19,,0.0,0.0,,,0.0,,,,,,,,,,0.0,,,,,
1878,01801110,Sotalol/Sotazide,BRAND,202612,2025-10-03,,0.0,0.0,,,0.0,,,,,,,,,,0.0,,,,,
1879,01801110,Sotalol/Sotazide,BRAND,202612,2025-10-10,,0.0,0.0,,,0.0,,,,,,,,,,0.0,,,,,
1880,01801110,Sotalol/Sotazide,BRAND,202612,2025-10-17,,0.0,0.0,,,0.0,,,,,,,,,,0.0,,,,,
1881,01801110,Sotalol/Sotazide,BRAND,202612,2025-10-24,,0.0,0.0,,,0.0,,,,,,,,,,0.0,,,,,
1882,01801110,Sotalol/Sotazide,BRAND,202612,2025-10-31,,0.0,0.0,,,0.0,,,,,,,,,,0.0,,,,,
1883,01801110,Sotalol/Sotazide,BRAND,202612,2025-11-07,,0.0,0.0,,,0.0,,,,,,,,,,0.0,,,,,
1884,01801110,Sotalol/Sotazide,BRAND,202612,2025-11-14,,0.0,0.0,,,0.0,,,,,,,,,,0.0,,,,,
1885,01801110,Sotalol/Sotazide,BRAND,202612,2025-11-19,,0.0,0.0,,,0.0,,,,,,,,,,0.0,,,,,
1886,01801110,Sotalol/Sotazide,BRAND,202612,2025-11-21,,0.0,0.0,,,0.0,,,,,,,,,,0.0,,,,,
1887,01801110,Sotalol/Sotazide,BRAND,202612,2025-11-28,,0.0,0.0,,,0.0,,,,,,,,,,0.0,,,,,
1888,01801110,Sotalol/Sotazide,BRAND,202612,2025-12-05,,0.0,0.0,,,0.0,,,,,,,,,,0.0,,,,,
1889,01801110,Sotalol/Sotazide,BRAND,202612,2025-12-12,,0.0,0.0,,,0.0,,,,,,,,,,0.0,,,,,
1890,01801110,Sotalol/Sotazide,BRAND,202612,2025-12-17,,0.0,0.0,,,0.0,,,,,,,,,,0.0,,,,,
1891,01801110,Sotalol/Sotazide,BRAND,202612,2025-12-19,,0.0,0.0,,,0.0,,,,,,,,,,0.0,,,,,
1892,01801110,Sotalol/Sotazide,BRAND,202612,2025-12-26,,0.0,0.0,,,0.0,,,,,,,,,,0.0,,,,,
1893,01801110,Sotalol/Sotazide,BRAND,202612,2026-01-02,,0.0,0.0,,,0.0,,,,,,,,,,0.0,,,,,
1894,01801110,Sotalol/Sotazide,BRAND,202612,2026-01-09,,0.0,0.0,,,0.0,,,,,,,,,,0.0,,,,,
1895,01801110,Sotalol/Sotazide,BRAND,202612,2026-01-16,,0.0,0.0,,,0.0,,,,,,,,,,0.0,,,,,
1896,01801110,Sotalol/Sotazide,BRAND,202612,2026-01-23,,0.0,0.0,,,0.0,,,,,,,,,,0.0,,,,,
1897,01801110,Sotalol/Sotazide,BRAND,202612,2026-01-30,,0.0,0.0,,,0.0,,,,,,,,,,0.0,,,,,
1898,01801110,Sotalol/Sotazide,BRAND,202612,2026-02-06,,0.0,0.0,,,0.0,,,,,,,,,,0.0,,,,,
1899,02001300,Amikacin,BRAND,202612,2025-07-18,,0.0,0.0,,,100.0,,,,,,,,,0.0,0.0,0.0,,,,
1900,02001300,Amikacin,BRAND,202612,2025-07-25,,0.0,0.0,,,0.0,,,,,,,,,,0.0,,,,,
1901,02001300,Amikacin,BRAND,202612,2025-08-01,,0.0,0.0,,,0.0,,,,,,,,,,0.0,,,,,
1902,02001300,Amikacin,BRAND,202612,2025-08-08,,0.0,0.0,,,0.0,,,,,,,,,,0.0,,,,,
1903,02001300,Amikacin,BRAND,202612,2025-08-15,,0.0,0.0,,,0.0,,,,,,,,,,0.0,,,,,
1904,02001300,Amikacin,BRAND,202612,2025-08-22,,0.0,0.0,,,0.0,,,,,,,,,,0.0,,,,,
1905,02001300,Amikacin,BRAND,202612,2025-08-26,,0.0,0.0,,,0.0,,,,,,,,,,0.0,,,,,
1906,02001300,Amikacin,BRAND,202612,2025-08-29,,0.0,0.0,,,0.0,,,,,,,,,,0.0,,,,,
1907,02001300,Amikacin,BRAND,202612,2025-09-05,,0.0,0.0,,,0.0,,,,,,,,,,0.0,,,,,
1908,02001300,Amikacin,BRAND,202612,2025-09-12,,0.0,0.0,,,0.0,,,,,,,,,,0.0,,,,,
1909,02001300,Amikacin,BRAND,202612,2025-09-18,,0.0,0.0,,,0.0,,,,,,,,,,0.0,,,,,
1910,02001300,Amikacin,BRAND,202612,2025-09-19,,0.0,0.0,,,0.0,,,,,,,,,,0.0,,,,,
1911,02001300,Amikacin,BRAND,202612,2025-10-03,,0.0,0.0,,,0.0,,,,,,,,,,0.0,,,,,
1912,02001300,Amikacin,BRAND,202612,2025-10-10,,0.0,0.0,,,0.0,,,,,,,,,,0.0,,,,,
1913,02001300,Amikacin,BRAND,202612,2025-10-17,,0.0,0.0,,,0.0,,,,,,,,,,0.0,,,,,
1914,02001300,Amikacin,BRAND,202612,2025-10-24,,0.0,0.0,,,0.0,,,,,,,,,,0.0,,,,,
1915,02001300,Amikacin,BRAND,202612,2025-10-31,,0.0,0.0,,,0.0,,,,,,,,,,0.0,,,,,
1916,02001300,Amikacin,BRAND,202612,2025-11-07,,0.0,0.0,,,0.0,,,,,,,,,,0.0,,,,,
1917,02001300,Amikacin,BRAND,202612,2025-11-14,,0.0,0.0,,,0.0,,,,,,,,,,0.0,,,,,
1918,02001300,Amikacin,BRAND,202612,2025-11-19,,0.0,0.0,,,0.0,,,,,,,,,,0.0,,,,,
1919,02001300,Amikacin,BRAND,202612,2025-11-21,,0.0,0.0,,,0.0,,,,,,,,,,0.0,,,,,
1920,02001300,Amikacin,BRAND,202612,2025-11-28,,0.0,0.0,,,0.0,,,,,,,,,,0.0,,,,,
1921,02001300,Amikacin,BRAND,202612,2025-12-05,,0.0,0.0,,,0.0,,,,,,,,,,0.0,,,,,
1922,02001300,Amikacin,BRAND,202612,2025-12-12,,0.0,0.0,,,0.0,,,,,,,,,,0.0,,,,,
1923,02001300,Amikacin,BRAND,202612,2025-12-17,,0.0,0.0,,,0.0,,,,,,,,,,0.0,,,,,
1924,02001300,Amikacin,BRAND,202612,2025-12-19,,0.0,0.0,,,0.0,,,,,,,,,,0.0,,,,,
1925,02001300,Amikacin,BRAND,202612,2025-12-26,,0.0,0.0,,,0.0,,,,,,,,,,0.0,,,,,
1926,02001300,Amikacin,BRAND,202612,2026-01-02,,0.0,0.0,,,0.0,,,,,,,,,,0.0,,,,,
1927,02001300,Amikacin,BRAND,202612,2026-01-09,,0.0,0.0,,,0.0,,,,,,,,,,0.0,,,,,
1928,02001300,Amikacin,BRAND,202612,2026-01-16,,0.0,0.0,,,0.0,,,,,,,,,,0.0,,,,,
1929,02001300,Amikacin,BRAND,202612,2026-01-23,,0.0,0.0,,,0.0,,,,,,,,,,0.0,,,,,
1930,02001300,Amikacin,BRAND,202612,2026-01-30,,0.0,0.0,,,0.0,,,,,,,,,,0.0,,,,,
1931,02001300,Amikacin,BRAND,202612,2026-02-06,,0.0,0.0,,,0.0,,,,,,,,,,0.0,,,,,
1932,02001310,Other Aminoglycoside,BRAND,202612,2025-07-18,,0.0,0.0,,,100.0,,,,,,,,,0.0,0.0,0.0,,,,
1933,02001310,Other Aminoglycoside,BRAND,202612,2025-07-25,,0.0,0.0,,,0.0,,,,,,,,,,0.0,,,,,
1934,02001310,Other Aminoglycoside,BRAND,202612,2025-08-01,,0.0,0.0,,,0.0,,,,,,,,,,0.0,,,,,
1935,02001310,Other Aminoglycoside,BRAND,202612,2025-08-08,,0.0,0.0,,,0.0,,,,,,,,,,0.0,,,,,
1936,02001310,Other Aminoglycoside,BRAND,202612,2025-08-15,,0.0,0.0,,,0.0,,,,,,,,,,0.0,,,,,
1937,02001310,Other Aminoglycoside,BRAND,202612,2025-08-22,,0.0,0.0,,,0.0,,,,,,,,,,0.0,,,,,
1938,02001310,Other Aminoglycoside,BRAND,202612,2025-08-26,,0.0,0.0,,,0.0,,,,,,,,,,0.0,,,,,
1939,02001310,Other Aminoglycoside,BRAND,202612,2025-08-29,,0.0,0.0,,,0.0,,,,,,,,,,0.0,,,,,
1940,02001310,Other Aminoglycoside,BRAND,202612,2025-09-05,,0.0,0.0,,,0.0,,,,,,,,,,0.0,,,,,
1941,02001310,Other Aminoglycoside,BRAND,202612,2025-09-12,,0.0,0.0,,,0.0,,,,,,,,,,0.0,,,,,
1942,02001310,Other Aminoglycoside,BRAND,202612,2025-09-18,,0.0,0.0,,,0.0,,,,,,,,,,0.0,,,,,
1943,02001310,Other Aminoglycoside,BRAND,202612,2025-09-19,,0.0,0.0,,,0.0,,,,,,,,,,0.0,,,,,
1944,02001310,Other Aminoglycoside,BRAND,202612,2025-10-10,,0.0,0.0,,,0.0,,,,,,,,,,0.0,,,,,
1945,02001310,Other Aminoglycoside,BRAND,202612,2025-10-17,,0.0,0.0,,,0.0,,,,,,,,,,0.0,,,,,
1946,02001310,Other Aminoglycoside,BRAND,202612,2025-10-24,,0.0,0.0,,,0.0,,,,,,,,,,0.0,,,,,
1947,02001310,Other Aminoglycoside,BRAND,202612,2025-10-31,,0.0,0.0,,,0.0,,,,,,,,,,0.0,,,,,
1948,02001310,Other Aminoglycoside,BRAND,202612,2025-11-07,,0.0,0.0,,,0.0,,,,,,,,,,0.0,,,,,
1949,02001310,Other Aminoglycoside,BRAND,202612,2025-11-14,,0.0,0.0,,,0.0,,,,,,,,,,0.0,,,,,
1950,02001310,Other Aminoglycoside,BRAND,202612,2025-11-19,,0.0,0.0,,,0.0,,,,,,,,,,0.0,,,,,
1951,02001310,Other Aminoglycoside,BRAND,202612,2025-11-21,,0.0,0.0,,,0.0,,,,,,,,,,0.0,,,,,
1952,02001310,Other Aminoglycoside,BRAND,202612,2025-11-28,,0.0,0.0,,,0.0,,,,,,,,,,0.0,,,,,
1953,02001310,Other Aminoglycoside,BRAND,202612,2025-12-05,,0.0,0.0,,,0.0,,,,,,,,,,0.0,,,,,
1954,02001310,Other Aminoglycoside,BRAND,202612,2025-12-12,,0.0,0.0,,,0.0,,,,,,,,,,0.0,,,,,
1955,02001310,Other Aminoglycoside,BRAND,202612,2025-12-17,,0.0,0.0,,,0.0,,,,,,,,,,0.0,,,,,
1956,02001310,Other Aminoglycoside,BRAND,202612,2025-12-19,,0.0,0.0,,,0.0,,,,,,,,,,0.0,,,,,
1957,02001310,Other Aminoglycoside,BRAND,202612,2025-12-26,,0.0,0.0,,,0.0,,,,,,,,,,0.0,,,,,
1958,02001310,Other Aminoglycoside,BRAND,202612,2026-01-09,,0.0,0.0,,,0.0,,,,,,,,,,0.0,,,,,
1959,02001310,Other Aminoglycoside,BRAND,202612,2026-01-16,,0.0,0.0,,,0.0,,,,,,,,,,0.0,,,,,
1960,02001310,Other Aminoglycoside,BRAND,202612,2026-01-23,,0.0,0.0,,,0.0,,,,,,,,,,0.0,,,,,
1961,02001310,Other Aminoglycoside,BRAND,202612,2026-01-30,,0.0,0.0,,,0.0,,,,,,,,,,0.0,,,,,
1962,02001310,Other Aminoglycoside,BRAND,202612,2026-02-06,,0.0,0.0,,,0.0,,,,,,,,,,0.0,,,,,
1963,02101800,Nifluril,BRAND,202612,2025-07-18,,0.0,0.0,,,100.0,,,,,,,,,0.0,0.0,0.0,,,,
1964,02101800,Nifluril,BRAND,202612,2025-07-25,,0.0,0.0,,,0.0,,,,,,,,,,0.0,,,,,
1965,02101800,Nifluril,BRAND,202612,2025-08-01,,0.0,0.0,,,0.0,,,,,,,,,,0.0,,,,,
1966,02101800,Nifluril,BRAND,202612,2025-08-08,,0.0,0.0,,,0.0,,,,,,,,,,0.0,,,,,
1967,02101800,Nifluril,BRAND,202612,2025-08-15,,0.0,0.0,,,0.0,,,,,,,,,,0.0,,,,,
1968,02101800,Nifluril,BRAND,202612,2025-08-22,,0.0,0.0,,,0.0,,,,,,,,,,0.0,,,,,
1969,02101800,Nifluril,BRAND,202612,2025-08-26,,0.0,0.0,,,0.0,,,,,,,,,,0.0,,,,,
1970,02101800,Nifluril,BRAND,202612,2025-08-29,,0.0,0.0,,,0.0,,,,,,,,,,0.0,,,,,
1971,02101800,Nifluril,BRAND,202612,2025-09-05,,0.0,0.0,,,0.0,,,,,,,,,,0.0,,,,,
1972,02101800,Nifluril,BRAND,202612,2025-09-12,,0.0,0.0,,,0.0,,,,,,,,,,0.0,,,,,
1973,02101800,Nifluril,BRAND,202612,2025-09-18,,0.0,0.0,,,0.0,,,,,,,,,,0.0,,,,,
1974,02101800,Nifluril,BRAND,202612,2025-09-19,,0.0,0.0,,,0.0,,,,,,,,,,0.0,,,,,
1975,02101800,Nifluril,BRAND,202612,2025-10-03,,0.0,0.0,,,0.0,,,,,,,,,,0.0,,,,,
1976,02101800,Nifluril,BRAND,202612,2025-10-10,,0.0,0.0,,,0.0,,,,,,,,,,0.0,,,,,
1977,02101800,Nifluril,BRAND,202612,2025-10-17,,0.0,0.0,,,0.0,,,,,,,,,,0.0,,,,,
1978,02101800,Nifluril,BRAND,202612,2025-10-24,,0.0,0.0,,,0.0,,,,,,,,,,0.0,,,,,
1979,02101800,Nifluril,BRAND,202612,2025-10-31,,0.0,0.0,,,0.0,,,,,,,,,,0.0,,,,,
1980,02101800,Nifluril,BRAND,202612,2025-11-07,,0.0,0.0,,,0.0,,,,,,,,,,0.0,,,,,
1981,02101800,Nifluril,BRAND,202612,2025-11-14,,0.0,0.0,,,0.0,,,,,,,,,,0.0,,,,,
1982,02101800,Nifluril,BRAND,202612,2025-11-19,,0.0,0.0,,,0.0,,,,,,,,,,0.0,,,,,
1983,02101800,Nifluril,BRAND,202612,2025-11-21,,0.0,0.0,,,0.0,,,,,,,,,,0.0,,,,,
1984,02101800,Nifluril,BRAND,202612,2025-11-28,,0.0,0.0,,,0.0,,,,,,,,,,0.0,,,,,
1985,02101800,Nifluril,BRAND,202612,2025-12-05,,0.0,0.0,,,0.0,,,,,,,,,,0.0,,,,,
1986,02101800,Nifluril,BRAND,202612,2025-12-12,,0.0,0.0,,,0.0,,,,,,,,,,0.0,,,,,
1987,02101800,Nifluril,BRAND,202612,2025-12-17,,0.0,0.0,,,0.0,,,,,,,,,,0.0,,,,,
1988,02101800,Nifluril,BRAND,202612,2025-12-19,,0.0,0.0,,,0.0,,,,,,,,,,0.0,,,,,
1989,02101800,Nifluril,BRAND,202612,2025-12-26,,0.0,0.0,,,0.0,,,,,,,,,,0.0,,,,,
1990,02101800,Nifluril,BRAND,202612,2026-01-02,,0.0,0.0,,,0.0,,,,,,,,,,0.0,,,,,
1991,02101800,Nifluril,BRAND,202612,2026-01-09,,0.0,0.0,,,0.0,,,,,,,,,,0.0,,,,,
1992,02101800,Nifluril,BRAND,202612,2026-01-16,,0.0,0.0,,,0.0,,,,,,,,,,0.0,,,,,
1993,02101800,Nifluril,BRAND,202612,2026-01-23,,0.0,0.0,,,0.0,,,,,,,,,,0.0,,,,,
1994,02101800,Nifluril,BRAND,202612,2026-01-30,,0.0,0.0,,,0.0,,,,,,,,,,0.0,,,,,
1995,02101800,Nifluril,BRAND,202612,2026-02-06,,0.0,0.0,,,0.0,,,,,,,,,,0.0,,,,,
1996,02101810,Other UPSA Anti-Infl,BRAND,202612,2025-07-18,,0.0,0.0,,,100.0,,,,,,,,,0.0,0.0,0.0,,,,
1997,02101810,Other UPSA Anti-Infl,BRAND,202612,2025-07-25,,0.0,0.0,,,0.0,,,,,,,,,,0.0,,,,,
1998,02101810,Other UPSA Anti-Infl,BRAND,202612,2025-08-01,,0.0,0.0,,,0.0,,,,,,,,,,0.0,,,,,
1999,02101810,Other UPSA Anti-Infl,BRAND,202612,2025-08-08,,0.0,0.0,,,0.0,,,,,,,,,,0.0,,,,,
2000,02101810,Other UPSA Anti-Infl,BRAND,202612,2025-08-15,,0.0,0.0,,,0.0,,,,,,,,,,0.0,,,,,
2001,02101810,Other UPSA Anti-Infl,BRAND,202612,2025-08-22,,0.0,0.0,,,0.0,,,,,,,,,,0.0,,,,,
2002,02101810,Other UPSA Anti-Infl,BRAND,202612,2025-08-26,,0.0,0.0,,,0.0,,,,,,,,,,0.0,,,,,
2003,02101810,Other UPSA Anti-Infl,BRAND,202612,2025-08-29,,0.0,0.0,,,0.0,,,,,,,,,,0.0,,,,,
2004,02101810,Other UPSA Anti-Infl,BRAND,202612,2025-09-05,,0.0,0.0,,,0.0,,,,,,,,,,0.0,,,,,
2005,02101810,Other UPSA Anti-Infl,BRAND,202612,2025-09-12,,0.0,0.0,,,0.0,,,,,,,,,,0.0,,,,,
2006,02101810,Other UPSA Anti-Infl,BRAND,202612,2025-09-18,,0.0,0.0,,,0.0,,,,,,,,,,0.0,,,,,
2007,02101810,Other UPSA Anti-Infl,BRAND,202612,2025-09-19,,0.0,0.0,,,0.0,,,,,,,,,,0.0,,,,,
2008,02101810,Other UPSA Anti-Infl,BRAND,202612,2025-10-03,,0.0,0.0,,,0.0,,,,,,,,,,0.0,,,,,
2009,02101810,Other UPSA Anti-Infl,BRAND,202612,2025-10-10,,0.0,0.0,,,0.0,,,,,,,,,,0.0,,,,,
2010,02101810,Other UPSA Anti-Infl,BRAND,202612,2025-10-17,,0.0,0.0,,,0.0,,,,,,,,,,0.0,,,,,
2011,02101810,Other UPSA Anti-Infl,BRAND,202612,2025-10-24,,0.0,0.0,,,0.0,,,,,,,,,,0.0,,,,,
2012,02101810,Other UPSA Anti-Infl,BRAND,202612,2025-10-31,,0.0,0.0,,,0.0,,,,,,,,,,0.0,,,,,
2013,02101810,Other UPSA Anti-Infl,BRAND,202612,2025-11-07,,0.0,0.0,,,0.0,,,,,,,,,,0.0,,,,,
2014,02101810,Other UPSA Anti-Infl,BRAND,202612,2025-11-14,,0.0,0.0,,,0.0,,,,,,,,,,0.0,,,,,
2015,02101810,Other UPSA Anti-Infl,BRAND,202612,2025-11-19,,0.0,0.0,,,0.0,,,,,,,,,,0.0,,,,,
2016,02101810,Other UPSA Anti-Infl,BRAND,202612,2025-11-21,,0.0,0.0,,,0.0,,,,,,,,,,0.0,,,,,
2017,02101810,Other UPSA Anti-Infl,BRAND,202612,2025-11-28,,0.0,0.0,,,0.0,,,,,,,,,,0.0,,,,,
2018,02101810,Other UPSA Anti-Infl,BRAND,202612,2025-12-05,,0.0,0.0,,,0.0,,,,,,,,,,0.0,,,,,
2019,02101810,Other UPSA Anti-Infl,BRAND,202612,2025-12-12,,0.0,0.0,,,0.0,,,,,,,,,,0.0,,,,,
2020,02101810,Other UPSA Anti-Infl,BRAND,202612,2025-12-17,,0.0,0.0,,,0.0,,,,,,,,,,0.0,,,,,
2021,02101810,Other UPSA Anti-Infl,BRAND,202612,2025-12-19,,0.0,0.0,,,0.0,,,,,,,,,,0.0,,,,,
2022,02101810,Other UPSA Anti-Infl,BRAND,202612,2025-12-26,,0.0,0.0,,,0.0,,,,,,,,,,0.0,,,,,
2023,02101810,Other UPSA Anti-Infl,BRAND,202612,2026-01-02,,0.0,0.0,,,0.0,,,,,,,,,,0.0,,,,,
2024,02101810,Other UPSA Anti-Infl,BRAND,202612,2026-01-09,,0.0,0.0,,,0.0,,,,,,,,,,0.0,,,,,
2025,02101810,Other UPSA Anti-Infl,BRAND,202612,2026-01-16,,0.0,0.0,,,0.0,,,,,,,,,,0.0,,,,,
2026,02101810,Other UPSA Anti-Infl,BRAND,202612,2026-01-23,,0.0,0.0,,,0.0,,,,,,,,,,0.0,,,,,
2027,02101810,Other UPSA Anti-Infl,BRAND,202612,2026-01-30,,0.0,0.0,,,0.0,,,,,,,,,,0.0,,,,,
2028,02101810,Other UPSA Anti-Infl,BRAND,202612,2026-02-06,,0.0,0.0,,,0.0,,,,,,,,,,0.0,,,,,
2029,02101830,DICLOXACILLIN,BRAND,202612,2025-07-18,,0.0,0.0,,,100.0,,,,,,,,,0.0,0.0,0.0,,,,
2030,02101830,DICLOXACILLIN,BRAND,202612,2025-07-25,,0.0,0.0,,,0.0,,,,,,,,,,0.0,,,,,
2031,02101830,DICLOXACILLIN,BRAND,202612,2025-08-01,,0.0,0.0,,,0.0,,,,,,,,,,0.0,,,,,
2032,02101830,DICLOXACILLIN,BRAND,202612,2025-08-08,,0.0,0.0,,,0.0,,,,,,,,,,0.0,,,,,
2033,02101830,DICLOXACILLIN,BRAND,202612,2025-08-15,,0.0,0.0,,,0.0,,,,,,,,,,0.0,,,,,
2034,02101830,DICLOXACILLIN,BRAND,202612,2025-08-22,,0.0,0.0,,,0.0,,,,,,,,,,0.0,,,,,
2035,02101830,DICLOXACILLIN,BRAND,202612,2025-08-26,,0.0,0.0,,,0.0,,,,,,,,,,0.0,,,,,
2036,02101830,DICLOXACILLIN,BRAND,202612,2025-08-29,,0.0,0.0,,,0.0,,,,,,,,,,0.0,,,,,
2037,02101830,DICLOXACILLIN,BRAND,202612,2025-09-05,,0.0,0.0,,,0.0,,,,,,,,,,0.0,,,,,
2038,02101830,DICLOXACILLIN,BRAND,202612,2025-09-12,,0.0,0.0,,,0.0,,,,,,,,,,0.0,,,,,
2039,02101830,DICLOXACILLIN,BRAND,202612,2025-09-18,,0.0,0.0,,,0.0,,,,,,,,,,0.0,,,,,
2040,02101830,DICLOXACILLIN,BRAND,202612,2025-09-19,,0.0,0.0,,,0.0,,,,,,,,,,0.0,,,,,
2041,02101830,DICLOXACILLIN,BRAND,202612,2025-10-03,,0.0,0.0,,,0.0,,,,,,,,,,0.0,,,,,
2042,02101830,DICLOXACILLIN,BRAND,202612,2025-10-10,,0.0,0.0,,,0.0,,,,,,,,,,0.0,,,,,
2043,02101830,DICLOXACILLIN,BRAND,202612,2025-10-17,,0.0,0.0,,,0.0,,,,,,,,,,0.0,,,,,
2044,02101830,DICLOXACILLIN,BRAND,202612,2025-10-24,,0.0,0.0,,,0.0,,,,,,,,,,0.0,,,,,
2045,02101830,DICLOXACILLIN,BRAND,202612,2025-10-31,,0.0,0.0,,,0.0,,,,,,,,,,0.0,,,,,
2046,02101830,DICLOXACILLIN,BRAND,202612,2025-11-07,,0.0,0.0,,,0.0,,,,,,,,,,0.0,,,,,
2047,02101830,DICLOXACILLIN,BRAND,202612,2025-11-14,,0.0,0.0,,,0.0,,,,,,,,,,0.0,,,,,
2048,02101830,DICLOXACILLIN,BRAND,202612,2025-11-19,,0.0,0.0,,,0.0,,,,,,,,,,0.0,,,,,
2049,02101830,DICLOXACILLIN,BRAND,202612,2025-11-21,,0.0,0.0,,,0.0,,,,,,,,,,0.0,,,,,
2050,02101830,DICLOXACILLIN,BRAND,202612,2025-11-28,,0.0,0.0,,,0.0,,,,,,,,,,0.0,,,,,
2051,02101830,DICLOXACILLIN,BRAND,202612,2025-12-05,,0.0,0.0,,,0.0,,,,,,,,,,0.0,,,,,
2052,02101830,DICLOXACILLIN,BRAND,202612,2025-12-12,,0.0,0.0,,,0.0,,,,,,,,,,0.0,,,,,
2053,02101830,DICLOXACILLIN,BRAND,202612,2025-12-17,,0.0,0.0,,,0.0,,,,,,,,,,0.0,,,,,
2054,02101830,DICLOXACILLIN,BRAND,202612,2025-12-19,,0.0,0.0,,,0.0,,,,,,,,,,0.0,,,,,
2055,02101830,DICLOXACILLIN,BRAND,202612,2025-12-26,,0.0,0.0,,,0.0,,,,,,,,,,0.0,,,,,
2056,02101830,DICLOXACILLIN,BRAND,202612,2026-01-02,,0.0,0.0,,,0.0,,,,,,,,,,0.0,,,,,
2057,02101830,DICLOXACILLIN,BRAND,202612,2026-01-09,,0.0,0.0,,,0.0,,,,,,,,,,0.0,,,,,
2058,02101830,DICLOXACILLIN,BRAND,202612,2026-01-16,,0.0,0.0,,,0.0,,,,,,,,,,0.0,,,,,
2059,02101830,DICLOXACILLIN,BRAND,202612,2026-01-23,,0.0,0.0,,,0.0,,,,,,,,,,0.0,,,,,
2060,02101830,DICLOXACILLIN,BRAND,202612,2026-01-30,,0.0,0.0,,,0.0,,,,,,,,,,0.0,,,,,
2061,02101830,DICLOXACILLIN,BRAND,202612,2026-02-06,,0.0,0.0,,,0.0,,,,,,,,,,0.0,,,,,
2062,02200812,COVID 19 Therapy,BRAND,202612,2025-07-18,,0.0,0.0,,,100.0,,,,,,,,,0.0,0.0,0.0,,,,
2063,02200812,COVID 19 Therapy,BRAND,202612,2025-07-25,0.0,0.0,0.0,,,100.0,,,,,,,,,0.0,0.0,0.0,,,,
2064,02200812,COVID 19 Therapy,BRAND,202612,2025-08-01,0.0,0.0,0.0,,,100.0,,,,,,,,,0.0,0.0,0.0,,,,
2065,02200812,COVID 19 Therapy,BRAND,202612,2025-08-08,0.0,0.0,0.0,,,100.0,,,,,,,,,0.0,0.0,0.0,,,,
2066,02200812,COVID 19 Therapy,BRAND,202612,2025-08-15,0.0,0.0,0.0,,,100.0,,,,,,,,,0.0,0.0,0.0,,,,
2067,02200812,COVID 19 Therapy,BRAND,202612,2025-08-22,0.0,0.0,0.0,,,100.0,,,,,,,,,0.0,0.0,0.0,,,,
2068,02200812,COVID 19 Therapy,BRAND,202612,2025-08-26,,0.0,0.0,,,100.0,,,,,,,,,0.0,0.0,0.0,,,,
2069,02200812,COVID 19 Therapy,BRAND,202612,2025-08-29,0.0,0.0,0.0,,,100.0,,,,,,,,,0.0,0.0,0.0,,,,
2070,02200812,COVID 19 Therapy,BRAND,202612,2025-09-05,0.0,0.0,0.0,,,100.0,,,,,,,,,0.0,0.0,0.0,,,,
2071,02200812,COVID 19 Therapy,BRAND,202612,2025-09-12,0.0,0.0,0.0,,,100.0,,,,,,,,,0.0,0.0,0.0,,,,
2072,02200812,COVID 19 Therapy,BRAND,202612,2025-09-18,0.0,0.0,0.0,,,100.0,,,,,,,,,0.0,0.0,0.0,,,,
2073,02200812,COVID 19 Therapy,BRAND,202612,2025-09-19,0.0,0.0,0.0,,,100.0,,,,,,,,,0.0,0.0,0.0,,,,
2074,02200812,COVID 19 Therapy,BRAND,202612,2025-09-26,0.0,0.0,0.0,,,100.0,,,,,,,,,0.0,0.0,0.0,,,,
2075,02200812,COVID 19 Therapy,BRAND,202612,2025-10-03,0.0,0.0,0.0,,,100.0,,,,,,,,,0.0,0.0,0.0,,,,
2076,02200812,COVID 19 Therapy,BRAND,202612,2025-10-10,0.0,0.0,0.0,,,100.0,,,,,,,,,0.0,0.0,0.0,,,,
2077,02200812,COVID 19 Therapy,BRAND,202612,2025-10-17,0.0,0.0,0.0,,,100.0,,,,,,,,,0.0,0.0,0.0,,,,
2078,02200812,COVID 19 Therapy,BRAND,202612,2025-10-24,0.0,0.0,0.0,,,100.0,,,,,,,,,0.0,0.0,0.0,,,,
2079,02200812,COVID 19 Therapy,BRAND,202612,2025-10-31,0.0,0.0,0.0,,,100.0,,,,,,,,,0.0,0.0,0.0,,,,
2080,02200812,COVID 19 Therapy,BRAND,202612,2025-11-07,0.0,0.0,0.0,,,100.0,,,,,,,,,0.0,0.0,0.0,,,,
2081,02200812,COVID 19 Therapy,BRAND,202612,2025-11-14,0.0,0.0,0.0,,,100.0,,,,,,,,,0.0,0.0,0.0,,,,
2082,02200812,COVID 19 Therapy,BRAND,202612,2025-11-19,0.0,0.0,0.0,,,100.0,,,,,,,,,0.0,0.0,0.0,,,,
2083,02200812,COVID 19 Therapy,BRAND,202612,2025-11-21,0.0,0.0,0.0,,,100.0,,,,,,,,,0.0,0.0,0.0,,,,
2084,02200812,COVID 19 Therapy,BRAND,202612,2025-11-28,0.0,0.0,0.0,,,100.0,,,,,,,,,0.0,0.0,0.0,,,,
2085,02200812,COVID 19 Therapy,BRAND,202612,2025-12-05,0.0,0.0,0.0,,,100.0,,,,,,,,,0.0,0.0,0.0,,,,
2086,02200812,COVID 19 Therapy,BRAND,202612,2025-12-12,0.0,0.0,0.0,,,100.0,,,,,,,,,0.0,0.0,0.0,,,,
2087,02200812,COVID 19 Therapy,BRAND,202612,2025-12-17,0.0,0.0,0.0,,,100.0,,,,,,,,,0.0,0.0,0.0,,,,
2088,02200812,COVID 19 Therapy,BRAND,202612,2025-12-19,0.0,0.0,0.0,,,100.0,,,,,,,,,0.0,0.0,0.0,,,,
2089,02200812,COVID 19 Therapy,BRAND,202612,2025-12-26,6.52,9.91,9.91,,100.0,66.67,0.0,100.0,100.0,100.0,100.0,100.0,0.0,1,0.0,0.33,0.0,0.0,100.0,67.78,
2090,02200812,COVID 19 Therapy,BRAND,202612,2026-01-02,2.92,4.73,4.73,,100.0,100.0,100.0,39.18,100.0,100.0,100.0,0.0,100.0,-1,100.0,0.0,0.0,100.0,100.0,80.0,
2091,02200812,COVID 19 Therapy,BRAND,202612,2026-01-09,0.0,0.0,0.0,,,100.0,,,,,,,,,0.0,0.0,0.0,,,,
2092,02200812,COVID 19 Therapy,BRAND,202612,2026-01-16,0.0,0.0,0.0,,,100.0,,,,,,,,,0.0,0.0,0.0,,,,
2093,02200812,COVID 19 Therapy,BRAND,202612,2026-01-23,9.63,14.65,14.65,,100.0,66.67,19.65,80.35,100.0,100.0,100.0,67.7,30.32,0,100.0,0.33,0.0,19.65,37.37,67.78,
2094,02200812,COVID 19 Therapy,BRAND,202612,2026-01-30,0.0,0.0,0.0,,,100.0,,,,,,,,,0.0,0.0,0.0,,,,
2095,02200812,COVID 19 Therapy,BRAND,202612,2026-02-06,0.0,0.0,0.0,,,100.0,,,,,,,,,0.0,0.0,0.0,,,,
2096,02201380,DDI (Videx),BRAND,202612,2025-07-18,,0.0,0.0,,,100.0,,,,,,,,,0.0,0.0,0.0,,,,
2097,02201380,DDI (Videx),BRAND,202612,2025-07-25,,0.0,0.0,,,0.0,,,,,,,,,,0.0,,,,,
2098,02201380,DDI (Videx),BRAND,202612,2025-08-01,,0.0,0.0,,,0.0,,,,,,,,,,0.0,,,,,
2099,02201380,DDI (Videx),BRAND,202612,2025-08-08,,0.0,0.0,,,0.0,,,,,,,,,,0.0,,,,,
2100,02201380,DDI (Videx),BRAND,202612,2025-08-15,,0.0,0.0,,,0.0,,,,,,,,,,0.0,,,,,
2101,02201380,DDI (Videx),BRAND,202612,2025-08-22,,0.0,0.0,,,0.0,,,,,,,,,,0.0,,,,,
2102,02201380,DDI (Videx),BRAND,202612,2025-08-26,,0.0,0.0,,,0.0,,,,,,,,,,0.0,,,,,
2103,02201380,DDI (Videx),BRAND,202612,2025-08-29,,0.0,0.0,,,0.0,,,,,,,,,,0.0,,,,,
2104,02201380,DDI (Videx),BRAND,202612,2025-09-05,,0.0,0.0,,,0.0,,,,,,,,,,0.0,,,,,
2105,02201380,DDI (Videx),BRAND,202612,2025-09-12,,0.0,0.0,,,0.0,,,,,,,,,,0.0,,,,,
2106,02201380,DDI (Videx),BRAND,202612,2025-09-18,,0.0,0.0,,,0.0,,,,,,,,,,0.0,,,,,
2107,02201380,DDI (Videx),BRAND,202612,2025-09-19,,0.0,0.0,,,0.0,,,,,,,,,,0.0,,,,,
2108,02201380,DDI (Videx),BRAND,202612,2025-10-03,,0.0,0.0,,,0.0,,,,,,,,,,0.0,,,,,
2109,02201380,DDI (Videx),BRAND,202612,2025-10-10,,0.0,0.0,,,0.0,,,,,,,,,,0.0,,,,,
2110,02201380,DDI (Videx),BRAND,202612,2025-10-17,,0.0,0.0,,,0.0,,,,,,,,,,0.0,,,,,
2111,02201380,DDI (Videx),BRAND,202612,2025-10-24,,0.0,0.0,,,0.0,,,,,,,,,,0.0,,,,,
2112,02201380,DDI (Videx),BRAND,202612,2025-10-31,,0.0,0.0,,,0.0,,,,,,,,,,0.0,,,,,
2113,02201380,DDI (Videx),BRAND,202612,2025-11-07,,0.0,0.0,,,0.0,,,,,,,,,,0.0,,,,,
2114,02201380,DDI (Videx),BRAND,202612,2025-11-14,,0.0,0.0,,,0.0,,,,,,,,,,0.0,,,,,
2115,02201380,DDI (Videx),BRAND,202612,2025-11-19,,0.0,0.0,,,0.0,,,,,,,,,,0.0,,,,,
2116,02201380,DDI (Videx),BRAND,202612,2025-11-21,,0.0,0.0,,,0.0,,,,,,,,,,0.0,,,,,
2117,02201380,DDI (Videx),BRAND,202612,2025-11-28,,0.0,0.0,,,0.0,,,,,,,,,,0.0,,,,,
2118,02201380,DDI (Videx),BRAND,202612,2025-12-05,,0.0,0.0,,,0.0,,,,,,,,,,0.0,,,,,
2119,02201380,DDI (Videx),BRAND,202612,2025-12-12,,0.0,0.0,,,0.0,,,,,,,,,,0.0,,,,,
2120,02201380,DDI (Videx),BRAND,202612,2025-12-17,,0.0,0.0,,,0.0,,,,,,,,,,0.0,,,,,
2121,02201380,DDI (Videx),BRAND,202612,2025-12-19,,0.0,0.0,,,0.0,,,,,,,,,,0.0,,,,,
2122,02201380,DDI (Videx),BRAND,202612,2025-12-26,,0.0,0.0,,,0.0,,,,,,,,,,0.0,,,,,
2123,02201380,DDI (Videx),BRAND,202612,2026-01-02,,0.0,0.0,,,0.0,,,,,,,,,,0.0,,,,,
2124,02201380,DDI (Videx),BRAND,202612,2026-01-09,,0.0,0.0,,,0.0,,,,,,,,,,0.0,,,,,
2125,02201380,DDI (Videx),BRAND,202612,2026-01-16,,0.0,0.0,,,0.0,,,,,,,,,,0.0,,,,,
2126,02201380,DDI (Videx),BRAND,202612,2026-01-23,,0.0,0.0,,,0.0,,,,,,,,,,0.0,,,,,
2127,02201380,DDI (Videx),BRAND,202612,2026-01-30,,0.0,0.0,,,0.0,,,,,,,,,,0.0,,,,,
2128,02201380,DDI (Videx),BRAND,202612,2026-02-06,,0.0,0.0,,,0.0,,,,,,,,,,0.0,,,,,
2129,02201381,Didanosine,BRAND,202612,2025-07-18,,0.0,0.0,,,100.0,,,,,,,,,0.0,0.0,0.0,,,,
2130,02201381,Didanosine,BRAND,202612,2025-07-25,,0.0,0.0,,,0.0,,,,,,,,,,0.0,,,,,
2131,02201381,Didanosine,BRAND,202612,2025-08-01,,0.0,0.0,,,0.0,,,,,,,,,,0.0,,,,,
2132,02201381,Didanosine,BRAND,202612,2025-08-08,,0.0,0.0,,,0.0,,,,,,,,,,0.0,,,,,
2133,02201381,Didanosine,BRAND,202612,2025-08-15,,0.0,0.0,,,0.0,,,,,,,,,,0.0,,,,,
2134,02201381,Didanosine,BRAND,202612,2025-08-22,,0.0,0.0,,,0.0,,,,,,,,,,0.0,,,,,
2135,02201381,Didanosine,BRAND,202612,2025-08-26,,0.0,0.0,,,0.0,,,,,,,,,,0.0,,,,,
2136,02201381,Didanosine,BRAND,202612,2025-08-29,,0.0,0.0,,,0.0,,,,,,,,,,0.0,,,,,
2137,02201381,Didanosine,BRAND,202612,2025-09-05,,0.0,0.0,,,0.0,,,,,,,,,,0.0,,,,,
2138,02201381,Didanosine,BRAND,202612,2025-09-12,,0.0,0.0,,,0.0,,,,,,,,,,0.0,,,,,
2139,02201381,Didanosine,BRAND,202612,2025-09-18,,0.0,0.0,,,0.0,,,,,,,,,,0.0,,,,,
2140,02201381,Didanosine,BRAND,202612,2025-09-19,,0.0,0.0,,,0.0,,,,,,,,,,0.0,,,,,
2141,02201381,Didanosine,BRAND,202612,2025-10-03,,0.0,0.0,,,0.0,,,,,,,,,,0.0,,,,,
2142,02201381,Didanosine,BRAND,202612,2025-10-10,,0.0,0.0,,,0.0,,,,,,,,,,0.0,,,,,
2143,02201381,Didanosine,BRAND,202612,2025-10-17,,0.0,0.0,,,0.0,,,,,,,,,,0.0,,,,,
2144,02201381,Didanosine,BRAND,202612,2025-10-24,,0.0,0.0,,,0.0,,,,,,,,,,0.0,,,,,
2145,02201381,Didanosine,BRAND,202612,2025-10-31,,0.0,0.0,,,0.0,,,,,,,,,,0.0,,,,,
2146,02201381,Didanosine,BRAND,202612,2025-11-07,,0.0,0.0,,,0.0,,,,,,,,,,0.0,,,,,
2147,02201381,Didanosine,BRAND,202612,2025-11-14,,0.0,0.0,,,0.0,,,,,,,,,,0.0,,,,,
2148,02201381,Didanosine,BRAND,202612,2025-11-19,,0.0,0.0,,,0.0,,,,,,,,,,0.0,,,,,
2149,02201381,Didanosine,BRAND,202612,2025-11-21,,0.0,0.0,,,0.0,,,,,,,,,,0.0,,,,,
2150,02201381,Didanosine,BRAND,202612,2025-11-28,,0.0,0.0,,,0.0,,,,,,,,,,0.0,,,,,
2151,02201381,Didanosine,BRAND,202612,2025-12-05,,0.0,0.0,,,0.0,,,,,,,,,,0.0,,,,,
2152,02201381,Didanosine,BRAND,202612,2025-12-12,,0.0,0.0,,,0.0,,,,,,,,,,0.0,,,,,
2153,02201381,Didanosine,BRAND,202612,2025-12-17,,0.0,0.0,,,0.0,,,,,,,,,,0.0,,,,,
2154,02201381,Didanosine,BRAND,202612,2025-12-19,,0.0,0.0,,,0.0,,,,,,,,,,0.0,,,,,
2155,02201381,Didanosine,BRAND,202612,2025-12-26,,0.0,0.0,,,0.0,,,,,,,,,,0.0,,,,,
2156,02201381,Didanosine,BRAND,202612,2026-01-02,,0.0,0.0,,,0.0,,,,,,,,,,0.0,,,,,
2157,02201381,Didanosine,BRAND,202612,2026-01-09,,0.0,0.0,,,0.0,,,,,,,,,,0.0,,,,,
2158,02201381,Didanosine,BRAND,202612,2026-01-16,,0.0,0.0,,,0.0,,,,,,,,,,0.0,,,,,
2159,02201381,Didanosine,BRAND,202612,2026-01-23,,0.0,0.0,,,0.0,,,,,,,,,,0.0,,,,,
2160,02201381,Didanosine,BRAND,202612,2026-01-30,,0.0,0.0,,,0.0,,,,,,,,,,0.0,,,,,
2161,02201381,Didanosine,BRAND,202612,2026-02-06,,0.0,0.0,,,0.0,,,,,,,,,,0.0,,,,,
2162,02201385,STAVUDINE,BRAND,202612,2025-07-18,,0.0,0.0,,,100.0,,,,,,,,,0.0,0.0,0.0,,,,
2163,02201385,STAVUDINE,BRAND,202612,2025-07-25,,0.0,0.0,,,0.0,,,,,,,,,,0.0,,,,,
2164,02201385,STAVUDINE,BRAND,202612,2025-08-01,,0.0,0.0,,,0.0,,,,,,,,,,0.0,,,,,
2165,02201385,STAVUDINE,BRAND,202612,2025-08-08,,0.0,0.0,,,0.0,,,,,,,,,,0.0,,,,,
2166,02201385,STAVUDINE,BRAND,202612,2025-08-15,,0.0,0.0,,,0.0,,,,,,,,,,0.0,,,,,
2167,02201385,STAVUDINE,BRAND,202612,2025-08-22,,0.0,0.0,,,0.0,,,,,,,,,,0.0,,,,,
2168,02201385,STAVUDINE,BRAND,202612,2025-08-26,,0.0,0.0,,,0.0,,,,,,,,,,0.0,,,,,
2169,02201385,STAVUDINE,BRAND,202612,2025-08-29,,0.0,0.0,,,0.0,,,,,,,,,,0.0,,,,,
2170,02201385,STAVUDINE,BRAND,202612,2025-09-05,,0.0,0.0,,,0.0,,,,,,,,,,0.0,,,,,
2171,02201385,STAVUDINE,BRAND,202612,2025-09-12,,0.0,0.0,,,0.0,,,,,,,,,,0.0,,,,,
2172,02201385,STAVUDINE,BRAND,202612,2025-09-18,,0.0,0.0,,,0.0,,,,,,,,,,0.0,,,,,
2173,02201385,STAVUDINE,BRAND,202612,2025-09-19,,0.0,0.0,,,0.0,,,,,,,,,,0.0,,,,,
2174,02201385,STAVUDINE,BRAND,202612,2025-10-03,,0.0,0.0,,,0.0,,,,,,,,,,0.0,,,,,
2175,02201385,STAVUDINE,BRAND,202612,2025-10-10,,0.0,0.0,,,0.0,,,,,,,,,,0.0,,,,,
2176,02201385,STAVUDINE,BRAND,202612,2025-10-17,,0.0,0.0,,,0.0,,,,,,,,,,0.0,,,,,
2177,02201385,STAVUDINE,BRAND,202612,2025-10-24,,0.0,0.0,,,0.0,,,,,,,,,,0.0,,,,,
2178,02201385,STAVUDINE,BRAND,202612,2025-10-31,,0.0,0.0,,,0.0,,,,,,,,,,0.0,,,,,
2179,02201385,STAVUDINE,BRAND,202612,2025-11-07,,0.0,0.0,,,0.0,,,,,,,,,,0.0,,,,,
2180,02201385,STAVUDINE,BRAND,202612,2025-11-14,,0.0,0.0,,,0.0,,,,,,,,,,0.0,,,,,
2181,02201385,STAVUDINE,BRAND,202612,2025-11-19,,0.0,0.0,,,0.0,,,,,,,,,,0.0,,,,,
2182,02201385,STAVUDINE,BRAND,202612,2025-11-21,,0.0,0.0,,,0.0,,,,,,,,,,0.0,,,,,
2183,02201385,STAVUDINE,BRAND,202612,2025-11-28,,0.0,0.0,,,0.0,,,,,,,,,,0.0,,,,,
2184,02201385,STAVUDINE,BRAND,202612,2025-12-05,,0.0,0.0,,,0.0,,,,,,,,,,0.0,,,,,
2185,02201385,STAVUDINE,BRAND,202612,2025-12-12,,0.0,0.0,,,0.0,,,,,,,,,,0.0,,,,,
2186,02201385,STAVUDINE,BRAND,202612,2025-12-17,,0.0,0.0,,,0.0,,,,,,,,,,0.0,,,,,
2187,02201385,STAVUDINE,BRAND,202612,2025-12-19,,0.0,0.0,,,0.0,,,,,,,,,,0.0,,,,,
2188,02201385,STAVUDINE,BRAND,202612,2025-12-26,,0.0,0.0,,,0.0,,,,,,,,,,0.0,,,,,
2189,02201385,STAVUDINE,BRAND,202612,2026-01-02,,0.0,0.0,,,0.0,,,,,,,,,,0.0,,,,,
2190,02201385,STAVUDINE,BRAND,202612,2026-01-09,,0.0,0.0,,,0.0,,,,,,,,,,0.0,,,,,
2191,02201385,STAVUDINE,BRAND,202612,2026-01-16,,0.0,0.0,,,0.0,,,,,,,,,,0.0,,,,,
2192,02201385,STAVUDINE,BRAND,202612,2026-01-23,,0.0,0.0,,,0.0,,,,,,,,,,0.0,,,,,
2193,02201385,STAVUDINE,BRAND,202612,2026-01-30,,0.0,0.0,,,0.0,,,,,,,,,,0.0,,,,,
2194,02201385,STAVUDINE,BRAND,202612,2026-02-06,,0.0,0.0,,,0.0,,,,,,,,,,0.0,,,,,
2195,02201386,Atazanavir,BRAND,202612,2025-07-18,,0.0,0.0,,,100.0,,,,,,,,,0.0,0.0,0.0,,,,
2196,02201386,Atazanavir,BRAND,202612,2025-07-25,-0.72,1174092.36,-99282.33,,8.46,40.26,100.0,43.95,99.13,100.0,54.49,100.0,0.0,1,16.13,0.06,0.0,99.13,100.0,55.97,
2197,02201386,Atazanavir,BRAND,202612,2025-08-01,-0.24,166451.17,-32356.38,,19.44,40.26,100.0,40.28,96.42,100.0,59.3,100.0,0.0,1,17.74,0.08,0.0,96.42,100.0,54.95,
2198,02201386,Atazanavir,BRAND,202612,2025-08-08,4.36,1076117.72,595945.32,,55.38,39.87,100.0,24.69,67.23,83.89,57.78,100.0,0.0,1,59.02,0.24,0.0,67.23,100.0,43.64,
2199,02201386,Atazanavir,BRAND,202612,2025-08-15,-1.15,659091.89,-163694.74,,24.84,39.87,100.0,18.72,59.31,83.53,41.39,100.0,0.0,1,44.26,0.19,0.0,59.31,100.0,40.3,
2200,02201386,Atazanavir,BRAND,202612,2025-08-22,-1.44,578684.55,-202729.1,,35.03,39.07,100.0,21.05,70.71,97.38,56.21,100.0,0.0,1,37.29,0.16,0.0,70.71,100.0,44.44,
2201,02201386,Atazanavir,BRAND,202612,2025-08-26,,0.0,0.0,,,39.07,,,,,,,,,0.0,0.0,0.0,,,,
2202,02201386,Atazanavir,BRAND,202612,2025-08-29,-2.09,291763.27,-290922.13,,99.71,39.07,100.0,89.96,99.77,100.0,97.44,100.0,0.0,1,15.25,0.06,0.0,99.77,100.0,55.74,
2203,02201386,Atazanavir,BRAND,202612,2025-09-05,-0.33,280481.13,-44461.8,,15.85,35.95,87.61,30.25,74.03,90.4,37.63,100.0,0.0,1,43.64,0.22,0.0,64.86,100.0,44.71,
2204,02201386,Atazanavir,BRAND,202612,2025-09-12,-0.35,173235.63,-46919.81,,27.08,32.03,37.41,28.8,92.28,100.0,40.33,100.0,0.0,1,10.2,0.1,0.0,34.52,100.0,50.05,
2205,02201386,Atazanavir,BRAND,202612,2025-09-18,-0.8,442605.31,-108306.2,,24.47,35.95,68.94,19.07,56.46,82.24,36.9,100.0,0.0,1,41.82,0.28,0.0,38.92,100.0,37.9,
2206,02201386,Atazanavir,BRAND,202612,2025-09-19,-0.11,46035.37,-14697.52,,31.93,32.03,46.29,22.23,81.45,96.57,41.95,100.0,0.0,1,14.29,0.2,2.04,37.7,100.0,46.06,
2207,02201386,Atazanavir,BRAND,202612,2025-09-26,0.08,14155.53,10933.81,,77.24,92.86,61.09,36.54,95.18,100.0,73.94,100.0,0.0,1,9.62,0.27,0.0,58.14,100.0,76.11,
2208,02201386,Atazanavir,BRAND,202612,2025-10-03,6.37,1059685.04,859274.6,,81.09,34.48,42.93,44.53,88.05,98.09,70.68,100.0,0.0,1,50.0,0.24,0.0,37.8,100.0,49.82,
2209,02201386,Atazanavir,BRAND,202612,2025-10-10,0.0,0.0,0.0,,,33.56,,,,,,,,,0.0,0.0,0.0,,,,
2210,02201386,Atazanavir,BRAND,202612,2025-10-17,3.22,1748222.81,435115.64,,24.89,33.56,59.5,26.99,67.63,87.3,76.28,100.0,0.0,1,61.22,0.25,0.0,40.24,100.0,41.32,
2211,02201386,Atazanavir,BRAND,202612,2025-10-24,-2.51,888264.46,-360586.05,,40.59,27.4,30.37,21.7,70.67,89.22,81.39,100.0,0.0,1,25.0,0.28,2.5,21.46,100.0,40.16,
2212,02201386,Atazanavir,BRAND,202612,2025-10-31,0.25,173476.87,35041.55,,20.2,32.41,60.12,38.16,94.04,99.71,63.99,100.0,0.0,1,14.89,0.15,0.0,56.54,100.0,51.09,
2213,02201386,Atazanavir,BRAND,202612,2025-11-07,3.53,515045.23,493885.07,,95.89,36.55,99.58,89.72,98.05,99.61,92.51,100.0,0.0,1,32.08,0.18,0.0,97.64,100.0,54.44,
2214,02201386,Atazanavir,BRAND,202612,2025-11-14,0.05,155677.74,7420.15,,4.77,31.47,25.58,42.52,99.34,100.0,64.94,100.0,0.0,1,6.67,0.05,0.0,25.41,100.0,52.49,
2215,02201386,Atazanavir,BRAND,202612,2025-11-19,4.11,777351.91,570012.83,,73.33,33.57,85.62,59.44,86.65,95.7,77.67,100.0,0.0,1,43.75,0.21,2.08,74.19,100.0,48.79,
2216,02201386,Atazanavir,BRAND,202612,2025-11-21,-0.28,44712.67,-40813.75,,91.28,31.47,100.0,84.68,100.0,100.0,84.68,100.0,0.0,1,11.11,0.06,0.0,100.0,100.0,52.77,
2217,02201386,Atazanavir,BRAND,202612,2025-11-28,-3.83,554624.0,-553994.38,,99.89,34.27,0.14,45.11,99.95,100.0,64.25,100.0,0.0,1,8.16,0.06,0.0,0.14,100.0,53.87,
2218,02201386,Atazanavir,BRAND,202612,2025-12-05,-0.47,245133.85,-65909.25,,26.89,36.88,82.82,60.37,94.83,99.33,60.37,100.0,0.0,1,34.62,0.14,0.0,78.54,100.0,53.16,
2219,02201386,Atazanavir,BRAND,202612,2025-12-12,0.25,560338.4,34582.9,,6.17,31.21,83.86,35.36,83.65,97.29,72.71,100.0,0.0,1,25.0,0.16,2.27,70.15,100.0,46.48,
2220,02201386,Atazanavir,BRAND,202612,2025-12-17,-4.31,1374850.71,-622420.35,,45.27,29.08,49.69,18.2,59.82,86.78,28.47,100.0,0.0,1,56.1,0.38,0.0,29.73,100.0,36.81,
2221,02201386,Atazanavir,BRAND,202612,2025-12-19,-0.67,299915.13,-92873.65,,30.97,30.5,45.13,54.65,97.47,100.0,77.09,100.0,0.0,1,16.28,0.13,4.65,43.99,100.0,51.61,
2222,02201386,Atazanavir,BRAND,202612,2025-12-26,-1.15,159531.14,-158983.86,,99.66,34.75,99.83,99.66,100.0,100.0,99.83,100.0,0.0,1,4.08,0.03,0.0,99.83,100.0,54.0,
2223,02201386,Atazanavir,BRAND,202612,2026-01-02,0.24,824157.74,33342.5,,4.05,36.88,97.93,17.5,61.4,82.79,66.73,354.73,-263.83,-1,55.77,0.15,0.0,60.13,618.56,39.81,
2224,02201386,Atazanavir,BRAND,202612,2026-01-09,0.03,89214.03,4714.89,,5.28,36.17,88.16,52.64,100.0,100.0,52.64,100.0,0.0,1,3.92,0.02,0.0,88.16,100.0,54.54,
2225,02201386,Atazanavir,BRAND,202612,2026-01-16,-0.59,83392.86,-81047.12,,97.19,33.57,12.41,45.13,98.39,100.0,97.19,100.0,0.0,1,19.15,0.09,0.0,12.21,100.0,53.07,
2226,02201386,Atazanavir,BRAND,202612,2026-01-23,-38.68,6008784.94,-5348039.65,,89.0,31.43,22.42,29.2,81.52,92.8,74.63,98.38,1.7,1,50.0,0.29,2.27,18.28,96.68,46.13,
2227,02201386,Atazanavir,BRAND,202612,2026-01-30,-37.34,5098111.7,-5065415.73,,99.36,29.29,7.62,34.41,97.22,99.91,86.23,100.0,0.0,1,19.51,0.21,2.44,7.41,100.0,51.32,
2228,02201386,Atazanavir,BRAND,202612,2026-02-06,-10.42,1092333.71,-885744.52,,81.09,29.29,21.28,33.64,84.36,98.5,75.41,100.0,0.0,1,39.02,0.26,0.0,17.96,100.0,46.34,
2229,02201387,Megesterol,BRAND,202612,2025-07-18,,0.0,0.0,,,100.0,,,,,,,,,0.0,0.0,0.0,,,,
2230,02201387,Megesterol,BRAND,202612,2025-07-25,,0.0,0.0,,,0.0,,,,,,,,,,0.0,,,,,
2231,02201387,Megesterol,BRAND,202612,2025-08-01,,0.0,0.0,,,0.0,,,,,,,,,,0.0,,,,,
2232,02201387,Megesterol,BRAND,202612,2025-08-08,,0.0,0.0,,,0.0,,,,,,,,,,0.0,,,,,
2233,02201387,Megesterol,BRAND,202612,2025-08-15,,0.0,0.0,,,0.0,,,,,,,,,,0.0,,,,,
2234,02201387,Megesterol,BRAND,202612,2025-08-22,,0.0,0.0,,,0.0,,,,,,,,,,0.0,,,,,
2235,02201387,Megesterol,BRAND,202612,2025-08-26,,0.0,0.0,,,0.0,,,,,,,,,,0.0,,,,,
2236,02201387,Megesterol,BRAND,202612,2025-08-29,,0.0,0.0,,,0.0,,,,,,,,,,0.0,,,,,
2237,02201387,Megesterol,BRAND,202612,2025-09-05,,0.0,0.0,,,0.0,,,,,,,,,,0.0,,,,,
2238,02201387,Megesterol,BRAND,202612,2025-09-12,,0.0,0.0,,,0.0,,,,,,,,,,0.0,,,,,
2239,02201387,Megesterol,BRAND,202612,2025-09-18,,0.0,0.0,,,0.0,,,,,,,,,,0.0,,,,,
2240,02201387,Megesterol,BRAND,202612,2025-09-19,,0.0,0.0,,,0.0,,,,,,,,,,0.0,,,,,
2241,02201387,Megesterol,BRAND,202612,2025-10-03,,0.0,0.0,,,0.0,,,,,,,,,,0.0,,,,,
2242,02201387,Megesterol,BRAND,202612,2025-10-10,,0.0,0.0,,,0.0,,,,,,,,,,0.0,,,,,
2243,02201387,Megesterol,BRAND,202612,2025-10-17,,0.0,0.0,,,0.0,,,,,,,,,,0.0,,,,,
2244,02201387,Megesterol,BRAND,202612,2025-10-24,,0.0,0.0,,,0.0,,,,,,,,,,0.0,,,,,
2245,02201387,Megesterol,BRAND,202612,2025-10-31,,0.0,0.0,,,0.0,,,,,,,,,,0.0,,,,,
2246,02201387,Megesterol,BRAND,202612,2025-11-07,,0.0,0.0,,,0.0,,,,,,,,,,0.0,,,,,
2247,02201387,Megesterol,BRAND,202612,2025-11-14,,0.0,0.0,,,0.0,,,,,,,,,,0.0,,,,,
2248,02201387,Megesterol,BRAND,202612,2025-11-19,,0.0,0.0,,,0.0,,,,,,,,,,0.0,,,,,
2249,02201387,Megesterol,BRAND,202612,2025-11-21,,0.0,0.0,,,0.0,,,,,,,,,,0.0,,,,,
2250,02201387,Megesterol,BRAND,202612,2025-11-28,,0.0,0.0,,,0.0,,,,,,,,,,0.0,,,,,
2251,02201387,Megesterol,BRAND,202612,2025-12-05,,0.0,0.0,,,0.0,,,,,,,,,,0.0,,,,,
2252,02201387,Megesterol,BRAND,202612,2025-12-12,,0.0,0.0,,,0.0,,,,,,,,,,0.0,,,,,
2253,02201387,Megesterol,BRAND,202612,2025-12-17,,0.0,0.0,,,0.0,,,,,,,,,,0.0,,,,,
2254,02201387,Megesterol,BRAND,202612,2025-12-19,,0.0,0.0,,,0.0,,,,,,,,,,0.0,,,,,
2255,02201387,Megesterol,BRAND,202612,2025-12-26,,0.0,0.0,,,0.0,,,,,,,,,,0.0,,,,,
2256,02201387,Megesterol,BRAND,202612,2026-01-02,,0.0,0.0,,,0.0,,,,,,,,,,0.0,,,,,
2257,02201387,Megesterol,BRAND,202612,2026-01-09,,0.0,0.0,,,0.0,,,,,,,,,,0.0,,,,,
2258,02201387,Megesterol,BRAND,202612,2026-01-16,,0.0,0.0,,,0.0,,,,,,,,,,0.0,,,,,
2259,02201387,Megesterol,BRAND,202612,2026-01-23,,0.0,0.0,,,0.0,,,,,,,,,,0.0,,,,,
2260,02201387,Megesterol,BRAND,202612,2026-01-30,,0.0,0.0,,,0.0,,,,,,,,,,0.0,,,,,
2261,02201387,Megesterol,BRAND,202612,2026-02-06,,0.0,0.0,,,0.0,,,,,,,,,,0.0,,,,,
2262,02201389,Gatifloxacin,BRAND,202612,2025-07-18,,0.0,0.0,,,100.0,,,,,,,,,0.0,0.0,0.0,,,,
2263,02201389,Gatifloxacin,BRAND,202612,2025-07-25,,0.0,0.0,,,0.0,,,,,,,,,,0.0,,,,,
2264,02201389,Gatifloxacin,BRAND,202612,2025-08-01,,0.0,0.0,,,0.0,,,,,,,,,,0.0,,,,,
2265,02201389,Gatifloxacin,BRAND,202612,2025-08-08,,0.0,0.0,,,0.0,,,,,,,,,,0.0,,,,,
2266,02201389,Gatifloxacin,BRAND,202612,2025-08-15,,0.0,0.0,,,0.0,,,,,,,,,,0.0,,,,,
2267,02201389,Gatifloxacin,BRAND,202612,2025-08-22,,0.0,0.0,,,0.0,,,,,,,,,,0.0,,,,,
2268,02201389,Gatifloxacin,BRAND,202612,2025-08-26,,0.0,0.0,,,0.0,,,,,,,,,,0.0,,,,,
2269,02201389,Gatifloxacin,BRAND,202612,2025-08-29,,0.0,0.0,,,0.0,,,,,,,,,,0.0,,,,,
2270,02201389,Gatifloxacin,BRAND,202612,2025-09-05,,0.0,0.0,,,0.0,,,,,,,,,,0.0,,,,,
2271,02201389,Gatifloxacin,BRAND,202612,2025-09-12,,0.0,0.0,,,0.0,,,,,,,,,,0.0,,,,,
2272,02201389,Gatifloxacin,BRAND,202612,2025-09-18,,0.0,0.0,,,0.0,,,,,,,,,,0.0,,,,,
2273,02201389,Gatifloxacin,BRAND,202612,2025-09-19,,0.0,0.0,,,0.0,,,,,,,,,,0.0,,,,,
2274,02201389,Gatifloxacin,BRAND,202612,2025-10-10,,0.0,0.0,,,0.0,,,,,,,,,,0.0,,,,,
2275,02201389,Gatifloxacin,BRAND,202612,2025-10-17,,0.0,0.0,,,0.0,,,,,,,,,,0.0,,,,,
2276,02201389,Gatifloxacin,BRAND,202612,2025-10-24,,0.0,0.0,,,0.0,,,,,,,,,,0.0,,,,,
2277,02201389,Gatifloxacin,BRAND,202612,2025-10-31,,0.0,0.0,,,0.0,,,,,,,,,,0.0,,,,,
2278,02201389,Gatifloxacin,BRAND,202612,2025-11-07,,0.0,0.0,,,0.0,,,,,,,,,,0.0,,,,,
2279,02201389,Gatifloxacin,BRAND,202612,2025-11-14,,0.0,0.0,,,0.0,,,,,,,,,,0.0,,,,,
2280,02201389,Gatifloxacin,BRAND,202612,2025-11-19,,0.0,0.0,,,0.0,,,,,,,,,,0.0,,,,,
2281,02201389,Gatifloxacin,BRAND,202612,2025-11-21,,0.0,0.0,,,0.0,,,,,,,,,,0.0,,,,,
2282,02201389,Gatifloxacin,BRAND,202612,2025-11-28,,0.0,0.0,,,0.0,,,,,,,,,,0.0,,,,,
2283,02201389,Gatifloxacin,BRAND,202612,2025-12-05,,0.0,0.0,,,0.0,,,,,,,,,,0.0,,,,,
2284,02201389,Gatifloxacin,BRAND,202612,2025-12-12,,0.0,0.0,,,0.0,,,,,,,,,,0.0,,,,,
2285,02201389,Gatifloxacin,BRAND,202612,2025-12-17,,0.0,0.0,,,0.0,,,,,,,,,,0.0,,,,,
2286,02201389,Gatifloxacin,BRAND,202612,2025-12-19,,0.0,0.0,,,0.0,,,,,,,,,,0.0,,,,,
2287,02201389,Gatifloxacin,BRAND,202612,2025-12-26,,0.0,0.0,,,0.0,,,,,,,,,,0.0,,,,,
2288,02201389,Gatifloxacin,BRAND,202612,2026-01-02,,0.0,0.0,,,0.0,,,,,,,,,,0.0,,,,,
2289,02201389,Gatifloxacin,BRAND,202612,2026-01-09,,0.0,0.0,,,0.0,,,,,,,,,,0.0,,,,,
2290,02201389,Gatifloxacin,BRAND,202612,2026-01-16,,0.0,0.0,,,0.0,,,,,,,,,,0.0,,,,,
2291,02201389,Gatifloxacin,BRAND,202612,2026-01-23,,0.0,0.0,,,0.0,,,,,,,,,,0.0,,,,,
2292,02201389,Gatifloxacin,BRAND,202612,2026-01-30,,0.0,0.0,,,0.0,,,,,,,,,,0.0,,,,,
2293,02201389,Gatifloxacin,BRAND,202612,2026-02-06,,0.0,0.0,,,0.0,,,,,,,,,,0.0,,,,,
2294,02201390,Triamcinolone,BRAND,202612,2025-07-18,,0.0,0.0,,,100.0,,,,,,,,,0.0,0.0,0.0,,,,
2295,02201390,Triamcinolone,BRAND,202612,2025-07-25,0.34,495289.09,103887.8,,20.98,45.16,100.0,35.06,96.51,99.87,35.06,100.0,0.0,1,15.48,0.07,0.0,96.51,100.0,56.9,
2296,02201390,Triamcinolone,BRAND,202612,2025-08-01,-0.1,1974234.65,-29243.83,,1.48,45.16,100.0,39.34,87.42,97.96,46.44,100.0,0.0,1,32.14,0.17,0.0,87.42,100.0,53.61,
2297,02201390,Triamcinolone,BRAND,202612,2025-08-08,-1.84,5679745.58,-562207.02,,9.9,44.86,100.0,13.68,48.36,71.63,61.15,100.0,0.0,1,62.65,0.32,0.0,48.36,100.0,38.37,
2298,02201390,Triamcinolone,BRAND,202612,2025-08-15,0.64,925682.06,192943.31,,20.84,44.86,100.0,42.05,89.3,98.63,58.06,100.0,0.0,1,22.89,0.12,0.0,89.3,100.0,54.08,
2299,02201390,Triamcinolone,BRAND,202612,2025-08-22,-1.25,1456416.89,-373188.59,,25.62,44.57,100.0,26.73,88.97,99.81,60.89,100.0,0.0,1,15.85,0.11,0.0,88.97,100.0,53.77,
2300,02201390,Triamcinolone,BRAND,202612,2025-08-26,,0.0,0.0,,,44.57,,,,,,,,,0.0,0.0,0.0,,,,
2301,02201390,Triamcinolone,BRAND,202612,2025-08-29,0.98,1047420.4,290057.03,,27.69,44.57,100.0,37.01,85.78,99.19,58.49,100.0,0.0,1,24.39,0.11,0.0,85.78,100.0,52.5,
2302,02201390,Triamcinolone,BRAND,202612,2025-09-05,1.86,4255915.96,554444.63,,13.03,37.16,69.87,9.15,37.78,66.34,46.66,100.0,0.0,1,61.76,0.34,1.47,26.4,100.0,31.11,
2303,02201390,Triamcinolone,BRAND,202612,2025-09-12,-1.57,1228290.74,-476421.62,,38.79,40.98,42.69,37.81,99.59,99.97,37.81,100.0,0.0,1,13.33,0.13,1.33,42.51,100.0,56.67,
2304,02201390,Triamcinolone,BRAND,202612,2025-09-18,0.13,3667257.08,38767.29,,1.06,37.91,69.79,10.57,40.39,69.36,39.47,100.0,0.0,1,71.01,0.43,1.45,28.19,100.0,32.75,
2305,02201390,Triamcinolone,BRAND,202612,2025-09-19,0.14,408718.98,42572.08,,10.42,40.11,97.83,35.19,96.3,98.64,35.19,100.0,0.0,1,26.03,0.3,0.0,94.21,100.0,55.57,
2306,02201390,Triamcinolone,BRAND,202612,2025-09-26,38.08,14973296.26,10489529.56,,70.05,84.29,68.14,22.7,61.9,82.27,22.7,100.0,0.0,1,37.29,0.57,0.0,42.18,100.0,60.38,
2307,02201390,Triamcinolone,BRAND,202612,2025-10-03,7.01,3674874.95,2664809.28,,72.51,33.33,15.56,36.89,67.81,81.91,36.89,100.0,0.0,1,50.85,0.42,0.0,10.55,100.0,41.87,
2308,02201390,Triamcinolone,BRAND,202612,2025-10-10,0.0,0.0,0.0,,,37.7,,,,,,,,,0.0,0.0,0.0,,,,
2309,02201390,Triamcinolone,BRAND,202612,2025-10-17,49.17,19989748.09,14643524.97,,73.26,34.43,71.06,25.16,57.07,79.03,25.17,100.0,0.0,1,65.08,0.32,0.0,40.56,100.0,37.68,
2310,02201390,Triamcinolone,BRAND,202612,2025-10-24,2.87,2525096.01,1236583.84,,48.97,31.69,15.14,42.94,78.85,91.76,59.92,100.0,0.0,1,39.66,0.37,3.45,11.94,100.0,45.44,
2311,02201390,Triamcinolone,BRAND,202612,2025-10-31,-0.59,958513.06,-261143.16,,27.24,39.34,64.76,24.07,68.98,89.34,35.45,100.0,0.0,1,47.22,0.34,6.94,44.68,100.0,44.46,
2312,02201390,Triamcinolone,BRAND,202612,2025-11-07,0.29,3180097.83,126862.56,,3.99,39.56,92.87,37.97,68.41,85.65,37.97,100.0,0.0,1,56.94,0.46,4.17,63.54,100.0,44.71,
2313,02201390,Triamcinolone,BRAND,202612,2025-11-14,-0.13,492396.22,-57809.59,,11.74,36.81,74.04,30.23,78.75,93.99,30.83,100.0,0.0,1,34.33,0.44,5.97,58.3,100.0,47.69,
2314,02201390,Triamcinolone,BRAND,202612,2025-11-19,-1.41,3411590.48,-625617.44,,18.34,39.01,96.2,38.68,68.03,83.37,38.68,100.0,0.0,1,59.15,0.62,8.45,65.44,100.0,44.89,
2315,02201390,Triamcinolone,BRAND,202612,2025-11-21,-0.82,581207.4,-362281.25,,62.33,34.62,40.39,25.61,94.73,99.03,52.31,100.0,0.0,1,22.22,0.33,7.94,38.26,100.0,52.84,
2316,02201390,Triamcinolone,BRAND,202612,2025-11-28,-0.67,353615.43,-291453.46,,82.42,42.86,80.55,28.62,87.67,98.13,51.41,100.0,0.0,1,25.64,0.32,2.56,70.62,100.0,53.27,
2317,02201390,Triamcinolone,BRAND,202612,2025-12-05,3.98,2103878.85,1729697.08,,82.21,41.21,96.96,37.33,62.03,80.6,37.33,100.0,0.0,1,57.33,0.37,1.33,60.14,100.0,42.54,
2318,02201390,Triamcinolone,BRAND,202612,2025-12-12,0.5,705941.63,224271.12,,31.77,39.56,21.68,63.72,96.22,99.42,63.72,100.0,0.0,1,25.0,0.22,1.39,20.86,100.0,55.05,
2319,02201390,Triamcinolone,BRAND,202612,2025-12-17,3.76,2541243.28,1648527.25,,64.87,40.11,76.13,30.91,61.89,78.23,30.91,100.0,0.0,1,63.01,0.45,4.11,47.11,100.0,42.28,
2320,02201390,Triamcinolone,BRAND,202612,2025-12-19,-2.8,1325912.6,-1271847.7,,95.92,39.01,99.12,91.59,96.26,98.84,92.13,100.0,0.0,1,26.76,0.29,7.04,95.42,100.0,55.06,
2321,02201390,Triamcinolone,BRAND,202612,2025-12-26,0.09,130416.34,41666.35,,31.95,41.21,97.87,57.86,90.06,98.89,57.86,100.0,0.0,1,16.0,0.21,0.0,88.14,100.0,53.22,
2322,02201390,Triamcinolone,BRAND,202612,2026-01-02,11.82,5738569.74,5226988.91,,91.09,40.33,97.18,17.16,54.69,74.17,22.02,31.28,66.94,0,47.95,0.41,1.37,53.15,35.66,39.37,
2323,02201390,Triamcinolone,BRAND,202612,2026-01-09,0.26,143962.5,127198.73,,88.36,39.56,96.67,88.12,97.81,99.79,90.66,100.0,0.0,1,13.89,0.1,0.0,94.56,100.0,55.3,
2324,02201390,Triamcinolone,BRAND,202612,2026-01-16,-0.55,491899.59,-274731.66,,55.85,41.76,100.0,34.34,96.39,99.26,45.58,100.0,0.0,1,27.63,0.14,1.32,96.39,100.0,55.72,
2325,02201390,Triamcinolone,BRAND,202612,2026-01-23,9.57,7351525.55,4342942.44,,59.08,34.62,95.7,17.94,54.26,77.4,22.74,13.12,81.75,0,41.27,0.39,3.17,51.93,68.63,36.85,
2326,02201390,Triamcinolone,BRAND,202612,2026-01-30,0.91,1109872.2,425964.0,,38.38,33.52,11.76,30.12,93.68,98.96,67.89,100.0,0.0,1,21.31,0.3,4.92,11.01,100.0,51.87,
2327,02201390,Triamcinolone,BRAND,202612,2026-02-06,5.12,4225332.41,2542825.26,,60.18,35.16,82.03,19.19,58.6,78.7,25.9,100.0,0.0,1,56.25,0.37,0.0,48.07,100.0,38.73,
2328,02201392,Daclatasvir Daklinza,BRAND,202612,2025-07-18,,0.0,0.0,,,100.0,,,,,,,,,0.0,0.0,0.0,,,,
2329,02201392,Daclatasvir Daklinza,BRAND,202612,2025-07-25,,0.0,0.0,,,0.0,,,,,,,,,,0.0,,,,,
2330,02201392,Daclatasvir Daklinza,BRAND,202612,2025-08-01,,0.0,0.0,,,0.0,,,,,,,,,,0.0,,,,,
2331,02201392,Daclatasvir Daklinza,BRAND,202612,2025-08-08,,0.0,0.0,,,0.0,,,,,,,,,,0.0,,,,,
2332,02201392,Daclatasvir Daklinza,BRAND,202612,2025-08-15,,0.0,0.0,,,0.0,,,,,,,,,,0.0,,,,,
2333,02201392,Daclatasvir Daklinza,BRAND,202612,2025-08-22,,0.0,0.0,,,0.0,,,,,,,,,,0.0,,,,,
2334,02201392,Daclatasvir Daklinza,BRAND,202612,2025-08-26,,0.0,0.0,,,0.0,,,,,,,,,,0.0,,,,,
2335,02201392,Daclatasvir Daklinza,BRAND,202612,2025-08-29,,0.0,0.0,,,0.0,,,,,,,,,,0.0,,,,,
2336,02201392,Daclatasvir Daklinza,BRAND,202612,2025-09-05,,0.0,0.0,,,0.0,,,,,,,,,,0.0,,,,,
2337,02201392,Daclatasvir Daklinza,BRAND,202612,2025-09-12,,0.0,0.0,,,0.0,,,,,,,,,,0.0,,,,,
2338,02201392,Daclatasvir Daklinza,BRAND,202612,2025-09-18,,0.0,0.0,,,0.0,,,,,,,,,,0.0,,,,,
2339,02201392,Daclatasvir Daklinza,BRAND,202612,2025-09-19,,0.0,0.0,,,0.0,,,,,,,,,,0.0,,,,,
2340,02201392,Daclatasvir Daklinza,BRAND,202612,2025-09-26,,0.0,0.0,,,0.0,,,,,,,,,,0.0,,,,,
2341,02201392,Daclatasvir Daklinza,BRAND,202612,2025-10-03,,0.0,0.0,,,0.0,,,,,,,,,,0.0,,,,,
2342,02201392,Daclatasvir Daklinza,BRAND,202612,2025-10-10,,0.0,0.0,,,0.0,,,,,,,,,,0.0,,,,,
2343,02201392,Daclatasvir Daklinza,BRAND,202612,2025-10-17,,0.0,0.0,,,0.0,,,,,,,,,,0.0,,,,,
2344,02201392,Daclatasvir Daklinza,BRAND,202612,2025-10-24,,0.0,0.0,,,0.0,,,,,,,,,,0.0,,,,,
2345,02201392,Daclatasvir Daklinza,BRAND,202612,2025-10-31,,0.0,0.0,,,0.0,,,,,,,,,,0.0,,,,,
2346,02201392,Daclatasvir Daklinza,BRAND,202612,2025-11-07,,0.0,0.0,,,0.0,,,,,,,,,,0.0,,,,,
2347,02201392,Daclatasvir Daklinza,BRAND,202612,2025-11-14,,0.0,0.0,,,0.0,,,,,,,,,,0.0,,,,,
2348,02201392,Daclatasvir Daklinza,BRAND,202612,2025-11-19,,0.0,0.0,,,0.0,,,,,,,,,,0.0,,,,,
2349,02201392,Daclatasvir Daklinza,BRAND,202612,2025-11-21,,0.0,0.0,,,0.0,,,,,,,,,,0.0,,,,,
2350,02201392,Daclatasvir Daklinza,BRAND,202612,2025-11-28,,0.0,0.0,,,0.0,,,,,,,,,,0.0,,,,,
2351,02201392,Daclatasvir Daklinza,BRAND,202612,2025-12-05,,0.0,0.0,,,0.0,,,,,,,,,,0.0,,,,,
2352,02201392,Daclatasvir Daklinza,BRAND,202612,2025-12-12,,0.0,0.0,,,0.0,,,,,,,,,,0.0,,,,,
2353,02201392,Daclatasvir Daklinza,BRAND,202612,2025-12-17,,0.0,0.0,,,0.0,,,,,,,,,,0.0,,,,,
2354,02201392,Daclatasvir Daklinza,BRAND,202612,2025-12-19,,0.0,0.0,,,0.0,,,,,,,,,,0.0,,,,,
2355,02201392,Daclatasvir Daklinza,BRAND,202612,2025-12-26,,0.0,0.0,,,0.0,,,,,,,,,,0.0,,,,,
2356,02201392,Daclatasvir Daklinza,BRAND,202612,2026-01-02,,0.0,0.0,,,0.0,,,,,,,,,,0.0,,,,,
2357,02201392,Daclatasvir Daklinza,BRAND,202612,2026-01-09,,0.0,0.0,,,0.0,,,,,,,,,,0.0,,,,,
2358,02201392,Daclatasvir Daklinza,BRAND,202612,2026-01-16,,0.0,0.0,,,0.0,,,,,,,,,,0.0,,,,,
2359,02201392,Daclatasvir Daklinza,BRAND,202612,2026-01-23,,0.0,0.0,,,0.0,,,,,,,,,,0.0,,,,,
2360,02201392,Daclatasvir Daklinza,BRAND,202612,2026-01-30,,0.0,0.0,,,0.0,,,,,,,,,,0.0,,,,,
2361,02201392,Daclatasvir Daklinza,BRAND,202612,2026-02-06,,0.0,0.0,,,0.0,,,,,,,,,,0.0,,,,,
2362,02201393,Asunaprevir Sunvepra,BRAND,202612,2025-07-18,,0.0,0.0,,,100.0,,,,,,,,,0.0,0.0,0.0,,,,
2363,02201393,Asunaprevir Sunvepra,BRAND,202612,2025-07-25,,0.0,0.0,,,0.0,,,,,,,,,,0.0,,,,,
2364,02201393,Asunaprevir Sunvepra,BRAND,202612,2025-08-01,,0.0,0.0,,,0.0,,,,,,,,,,0.0,,,,,
2365,02201393,Asunaprevir Sunvepra,BRAND,202612,2025-08-08,,0.0,0.0,,,0.0,,,,,,,,,,0.0,,,,,
2366,02201393,Asunaprevir Sunvepra,BRAND,202612,2025-08-15,,0.0,0.0,,,0.0,,,,,,,,,,0.0,,,,,
2367,02201393,Asunaprevir Sunvepra,BRAND,202612,2025-08-22,,0.0,0.0,,,0.0,,,,,,,,,,0.0,,,,,
2368,02201393,Asunaprevir Sunvepra,BRAND,202612,2025-08-26,,0.0,0.0,,,0.0,,,,,,,,,,0.0,,,,,
2369,02201393,Asunaprevir Sunvepra,BRAND,202612,2025-08-29,,0.0,0.0,,,0.0,,,,,,,,,,0.0,,,,,
2370,02201393,Asunaprevir Sunvepra,BRAND,202612,2025-09-05,,0.0,0.0,,,0.0,,,,,,,,,,0.0,,,,,
2371,02201393,Asunaprevir Sunvepra,BRAND,202612,2025-09-12,,0.0,0.0,,,0.0,,,,,,,,,,0.0,,,,,
2372,02201393,Asunaprevir Sunvepra,BRAND,202612,2025-09-18,,0.0,0.0,,,0.0,,,,,,,,,,0.0,,,,,
2373,02201393,Asunaprevir Sunvepra,BRAND,202612,2025-09-19,,0.0,0.0,,,0.0,,,,,,,,,,0.0,,,,,
2374,02201393,Asunaprevir Sunvepra,BRAND,202612,2025-10-03,,0.0,0.0,,,0.0,,,,,,,,,,0.0,,,,,
2375,02201393,Asunaprevir Sunvepra,BRAND,202612,2025-10-10,,0.0,0.0,,,0.0,,,,,,,,,,0.0,,,,,
2376,02201393,Asunaprevir Sunvepra,BRAND,202612,2025-10-17,,0.0,0.0,,,0.0,,,,,,,,,,0.0,,,,,
2377,02201393,Asunaprevir Sunvepra,BRAND,202612,2025-10-24,,0.0,0.0,,,0.0,,,,,,,,,,0.0,,,,,
2378,02201393,Asunaprevir Sunvepra,BRAND,202612,2025-10-31,,0.0,0.0,,,0.0,,,,,,,,,,0.0,,,,,
2379,02201393,Asunaprevir Sunvepra,BRAND,202612,2025-11-07,,0.0,0.0,,,0.0,,,,,,,,,,0.0,,,,,
2380,02201393,Asunaprevir Sunvepra,BRAND,202612,2025-11-14,,0.0,0.0,,,0.0,,,,,,,,,,0.0,,,,,
2381,02201393,Asunaprevir Sunvepra,BRAND,202612,2025-11-19,,0.0,0.0,,,0.0,,,,,,,,,,0.0,,,,,
2382,02201393,Asunaprevir Sunvepra,BRAND,202612,2025-11-21,,0.0,0.0,,,0.0,,,,,,,,,,0.0,,,,,
2383,02201393,Asunaprevir Sunvepra,BRAND,202612,2025-11-28,,0.0,0.0,,,0.0,,,,,,,,,,0.0,,,,,
2384,02201393,Asunaprevir Sunvepra,BRAND,202612,2025-12-05,,0.0,0.0,,,0.0,,,,,,,,,,0.0,,,,,
2385,02201393,Asunaprevir Sunvepra,BRAND,202612,2025-12-12,,0.0,0.0,,,0.0,,,,,,,,,,0.0,,,,,
2386,02201393,Asunaprevir Sunvepra,BRAND,202612,2025-12-17,,0.0,0.0,,,0.0,,,,,,,,,,0.0,,,,,
2387,02201393,Asunaprevir Sunvepra,BRAND,202612,2025-12-19,,0.0,0.0,,,0.0,,,,,,,,,,0.0,,,,,
2388,02201393,Asunaprevir Sunvepra,BRAND,202612,2025-12-26,,0.0,0.0,,,0.0,,,,,,,,,,0.0,,,,,
2389,02201393,Asunaprevir Sunvepra,BRAND,202612,2026-01-02,,0.0,0.0,,,0.0,,,,,,,,,,0.0,,,,,
2390,02201393,Asunaprevir Sunvepra,BRAND,202612,2026-01-09,,0.0,0.0,,,0.0,,,,,,,,,,0.0,,,,,
2391,02201393,Asunaprevir Sunvepra,BRAND,202612,2026-01-16,,0.0,0.0,,,0.0,,,,,,,,,,0.0,,,,,
2392,02201393,Asunaprevir Sunvepra,BRAND,202612,2026-01-23,,0.0,0.0,,,0.0,,,,,,,,,,0.0,,,,,
2393,02201393,Asunaprevir Sunvepra,BRAND,202612,2026-01-30,,0.0,0.0,,,0.0,,,,,,,,,,0.0,,,,,
2394,02201393,Asunaprevir Sunvepra,BRAND,202612,2026-02-06,,0.0,0.0,,,0.0,,,,,,,,,,0.0,,,,,
2395,02201394,PEG-Lambda,BRAND,202612,2025-07-18,,0.0,0.0,,,100.0,,,,,,,,,0.0,0.0,0.0,,,,
2396,02201394,PEG-Lambda,BRAND,202612,2025-07-25,,0.0,0.0,,,0.0,,,,,,,,,,0.0,,,,,
2397,02201394,PEG-Lambda,BRAND,202612,2025-08-01,,0.0,0.0,,,0.0,,,,,,,,,,0.0,,,,,
2398,02201394,PEG-Lambda,BRAND,202612,2025-08-08,,0.0,0.0,,,0.0,,,,,,,,,,0.0,,,,,
2399,02201394,PEG-Lambda,BRAND,202612,2025-08-15,,0.0,0.0,,,0.0,,,,,,,,,,0.0,,,,,
2400,02201394,PEG-Lambda,BRAND,202612,2025-08-22,,0.0,0.0,,,0.0,,,,,,,,,,0.0,,,,,
2401,02201394,PEG-Lambda,BRAND,202612,2025-08-26,,0.0,0.0,,,0.0,,,,,,,,,,0.0,,,,,
2402,02201394,PEG-Lambda,BRAND,202612,2025-08-29,,0.0,0.0,,,0.0,,,,,,,,,,0.0,,,,,
2403,02201394,PEG-Lambda,BRAND,202612,2025-09-05,,0.0,0.0,,,0.0,,,,,,,,,,0.0,,,,,
2404,02201394,PEG-Lambda,BRAND,202612,2025-09-12,,0.0,0.0,,,0.0,,,,,,,,,,0.0,,,,,
2405,02201394,PEG-Lambda,BRAND,202612,2025-09-18,,0.0,0.0,,,0.0,,,,,,,,,,0.0,,,,,
2406,02201394,PEG-Lambda,BRAND,202612,2025-09-19,,0.0,0.0,,,0.0,,,,,,,,,,0.0,,,,,
2407,02201394,PEG-Lambda,BRAND,202612,2025-10-03,,0.0,0.0,,,0.0,,,,,,,,,,0.0,,,,,
2408,02201394,PEG-Lambda,BRAND,202612,2025-10-10,,0.0,0.0,,,0.0,,,,,,,,,,0.0,,,,,
2409,02201394,PEG-Lambda,BRAND,202612,2025-10-17,,0.0,0.0,,,0.0,,,,,,,,,,0.0,,,,,
2410,02201394,PEG-Lambda,BRAND,202612,2025-10-24,,0.0,0.0,,,0.0,,,,,,,,,,0.0,,,,,
2411,02201394,PEG-Lambda,BRAND,202612,2025-10-31,,0.0,0.0,,,0.0,,,,,,,,,,0.0,,,,,
2412,02201394,PEG-Lambda,BRAND,202612,2025-11-07,,0.0,0.0,,,0.0,,,,,,,,,,0.0,,,,,
2413,02201394,PEG-Lambda,BRAND,202612,2025-11-14,,0.0,0.0,,,0.0,,,,,,,,,,0.0,,,,,
2414,02201394,PEG-Lambda,BRAND,202612,2025-11-19,,0.0,0.0,,,0.0,,,,,,,,,,0.0,,,,,
2415,02201394,PEG-Lambda,BRAND,202612,2025-11-21,,0.0,0.0,,,0.0,,,,,,,,,,0.0,,,,,
2416,02201394,PEG-Lambda,BRAND,202612,2025-11-28,,0.0,0.0,,,0.0,,,,,,,,,,0.0,,,,,
2417,02201394,PEG-Lambda,BRAND,202612,2025-12-05,,0.0,0.0,,,0.0,,,,,,,,,,0.0,,,,,
2418,02201394,PEG-Lambda,BRAND,202612,2025-12-12,,0.0,0.0,,,0.0,,,,,,,,,,0.0,,,,,
2419,02201394,PEG-Lambda,BRAND,202612,2025-12-17,,0.0,0.0,,,0.0,,,,,,,,,,0.0,,,,,
2420,02201394,PEG-Lambda,BRAND,202612,2025-12-19,,0.0,0.0,,,0.0,,,,,,,,,,0.0,,,,,
2421,02201394,PEG-Lambda,BRAND,202612,2025-12-26,,0.0,0.0,,,0.0,,,,,,,,,,0.0,,,,,
2422,02201394,PEG-Lambda,BRAND,202612,2026-01-02,,0.0,0.0,,,33.33,,,,,,,,,0.0,0.0,0.0,,,,
2423,02201394,PEG-Lambda,BRAND,202612,2026-01-09,,0.0,0.0,,,33.33,,,,,,,,,0.0,0.0,0.0,,,,
2424,02201394,PEG-Lambda,BRAND,202612,2026-01-16,,0.0,0.0,,,33.33,,,,,,,,,0.0,0.0,0.0,,,,
2425,02201394,PEG-Lambda,BRAND,202612,2026-01-23,,0.0,0.0,,,33.33,,,,,,,,,0.0,0.0,0.0,,,,
2426,02201394,PEG-Lambda,BRAND,202612,2026-01-30,,0.0,0.0,,,33.33,,,,,,,,,0.0,0.0,0.0,,,,
2427,02201394,PEG-Lambda,BRAND,202612,2026-02-06,,0.0,0.0,,,33.33,,,,,,,,,0.0,0.0,0.0,,,,
2428,02201397,Entecavir,BRAND,202612,2025-07-18,,0.0,0.0,,,100.0,,,,,,,,,0.0,0.0,0.0,,,,
2429,02201397,Entecavir,BRAND,202612,2025-07-25,-0.46,1139232.46,-171485.79,,15.05,59.49,100.0,31.21,71.14,89.25,50.67,100.0,0.0,1,27.13,0.16,0.0,71.14,100.0,52.79,
2430,02201397,Entecavir,BRAND,202612,2025-08-01,-0.19,1483932.24,-69121.59,,4.66,59.49,100.0,24.17,71.89,88.77,35.47,100.0,0.0,1,29.26,0.24,0.0,71.89,100.0,53.35,
2431,02201397,Entecavir,BRAND,202612,2025-08-08,56.11,28663499.32,20892862.74,,72.89,59.87,100.0,19.77,69.82,85.93,60.42,100.0,0.0,1,59.16,0.43,0.0,69.82,100.0,53.31,
2432,02201397,Entecavir,BRAND,202612,2025-08-15,-36.98,28540773.2,-21625664.44,,75.77,59.87,100.0,20.51,70.78,86.76,60.42,100.0,0.0,1,37.17,0.26,0.0,70.78,100.0,53.14,
2433,02201397,Entecavir,BRAND,202612,2025-08-22,-1.73,6369036.23,-635733.23,,9.98,59.75,100.0,21.33,68.3,84.73,39.84,100.0,0.0,1,26.32,0.2,0.0,68.3,100.0,51.88,
2434,02201397,Entecavir,BRAND,202612,2025-08-26,,0.0,0.0,,,59.62,,,,,,,,,0.0,0.0,0.0,,,,
2435,02201397,Entecavir,BRAND,202612,2025-08-29,-0.25,5455397.2,-90522.6,,1.66,57.91,71.87,25.94,83.45,94.77,44.63,100.0,0.0,1,22.95,0.15,0.0,59.98,100.0,57.04,
2436,02201397,Entecavir,BRAND,202612,2025-09-05,0.87,7497087.32,315261.11,,4.21,51.58,47.96,18.12,55.65,75.87,36.62,100.0,0.0,1,50.31,0.39,3.07,26.69,100.0,44.2,
2437,02201397,Entecavir,BRAND,202612,2025-09-12,-0.2,1692313.49,-72442.83,,4.28,52.55,79.95,16.72,61.62,88.71,31.51,100.0,0.0,1,20.61,0.19,1.82,49.27,100.0,46.29,
2438,02201397,Entecavir,BRAND,202612,2025-09-18,-0.22,8933627.04,-80722.25,,0.9,51.91,55.23,15.81,60.7,76.23,41.45,100.0,0.0,1,62.58,0.52,4.91,33.52,100.0,46.78,
2439,02201397,Entecavir,BRAND,202612,2025-09-19,-0.09,6455024.88,-33526.69,,0.52,49.68,54.97,21.04,74.3,88.83,45.57,100.0,0.0,1,37.82,0.5,5.13,40.84,100.0,51.25,
2440,02201397,Entecavir,BRAND,202612,2025-09-26,-36.88,16187623.18,-13047319.33,,80.6,85.19,48.32,21.35,63.58,83.88,24.09,100.0,0.0,1,25.36,0.72,6.52,30.72,100.0,61.89,
2441,02201397,Entecavir,BRAND,202612,2025-10-03,-4.23,2319226.45,-944661.97,,40.73,54.93,40.18,39.34,68.99,84.81,39.35,100.0,0.0,1,46.11,0.45,2.4,27.72,100.0,51.07,
2442,02201397,Entecavir,BRAND,202612,2025-10-10,0.0,0.0,0.0,,,52.23,,,,,,,,,0.0,0.0,0.0,,,,
2443,02201397,Entecavir,BRAND,202612,2025-10-17,-2.31,7667135.92,-830463.23,,10.83,51.28,80.81,22.18,54.77,73.4,33.9,100.0,0.0,1,65.0,0.4,0.0,44.26,100.0,43.77,
2444,02201397,Entecavir,BRAND,202612,2025-10-24,61.27,19752865.94,13350830.74,,67.59,41.67,34.07,20.28,57.16,81.33,26.59,100.0,0.0,1,35.38,0.44,4.62,19.48,100.0,41.01,
2445,02201397,Entecavir,BRAND,202612,2025-10-31,2.74,1788904.05,961890.3,,53.77,49.2,50.2,38.22,86.22,93.67,53.28,100.0,0.0,1,32.47,0.32,0.65,43.28,100.0,55.24,
2446,02201397,Entecavir,BRAND,202612,2025-11-07,5.8,8865155.98,2094741.3,,23.63,49.52,71.14,27.14,59.72,73.72,35.06,100.0,0.0,1,66.45,0.54,4.52,42.48,100.0,45.49,
2447,02201397,Entecavir,BRAND,202612,2025-11-14,-2.7,5698596.65,-1029834.31,,18.07,43.77,29.87,16.6,55.07,77.4,44.95,100.0,0.0,1,29.93,0.35,1.46,16.45,100.0,40.72,
2448,02201397,Entecavir,BRAND,202612,2025-11-19,5.79,8925420.35,2031017.37,,22.76,45.69,66.52,28.6,62.9,75.85,43.17,100.0,0.0,1,63.64,0.65,3.5,41.84,100.0,45.6,
2449,02201397,Entecavir,BRAND,202612,2025-11-21,0.07,1529375.49,24431.47,,1.6,46.33,94.64,25.97,82.4,92.99,69.71,100.0,0.0,1,28.28,0.37,3.45,77.98,100.0,52.74,
2450,02201397,Entecavir,BRAND,202612,2025-11-28,-0.25,4538329.22,-92312.46,,2.03,54.17,75.8,21.73,65.51,87.46,29.66,100.0,0.0,1,33.73,0.34,2.96,49.65,100.0,49.0,
2451,02201397,Entecavir,BRAND,202612,2025-12-05,1.0,2331182.07,370258.02,,15.88,50.64,53.46,12.13,43.49,72.72,29.35,100.0,0.0,1,55.7,0.46,2.53,23.25,100.0,39.17,
2452,02201397,Entecavir,BRAND,202612,2025-12-12,-4.59,2336904.37,-1720689.76,,73.63,51.6,30.53,53.31,83.53,96.34,53.99,100.0,0.0,1,28.57,0.3,3.73,25.5,100.0,55.05,
2453,02201397,Entecavir,BRAND,202612,2025-12-17,-3.15,7435208.1,-1168920.16,,15.72,53.38,70.59,16.75,58.25,77.51,37.28,100.0,0.0,1,65.66,0.62,4.82,41.11,100.0,46.73,
2454,02201397,Entecavir,BRAND,202612,2025-12-19,-0.2,1432506.82,-71188.1,,4.97,47.59,65.16,24.82,64.13,90.31,40.66,100.0,0.0,1,28.38,0.39,4.73,41.79,100.0,45.97,
2455,02201397,Entecavir,BRAND,202612,2025-12-26,0.33,737494.61,117256.34,,15.9,54.66,95.67,19.73,69.36,87.55,34.13,100.0,0.0,1,32.94,0.3,1.18,66.35,100.0,50.62,
2456,02201397,Entecavir,BRAND,202612,2026-01-02,10.84,6304132.39,3882138.5,,61.58,50.97,83.61,14.31,45.38,62.0,35.4,13.72,86.82,0,40.13,0.41,1.91,37.94,73.11,39.91,
2457,02201397,Entecavir,BRAND,202612,2026-01-09,0.17,331053.95,67922.36,,20.52,49.68,73.96,36.2,73.63,91.84,65.49,100.0,0.0,1,17.42,0.17,1.94,54.46,100.0,49.89,
2458,02201397,Entecavir,BRAND,202612,2026-01-16,3.57,2960549.93,1429497.95,,48.28,54.55,92.34,22.89,68.19,82.2,29.4,100.0,0.0,1,37.5,0.33,1.79,62.97,100.0,50.21,
2459,02201397,Entecavir,BRAND,202612,2026-01-23,10.19,7187891.59,3661775.7,,50.94,45.6,75.33,8.97,34.74,51.74,28.61,7.51,92.08,0,42.14,0.65,5.0,26.17,84.56,34.32,
2460,02201397,Entecavir,BRAND,202612,2026-01-30,-7.25,5816396.95,-2985153.68,,51.32,44.3,73.39,23.84,61.5,79.52,29.24,100.0,0.0,1,39.71,0.51,3.68,45.14,100.0,44.01,
2461,02201397,Entecavir,BRAND,202612,2026-02-06,1.84,4167056.14,704301.28,,16.9,47.88,37.02,29.27,50.29,69.35,47.36,100.0,0.0,1,58.5,0.56,0.0,18.62,100.0,41.15,
2462,02201400,Other Anti-Infective,BRAND,202612,2025-07-18,,0.0,0.0,,,100.0,,,,,,,,,0.0,0.0,0.0,,,,
2463,02201400,Other Anti-Infective,BRAND,202612,2025-07-25,,0.0,0.0,,,0.0,,,,,,,,,,0.0,,,,,
2464,02201400,Other Anti-Infective,BRAND,202612,2025-08-01,,0.0,0.0,,,0.0,,,,,,,,,,0.0,,,,,
2465,02201400,Other Anti-Infective,BRAND,202612,2025-08-08,,0.0,0.0,,,0.0,,,,,,,,,,0.0,,,,,
2466,02201400,Other Anti-Infective,BRAND,202612,2025-08-15,,0.0,0.0,,,0.0,,,,,,,,,,0.0,,,,,
2467,02201400,Other Anti-Infective,BRAND,202612,2025-08-22,,0.0,0.0,,,0.0,,,,,,,,,,0.0,,,,,
2468,02201400,Other Anti-Infective,BRAND,202612,2025-08-26,,0.0,0.0,,,0.0,,,,,,,,,,0.0,,,,,
2469,02201400,Other Anti-Infective,BRAND,202612,2025-08-29,,0.0,0.0,,,0.0,,,,,,,,,,0.0,,,,,
2470,02201400,Other Anti-Infective,BRAND,202612,2025-09-05,,0.0,0.0,,,0.0,,,,,,,,,,0.0,,,,,
2471,02201400,Other Anti-Infective,BRAND,202612,2025-09-12,,0.0,0.0,,,0.0,,,,,,,,,,0.0,,,,,
2472,02201400,Other Anti-Infective,BRAND,202612,2025-09-18,,0.0,0.0,,,0.0,,,,,,,,,,0.0,,,,,
2473,02201400,Other Anti-Infective,BRAND,202612,2025-09-19,,0.0,0.0,,,0.0,,,,,,,,,,0.0,,,,,
2474,02201400,Other Anti-Infective,BRAND,202612,2025-10-03,,0.0,0.0,,,0.0,,,,,,,,,,0.0,,,,,
2475,02201400,Other Anti-Infective,BRAND,202612,2025-10-10,,0.0,0.0,,,0.0,,,,,,,,,,0.0,,,,,
2476,02201400,Other Anti-Infective,BRAND,202612,2025-10-17,,0.0,0.0,,,0.0,,,,,,,,,,0.0,,,,,
2477,02201400,Other Anti-Infective,BRAND,202612,2025-10-24,,0.0,0.0,,,0.0,,,,,,,,,,0.0,,,,,
2478,02201400,Other Anti-Infective,BRAND,202612,2025-10-31,,0.0,0.0,,,0.0,,,,,,,,,,0.0,,,,,
2479,02201400,Other Anti-Infective,BRAND,202612,2025-11-07,,0.0,0.0,,,0.0,,,,,,,,,,0.0,,,,,
2480,02201400,Other Anti-Infective,BRAND,202612,2025-11-14,,0.0,0.0,,,0.0,,,,,,,,,,0.0,,,,,
2481,02201400,Other Anti-Infective,BRAND,202612,2025-11-19,,0.0,0.0,,,0.0,,,,,,,,,,0.0,,,,,
2482,02201400,Other Anti-Infective,BRAND,202612,2025-11-21,,0.0,0.0,,,0.0,,,,,,,,,,0.0,,,,,
2483,02201400,Other Anti-Infective,BRAND,202612,2025-11-28,,0.0,0.0,,,0.0,,,,,,,,,,0.0,,,,,
2484,02201400,Other Anti-Infective,BRAND,202612,2025-12-05,,0.0,0.0,,,0.0,,,,,,,,,,0.0,,,,,
2485,02201400,Other Anti-Infective,BRAND,202612,2025-12-12,,0.0,0.0,,,0.0,,,,,,,,,,0.0,,,,,
2486,02201400,Other Anti-Infective,BRAND,202612,2025-12-17,,0.0,0.0,,,0.0,,,,,,,,,,0.0,,,,,
2487,02201400,Other Anti-Infective,BRAND,202612,2025-12-19,,0.0,0.0,,,0.0,,,,,,,,,,0.0,,,,,
2488,02201400,Other Anti-Infective,BRAND,202612,2025-12-26,,0.0,0.0,,,0.0,,,,,,,,,,0.0,,,,,
2489,02201400,Other Anti-Infective,BRAND,202612,2026-01-02,,0.0,0.0,,,0.0,,,,,,,,,,0.0,,,,,
2490,02201400,Other Anti-Infective,BRAND,202612,2026-01-09,,0.0,0.0,,,0.0,,,,,,,,,,0.0,,,,,
2491,02201400,Other Anti-Infective,BRAND,202612,2026-01-16,,0.0,0.0,,,0.0,,,,,,,,,,0.0,,,,,
2492,02201400,Other Anti-Infective,BRAND,202612,2026-01-23,,0.0,0.0,,,0.0,,,,,,,,,,0.0,,,,,
2493,02201400,Other Anti-Infective,BRAND,202612,2026-01-30,,0.0,0.0,,,0.0,,,,,,,,,,0.0,,,,,
2494,02201400,Other Anti-Infective,BRAND,202612,2026-02-06,,0.0,0.0,,,0.0,,,,,,,,,,0.0,,,,,
2495,02201401,BECLABUVIR/XIMENCY,BRAND,202612,2025-07-18,,0.0,0.0,,,100.0,,,,,,,,,0.0,0.0,0.0,,,,
2496,02201401,BECLABUVIR/XIMENCY,BRAND,202612,2025-07-25,,0.0,0.0,,,0.0,,,,,,,,,,0.0,,,,,
2497,02201401,BECLABUVIR/XIMENCY,BRAND,202612,2025-08-01,,0.0,0.0,,,0.0,,,,,,,,,,0.0,,,,,
2498,02201401,BECLABUVIR/XIMENCY,BRAND,202612,2025-08-08,,0.0,0.0,,,0.0,,,,,,,,,,0.0,,,,,
2499,02201401,BECLABUVIR/XIMENCY,BRAND,202612,2025-08-15,,0.0,0.0,,,0.0,,,,,,,,,,0.0,,,,,
2500,02201401,BECLABUVIR/XIMENCY,BRAND,202612,2025-08-22,,0.0,0.0,,,0.0,,,,,,,,,,0.0,,,,,
2501,02201401,BECLABUVIR/XIMENCY,BRAND,202612,2025-08-26,,0.0,0.0,,,0.0,,,,,,,,,,0.0,,,,,
2502,02201401,BECLABUVIR/XIMENCY,BRAND,202612,2025-08-29,,0.0,0.0,,,0.0,,,,,,,,,,0.0,,,,,
2503,02201401,BECLABUVIR/XIMENCY,BRAND,202612,2025-09-05,,0.0,0.0,,,0.0,,,,,,,,,,0.0,,,,,
2504,02201401,BECLABUVIR/XIMENCY,BRAND,202612,2025-09-12,,0.0,0.0,,,0.0,,,,,,,,,,0.0,,,,,
2505,02201401,BECLABUVIR/XIMENCY,BRAND,202612,2025-09-18,,0.0,0.0,,,0.0,,,,,,,,,,0.0,,,,,
2506,02201401,BECLABUVIR/XIMENCY,BRAND,202612,2025-09-19,,0.0,0.0,,,0.0,,,,,,,,,,0.0,,,,,
2507,02201401,BECLABUVIR/XIMENCY,BRAND,202612,2025-10-03,,0.0,0.0,,,0.0,,,,,,,,,,0.0,,,,,
2508,02201401,BECLABUVIR/XIMENCY,BRAND,202612,2025-10-10,,0.0,0.0,,,0.0,,,,,,,,,,0.0,,,,,
2509,02201401,BECLABUVIR/XIMENCY,BRAND,202612,2025-10-17,,0.0,0.0,,,0.0,,,,,,,,,,0.0,,,,,
2510,02201401,BECLABUVIR/XIMENCY,BRAND,202612,2025-10-24,,0.0,0.0,,,0.0,,,,,,,,,,0.0,,,,,
2511,02201401,BECLABUVIR/XIMENCY,BRAND,202612,2025-10-31,,0.0,0.0,,,0.0,,,,,,,,,,0.0,,,,,
2512,02201401,BECLABUVIR/XIMENCY,BRAND,202612,2025-11-07,,0.0,0.0,,,0.0,,,,,,,,,,0.0,,,,,
2513,02201401,BECLABUVIR/XIMENCY,BRAND,202612,2025-11-14,,0.0,0.0,,,0.0,,,,,,,,,,0.0,,,,,
2514,02201401,BECLABUVIR/XIMENCY,BRAND,202612,2025-11-19,,0.0,0.0,,,0.0,,,,,,,,,,0.0,,,,,
2515,02201401,BECLABUVIR/XIMENCY,BRAND,202612,2025-11-21,,0.0,0.0,,,0.0,,,,,,,,,,0.0,,,,,
2516,02201401,BECLABUVIR/XIMENCY,BRAND,202612,2025-11-28,,0.0,0.0,,,0.0,,,,,,,,,,0.0,,,,,
2517,02201401,BECLABUVIR/XIMENCY,BRAND,202612,2025-12-05,,0.0,0.0,,,0.0,,,,,,,,,,0.0,,,,,
2518,02201401,BECLABUVIR/XIMENCY,BRAND,202612,2025-12-12,,0.0,0.0,,,0.0,,,,,,,,,,0.0,,,,,
2519,02201401,BECLABUVIR/XIMENCY,BRAND,202612,2025-12-17,,0.0,0.0,,,0.0,,,,,,,,,,0.0,,,,,
2520,02201401,BECLABUVIR/XIMENCY,BRAND,202612,2025-12-19,,0.0,0.0,,,0.0,,,,,,,,,,0.0,,,,,
2521,02201401,BECLABUVIR/XIMENCY,BRAND,202612,2025-12-26,,0.0,0.0,,,0.0,,,,,,,,,,0.0,,,,,
2522,02201401,BECLABUVIR/XIMENCY,BRAND,202612,2026-01-02,,0.0,0.0,,,0.0,,,,,,,,,,0.0,,,,,
2523,02201401,BECLABUVIR/XIMENCY,BRAND,202612,2026-01-09,,0.0,0.0,,,0.0,,,,,,,,,,0.0,,,,,
2524,02201401,BECLABUVIR/XIMENCY,BRAND,202612,2026-01-16,,0.0,0.0,,,0.0,,,,,,,,,,0.0,,,,,
2525,02201401,BECLABUVIR/XIMENCY,BRAND,202612,2026-01-23,,0.0,0.0,,,0.0,,,,,,,,,,0.0,,,,,
2526,02201401,BECLABUVIR/XIMENCY,BRAND,202612,2026-01-30,,0.0,0.0,,,0.0,,,,,,,,,,0.0,,,,,
2527,02201401,BECLABUVIR/XIMENCY,BRAND,202612,2026-02-06,,0.0,0.0,,,0.0,,,,,,,,,,0.0,,,,,
2528,02301320,Aztreonam,BRAND,202612,2025-07-18,,0.0,0.0,,,100.0,,,,,,,,,0.0,0.0,0.0,,,,
2529,02301320,Aztreonam,BRAND,202612,2025-07-25,0.14,68826.62,4147.32,,6.03,63.16,100.0,48.03,91.49,100.0,48.03,100.0,0.0,1,27.78,0.18,0.0,91.49,100.0,62.44,
2530,02301320,Aztreonam,BRAND,202612,2025-08-01,3.79,201195.98,109820.68,,54.58,63.16,100.0,73.84,98.15,100.0,73.84,100.0,0.0,1,27.78,0.25,0.0,98.15,100.0,65.34,
2531,02301320,Aztreonam,BRAND,202612,2025-08-08,7.17,390517.83,215819.43,,55.26,63.16,100.0,30.0,80.13,97.99,44.52,100.0,0.0,1,47.22,0.44,0.0,80.13,100.0,58.78,
2532,02301320,Aztreonam,BRAND,202612,2025-08-15,-2.8,90425.44,-90214.3,,99.77,63.16,100.0,61.16,98.35,100.0,61.16,100.0,0.0,1,19.44,0.18,0.0,98.35,100.0,65.19,
2533,02301320,Aztreonam,BRAND,202612,2025-08-22,0.1,28524.71,3119.54,,10.94,63.16,100.0,30.0,100.0,100.0,30.0,100.0,0.0,1,13.89,0.12,0.0,100.0,100.0,65.67,
2534,02301320,Aztreonam,BRAND,202612,2025-08-26,,0.0,0.0,,,63.16,,,,,,,,,0.0,0.0,0.0,,,,
2535,02301320,Aztreonam,BRAND,202612,2025-08-29,-10.7,349337.84,-335811.54,,96.13,61.4,29.14,70.86,98.23,100.0,89.52,100.0,0.0,1,20.0,0.14,0.0,28.62,100.0,64.32,
2536,02301320,Aztreonam,BRAND,202612,2025-09-05,11.19,481540.62,286353.27,,59.47,51.85,53.59,29.09,91.49,97.36,29.09,100.0,0.0,1,42.86,0.35,0.0,49.03,100.0,58.51,
2537,02301320,Aztreonam,BRAND,202612,2025-09-12,0.04,2164.53,1249.05,,57.71,59.26,100.0,78.22,100.0,100.0,78.22,100.0,0.0,1,9.38,0.11,0.0,100.0,100.0,64.07,
2538,02301320,Aztreonam,BRAND,202612,2025-09-18,9.2,580322.61,235980.81,,40.66,48.15,58.16,29.89,88.93,96.5,29.89,100.0,0.0,1,53.85,0.48,3.85,51.72,100.0,56.44,
2539,02301320,Aztreonam,BRAND,202612,2025-09-19,-1.76,110824.95,-50178.46,,45.28,55.56,30.02,54.58,98.28,100.0,54.58,100.0,0.0,1,16.67,0.31,6.67,29.5,100.0,62.58,
2540,02301320,Aztreonam,BRAND,202612,2025-09-26,-1.56,41015.74,-41015.74,,100.0,96.67,100.0,91.19,100.0,100.0,91.19,100.0,0.0,1,17.24,0.37,6.9,100.0,100.0,79.89,
2541,02301320,Aztreonam,BRAND,202612,2025-10-03,21.55,1359449.55,556587.57,,40.94,57.78,14.71,56.66,93.15,99.04,56.66,100.0,0.0,1,50.0,0.58,3.85,13.7,100.0,62.3,
2542,02301320,Aztreonam,BRAND,202612,2025-10-10,0.0,0.0,0.0,,,50.94,,,,,,,,,0.0,0.0,0.0,,,,
2543,02301320,Aztreonam,BRAND,202612,2025-10-17,19.97,1377780.11,559343.51,,40.6,50.0,15.66,55.9,90.98,97.47,55.9,100.0,0.0,1,62.96,0.43,0.0,14.25,100.0,57.81,
2544,02301320,Aztreonam,BRAND,202612,2025-10-24,0.54,49209.92,16952.93,,34.45,51.85,41.78,57.24,89.09,99.11,57.24,100.0,0.0,1,35.71,0.39,3.57,37.22,100.0,57.67,
2545,02301320,Aztreonam,BRAND,202612,2025-10-31,-0.66,22330.55,-21968.78,,98.38,59.26,95.75,33.41,95.35,100.0,33.41,100.0,0.0,1,18.75,0.24,0.0,91.29,100.0,62.64,
2546,02301320,Aztreonam,BRAND,202612,2025-11-07,1.47,357225.05,48996.27,,13.72,57.41,56.95,41.96,94.9,99.18,41.96,100.0,0.0,1,35.48,0.28,0.0,54.04,100.0,61.85,
2547,02301320,Aztreonam,BRAND,202612,2025-11-14,-8.23,277989.07,-277989.07,,100.0,50.0,73.8,70.19,99.85,100.0,93.95,100.0,0.0,1,18.52,0.13,0.0,73.69,100.0,60.37,
2548,02301320,Aztreonam,BRAND,202612,2025-11-19,-8.1,637286.08,-272292.19,,42.73,53.7,63.53,30.62,88.97,96.96,40.98,100.0,0.0,1,55.17,0.44,3.45,56.53,100.0,58.55,
2549,02301320,Aztreonam,BRAND,202612,2025-11-21,-0.61,19054.9,-18994.24,,99.68,48.15,23.62,33.93,89.46,100.0,33.93,100.0,0.0,1,15.38,0.26,0.0,21.13,100.0,55.91,
2550,02301320,Aztreonam,BRAND,202612,2025-11-28,-18.48,576181.66,-568986.67,,98.75,57.41,99.35,85.73,99.62,100.0,85.73,100.0,0.0,1,22.58,0.35,0.0,98.97,100.0,63.98,
2551,02301320,Aztreonam,BRAND,202612,2025-12-05,8.2,277291.0,191334.97,,69.0,52.83,93.96,61.29,88.79,99.91,73.85,100.0,0.0,1,32.14,0.28,0.0,83.43,100.0,57.59,
2552,02301320,Aztreonam,BRAND,202612,2025-12-12,-17.02,429780.9,-429780.9,,100.0,45.28,5.65,48.3,88.62,100.0,69.66,100.0,0.0,1,12.5,0.3,0.0,5.0,100.0,54.57,
2553,02301320,Aztreonam,BRAND,202612,2025-12-17,-23.84,1014002.04,-684290.75,,67.48,46.15,64.78,51.61,86.16,98.04,51.61,100.0,0.0,1,45.83,0.63,4.17,55.82,100.0,55.04,
2554,02301320,Aztreonam,BRAND,202612,2025-12-19,0.31,370720.7,6524.47,,1.76,47.17,14.48,30.69,87.95,100.0,39.31,100.0,0.0,1,16.0,0.49,4.0,12.73,100.0,55.68,
2555,02301320,Aztreonam,BRAND,202612,2025-12-26,-8.51,173348.99,-173309.3,,99.98,56.86,2.07,97.93,100.0,100.0,97.93,100.0,0.0,1,13.79,0.31,3.45,2.07,100.0,63.79,
2556,02301320,Aztreonam,BRAND,202612,2026-01-02,224.13,3198119.01,3154040.96,,98.62,48.98,0.79,46.99,99.7,99.94,64.14,100.95,-0.58,1,70.83,0.35,8.33,0.78,101.53,60.63,
2557,02301320,Aztreonam,BRAND,202612,2026-01-09,-2.89,131874.72,-131874.72,,100.0,53.06,26.06,43.33,100.0,100.0,73.94,100.0,0.0,1,11.54,0.27,3.85,26.06,100.0,62.11,
2558,02301320,Aztreonam,BRAND,202612,2026-01-16,-55.21,2202809.59,-2202614.81,,99.99,43.75,0.34,42.47,99.6,100.0,52.31,100.0,0.0,1,14.29,0.46,4.76,0.34,100.0,58.87,
2559,02301320,Aztreonam,BRAND,202612,2026-01-23,-10.75,103547.98,-102035.53,,98.54,54.17,98.24,31.31,95.99,99.66,31.31,83.46,16.96,1,61.54,0.52,3.85,94.3,66.5,61.8,
2560,02301320,Aztreonam,BRAND,202612,2026-01-30,-53.11,1027607.97,-948954.28,,92.35,44.68,6.81,55.2,97.12,100.0,87.46,100.0,0.0,1,28.57,0.57,4.76,6.61,100.0,58.64,
2561,02301320,Aztreonam,BRAND,202612,2026-02-06,15.54,226099.22,130226.83,,57.6,46.81,17.36,42.78,99.39,100.0,70.08,100.0,0.0,1,13.64,0.55,0.0,17.25,100.0,60.32,
2562,02301330,Other Antibiotics,BRAND,202612,2025-07-18,,0.0,0.0,,,100.0,,,,,,,,,0.0,0.0,0.0,,,,
2563,02301330,Other Antibiotics,BRAND,202612,2025-07-25,,0.0,0.0,,,0.0,,,,,,,,,,0.0,,,,,
2564,02301330,Other Antibiotics,BRAND,202612,2025-08-01,,0.0,0.0,,,0.0,,,,,,,,,,0.0,,,,,
2565,02301330,Other Antibiotics,BRAND,202612,2025-08-08,,0.0,0.0,,,0.0,,,,,,,,,,0.0,,,,,
2566,02301330,Other Antibiotics,BRAND,202612,2025-08-15,,0.0,0.0,,,0.0,,,,,,,,,,0.0,,,,,
2567,02301330,Other Antibiotics,BRAND,202612,2025-08-22,,0.0,0.0,,,0.0,,,,,,,,,,0.0,,,,,
2568,02301330,Other Antibiotics,BRAND,202612,2025-08-26,,0.0,0.0,,,0.0,,,,,,,,,,0.0,,,,,
2569,02301330,Other Antibiotics,BRAND,202612,2025-08-29,,0.0,0.0,,,0.0,,,,,,,,,,0.0,,,,,
2570,02301330,Other Antibiotics,BRAND,202612,2025-09-05,,0.0,0.0,,,0.0,,,,,,,,,,0.0,,,,,
2571,02301330,Other Antibiotics,BRAND,202612,2025-09-12,,0.0,0.0,,,0.0,,,,,,,,,,0.0,,,,,
2572,02301330,Other Antibiotics,BRAND,202612,2025-09-18,,0.0,0.0,,,0.0,,,,,,,,,,0.0,,,,,
2573,02301330,Other Antibiotics,BRAND,202612,2025-09-19,,0.0,0.0,,,0.0,,,,,,,,,,0.0,,,,,
2574,02301330,Other Antibiotics,BRAND,202612,2025-10-03,,0.0,0.0,,,0.0,,,,,,,,,,0.0,,,,,
2575,02301330,Other Antibiotics,BRAND,202612,2025-10-10,,0.0,0.0,,,0.0,,,,,,,,,,0.0,,,,,
2576,02301330,Other Antibiotics,BRAND,202612,2025-10-17,,0.0,0.0,,,0.0,,,,,,,,,,0.0,,,,,
2577,02301330,Other Antibiotics,BRAND,202612,2025-10-24,,0.0,0.0,,,0.0,,,,,,,,,,0.0,,,,,
2578,02301330,Other Antibiotics,BRAND,202612,2025-10-31,,0.0,0.0,,,0.0,,,,,,,,,,0.0,,,,,
2579,02301330,Other Antibiotics,BRAND,202612,2025-11-07,,0.0,0.0,,,0.0,,,,,,,,,,0.0,,,,,
2580,02301330,Other Antibiotics,BRAND,202612,2025-11-14,,0.0,0.0,,,0.0,,,,,,,,,,0.0,,,,,
2581,02301330,Other Antibiotics,BRAND,202612,2025-11-19,,0.0,0.0,,,0.0,,,,,,,,,,0.0,,,,,
2582,02301330,Other Antibiotics,BRAND,202612,2025-11-21,,0.0,0.0,,,0.0,,,,,,,,,,0.0,,,,,
2583,02301330,Other Antibiotics,BRAND,202612,2025-11-28,,0.0,0.0,,,0.0,,,,,,,,,,0.0,,,,,
2584,02301330,Other Antibiotics,BRAND,202612,2025-12-05,,0.0,0.0,,,0.0,,,,,,,,,,0.0,,,,,
2585,02301330,Other Antibiotics,BRAND,202612,2025-12-12,,0.0,0.0,,,0.0,,,,,,,,,,0.0,,,,,
2586,02301330,Other Antibiotics,BRAND,202612,2025-12-17,,0.0,0.0,,,0.0,,,,,,,,,,0.0,,,,,
2587,02301330,Other Antibiotics,BRAND,202612,2025-12-19,,0.0,0.0,,,0.0,,,,,,,,,,0.0,,,,,
2588,02301330,Other Antibiotics,BRAND,202612,2025-12-26,,0.0,0.0,,,0.0,,,,,,,,,,0.0,,,,,
2589,02301330,Other Antibiotics,BRAND,202612,2026-01-02,,0.0,0.0,,,0.0,,,,,,,,,,0.0,,,,,
2590,02301330,Other Antibiotics,BRAND,202612,2026-01-09,,0.0,0.0,,,0.0,,,,,,,,,,0.0,,,,,
2591,02301330,Other Antibiotics,BRAND,202612,2026-01-16,,0.0,0.0,,,0.0,,,,,,,,,,0.0,,,,,
2592,02301330,Other Antibiotics,BRAND,202612,2026-01-23,,0.0,0.0,,,0.0,,,,,,,,,,0.0,,,,,
2593,02301330,Other Antibiotics,BRAND,202612,2026-01-30,,0.0,0.0,,,0.0,,,,,,,,,,0.0,,,,,
2594,02301330,Other Antibiotics,BRAND,202612,2026-02-06,,0.0,0.0,,,0.0,,,,,,,,,,0.0,,,,,
2595,02301389,Gatifloxacin,BRAND,202612,2025-07-18,,0.0,0.0,,,100.0,,,,,,,,,0.0,0.0,0.0,,,,
2596,02301389,Gatifloxacin,BRAND,202612,2025-07-25,,0.0,0.0,,,0.0,,,,,,,,,,0.0,,,,,
2597,02301389,Gatifloxacin,BRAND,202612,2025-08-01,,0.0,0.0,,,0.0,,,,,,,,,,0.0,,,,,
2598,02301389,Gatifloxacin,BRAND,202612,2025-08-08,,0.0,0.0,,,0.0,,,,,,,,,,0.0,,,,,
2599,02301389,Gatifloxacin,BRAND,202612,2025-08-15,,0.0,0.0,,,0.0,,,,,,,,,,0.0,,,,,
2600,02301389,Gatifloxacin,BRAND,202612,2025-08-22,,0.0,0.0,,,0.0,,,,,,,,,,0.0,,,,,
2601,02301389,Gatifloxacin,BRAND,202612,2025-08-26,,0.0,0.0,,,0.0,,,,,,,,,,0.0,,,,,
2602,02301389,Gatifloxacin,BRAND,202612,2025-08-29,,0.0,0.0,,,0.0,,,,,,,,,,0.0,,,,,
2603,02301389,Gatifloxacin,BRAND,202612,2025-09-05,,0.0,0.0,,,0.0,,,,,,,,,,0.0,,,,,
2604,02301389,Gatifloxacin,BRAND,202612,2025-09-12,,0.0,0.0,,,0.0,,,,,,,,,,0.0,,,,,
2605,02301389,Gatifloxacin,BRAND,202612,2025-09-18,,0.0,0.0,,,0.0,,,,,,,,,,0.0,,,,,
2606,02301389,Gatifloxacin,BRAND,202612,2025-09-19,,0.0,0.0,,,0.0,,,,,,,,,,0.0,,,,,
2607,02301389,Gatifloxacin,BRAND,202612,2025-10-10,,0.0,0.0,,,0.0,,,,,,,,,,0.0,,,,,
2608,02301389,Gatifloxacin,BRAND,202612,2025-10-17,,0.0,0.0,,,0.0,,,,,,,,,,0.0,,,,,
2609,02301389,Gatifloxacin,BRAND,202612,2025-10-24,,0.0,0.0,,,0.0,,,,,,,,,,0.0,,,,,
2610,02301389,Gatifloxacin,BRAND,202612,2025-10-31,,0.0,0.0,,,0.0,,,,,,,,,,0.0,,,,,
2611,02301389,Gatifloxacin,BRAND,202612,2025-11-07,,0.0,0.0,,,0.0,,,,,,,,,,0.0,,,,,
2612,02301389,Gatifloxacin,BRAND,202612,2025-11-14,,0.0,0.0,,,0.0,,,,,,,,,,0.0,,,,,
2613,02301389,Gatifloxacin,BRAND,202612,2025-11-19,,0.0,0.0,,,0.0,,,,,,,,,,0.0,,,,,
2614,02301389,Gatifloxacin,BRAND,202612,2025-11-21,,0.0,0.0,,,0.0,,,,,,,,,,0.0,,,,,
2615,02301389,Gatifloxacin,BRAND,202612,2025-11-28,,0.0,0.0,,,0.0,,,,,,,,,,0.0,,,,,
2616,02301389,Gatifloxacin,BRAND,202612,2025-12-05,,0.0,0.0,,,0.0,,,,,,,,,,0.0,,,,,
2617,02301389,Gatifloxacin,BRAND,202612,2025-12-12,,0.0,0.0,,,0.0,,,,,,,,,,0.0,,,,,
2618,02301389,Gatifloxacin,BRAND,202612,2025-12-17,,0.0,0.0,,,0.0,,,,,,,,,,0.0,,,,,
2619,02301389,Gatifloxacin,BRAND,202612,2025-12-19,,0.0,0.0,,,0.0,,,,,,,,,,0.0,,,,,
2620,02301389,Gatifloxacin,BRAND,202612,2025-12-26,,0.0,0.0,,,0.0,,,,,,,,,,0.0,,,,,
2621,02301389,Gatifloxacin,BRAND,202612,2026-01-09,,0.0,0.0,,,0.0,,,,,,,,,,0.0,,,,,
2622,02301389,Gatifloxacin,BRAND,202612,2026-01-16,,0.0,0.0,,,0.0,,,,,,,,,,0.0,,,,,
2623,02301389,Gatifloxacin,BRAND,202612,2026-01-23,,0.0,0.0,,,0.0,,,,,,,,,,0.0,,,,,
2624,02301389,Gatifloxacin,BRAND,202612,2026-01-30,,0.0,0.0,,,0.0,,,,,,,,,,0.0,,,,,
2625,02301389,Gatifloxacin,BRAND,202612,2026-02-06,,0.0,0.0,,,0.0,,,,,,,,,,0.0,,,,,
2626,02401340,AMPHOTERICIN,BRAND,202612,2025-07-18,,0.0,0.0,,,100.0,,,,,,,,,0.0,0.0,0.0,,,,
2627,02401340,AMPHOTERICIN,BRAND,202612,2025-07-25,,0.0,0.0,,,0.0,,,,,,,,,,0.0,,,,,
2628,02401340,AMPHOTERICIN,BRAND,202612,2025-08-01,,0.0,0.0,,,0.0,,,,,,,,,,0.0,,,,,
2629,02401340,AMPHOTERICIN,BRAND,202612,2025-08-08,,0.0,0.0,,,0.0,,,,,,,,,,0.0,,,,,
2630,02401340,AMPHOTERICIN,BRAND,202612,2025-08-15,,0.0,0.0,,,0.0,,,,,,,,,,0.0,,,,,
2631,02401340,AMPHOTERICIN,BRAND,202612,2025-08-22,,0.0,0.0,,,0.0,,,,,,,,,,0.0,,,,,
2632,02401340,AMPHOTERICIN,BRAND,202612,2025-08-26,,0.0,0.0,,,0.0,,,,,,,,,,0.0,,,,,
2633,02401340,AMPHOTERICIN,BRAND,202612,2025-08-29,,0.0,0.0,,,0.0,,,,,,,,,,0.0,,,,,
2634,02401340,AMPHOTERICIN,BRAND,202612,2025-09-05,,0.0,0.0,,,0.0,,,,,,,,,,0.0,,,,,
2635,02401340,AMPHOTERICIN,BRAND,202612,2025-09-12,,0.0,0.0,,,0.0,,,,,,,,,,0.0,,,,,
2636,02401340,AMPHOTERICIN,BRAND,202612,2025-09-18,,0.0,0.0,,,0.0,,,,,,,,,,0.0,,,,,
2637,02401340,AMPHOTERICIN,BRAND,202612,2025-09-19,,0.0,0.0,,,0.0,,,,,,,,,,0.0,,,,,
2638,02401340,AMPHOTERICIN,BRAND,202612,2025-10-03,,0.0,0.0,,,0.0,,,,,,,,,,0.0,,,,,
2639,02401340,AMPHOTERICIN,BRAND,202612,2025-10-10,,0.0,0.0,,,0.0,,,,,,,,,,0.0,,,,,
2640,02401340,AMPHOTERICIN,BRAND,202612,2025-10-17,,0.0,0.0,,,0.0,,,,,,,,,,0.0,,,,,
2641,02401340,AMPHOTERICIN,BRAND,202612,2025-10-24,,0.0,0.0,,,0.0,,,,,,,,,,0.0,,,,,
2642,02401340,AMPHOTERICIN,BRAND,202612,2025-10-31,,0.0,0.0,,,0.0,,,,,,,,,,0.0,,,,,
2643,02401340,AMPHOTERICIN,BRAND,202612,2025-11-07,,0.0,0.0,,,0.0,,,,,,,,,,0.0,,,,,
2644,02401340,AMPHOTERICIN,BRAND,202612,2025-11-14,,0.0,0.0,,,0.0,,,,,,,,,,0.0,,,,,
2645,02401340,AMPHOTERICIN,BRAND,202612,2025-11-19,,0.0,0.0,,,0.0,,,,,,,,,,0.0,,,,,
2646,02401340,AMPHOTERICIN,BRAND,202612,2025-11-21,,0.0,0.0,,,0.0,,,,,,,,,,0.0,,,,,
2647,02401340,AMPHOTERICIN,BRAND,202612,2025-11-28,,0.0,0.0,,,0.0,,,,,,,,,,0.0,,,,,
2648,02401340,AMPHOTERICIN,BRAND,202612,2025-12-05,,0.0,0.0,,,0.0,,,,,,,,,,0.0,,,,,
2649,02401340,AMPHOTERICIN,BRAND,202612,2025-12-12,,0.0,0.0,,,0.0,,,,,,,,,,0.0,,,,,
2650,02401340,AMPHOTERICIN,BRAND,202612,2025-12-17,,0.0,0.0,,,0.0,,,,,,,,,,0.0,,,,,
2651,02401340,AMPHOTERICIN,BRAND,202612,2025-12-19,,0.0,0.0,,,0.0,,,,,,,,,,0.0,,,,,
2652,02401340,AMPHOTERICIN,BRAND,202612,2025-12-26,,0.0,0.0,,,0.0,,,,,,,,,,0.0,,,,,
2653,02401340,AMPHOTERICIN,BRAND,202612,2026-01-02,,0.0,0.0,,,0.0,,,,,,,,,,0.0,,,,,
2654,02401340,AMPHOTERICIN,BRAND,202612,2026-01-09,,0.0,0.0,,,0.0,,,,,,,,,,0.0,,,,,
2655,02401340,AMPHOTERICIN,BRAND,202612,2026-01-16,,0.0,0.0,,,0.0,,,,,,,,,,0.0,,,,,
2656,02401340,AMPHOTERICIN,BRAND,202612,2026-01-23,,0.0,0.0,,,0.0,,,,,,,,,,0.0,,,,,
2657,02401340,AMPHOTERICIN,BRAND,202612,2026-01-30,,0.0,0.0,,,0.0,,,,,,,,,,0.0,,,,,
2658,02401340,AMPHOTERICIN,BRAND,202612,2026-02-06,,0.0,0.0,,,0.0,,,,,,,,,,0.0,,,,,
2659,02401370,Other Antifungals,BRAND,202612,2025-07-18,,0.0,0.0,,,100.0,,,,,,,,,0.0,0.0,0.0,,,,
2660,02401370,Other Antifungals,BRAND,202612,2025-07-25,,0.0,0.0,,,0.0,,,,,,,,,,0.0,,,,,
2661,02401370,Other Antifungals,BRAND,202612,2025-08-01,,0.0,0.0,,,0.0,,,,,,,,,,0.0,,,,,
2662,02401370,Other Antifungals,BRAND,202612,2025-08-08,,0.0,0.0,,,0.0,,,,,,,,,,0.0,,,,,
2663,02401370,Other Antifungals,BRAND,202612,2025-08-15,,0.0,0.0,,,0.0,,,,,,,,,,0.0,,,,,
2664,02401370,Other Antifungals,BRAND,202612,2025-08-22,,0.0,0.0,,,0.0,,,,,,,,,,0.0,,,,,
2665,02401370,Other Antifungals,BRAND,202612,2025-08-26,,0.0,0.0,,,0.0,,,,,,,,,,0.0,,,,,
2666,02401370,Other Antifungals,BRAND,202612,2025-08-29,,0.0,0.0,,,0.0,,,,,,,,,,0.0,,,,,
2667,02401370,Other Antifungals,BRAND,202612,2025-09-05,,0.0,0.0,,,0.0,,,,,,,,,,0.0,,,,,
2668,02401370,Other Antifungals,BRAND,202612,2025-09-12,,0.0,0.0,,,0.0,,,,,,,,,,0.0,,,,,
2669,02401370,Other Antifungals,BRAND,202612,2025-09-18,,0.0,0.0,,,0.0,,,,,,,,,,0.0,,,,,
2670,02401370,Other Antifungals,BRAND,202612,2025-09-19,,0.0,0.0,,,0.0,,,,,,,,,,0.0,,,,,
2671,02401370,Other Antifungals,BRAND,202612,2025-10-03,,0.0,0.0,,,0.0,,,,,,,,,,0.0,,,,,
2672,02401370,Other Antifungals,BRAND,202612,2025-10-10,,0.0,0.0,,,0.0,,,,,,,,,,0.0,,,,,
2673,02401370,Other Antifungals,BRAND,202612,2025-10-17,,0.0,0.0,,,0.0,,,,,,,,,,0.0,,,,,
2674,02401370,Other Antifungals,BRAND,202612,2025-10-24,,0.0,0.0,,,0.0,,,,,,,,,,0.0,,,,,
2675,02401370,Other Antifungals,BRAND,202612,2025-10-31,,0.0,0.0,,,0.0,,,,,,,,,,0.0,,,,,
2676,02401370,Other Antifungals,BRAND,202612,2025-11-07,,0.0,0.0,,,0.0,,,,,,,,,,0.0,,,,,
2677,02401370,Other Antifungals,BRAND,202612,2025-11-14,,0.0,0.0,,,0.0,,,,,,,,,,0.0,,,,,
2678,02401370,Other Antifungals,BRAND,202612,2025-11-19,,0.0,0.0,,,0.0,,,,,,,,,,0.0,,,,,
2679,02401370,Other Antifungals,BRAND,202612,2025-11-21,,0.0,0.0,,,0.0,,,,,,,,,,0.0,,,,,
2680,02401370,Other Antifungals,BRAND,202612,2025-11-28,,0.0,0.0,,,0.0,,,,,,,,,,0.0,,,,,
2681,02401370,Other Antifungals,BRAND,202612,2025-12-05,,0.0,0.0,,,0.0,,,,,,,,,,0.0,,,,,
2682,02401370,Other Antifungals,BRAND,202612,2025-12-12,,0.0,0.0,,,0.0,,,,,,,,,,0.0,,,,,
2683,02401370,Other Antifungals,BRAND,202612,2025-12-17,,0.0,0.0,,,0.0,,,,,,,,,,0.0,,,,,
2684,02401370,Other Antifungals,BRAND,202612,2025-12-19,,0.0,0.0,,,0.0,,,,,,,,,,0.0,,,,,
2685,02401370,Other Antifungals,BRAND,202612,2025-12-26,,0.0,0.0,,,0.0,,,,,,,,,,0.0,,,,,
2686,02401370,Other Antifungals,BRAND,202612,2026-01-02,,0.0,0.0,,,0.0,,,,,,,,,,0.0,,,,,
2687,02401370,Other Antifungals,BRAND,202612,2026-01-09,,0.0,0.0,,,0.0,,,,,,,,,,0.0,,,,,
2688,02401370,Other Antifungals,BRAND,202612,2026-01-16,,0.0,0.0,,,0.0,,,,,,,,,,0.0,,,,,
2689,02401370,Other Antifungals,BRAND,202612,2026-01-23,,0.0,0.0,,,0.0,,,,,,,,,,0.0,,,,,
2690,02401370,Other Antifungals,BRAND,202612,2026-01-30,,0.0,0.0,,,0.0,,,,,,,,,,0.0,,,,,
2691,02401370,Other Antifungals,BRAND,202612,2026-02-06,,0.0,0.0,,,0.0,,,,,,,,,,0.0,,,,,
2692,02501010,Captopril,BRAND,202612,2025-07-18,,0.0,0.0,,,100.0,,,,,,,,,0.0,0.0,0.0,,,,
2693,02501010,Captopril,BRAND,202612,2025-07-25,,0.0,0.0,,,0.0,,,,,,,,,,0.0,,,,,
2694,02501010,Captopril,BRAND,202612,2025-08-01,,0.0,0.0,,,0.0,,,,,,,,,,0.0,,,,,
2695,02501010,Captopril,BRAND,202612,2025-08-08,,0.0,0.0,,,0.0,,,,,,,,,,0.0,,,,,
2696,02501010,Captopril,BRAND,202612,2025-08-15,,0.0,0.0,,,0.0,,,,,,,,,,0.0,,,,,
2697,02501010,Captopril,BRAND,202612,2025-08-22,,0.0,0.0,,,0.0,,,,,,,,,,0.0,,,,,
2698,02501010,Captopril,BRAND,202612,2025-08-26,,0.0,0.0,,,0.0,,,,,,,,,,0.0,,,,,
2699,02501010,Captopril,BRAND,202612,2025-08-29,,0.0,0.0,,,0.0,,,,,,,,,,0.0,,,,,
2700,02501010,Captopril,BRAND,202612,2025-09-05,,0.0,0.0,,,0.0,,,,,,,,,,0.0,,,,,
2701,02501010,Captopril,BRAND,202612,2025-09-12,,0.0,0.0,,,0.0,,,,,,,,,,0.0,,,,,
2702,02501010,Captopril,BRAND,202612,2025-09-18,,0.0,0.0,,,0.0,,,,,,,,,,0.0,,,,,
2703,02501010,Captopril,BRAND,202612,2025-09-19,,0.0,0.0,,,0.0,,,,,,,,,,0.0,,,,,
2704,02501010,Captopril,BRAND,202612,2025-10-03,,0.0,0.0,,,0.0,,,,,,,,,,0.0,,,,,
2705,02501010,Captopril,BRAND,202612,2025-10-10,,0.0,0.0,,,0.0,,,,,,,,,,0.0,,,,,
2706,02501010,Captopril,BRAND,202612,2025-10-17,,0.0,0.0,,,0.0,,,,,,,,,,0.0,,,,,
2707,02501010,Captopril,BRAND,202612,2025-10-24,,0.0,0.0,,,0.0,,,,,,,,,,0.0,,,,,
2708,02501010,Captopril,BRAND,202612,2025-10-31,,0.0,0.0,,,0.0,,,,,,,,,,0.0,,,,,
2709,02501010,Captopril,BRAND,202612,2025-11-07,,0.0,0.0,,,0.0,,,,,,,,,,0.0,,,,,
2710,02501010,Captopril,BRAND,202612,2025-11-14,,0.0,0.0,,,0.0,,,,,,,,,,0.0,,,,,
2711,02501010,Captopril,BRAND,202612,2025-11-19,,0.0,0.0,,,0.0,,,,,,,,,,0.0,,,,,
2712,02501010,Captopril,BRAND,202612,2025-11-21,,0.0,0.0,,,0.0,,,,,,,,,,0.0,,,,,
2713,02501010,Captopril,BRAND,202612,2025-11-28,,0.0,0.0,,,0.0,,,,,,,,,,0.0,,,,,
2714,02501010,Captopril,BRAND,202612,2025-12-05,,0.0,0.0,,,0.0,,,,,,,,,,0.0,,,,,
2715,02501010,Captopril,BRAND,202612,2025-12-12,,0.0,0.0,,,0.0,,,,,,,,,,0.0,,,,,
2716,02501010,Captopril,BRAND,202612,2025-12-17,,0.0,0.0,,,0.0,,,,,,,,,,0.0,,,,,
2717,02501010,Captopril,BRAND,202612,2025-12-19,,0.0,0.0,,,0.0,,,,,,,,,,0.0,,,,,
2718,02501010,Captopril,BRAND,202612,2025-12-26,,0.0,0.0,,,0.0,,,,,,,,,,0.0,,,,,
2719,02501010,Captopril,BRAND,202612,2026-01-02,,0.0,0.0,,,0.0,,,,,,,,,,0.0,,,,,
2720,02501010,Captopril,BRAND,202612,2026-01-09,,0.0,0.0,,,0.0,,,,,,,,,,0.0,,,,,
2721,02501010,Captopril,BRAND,202612,2026-01-16,,0.0,0.0,,,0.0,,,,,,,,,,0.0,,,,,
2722,02501010,Captopril,BRAND,202612,2026-01-23,,0.0,0.0,,,0.0,,,,,,,,,,0.0,,,,,
2723,02501010,Captopril,BRAND,202612,2026-01-30,,0.0,0.0,,,0.0,,,,,,,,,,0.0,,,,,
2724,02501010,Captopril,BRAND,202612,2026-02-06,,0.0,0.0,,,0.0,,,,,,,,,,0.0,,,,,
2725,02501020,Captopril,BRAND,202612,2025-07-18,,0.0,0.0,,,100.0,,,,,,,,,0.0,0.0,0.0,,,,
2726,02501020,Captopril,BRAND,202612,2025-07-25,0.0,0.0,0.0,,,3.57,,,,,,,,,0.0,0.0,0.0,,,,
2727,02501020,Captopril,BRAND,202612,2025-08-01,0.0,0.0,0.0,,,3.57,,,,,,,,,0.0,0.0,0.0,,,,
2728,02501020,Captopril,BRAND,202612,2025-08-08,0.0,0.0,0.0,,,3.57,,,,,,,,,0.0,0.0,0.0,,,,
2729,02501020,Captopril,BRAND,202612,2025-08-15,0.0,0.0,0.0,,,3.57,,,,,,,,,0.0,0.0,0.0,,,,
2730,02501020,Captopril,BRAND,202612,2025-08-22,0.0,0.0,0.0,,,3.57,,,,,,,,,0.0,0.0,0.0,,,,
2731,02501020,Captopril,BRAND,202612,2025-08-26,,0.0,0.0,,,3.57,,,,,,,,,0.0,0.0,0.0,,,,
2732,02501020,Captopril,BRAND,202612,2025-08-29,0.0,0.0,0.0,,,3.57,,,,,,,,,0.0,0.0,0.0,,,,
2733,02501020,Captopril,BRAND,202612,2025-09-05,,0.0,0.0,,,0.0,,,,,,,,,,0.0,,,,,
2734,02501020,Captopril,BRAND,202612,2025-09-12,,0.0,0.0,,,0.0,,,,,,,,,,0.0,,,,,
2735,02501020,Captopril,BRAND,202612,2025-09-18,,0.0,0.0,,,0.0,,,,,,,,,,0.0,,,,,
2736,02501020,Captopril,BRAND,202612,2025-09-19,,0.0,0.0,,,0.0,,,,,,,,,,0.0,,,,,
2737,02501020,Captopril,BRAND,202612,2025-10-03,,0.0,0.0,,,0.0,,,,,,,,,,0.0,,,,,
2738,02501020,Captopril,BRAND,202612,2025-10-10,,0.0,0.0,,,0.0,,,,,,,,,,0.0,,,,,
2739,02501020,Captopril,BRAND,202612,2025-10-17,,0.0,0.0,,,0.0,,,,,,,,,,0.0,,,,,
2740,02501020,Captopril,BRAND,202612,2025-10-24,,0.0,0.0,,,0.0,,,,,,,,,,0.0,,,,,
2741,02501020,Captopril,BRAND,202612,2025-10-31,,0.0,0.0,,,0.0,,,,,,,,,,0.0,,,,,
2742,02501020,Captopril,BRAND,202612,2025-11-07,,0.0,0.0,,,0.0,,,,,,,,,,0.0,,,,,
2743,02501020,Captopril,BRAND,202612,2025-11-14,,0.0,0.0,,,0.0,,,,,,,,,,0.0,,,,,
2744,02501020,Captopril,BRAND,202612,2025-11-19,,0.0,0.0,,,0.0,,,,,,,,,,0.0,,,,,
2745,02501020,Captopril,BRAND,202612,2025-11-21,,0.0,0.0,,,0.0,,,,,,,,,,0.0,,,,,
2746,02501020,Captopril,BRAND,202612,2025-11-28,,0.0,0.0,,,0.0,,,,,,,,,,0.0,,,,,
2747,02501020,Captopril,BRAND,202612,2025-12-05,,0.0,0.0,,,0.0,,,,,,,,,,0.0,,,,,
2748,02501020,Captopril,BRAND,202612,2025-12-12,,0.0,0.0,,,0.0,,,,,,,,,,0.0,,,,,
2749,02501020,Captopril,BRAND,202612,2025-12-17,,0.0,0.0,,,0.0,,,,,,,,,,0.0,,,,,
2750,02501020,Captopril,BRAND,202612,2025-12-19,,0.0,0.0,,,0.0,,,,,,,,,,0.0,,,,,
2751,02501020,Captopril,BRAND,202612,2025-12-26,,0.0,0.0,,,0.0,,,,,,,,,,0.0,,,,,
2752,02501020,Captopril,BRAND,202612,2026-01-02,,0.0,0.0,,,0.0,,,,,,,,,,0.0,,,,,
2753,02501020,Captopril,BRAND,202612,2026-01-09,,0.0,0.0,,,0.0,,,,,,,,,,0.0,,,,,
2754,02501020,Captopril,BRAND,202612,2026-01-16,,0.0,0.0,,,0.0,,,,,,,,,,0.0,,,,,
2755,02501020,Captopril,BRAND,202612,2026-01-23,,0.0,0.0,,,0.0,,,,,,,,,,0.0,,,,,
2756,02501020,Captopril,BRAND,202612,2026-01-30,,0.0,0.0,,,0.0,,,,,,,,,,0.0,,,,,
2757,02501020,Captopril,BRAND,202612,2026-02-06,,0.0,0.0,,,0.0,,,,,,,,,,0.0,,,,,
2758,02601200,Cefadroxil,BRAND,202612,2025-07-18,,0.0,0.0,,,100.0,,,,,,,,,0.0,0.0,0.0,,,,
2759,02601200,Cefadroxil,BRAND,202612,2025-07-25,,0.0,0.0,,,0.0,,,,,,,,,,0.0,,,,,
2760,02601200,Cefadroxil,BRAND,202612,2025-08-01,,0.0,0.0,,,0.0,,,,,,,,,,0.0,,,,,
2761,02601200,Cefadroxil,BRAND,202612,2025-08-08,,0.0,0.0,,,0.0,,,,,,,,,,0.0,,,,,
2762,02601200,Cefadroxil,BRAND,202612,2025-08-15,,0.0,0.0,,,0.0,,,,,,,,,,0.0,,,,,
2763,02601200,Cefadroxil,BRAND,202612,2025-08-22,,0.0,0.0,,,0.0,,,,,,,,,,0.0,,,,,
2764,02601200,Cefadroxil,BRAND,202612,2025-08-26,,0.0,0.0,,,0.0,,,,,,,,,,0.0,,,,,
2765,02601200,Cefadroxil,BRAND,202612,2025-08-29,,0.0,0.0,,,0.0,,,,,,,,,,0.0,,,,,
2766,02601200,Cefadroxil,BRAND,202612,2025-09-05,,0.0,0.0,,,0.0,,,,,,,,,,0.0,,,,,
2767,02601200,Cefadroxil,BRAND,202612,2025-09-12,,0.0,0.0,,,0.0,,,,,,,,,,0.0,,,,,
2768,02601200,Cefadroxil,BRAND,202612,2025-09-18,,0.0,0.0,,,0.0,,,,,,,,,,0.0,,,,,
2769,02601200,Cefadroxil,BRAND,202612,2025-09-19,,0.0,0.0,,,0.0,,,,,,,,,,0.0,,,,,
2770,02601200,Cefadroxil,BRAND,202612,2025-10-03,,0.0,0.0,,,0.0,,,,,,,,,,0.0,,,,,
2771,02601200,Cefadroxil,BRAND,202612,2025-10-10,,0.0,0.0,,,0.0,,,,,,,,,,0.0,,,,,
2772,02601200,Cefadroxil,BRAND,202612,2025-10-17,,0.0,0.0,,,0.0,,,,,,,,,,0.0,,,,,
2773,02601200,Cefadroxil,BRAND,202612,2025-10-24,,0.0,0.0,,,0.0,,,,,,,,,,0.0,,,,,
2774,02601200,Cefadroxil,BRAND,202612,2025-10-31,,0.0,0.0,,,0.0,,,,,,,,,,0.0,,,,,
2775,02601200,Cefadroxil,BRAND,202612,2025-11-07,,0.0,0.0,,,0.0,,,,,,,,,,0.0,,,,,
2776,02601200,Cefadroxil,BRAND,202612,2025-11-14,,0.0,0.0,,,0.0,,,,,,,,,,0.0,,,,,
2777,02601200,Cefadroxil,BRAND,202612,2025-11-19,,0.0,0.0,,,0.0,,,,,,,,,,0.0,,,,,
2778,02601200,Cefadroxil,BRAND,202612,2025-11-21,,0.0,0.0,,,0.0,,,,,,,,,,0.0,,,,,
2779,02601200,Cefadroxil,BRAND,202612,2025-11-28,,0.0,0.0,,,0.0,,,,,,,,,,0.0,,,,,
2780,02601200,Cefadroxil,BRAND,202612,2025-12-05,,0.0,0.0,,,0.0,,,,,,,,,,0.0,,,,,
2781,02601200,Cefadroxil,BRAND,202612,2025-12-12,,0.0,0.0,,,0.0,,,,,,,,,,0.0,,,,,
2782,02601200,Cefadroxil,BRAND,202612,2025-12-17,,0.0,0.0,,,0.0,,,,,,,,,,0.0,,,,,
2783,02601200,Cefadroxil,BRAND,202612,2025-12-19,,0.0,0.0,,,0.0,,,,,,,,,,0.0,,,,,
2784,02601200,Cefadroxil,BRAND,202612,2025-12-26,,0.0,0.0,,,0.0,,,,,,,,,,0.0,,,,,
2785,02601200,Cefadroxil,BRAND,202612,2026-01-02,,0.0,0.0,,,0.0,,,,,,,,,,0.0,,,,,
2786,02601200,Cefadroxil,BRAND,202612,2026-01-09,,0.0,0.0,,,0.0,,,,,,,,,,0.0,,,,,
2787,02601200,Cefadroxil,BRAND,202612,2026-01-16,,0.0,0.0,,,0.0,,,,,,,,,,0.0,,,,,
2788,02601200,Cefadroxil,BRAND,202612,2026-01-23,,0.0,0.0,,,0.0,,,,,,,,,,0.0,,,,,
2789,02601200,Cefadroxil,BRAND,202612,2026-01-30,,0.0,0.0,,,0.0,,,,,,,,,,0.0,,,,,
2790,02601200,Cefadroxil,BRAND,202612,2026-02-06,,0.0,0.0,,,0.0,,,,,,,,,,0.0,,,,,
2791,02601220,Cephradine,BRAND,202612,2025-07-18,,0.0,0.0,,,100.0,,,,,,,,,0.0,0.0,0.0,,,,
2792,02601220,Cephradine,BRAND,202612,2025-07-25,8.0,578260.98,152030.87,,26.29,27.72,100.0,59.8,100.0,100.0,63.15,100.0,0.0,1,14.29,0.04,0.0,100.0,100.0,51.22,
2793,02601220,Cephradine,BRAND,202612,2025-08-01,-1.52,31326.21,-31129.8,,99.37,27.72,100.0,88.58,100.0,100.0,90.98,100.0,0.0,1,17.86,0.07,0.0,100.0,100.0,51.32,
2794,02601220,Cephradine,BRAND,202612,2025-08-08,3.65,111192.21,73853.17,,66.42,27.72,100.0,68.62,99.58,100.0,84.83,100.0,0.0,1,28.57,0.1,0.0,99.58,100.0,51.25,
2795,02601220,Cephradine,BRAND,202612,2025-08-15,-3.57,107705.34,-74863.72,,69.51,27.72,100.0,66.89,99.29,100.0,84.23,100.0,0.0,1,35.71,0.11,0.0,99.29,100.0,51.17,
2796,02601220,Cephradine,BRAND,202612,2025-08-22,10.51,248514.6,212432.07,,85.48,28.43,100.0,52.24,99.99,100.0,93.69,100.0,0.0,1,27.59,0.12,0.0,99.99,100.0,51.76,
2797,02601220,Cephradine,BRAND,202612,2025-08-26,,0.0,0.0,,,28.43,,,,,,,,,0.0,0.0,0.0,,,,
2798,02601220,Cephradine,BRAND,202612,2025-08-29,-21.72,692022.46,-485508.97,,70.16,27.45,88.45,49.59,96.53,100.0,85.22,100.0,0.0,1,35.71,0.11,0.0,85.38,100.0,49.95,
2799,02601220,Cephradine,BRAND,202612,2025-09-05,12.88,229285.93,225412.52,,98.31,22.55,64.35,46.55,99.83,100.0,52.78,100.0,0.0,1,21.74,0.15,0.0,64.24,100.0,49.44,
2800,02601220,Cephradine,BRAND,202612,2025-09-12,-2.55,270517.11,-50313.63,,18.6,23.53,26.97,39.96,99.25,100.0,99.21,100.0,0.0,1,20.83,0.1,4.17,26.77,100.0,49.44,
2801,02601220,Cephradine,BRAND,202612,2025-09-18,0.0,838437.19,66.78,,0.01,22.55,89.86,39.68,91.9,99.44,75.16,100.0,0.0,1,78.26,0.27,0.0,82.58,100.0,46.7,
2802,02601220,Cephradine,BRAND,202612,2025-09-19,4.61,106422.73,88788.39,,83.43,20.59,90.67,75.15,96.06,99.64,100.0,100.0,0.0,1,71.43,0.42,9.52,87.1,100.0,48.07,
2803,02601220,Cephradine,BRAND,202612,2025-09-26,-6.53,152002.81,-119567.23,,78.66,100.0,100.0,72.25,99.38,100.0,93.86,100.0,0.0,1,85.71,1.93,7.14,99.38,100.0,86.18,
2804,02601220,Cephradine,BRAND,202612,2025-10-03,11.7,512325.5,200348.64,,39.11,26.47,99.94,69.51,100.0,100.0,69.56,100.0,0.0,1,11.11,0.07,0.0,99.94,100.0,50.82,
2805,02601220,Cephradine,BRAND,202612,2025-10-10,0.0,0.0,0.0,,,25.49,,,,,,,,,0.0,0.0,0.0,,,,
2806,02601220,Cephradine,BRAND,202612,2025-10-17,-4.12,787470.14,-81911.85,,10.4,22.55,81.6,41.22,91.54,99.32,78.56,100.0,0.0,1,91.3,0.26,0.0,74.69,100.0,46.52,
2807,02601220,Cephradine,BRAND,202612,2025-10-24,-7.32,333620.51,-150302.19,,45.05,20.59,42.75,39.78,95.65,99.58,98.94,100.0,0.0,1,85.71,0.37,4.76,40.89,100.0,47.74,
2808,02601220,Cephradine,BRAND,202612,2025-10-31,3.32,96902.41,63221.81,,65.24,24.51,99.19,82.55,97.54,99.61,100.0,100.0,0.0,1,68.0,0.25,4.0,96.75,100.0,49.67,
2809,02601220,Cephradine,BRAND,202612,2025-11-07,-4.12,422960.04,-81100.48,,19.17,19.61,70.31,30.01,84.01,97.06,86.97,100.0,0.0,1,90.0,0.31,0.0,59.07,100.0,42.49,
2810,02601220,Cephradine,BRAND,202612,2025-11-14,-0.85,19866.07,-16057.57,,80.83,18.63,47.09,49.92,91.22,97.38,99.25,100.0,0.0,1,68.42,0.27,0.0,42.96,100.0,44.85,
2811,02601220,Cephradine,BRAND,202612,2025-11-19,1.6,409424.63,30518.7,,7.45,23.53,99.79,30.12,89.0,98.79,83.42,100.0,0.0,1,95.83,0.46,8.33,88.82,100.0,46.55,
2812,02601220,Cephradine,BRAND,202612,2025-11-21,-0.64,55315.06,-11937.42,,21.58,23.53,98.38,58.81,99.14,99.96,58.81,100.0,0.0,1,45.83,0.27,8.33,97.54,100.0,49.98,
2813,02601220,Cephradine,BRAND,202612,2025-11-28,-0.85,42219.23,-15782.98,,37.38,27.45,100.0,50.56,94.23,99.99,50.74,100.0,0.0,1,42.86,0.23,0.0,94.23,100.0,49.42,
2814,02601220,Cephradine,BRAND,202612,2025-12-05,0.06,4566.1,1157.43,,25.35,25.49,88.27,62.49,95.76,99.47,99.53,100.0,0.0,1,57.69,0.26,7.69,84.53,100.0,49.38,
2815,02601220,Cephradine,BRAND,202612,2025-12-12,0.3,333703.27,5546.01,,1.66,27.45,53.43,46.57,99.45,99.98,89.5,100.0,0.0,1,42.86,0.23,0.0,53.13,100.0,51.51,
2816,02601220,Cephradine,BRAND,202612,2025-12-17,-3.36,886295.07,-65156.49,,7.35,21.57,82.67,37.69,97.13,99.76,73.85,100.0,0.0,1,90.91,0.36,0.0,80.3,100.0,48.69,
2817,02601220,Cephradine,BRAND,202612,2025-12-19,17.52,1073103.24,323957.85,,30.19,24.51,38.7,32.76,96.26,99.57,71.3,100.0,0.0,1,72.0,0.34,4.0,37.25,100.0,49.45,
2818,02601220,Cephradine,BRAND,202612,2025-12-26,6.03,1051211.03,130973.6,,12.46,16.67,0.78,35.5,97.41,99.87,80.93,100.0,0.0,1,58.82,0.35,0.0,0.76,100.0,46.81,
2819,02601220,Cephradine,BRAND,202612,2026-01-02,-13.13,861083.58,-302599.2,,35.14,19.61,29.72,40.16,97.83,99.97,87.48,100.0,0.0,1,35.0,0.37,0.0,29.08,100.0,48.22,
2820,02601220,Cephradine,BRAND,202612,2026-01-09,-2.92,218612.67,-58449.53,,26.74,23.53,63.97,59.06,99.98,100.0,100.0,100.0,0.0,1,16.67,0.08,0.0,63.96,100.0,49.66,
2821,02601220,Cephradine,BRAND,202612,2026-01-16,-18.0,349794.62,-349782.31,,100.0,24.75,57.38,42.6,96.96,99.7,100.0,100.0,0.0,1,80.0,0.27,0.0,55.64,100.0,49.58,
2822,02601220,Cephradine,BRAND,202612,2026-01-23,-23.81,503772.82,-445976.91,,88.53,16.83,45.32,30.28,86.97,98.35,76.99,100.0,0.0,1,88.24,0.5,0.0,39.41,100.0,43.17,
2823,02601220,Cephradine,BRAND,202612,2026-01-30,16.15,957867.94,257294.73,,26.86,16.83,68.13,35.65,92.13,99.39,94.51,100.0,0.0,1,52.94,0.34,0.0,62.76,100.0,44.7,
2824,02601220,Cephradine,BRAND,202612,2026-02-06,-16.94,841459.27,-313402.42,,37.25,17.82,57.26,38.67,94.69,99.64,79.8,100.0,0.0,1,55.56,0.23,0.0,54.22,100.0,45.76,
2825,02601230,Cefatrizine,BRAND,202612,2025-07-18,,0.0,0.0,,,100.0,,,,,,,,,0.0,0.0,0.0,,,,
2826,02601230,Cefatrizine,BRAND,202612,2025-07-25,,0.0,0.0,,,0.0,,,,,,,,,,0.0,,,,,
2827,02601230,Cefatrizine,BRAND,202612,2025-08-01,,0.0,0.0,,,0.0,,,,,,,,,,0.0,,,,,
2828,02601230,Cefatrizine,BRAND,202612,2025-08-08,,0.0,0.0,,,0.0,,,,,,,,,,0.0,,,,,
2829,02601230,Cefatrizine,BRAND,202612,2025-08-15,,0.0,0.0,,,0.0,,,,,,,,,,0.0,,,,,
2830,02601230,Cefatrizine,BRAND,202612,2025-08-22,,0.0,0.0,,,0.0,,,,,,,,,,0.0,,,,,
2831,02601230,Cefatrizine,BRAND,202612,2025-08-26,,0.0,0.0,,,0.0,,,,,,,,,,0.0,,,,,
2832,02601230,Cefatrizine,BRAND,202612,2025-08-29,,0.0,0.0,,,0.0,,,,,,,,,,0.0,,,,,
2833,02601230,Cefatrizine,BRAND,202612,2025-09-05,,0.0,0.0,,,0.0,,,,,,,,,,0.0,,,,,
2834,02601230,Cefatrizine,BRAND,202612,2025-09-12,,0.0,0.0,,,0.0,,,,,,,,,,0.0,,,,,
2835,02601230,Cefatrizine,BRAND,202612,2025-09-18,,0.0,0.0,,,0.0,,,,,,,,,,0.0,,,,,
2836,02601230,Cefatrizine,BRAND,202612,2025-09-19,,0.0,0.0,,,0.0,,,,,,,,,,0.0,,,,,
2837,02601230,Cefatrizine,BRAND,202612,2025-10-03,,0.0,0.0,,,0.0,,,,,,,,,,0.0,,,,,
2838,02601230,Cefatrizine,BRAND,202612,2025-10-10,,0.0,0.0,,,0.0,,,,,,,,,,0.0,,,,,
2839,02601230,Cefatrizine,BRAND,202612,2025-10-17,,0.0,0.0,,,0.0,,,,,,,,,,0.0,,,,,
2840,02601230,Cefatrizine,BRAND,202612,2025-10-24,,0.0,0.0,,,0.0,,,,,,,,,,0.0,,,,,
2841,02601230,Cefatrizine,BRAND,202612,2025-10-31,,0.0,0.0,,,0.0,,,,,,,,,,0.0,,,,,
2842,02601230,Cefatrizine,BRAND,202612,2025-11-07,,0.0,0.0,,,0.0,,,,,,,,,,0.0,,,,,
2843,02601230,Cefatrizine,BRAND,202612,2025-11-14,,0.0,0.0,,,0.0,,,,,,,,,,0.0,,,,,
2844,02601230,Cefatrizine,BRAND,202612,2025-11-19,,0.0,0.0,,,0.0,,,,,,,,,,0.0,,,,,
2845,02601230,Cefatrizine,BRAND,202612,2025-11-21,,0.0,0.0,,,0.0,,,,,,,,,,0.0,,,,,
2846,02601230,Cefatrizine,BRAND,202612,2025-11-28,,0.0,0.0,,,0.0,,,,,,,,,,0.0,,,,,
2847,02601230,Cefatrizine,BRAND,202612,2025-12-05,,0.0,0.0,,,0.0,,,,,,,,,,0.0,,,,,
2848,02601230,Cefatrizine,BRAND,202612,2025-12-12,,0.0,0.0,,,0.0,,,,,,,,,,0.0,,,,,
2849,02601230,Cefatrizine,BRAND,202612,2025-12-17,,0.0,0.0,,,0.0,,,,,,,,,,0.0,,,,,
2850,02601230,Cefatrizine,BRAND,202612,2025-12-19,,0.0,0.0,,,0.0,,,,,,,,,,0.0,,,,,
2851,02601230,Cefatrizine,BRAND,202612,2025-12-26,,0.0,0.0,,,0.0,,,,,,,,,,0.0,,,,,
2852,02601230,Cefatrizine,BRAND,202612,2026-01-02,,0.0,0.0,,,0.0,,,,,,,,,,0.0,,,,,
2853,02601230,Cefatrizine,BRAND,202612,2026-01-09,,0.0,0.0,,,0.0,,,,,,,,,,0.0,,,,,
2854,02601230,Cefatrizine,BRAND,202612,2026-01-16,,0.0,0.0,,,0.0,,,,,,,,,,0.0,,,,,
2855,02601230,Cefatrizine,BRAND,202612,2026-01-23,,0.0,0.0,,,0.0,,,,,,,,,,0.0,,,,,
2856,02601230,Cefatrizine,BRAND,202612,2026-01-30,,0.0,0.0,,,0.0,,,,,,,,,,0.0,,,,,
2857,02601230,Cefatrizine,BRAND,202612,2026-02-06,,0.0,0.0,,,0.0,,,,,,,,,,0.0,,,,,
2858,02601240,Cephapirin,BRAND,202612,2025-07-18,,0.0,0.0,,,100.0,,,,,,,,,0.0,0.0,0.0,,,,
2859,02601240,Cephapirin,BRAND,202612,2025-07-25,,0.0,0.0,,,0.0,,,,,,,,,,0.0,,,,,
2860,02601240,Cephapirin,BRAND,202612,2025-08-01,,0.0,0.0,,,0.0,,,,,,,,,,0.0,,,,,
2861,02601240,Cephapirin,BRAND,202612,2025-08-08,,0.0,0.0,,,0.0,,,,,,,,,,0.0,,,,,
2862,02601240,Cephapirin,BRAND,202612,2025-08-15,,0.0,0.0,,,0.0,,,,,,,,,,0.0,,,,,
2863,02601240,Cephapirin,BRAND,202612,2025-08-22,,0.0,0.0,,,0.0,,,,,,,,,,0.0,,,,,
2864,02601240,Cephapirin,BRAND,202612,2025-08-26,,0.0,0.0,,,0.0,,,,,,,,,,0.0,,,,,
2865,02601240,Cephapirin,BRAND,202612,2025-08-29,,0.0,0.0,,,0.0,,,,,,,,,,0.0,,,,,
2866,02601240,Cephapirin,BRAND,202612,2025-09-05,,0.0,0.0,,,0.0,,,,,,,,,,0.0,,,,,
2867,02601240,Cephapirin,BRAND,202612,2025-09-12,,0.0,0.0,,,0.0,,,,,,,,,,0.0,,,,,
2868,02601240,Cephapirin,BRAND,202612,2025-09-18,,0.0,0.0,,,0.0,,,,,,,,,,0.0,,,,,
2869,02601240,Cephapirin,BRAND,202612,2025-09-19,,0.0,0.0,,,0.0,,,,,,,,,,0.0,,,,,
2870,02601240,Cephapirin,BRAND,202612,2025-10-03,,0.0,0.0,,,0.0,,,,,,,,,,0.0,,,,,
2871,02601240,Cephapirin,BRAND,202612,2025-10-10,,0.0,0.0,,,0.0,,,,,,,,,,0.0,,,,,
2872,02601240,Cephapirin,BRAND,202612,2025-10-17,,0.0,0.0,,,0.0,,,,,,,,,,0.0,,,,,
2873,02601240,Cephapirin,BRAND,202612,2025-10-24,,0.0,0.0,,,0.0,,,,,,,,,,0.0,,,,,
2874,02601240,Cephapirin,BRAND,202612,2025-10-31,,0.0,0.0,,,0.0,,,,,,,,,,0.0,,,,,
2875,02601240,Cephapirin,BRAND,202612,2025-11-07,,0.0,0.0,,,0.0,,,,,,,,,,0.0,,,,,
2876,02601240,Cephapirin,BRAND,202612,2025-11-14,,0.0,0.0,,,0.0,,,,,,,,,,0.0,,,,,
2877,02601240,Cephapirin,BRAND,202612,2025-11-19,,0.0,0.0,,,0.0,,,,,,,,,,0.0,,,,,
2878,02601240,Cephapirin,BRAND,202612,2025-11-21,,0.0,0.0,,,0.0,,,,,,,,,,0.0,,,,,
2879,02601240,Cephapirin,BRAND,202612,2025-11-28,,0.0,0.0,,,0.0,,,,,,,,,,0.0,,,,,
2880,02601240,Cephapirin,BRAND,202612,2025-12-05,,0.0,0.0,,,0.0,,,,,,,,,,0.0,,,,,
2881,02601240,Cephapirin,BRAND,202612,2025-12-12,,0.0,0.0,,,0.0,,,,,,,,,,0.0,,,,,
2882,02601240,Cephapirin,BRAND,202612,2025-12-17,,0.0,0.0,,,0.0,,,,,,,,,,0.0,,,,,
2883,02601240,Cephapirin,BRAND,202612,2025-12-19,,0.0,0.0,,,0.0,,,,,,,,,,0.0,,,,,
2884,02601240,Cephapirin,BRAND,202612,2025-12-26,,0.0,0.0,,,0.0,,,,,,,,,,0.0,,,,,
2885,02601240,Cephapirin,BRAND,202612,2026-01-02,,0.0,0.0,,,0.0,,,,,,,,,,0.0,,,,,
2886,02601240,Cephapirin,BRAND,202612,2026-01-09,,0.0,0.0,,,0.0,,,,,,,,,,0.0,,,,,
2887,02601240,Cephapirin,BRAND,202612,2026-01-16,,0.0,0.0,,,0.0,,,,,,,,,,0.0,,,,,
2888,02601240,Cephapirin,BRAND,202612,2026-01-23,,0.0,0.0,,,0.0,,,,,,,,,,0.0,,,,,
2889,02601240,Cephapirin,BRAND,202612,2026-01-30,,0.0,0.0,,,0.0,,,,,,,,,,0.0,,,,,
2890,02601240,Cephapirin,BRAND,202612,2026-02-06,,0.0,0.0,,,0.0,,,,,,,,,,0.0,,,,,
2891,02601250,Cefazolin,BRAND,202612,2025-07-18,,0.0,0.0,,,100.0,,,,,,,,,0.0,0.0,0.0,,,,
2892,02601250,Cefazolin,BRAND,202612,2025-07-25,,0.0,0.0,,,0.0,,,,,,,,,,0.0,,,,,
2893,02601250,Cefazolin,BRAND,202612,2025-08-01,,0.0,0.0,,,0.0,,,,,,,,,,0.0,,,,,
2894,02601250,Cefazolin,BRAND,202612,2025-08-08,,0.0,0.0,,,0.0,,,,,,,,,,0.0,,,,,
2895,02601250,Cefazolin,BRAND,202612,2025-08-15,,0.0,0.0,,,0.0,,,,,,,,,,0.0,,,,,
2896,02601250,Cefazolin,BRAND,202612,2025-08-22,,0.0,0.0,,,0.0,,,,,,,,,,0.0,,,,,
2897,02601250,Cefazolin,BRAND,202612,2025-08-26,,0.0,0.0,,,0.0,,,,,,,,,,0.0,,,,,
2898,02601250,Cefazolin,BRAND,202612,2025-08-29,,0.0,0.0,,,0.0,,,,,,,,,,0.0,,,,,
2899,02601250,Cefazolin,BRAND,202612,2025-09-05,,0.0,0.0,,,0.0,,,,,,,,,,0.0,,,,,
2900,02601250,Cefazolin,BRAND,202612,2025-09-12,,0.0,0.0,,,0.0,,,,,,,,,,0.0,,,,,
2901,02601250,Cefazolin,BRAND,202612,2025-09-18,,0.0,0.0,,,0.0,,,,,,,,,,0.0,,,,,
2902,02601250,Cefazolin,BRAND,202612,2025-09-19,,0.0,0.0,,,0.0,,,,,,,,,,0.0,,,,,
2903,02601250,Cefazolin,BRAND,202612,2025-10-03,,0.0,0.0,,,0.0,,,,,,,,,,0.0,,,,,
2904,02601250,Cefazolin,BRAND,202612,2025-10-10,,0.0,0.0,,,0.0,,,,,,,,,,0.0,,,,,
2905,02601250,Cefazolin,BRAND,202612,2025-10-17,,0.0,0.0,,,0.0,,,,,,,,,,0.0,,,,,
2906,02601250,Cefazolin,BRAND,202612,2025-10-24,,0.0,0.0,,,0.0,,,,,,,,,,0.0,,,,,
2907,02601250,Cefazolin,BRAND,202612,2025-10-31,,0.0,0.0,,,0.0,,,,,,,,,,0.0,,,,,
2908,02601250,Cefazolin,BRAND,202612,2025-11-07,,0.0,0.0,,,0.0,,,,,,,,,,0.0,,,,,
2909,02601250,Cefazolin,BRAND,202612,2025-11-14,,0.0,0.0,,,0.0,,,,,,,,,,0.0,,,,,
2910,02601250,Cefazolin,BRAND,202612,2025-11-19,,0.0,0.0,,,0.0,,,,,,,,,,0.0,,,,,
2911,02601250,Cefazolin,BRAND,202612,2025-11-21,,0.0,0.0,,,0.0,,,,,,,,,,0.0,,,,,
2912,02601250,Cefazolin,BRAND,202612,2025-11-28,,0.0,0.0,,,0.0,,,,,,,,,,0.0,,,,,
2913,02601250,Cefazolin,BRAND,202612,2025-12-05,,0.0,0.0,,,0.0,,,,,,,,,,0.0,,,,,
2914,02601250,Cefazolin,BRAND,202612,2025-12-12,,0.0,0.0,,,0.0,,,,,,,,,,0.0,,,,,
2915,02601250,Cefazolin,BRAND,202612,2025-12-17,,0.0,0.0,,,0.0,,,,,,,,,,0.0,,,,,
2916,02601250,Cefazolin,BRAND,202612,2025-12-19,,0.0,0.0,,,0.0,,,,,,,,,,0.0,,,,,
2917,02601250,Cefazolin,BRAND,202612,2025-12-26,,0.0,0.0,,,0.0,,,,,,,,,,0.0,,,,,
2918,02601250,Cefazolin,BRAND,202612,2026-01-02,,0.0,0.0,,,0.0,,,,,,,,,,0.0,,,,,
2919,02601250,Cefazolin,BRAND,202612,2026-01-09,,0.0,0.0,,,0.0,,,,,,,,,,0.0,,,,,
2920,02601250,Cefazolin,BRAND,202612,2026-01-16,,0.0,0.0,,,0.0,,,,,,,,,,0.0,,,,,
2921,02601250,Cefazolin,BRAND,202612,2026-01-23,,0.0,0.0,,,0.0,,,,,,,,,,0.0,,,,,
2922,02601250,Cefazolin,BRAND,202612,2026-01-30,,0.0,0.0,,,0.0,,,,,,,,,,0.0,,,,,
2923,02601250,Cefazolin,BRAND,202612,2026-02-06,,0.0,0.0,,,0.0,,,,,,,,,,0.0,,,,,
2924,02601260,Cefprozil,BRAND,202612,2025-07-18,,0.0,0.0,,,100.0,,,,,,,,,0.0,0.0,0.0,,,,
2925,02601260,Cefprozil,BRAND,202612,2025-07-25,,0.0,0.0,,,0.0,,,,,,,,,,0.0,,,,,
2926,02601260,Cefprozil,BRAND,202612,2025-08-01,,0.0,0.0,,,0.0,,,,,,,,,,0.0,,,,,
2927,02601260,Cefprozil,BRAND,202612,2025-08-08,,0.0,0.0,,,0.0,,,,,,,,,,0.0,,,,,
2928,02601260,Cefprozil,BRAND,202612,2025-08-15,,0.0,0.0,,,0.0,,,,,,,,,,0.0,,,,,
2929,02601260,Cefprozil,BRAND,202612,2025-08-22,,0.0,0.0,,,0.0,,,,,,,,,,0.0,,,,,
2930,02601260,Cefprozil,BRAND,202612,2025-08-26,,0.0,0.0,,,0.0,,,,,,,,,,0.0,,,,,
2931,02601260,Cefprozil,BRAND,202612,2025-08-29,,0.0,0.0,,,0.0,,,,,,,,,,0.0,,,,,
2932,02601260,Cefprozil,BRAND,202612,2025-09-05,,0.0,0.0,,,0.0,,,,,,,,,,0.0,,,,,
2933,02601260,Cefprozil,BRAND,202612,2025-09-12,,0.0,0.0,,,0.0,,,,,,,,,,0.0,,,,,
2934,02601260,Cefprozil,BRAND,202612,2025-09-18,,0.0,0.0,,,0.0,,,,,,,,,,0.0,,,,,
2935,02601260,Cefprozil,BRAND,202612,2025-09-19,,0.0,0.0,,,0.0,,,,,,,,,,0.0,,,,,
2936,02601260,Cefprozil,BRAND,202612,2025-10-03,,0.0,0.0,,,0.0,,,,,,,,,,0.0,,,,,
2937,02601260,Cefprozil,BRAND,202612,2025-10-10,,0.0,0.0,,,0.0,,,,,,,,,,0.0,,,,,
2938,02601260,Cefprozil,BRAND,202612,2025-10-17,,0.0,0.0,,,0.0,,,,,,,,,,0.0,,,,,
2939,02601260,Cefprozil,BRAND,202612,2025-10-24,,0.0,0.0,,,0.0,,,,,,,,,,0.0,,,,,
2940,02601260,Cefprozil,BRAND,202612,2025-10-31,,0.0,0.0,,,0.0,,,,,,,,,,0.0,,,,,
2941,02601260,Cefprozil,BRAND,202612,2025-11-07,,0.0,0.0,,,0.0,,,,,,,,,,0.0,,,,,
2942,02601260,Cefprozil,BRAND,202612,2025-11-14,,0.0,0.0,,,0.0,,,,,,,,,,0.0,,,,,
2943,02601260,Cefprozil,BRAND,202612,2025-11-19,,0.0,0.0,,,0.0,,,,,,,,,,0.0,,,,,
2944,02601260,Cefprozil,BRAND,202612,2025-11-21,,0.0,0.0,,,0.0,,,,,,,,,,0.0,,,,,
2945,02601260,Cefprozil,BRAND,202612,2025-11-28,,0.0,0.0,,,0.0,,,,,,,,,,0.0,,,,,
2946,02601260,Cefprozil,BRAND,202612,2025-12-05,,0.0,0.0,,,0.0,,,,,,,,,,0.0,,,,,
2947,02601260,Cefprozil,BRAND,202612,2025-12-12,,0.0,0.0,,,0.0,,,,,,,,,,0.0,,,,,
2948,02601260,Cefprozil,BRAND,202612,2025-12-17,,0.0,0.0,,,0.0,,,,,,,,,,0.0,,,,,
2949,02601260,Cefprozil,BRAND,202612,2025-12-19,,0.0,0.0,,,0.0,,,,,,,,,,0.0,,,,,
2950,02601260,Cefprozil,BRAND,202612,2025-12-26,,0.0,0.0,,,0.0,,,,,,,,,,0.0,,,,,
2951,02601260,Cefprozil,BRAND,202612,2026-01-02,,0.0,0.0,,,0.0,,,,,,,,,,0.0,,,,,
2952,02601260,Cefprozil,BRAND,202612,2026-01-09,,0.0,0.0,,,0.0,,,,,,,,,,0.0,,,,,
2953,02601260,Cefprozil,BRAND,202612,2026-01-16,,0.0,0.0,,,0.0,,,,,,,,,,0.0,,,,,
2954,02601260,Cefprozil,BRAND,202612,2026-01-23,,0.0,0.0,,,0.0,,,,,,,,,,0.0,,,,,
2955,02601260,Cefprozil,BRAND,202612,2026-01-30,,0.0,0.0,,,0.0,,,,,,,,,,0.0,,,,,
2956,02601260,Cefprozil,BRAND,202612,2026-02-06,,0.0,0.0,,,0.0,,,,,,,,,,0.0,,,,,
2957,02601270,Cefepime,BRAND,202612,2025-07-18,,0.0,0.0,,,100.0,,,,,,,,,0.0,0.0,0.0,,,,
2958,02601270,Cefepime,BRAND,202612,2025-07-25,,0.0,0.0,,,0.0,,,,,,,,,,0.0,,,,,
2959,02601270,Cefepime,BRAND,202612,2025-08-01,,0.0,0.0,,,0.0,,,,,,,,,,0.0,,,,,
2960,02601270,Cefepime,BRAND,202612,2025-08-08,,0.0,0.0,,,0.0,,,,,,,,,,0.0,,,,,
2961,02601270,Cefepime,BRAND,202612,2025-08-15,,0.0,0.0,,,0.0,,,,,,,,,,0.0,,,,,
2962,02601270,Cefepime,BRAND,202612,2025-08-22,,0.0,0.0,,,0.0,,,,,,,,,,0.0,,,,,
2963,02601270,Cefepime,BRAND,202612,2025-08-26,,0.0,0.0,,,0.0,,,,,,,,,,0.0,,,,,
2964,02601270,Cefepime,BRAND,202612,2025-08-29,,0.0,0.0,,,0.0,,,,,,,,,,0.0,,,,,
2965,02601270,Cefepime,BRAND,202612,2025-09-05,,0.0,0.0,,,0.0,,,,,,,,,,0.0,,,,,
2966,02601270,Cefepime,BRAND,202612,2025-09-12,,0.0,0.0,,,0.0,,,,,,,,,,0.0,,,,,
2967,02601270,Cefepime,BRAND,202612,2025-09-18,,0.0,0.0,,,0.0,,,,,,,,,,0.0,,,,,
2968,02601270,Cefepime,BRAND,202612,2025-09-19,,0.0,0.0,,,0.0,,,,,,,,,,0.0,,,,,
2969,02601270,Cefepime,BRAND,202612,2025-10-03,,0.0,0.0,,,0.0,,,,,,,,,,0.0,,,,,
2970,02601270,Cefepime,BRAND,202612,2025-10-10,,0.0,0.0,,,0.0,,,,,,,,,,0.0,,,,,
2971,02601270,Cefepime,BRAND,202612,2025-10-17,,0.0,0.0,,,0.0,,,,,,,,,,0.0,,,,,
2972,02601270,Cefepime,BRAND,202612,2025-10-24,,0.0,0.0,,,0.0,,,,,,,,,,0.0,,,,,
2973,02601270,Cefepime,BRAND,202612,2025-10-31,,0.0,0.0,,,0.0,,,,,,,,,,0.0,,,,,
2974,02601270,Cefepime,BRAND,202612,2025-11-07,,0.0,0.0,,,0.0,,,,,,,,,,0.0,,,,,
2975,02601270,Cefepime,BRAND,202612,2025-11-14,,0.0,0.0,,,0.0,,,,,,,,,,0.0,,,,,
2976,02601270,Cefepime,BRAND,202612,2025-11-19,,0.0,0.0,,,0.0,,,,,,,,,,0.0,,,,,
2977,02601270,Cefepime,BRAND,202612,2025-11-21,,0.0,0.0,,,0.0,,,,,,,,,,0.0,,,,,
2978,02601270,Cefepime,BRAND,202612,2025-11-28,,0.0,0.0,,,0.0,,,,,,,,,,0.0,,,,,
2979,02601270,Cefepime,BRAND,202612,2025-12-05,,0.0,0.0,,,0.0,,,,,,,,,,0.0,,,,,
2980,02601270,Cefepime,BRAND,202612,2025-12-12,,0.0,0.0,,,0.0,,,,,,,,,,0.0,,,,,
2981,02601270,Cefepime,BRAND,202612,2025-12-17,,0.0,0.0,,,0.0,,,,,,,,,,0.0,,,,,
2982,02601270,Cefepime,BRAND,202612,2025-12-19,,0.0,0.0,,,0.0,,,,,,,,,,0.0,,,,,
2983,02601270,Cefepime,BRAND,202612,2025-12-26,,0.0,0.0,,,0.0,,,,,,,,,,0.0,,,,,
2984,02601270,Cefepime,BRAND,202612,2026-01-02,,0.0,0.0,,,0.0,,,,,,,,,,0.0,,,,,
2985,02601270,Cefepime,BRAND,202612,2026-01-09,,0.0,0.0,,,0.0,,,,,,,,,,0.0,,,,,
2986,02601270,Cefepime,BRAND,202612,2026-01-16,,0.0,0.0,,,0.0,,,,,,,,,,0.0,,,,,
2987,02601270,Cefepime,BRAND,202612,2026-01-23,,0.0,0.0,,,0.0,,,,,,,,,,0.0,,,,,
2988,02601270,Cefepime,BRAND,202612,2026-01-30,,0.0,0.0,,,0.0,,,,,,,,,,0.0,,,,,
2989,02601270,Cefepime,BRAND,202612,2026-02-06,,0.0,0.0,,,0.0,,,,,,,,,,0.0,,,,,
2990,02601290,Other Cephalosporins,BRAND,202612,2025-07-18,,0.0,0.0,,,100.0,,,,,,,,,0.0,0.0,0.0,,,,
2991,02601290,Other Cephalosporins,BRAND,202612,2025-07-25,,0.0,0.0,,,0.0,,,,,,,,,,0.0,,,,,
2992,02601290,Other Cephalosporins,BRAND,202612,2025-08-01,,0.0,0.0,,,0.0,,,,,,,,,,0.0,,,,,
2993,02601290,Other Cephalosporins,BRAND,202612,2025-08-08,,0.0,0.0,,,0.0,,,,,,,,,,0.0,,,,,
2994,02601290,Other Cephalosporins,BRAND,202612,2025-08-15,,0.0,0.0,,,0.0,,,,,,,,,,0.0,,,,,
2995,02601290,Other Cephalosporins,BRAND,202612,2025-08-22,,0.0,0.0,,,0.0,,,,,,,,,,0.0,,,,,
2996,02601290,Other Cephalosporins,BRAND,202612,2025-08-26,,0.0,0.0,,,0.0,,,,,,,,,,0.0,,,,,
2997,02601290,Other Cephalosporins,BRAND,202612,2025-08-29,,0.0,0.0,,,0.0,,,,,,,,,,0.0,,,,,
2998,02601290,Other Cephalosporins,BRAND,202612,2025-09-05,,0.0,0.0,,,0.0,,,,,,,,,,0.0,,,,,
2999,02601290,Other Cephalosporins,BRAND,202612,2025-09-12,,0.0,0.0,,,0.0,,,,,,,,,,0.0,,,,,
3000,02601290,Other Cephalosporins,BRAND,202612,2025-09-18,,0.0,0.0,,,0.0,,,,,,,,,,0.0,,,,,
3001,02601290,Other Cephalosporins,BRAND,202612,2025-09-19,,0.0,0.0,,,0.0,,,,,,,,,,0.0,,,,,
3002,02601290,Other Cephalosporins,BRAND,202612,2025-10-03,,0.0,0.0,,,0.0,,,,,,,,,,0.0,,,,,
3003,02601290,Other Cephalosporins,BRAND,202612,2025-10-10,,0.0,0.0,,,0.0,,,,,,,,,,0.0,,,,,
3004,02601290,Other Cephalosporins,BRAND,202612,2025-10-17,,0.0,0.0,,,0.0,,,,,,,,,,0.0,,,,,
3005,02601290,Other Cephalosporins,BRAND,202612,2025-10-24,,0.0,0.0,,,0.0,,,,,,,,,,0.0,,,,,
3006,02601290,Other Cephalosporins,BRAND,202612,2025-10-31,,0.0,0.0,,,0.0,,,,,,,,,,0.0,,,,,
3007,02601290,Other Cephalosporins,BRAND,202612,2025-11-07,,0.0,0.0,,,0.0,,,,,,,,,,0.0,,,,,
3008,02601290,Other Cephalosporins,BRAND,202612,2025-11-14,,0.0,0.0,,,0.0,,,,,,,,,,0.0,,,,,
3009,02601290,Other Cephalosporins,BRAND,202612,2025-11-19,,0.0,0.0,,,0.0,,,,,,,,,,0.0,,,,,
3010,02601290,Other Cephalosporins,BRAND,202612,2025-11-21,,0.0,0.0,,,0.0,,,,,,,,,,0.0,,,,,
3011,02601290,Other Cephalosporins,BRAND,202612,2025-11-28,,0.0,0.0,,,0.0,,,,,,,,,,0.0,,,,,
3012,02601290,Other Cephalosporins,BRAND,202612,2025-12-05,,0.0,0.0,,,0.0,,,,,,,,,,0.0,,,,,
3013,02601290,Other Cephalosporins,BRAND,202612,2025-12-12,,0.0,0.0,,,0.0,,,,,,,,,,0.0,,,,,
3014,02601290,Other Cephalosporins,BRAND,202612,2025-12-17,,0.0,0.0,,,0.0,,,,,,,,,,0.0,,,,,
3015,02601290,Other Cephalosporins,BRAND,202612,2025-12-19,,0.0,0.0,,,0.0,,,,,,,,,,0.0,,,,,
3016,02601290,Other Cephalosporins,BRAND,202612,2025-12-26,,0.0,0.0,,,0.0,,,,,,,,,,0.0,,,,,
3017,02601290,Other Cephalosporins,BRAND,202612,2026-01-02,,0.0,0.0,,,0.0,,,,,,,,,,0.0,,,,,
3018,02601290,Other Cephalosporins,BRAND,202612,2026-01-09,,0.0,0.0,,,0.0,,,,,,,,,,0.0,,,,,
3019,02601290,Other Cephalosporins,BRAND,202612,2026-01-16,,0.0,0.0,,,0.0,,,,,,,,,,0.0,,,,,
3020,02601290,Other Cephalosporins,BRAND,202612,2026-01-23,,0.0,0.0,,,0.0,,,,,,,,,,0.0,,,,,
3021,02601290,Other Cephalosporins,BRAND,202612,2026-01-30,,0.0,0.0,,,0.0,,,,,,,,,,0.0,,,,,
3022,02601290,Other Cephalosporins,BRAND,202612,2026-02-06,,0.0,0.0,,,0.0,,,,,,,,,,0.0,,,,,
3023,02701391,Atazanavir Cobicista,BRAND,202612,2025-07-18,,0.0,0.0,,,100.0,,,,,,,,,0.0,0.0,0.0,,,,
3024,02701391,Atazanavir Cobicista,BRAND,202612,2025-07-25,-33.27,688236.65,-673954.35,,97.92,100.0,100.0,69.99,99.88,100.0,98.82,100.0,0.0,1,38.1,0.38,0.0,99.88,100.0,81.22,
3025,02701391,Atazanavir Cobicista,BRAND,202612,2025-08-01,45.83,812454.77,619476.0,,76.25,100.0,100.0,59.29,99.53,100.0,87.95,100.0,0.0,1,42.86,0.62,0.0,99.53,100.0,81.88,
3026,02701391,Atazanavir Cobicista,BRAND,202612,2025-08-08,-1.78,709762.11,-34999.52,,4.93,100.0,100.0,27.01,78.94,95.79,54.54,100.0,0.0,1,80.95,1.1,0.0,78.94,100.0,75.23,
3027,02701391,Atazanavir Cobicista,BRAND,202612,2025-08-15,-18.38,760150.46,-355814.95,,46.81,100.0,100.0,25.22,80.61,98.05,52.3,100.0,0.0,1,66.67,0.86,0.0,80.61,100.0,75.1,
3028,02701391,Atazanavir Cobicista,BRAND,202612,2025-08-22,7.59,126225.71,119899.11,,94.99,100.0,100.0,94.28,100.0,100.0,96.79,100.0,0.0,1,23.81,0.48,0.0,100.0,100.0,81.59,
3029,02701391,Atazanavir Cobicista,BRAND,202612,2025-08-26,,0.0,0.0,,,100.0,,,,,,,,,0.0,0.0,0.0,,,,
3030,02701391,Atazanavir Cobicista,BRAND,202612,2025-08-29,28.99,1352412.91,492960.95,,36.45,85.71,62.08,43.37,88.65,99.91,82.5,100.0,0.0,1,44.44,0.52,0.0,55.03,100.0,71.49,
3031,02701391,Atazanavir Cobicista,BRAND,202612,2025-09-05,10.83,949357.36,237466.11,,25.01,66.67,19.97,31.52,91.23,100.0,33.36,100.0,0.0,1,35.71,0.71,7.14,18.21,100.0,65.54,
3032,02701391,Atazanavir Cobicista,BRAND,202612,2025-09-12,1.02,208040.82,24709.44,,11.88,76.19,44.74,34.97,93.46,100.0,41.14,100.0,0.0,1,25.0,0.67,0.0,41.82,100.0,70.08,
3033,02701391,Atazanavir Cobicista,BRAND,202612,2025-09-18,8.58,983668.35,188696.66,,19.18,66.67,54.42,24.23,83.28,98.42,63.72,100.0,0.0,1,57.14,1.38,0.0,45.32,100.0,64.58,
3034,02701391,Atazanavir Cobicista,BRAND,202612,2025-09-19,-2.7,427961.48,-66306.67,,15.49,71.43,0.27,56.67,100.0,100.0,56.67,100.0,0.0,1,6.67,0.33,0.0,0.27,100.0,69.68,
3035,02701391,Atazanavir Cobicista,BRAND,202612,2025-09-26,-0.28,461588.79,-6688.09,,1.45,80.0,50.67,36.33,92.75,100.0,51.49,100.0,0.0,1,31.25,0.7,0.0,47.0,100.0,71.43,
3036,02701391,Atazanavir Cobicista,BRAND,202612,2025-10-03,-6.79,564771.12,-161834.71,,28.65,75.0,34.53,31.81,95.81,99.98,45.73,100.0,0.0,1,40.0,0.8,0.0,33.08,100.0,70.99,
3037,02701391,Atazanavir Cobicista,BRAND,202612,2025-10-10,0.0,0.0,0.0,,,85.71,,,,,,,,,0.0,0.0,0.0,,,,
3038,02701391,Atazanavir Cobicista,BRAND,202612,2025-10-17,-23.07,683997.16,-551118.32,,80.57,90.48,96.05,46.63,89.22,98.87,57.84,100.0,0.0,1,63.16,0.67,0.0,85.69,100.0,74.1,
3039,02701391,Atazanavir Cobicista,BRAND,202612,2025-10-24,-23.47,1606841.36,-521077.57,,32.43,66.67,9.13,63.46,98.32,100.0,96.06,100.0,0.0,1,28.57,0.71,7.14,8.98,100.0,68.38,
3040,02701391,Atazanavir Cobicista,BRAND,202612,2025-10-31,-0.39,6542.73,-6542.73,,100.0,80.95,20.29,59.43,100.0,100.0,59.43,100.0,0.0,1,5.88,0.33,0.0,20.29,100.0,73.49,
3041,02701391,Atazanavir Cobicista,BRAND,202612,2025-11-07,1.04,33749.38,17673.59,,52.37,100.0,100.0,35.83,94.09,100.0,35.83,100.0,0.0,1,42.86,0.62,0.0,94.09,100.0,79.7,
3042,02701391,Atazanavir Cobicista,BRAND,202612,2025-11-14,0.55,9489.9,9489.9,,100.0,100.0,100.0,100.0,100.0,100.0,100.0,100.0,0.0,1,4.76,0.05,0.0,100.0,100.0,80.16,
3043,02701391,Atazanavir Cobicista,BRAND,202612,2025-11-19,-8.47,1279087.67,-155740.89,,12.18,95.24,99.24,54.24,98.09,99.99,94.81,100.0,0.0,1,50.0,0.57,5.0,97.34,100.0,79.23,
3044,02701391,Atazanavir Cobicista,BRAND,202612,2025-11-21,-1.9,88036.2,-32631.98,,37.07,76.19,2.61,44.02,99.71,100.0,49.0,100.0,0.0,1,12.5,0.57,6.25,2.6,100.0,72.26,
3045,02701391,Atazanavir Cobicista,BRAND,202612,2025-11-28,-0.23,4788.05,-3885.31,,81.15,90.48,95.87,33.03,95.87,100.0,42.46,100.0,0.0,1,26.32,0.33,5.26,91.91,100.0,75.65,
3046,02701391,Atazanavir Cobicista,BRAND,202612,2025-12-05,2.0,44403.59,33595.65,,75.66,95.24,29.65,70.35,98.65,100.0,70.35,100.0,0.0,1,35.0,0.57,10.0,29.24,100.0,79.46,
3047,02701391,Atazanavir Cobicista,BRAND,202612,2025-12-12,1.65,51215.12,28248.55,,55.16,90.48,96.21,42.45,95.81,100.0,70.76,100.0,0.0,1,31.58,0.48,5.26,92.18,100.0,76.1,
3048,02701391,Atazanavir Cobicista,BRAND,202612,2025-12-17,3.15,76898.63,52974.92,,68.89,95.0,96.14,40.23,88.21,99.74,40.23,100.0,0.0,1,52.63,0.85,15.79,84.81,100.0,76.12,
3049,02701391,Atazanavir Cobicista,BRAND,202612,2025-12-19,-1.95,33940.35,-33940.35,,100.0,90.0,99.81,62.1,99.81,100.0,62.1,100.0,0.0,1,27.78,0.6,5.56,99.61,100.0,77.92,
3050,02701391,Atazanavir Cobicista,BRAND,202612,2025-12-26,0.02,12645.61,271.2,,2.14,100.0,100.0,51.07,100.0,100.0,51.07,100.0,0.0,1,25.0,0.65,5.0,100.0,100.0,82.17,
3051,02701391,Atazanavir Cobicista,BRAND,202612,2026-01-02,332.78,5770872.02,5689515.7,,98.59,95.0,99.75,46.11,98.8,99.93,87.1,-1.18,101.88,-1,42.11,0.9,0.0,98.56,103.06,80.52,
3052,02701391,Atazanavir Cobicista,BRAND,202612,2026-01-09,-0.02,52403.8,-1336.18,,2.55,85.0,51.27,30.88,100.0,100.0,61.75,100.0,0.0,1,17.65,0.6,0.0,51.27,100.0,76.0,
3053,02701391,Atazanavir Cobicista,BRAND,202612,2026-01-16,-0.2,2495038.2,-14650.94,,0.59,95.0,99.08,48.14,99.29,100.0,94.17,100.0,0.0,1,31.58,0.85,0.0,98.38,100.0,80.55,
3054,02701391,Atazanavir Cobicista,BRAND,202612,2026-01-23,116.8,2446460.95,2024280.83,,82.74,65.0,17.92,63.27,90.85,99.31,74.36,-43.86,286.69,-1,46.15,1.25,0.0,16.28,330.55,66.51,
3055,02701391,Atazanavir Cobicista,BRAND,202612,2026-01-30,5.57,749199.68,411019.68,,54.86,75.0,18.66,76.53,98.33,100.0,76.53,100.0,0.0,1,33.33,1.25,6.67,18.35,100.0,73.5,
3056,02701391,Atazanavir Cobicista,BRAND,202612,2026-02-06,-1.41,244259.18,-109872.59,,44.98,90.0,51.14,48.72,98.44,100.0,72.93,100.0,0.0,1,38.89,0.85,0.0,50.34,100.0,78.21,
3057,02701520,Buspirone,BRAND,202612,2025-07-18,,0.0,0.0,,,100.0,,,,,,,,,0.0,0.0,0.0,,,,
3058,02701520,Buspirone,BRAND,202612,2025-07-25,,0.0,0.0,,,0.0,,,,,,,,,,0.0,,,,,
3059,02701520,Buspirone,BRAND,202612,2025-08-01,,0.0,0.0,,,0.0,,,,,,,,,,0.0,,,,,
3060,02701520,Buspirone,BRAND,202612,2025-08-08,,0.0,0.0,,,0.0,,,,,,,,,,0.0,,,,,
3061,02701520,Buspirone,BRAND,202612,2025-08-15,,0.0,0.0,,,0.0,,,,,,,,,,0.0,,,,,
3062,02701520,Buspirone,BRAND,202612,2025-08-22,,0.0,0.0,,,0.0,,,,,,,,,,0.0,,,,,
3063,02701520,Buspirone,BRAND,202612,2025-08-26,,0.0,0.0,,,0.0,,,,,,,,,,0.0,,,,,
3064,02701520,Buspirone,BRAND,202612,2025-08-29,,0.0,0.0,,,0.0,,,,,,,,,,0.0,,,,,
3065,02701520,Buspirone,BRAND,202612,2025-09-05,,0.0,0.0,,,0.0,,,,,,,,,,0.0,,,,,
3066,02701520,Buspirone,BRAND,202612,2025-09-12,,0.0,0.0,,,0.0,,,,,,,,,,0.0,,,,,
3067,02701520,Buspirone,BRAND,202612,2025-09-18,,0.0,0.0,,,0.0,,,,,,,,,,0.0,,,,,
3068,02701520,Buspirone,BRAND,202612,2025-09-19,,0.0,0.0,,,0.0,,,,,,,,,,0.0,,,,,
3069,02701520,Buspirone,BRAND,202612,2025-10-03,,0.0,0.0,,,0.0,,,,,,,,,,0.0,,,,,
3070,02701520,Buspirone,BRAND,202612,2025-10-10,,0.0,0.0,,,0.0,,,,,,,,,,0.0,,,,,
3071,02701520,Buspirone,BRAND,202612,2025-10-17,,0.0,0.0,,,0.0,,,,,,,,,,0.0,,,,,
3072,02701520,Buspirone,BRAND,202612,2025-10-24,,0.0,0.0,,,0.0,,,,,,,,,,0.0,,,,,
3073,02701520,Buspirone,BRAND,202612,2025-10-31,,0.0,0.0,,,0.0,,,,,,,,,,0.0,,,,,
3074,02701520,Buspirone,BRAND,202612,2025-11-07,,0.0,0.0,,,0.0,,,,,,,,,,0.0,,,,,
3075,02701520,Buspirone,BRAND,202612,2025-11-14,,0.0,0.0,,,0.0,,,,,,,,,,0.0,,,,,
3076,02701520,Buspirone,BRAND,202612,2025-11-19,,0.0,0.0,,,0.0,,,,,,,,,,0.0,,,,,
3077,02701520,Buspirone,BRAND,202612,2025-11-21,,0.0,0.0,,,0.0,,,,,,,,,,0.0,,,,,
3078,02701520,Buspirone,BRAND,202612,2025-11-28,,0.0,0.0,,,0.0,,,,,,,,,,0.0,,,,,
3079,02701520,Buspirone,BRAND,202612,2025-12-05,,0.0,0.0,,,0.0,,,,,,,,,,0.0,,,,,
3080,02701520,Buspirone,BRAND,202612,2025-12-12,,0.0,0.0,,,0.0,,,,,,,,,,0.0,,,,,
3081,02701520,Buspirone,BRAND,202612,2025-12-17,,0.0,0.0,,,0.0,,,,,,,,,,0.0,,,,,
3082,02701520,Buspirone,BRAND,202612,2025-12-19,,0.0,0.0,,,0.0,,,,,,,,,,0.0,,,,,
3083,02701520,Buspirone,BRAND,202612,2025-12-26,,0.0,0.0,,,0.0,,,,,,,,,,0.0,,,,,
3084,02701520,Buspirone,BRAND,202612,2026-01-02,,0.0,0.0,,,0.0,,,,,,,,,,0.0,,,,,
3085,02701520,Buspirone,BRAND,202612,2026-01-09,,0.0,0.0,,,0.0,,,,,,,,,,0.0,,,,,
3086,02701520,Buspirone,BRAND,202612,2026-01-16,,0.0,0.0,,,0.0,,,,,,,,,,0.0,,,,,
3087,02701520,Buspirone,BRAND,202612,2026-01-23,,0.0,0.0,,,0.0,,,,,,,,,,0.0,,,,,
3088,02701520,Buspirone,BRAND,202612,2026-01-30,,0.0,0.0,,,0.0,,,,,,,,,,0.0,,,,,
3089,02701520,Buspirone,BRAND,202612,2026-02-06,,0.0,0.0,,,0.0,,,,,,,,,,0.0,,,,,
3090,02701526,Emsam,BRAND,202612,2025-07-18,,0.0,0.0,,,100.0,,,,,,,,,0.0,0.0,0.0,,,,
3091,02701526,Emsam,BRAND,202612,2025-07-25,,0.0,0.0,,,0.0,,,,,,,,,,0.0,,,,,
3092,02701526,Emsam,BRAND,202612,2025-08-01,,0.0,0.0,,,0.0,,,,,,,,,,0.0,,,,,
3093,02701526,Emsam,BRAND,202612,2025-08-08,,0.0,0.0,,,0.0,,,,,,,,,,0.0,,,,,
3094,02701526,Emsam,BRAND,202612,2025-08-15,,0.0,0.0,,,0.0,,,,,,,,,,0.0,,,,,
3095,02701526,Emsam,BRAND,202612,2025-08-22,,0.0,0.0,,,0.0,,,,,,,,,,0.0,,,,,
3096,02701526,Emsam,BRAND,202612,2025-08-26,,0.0,0.0,,,0.0,,,,,,,,,,0.0,,,,,
3097,02701526,Emsam,BRAND,202612,2025-08-29,,0.0,0.0,,,0.0,,,,,,,,,,0.0,,,,,
3098,02701526,Emsam,BRAND,202612,2025-09-05,,0.0,0.0,,,0.0,,,,,,,,,,0.0,,,,,
3099,02701526,Emsam,BRAND,202612,2025-09-12,,0.0,0.0,,,0.0,,,,,,,,,,0.0,,,,,
3100,02701526,Emsam,BRAND,202612,2025-09-18,,0.0,0.0,,,0.0,,,,,,,,,,0.0,,,,,
3101,02701526,Emsam,BRAND,202612,2025-09-19,,0.0,0.0,,,0.0,,,,,,,,,,0.0,,,,,
3102,02701526,Emsam,BRAND,202612,2025-10-03,,0.0,0.0,,,0.0,,,,,,,,,,0.0,,,,,
3103,02701526,Emsam,BRAND,202612,2025-10-10,,0.0,0.0,,,0.0,,,,,,,,,,0.0,,,,,
3104,02701526,Emsam,BRAND,202612,2025-10-17,,0.0,0.0,,,0.0,,,,,,,,,,0.0,,,,,
3105,02701526,Emsam,BRAND,202612,2025-10-24,,0.0,0.0,,,0.0,,,,,,,,,,0.0,,,,,
3106,02701526,Emsam,BRAND,202612,2025-10-31,,0.0,0.0,,,0.0,,,,,,,,,,0.0,,,,,
3107,02701526,Emsam,BRAND,202612,2025-11-07,,0.0,0.0,,,0.0,,,,,,,,,,0.0,,,,,
3108,02701526,Emsam,BRAND,202612,2025-11-14,,0.0,0.0,,,0.0,,,,,,,,,,0.0,,,,,
3109,02701526,Emsam,BRAND,202612,2025-11-19,,0.0,0.0,,,0.0,,,,,,,,,,0.0,,,,,
3110,02701526,Emsam,BRAND,202612,2025-11-21,,0.0,0.0,,,0.0,,,,,,,,,,0.0,,,,,
3111,02701526,Emsam,BRAND,202612,2025-11-28,,0.0,0.0,,,0.0,,,,,,,,,,0.0,,,,,
3112,02701526,Emsam,BRAND,202612,2025-12-05,,0.0,0.0,,,0.0,,,,,,,,,,0.0,,,,,
3113,02701526,Emsam,BRAND,202612,2025-12-12,,0.0,0.0,,,0.0,,,,,,,,,,0.0,,,,,
3114,02701526,Emsam,BRAND,202612,2025-12-17,,0.0,0.0,,,0.0,,,,,,,,,,0.0,,,,,
3115,02701526,Emsam,BRAND,202612,2025-12-19,,0.0,0.0,,,0.0,,,,,,,,,,0.0,,,,,
3116,02701526,Emsam,BRAND,202612,2025-12-26,,0.0,0.0,,,0.0,,,,,,,,,,0.0,,,,,
3117,02701526,Emsam,BRAND,202612,2026-01-02,,0.0,0.0,,,0.0,,,,,,,,,,0.0,,,,,
3118,02701526,Emsam,BRAND,202612,2026-01-09,,0.0,0.0,,,0.0,,,,,,,,,,0.0,,,,,
3119,02701526,Emsam,BRAND,202612,2026-01-16,,0.0,0.0,,,0.0,,,,,,,,,,0.0,,,,,
3120,02701526,Emsam,BRAND,202612,2026-01-23,,0.0,0.0,,,0.0,,,,,,,,,,0.0,,,,,
3121,02701526,Emsam,BRAND,202612,2026-01-30,,0.0,0.0,,,0.0,,,,,,,,,,0.0,,,,,
3122,02701526,Emsam,BRAND,202612,2026-02-06,,0.0,0.0,,,0.0,,,,,,,,,,0.0,,,,,
3123,02701540,Psychotropics,BRAND,202612,2025-07-18,,0.0,0.0,,,0.0,,,,,,,,,,0.0,,,,,
3124,02701540,Psychotropics,BRAND,202612,2025-07-25,0.0,0.0,0.0,,,0.0,,,,,,,,,,0.0,,,,,
3125,02701540,Psychotropics,BRAND,202612,2025-08-01,0.0,0.0,0.0,,,0.0,,,,,,,,,,0.0,,,,,
3126,02701540,Psychotropics,BRAND,202612,2025-08-08,0.0,0.0,0.0,,,0.0,,,,,,,,,,0.0,,,,,
3127,02701540,Psychotropics,BRAND,202612,2025-08-15,0.0,0.0,0.0,,,0.0,,,,,,,,,,0.0,,,,,
3128,02701540,Psychotropics,BRAND,202612,2025-08-22,0.0,0.0,0.0,,,0.0,,,,,,,,,,0.0,,,,,
3129,02701540,Psychotropics,BRAND,202612,2025-08-26,,0.0,0.0,,,0.0,,,,,,,,,,0.0,,,,,
3130,02701540,Psychotropics,BRAND,202612,2025-08-29,0.0,0.0,0.0,,,0.0,,,,,,,,,,0.0,,,,,
3131,02701540,Psychotropics,BRAND,202612,2025-09-05,,0.0,0.0,,,0.0,,,,,,,,,,0.0,,,,,
3132,02701540,Psychotropics,BRAND,202612,2025-09-12,,0.0,0.0,,,0.0,,,,,,,,,,0.0,,,,,
3133,02701540,Psychotropics,BRAND,202612,2025-09-18,,0.0,0.0,,,0.0,,,,,,,,,,0.0,,,,,
3134,02701540,Psychotropics,BRAND,202612,2025-09-19,,0.0,0.0,,,0.0,,,,,,,,,,0.0,,,,,
3135,02701540,Psychotropics,BRAND,202612,2025-10-03,,0.0,0.0,,,0.0,,,,,,,,,,0.0,,,,,
3136,02701540,Psychotropics,BRAND,202612,2025-10-10,,0.0,0.0,,,0.0,,,,,,,,,,0.0,,,,,
3137,02701540,Psychotropics,BRAND,202612,2025-10-17,,0.0,0.0,,,0.0,,,,,,,,,,0.0,,,,,
3138,02701540,Psychotropics,BRAND,202612,2025-10-24,,0.0,0.0,,,0.0,,,,,,,,,,0.0,,,,,
3139,02701540,Psychotropics,BRAND,202612,2025-10-31,,0.0,0.0,,,0.0,,,,,,,,,,0.0,,,,,
3140,02701540,Psychotropics,BRAND,202612,2025-11-07,,0.0,0.0,,,0.0,,,,,,,,,,0.0,,,,,
3141,02701540,Psychotropics,BRAND,202612,2025-11-14,,0.0,0.0,,,0.0,,,,,,,,,,0.0,,,,,
3142,02701540,Psychotropics,BRAND,202612,2025-11-19,,0.0,0.0,,,0.0,,,,,,,,,,0.0,,,,,
3143,02701540,Psychotropics,BRAND,202612,2025-11-21,,0.0,0.0,,,0.0,,,,,,,,,,0.0,,,,,
3144,02701540,Psychotropics,BRAND,202612,2025-11-28,,0.0,0.0,,,0.0,,,,,,,,,,0.0,,,,,
3145,02701540,Psychotropics,BRAND,202612,2025-12-05,,0.0,0.0,,,0.0,,,,,,,,,,0.0,,,,,
3146,02701540,Psychotropics,BRAND,202612,2025-12-12,,0.0,0.0,,,0.0,,,,,,,,,,0.0,,,,,
3147,02701540,Psychotropics,BRAND,202612,2025-12-17,,0.0,0.0,,,0.0,,,,,,,,,,0.0,,,,,
3148,02701540,Psychotropics,BRAND,202612,2025-12-19,,0.0,0.0,,,0.0,,,,,,,,,,0.0,,,,,
3149,02701540,Psychotropics,BRAND,202612,2025-12-26,,0.0,0.0,,,0.0,,,,,,,,,,0.0,,,,,
3150,02701540,Psychotropics,BRAND,202612,2026-01-02,,0.0,0.0,,,0.0,,,,,,,,,,0.0,,,,,
3151,02701540,Psychotropics,BRAND,202612,2026-01-09,,0.0,0.0,,,0.0,,,,,,,,,,0.0,,,,,
3152,02701540,Psychotropics,BRAND,202612,2026-01-16,,0.0,0.0,,,0.0,,,,,,,,,,0.0,,,,,
3153,02701540,Psychotropics,BRAND,202612,2026-01-23,,0.0,0.0,,,0.0,,,,,,,,,,0.0,,,,,
3154,02701540,Psychotropics,BRAND,202612,2026-01-30,,0.0,0.0,,,0.0,,,,,,,,,,0.0,,,,,
3155,02701540,Psychotropics,BRAND,202612,2026-02-06,,0.0,0.0,,,0.0,,,,,,,,,,0.0,,,,,
3156,02701550,Butorphanol,BRAND,202612,2025-07-18,,0.0,0.0,,,100.0,,,,,,,,,0.0,0.0,0.0,,,,
3157,02701550,Butorphanol,BRAND,202612,2025-07-25,,0.0,0.0,,,0.0,,,,,,,,,,0.0,,,,,
3158,02701550,Butorphanol,BRAND,202612,2025-08-01,,0.0,0.0,,,0.0,,,,,,,,,,0.0,,,,,
3159,02701550,Butorphanol,BRAND,202612,2025-08-08,,0.0,0.0,,,0.0,,,,,,,,,,0.0,,,,,
3160,02701550,Butorphanol,BRAND,202612,2025-08-15,,0.0,0.0,,,0.0,,,,,,,,,,0.0,,,,,
3161,02701550,Butorphanol,BRAND,202612,2025-08-22,,0.0,0.0,,,0.0,,,,,,,,,,0.0,,,,,
3162,02701550,Butorphanol,BRAND,202612,2025-08-26,,0.0,0.0,,,0.0,,,,,,,,,,0.0,,,,,
3163,02701550,Butorphanol,BRAND,202612,2025-08-29,,0.0,0.0,,,0.0,,,,,,,,,,0.0,,,,,
3164,02701550,Butorphanol,BRAND,202612,2025-09-05,,0.0,0.0,,,0.0,,,,,,,,,,0.0,,,,,
3165,02701550,Butorphanol,BRAND,202612,2025-09-12,,0.0,0.0,,,0.0,,,,,,,,,,0.0,,,,,
3166,02701550,Butorphanol,BRAND,202612,2025-09-18,,0.0,0.0,,,0.0,,,,,,,,,,0.0,,,,,
3167,02701550,Butorphanol,BRAND,202612,2025-09-19,,0.0,0.0,,,0.0,,,,,,,,,,0.0,,,,,
3168,02701550,Butorphanol,BRAND,202612,2025-10-03,,0.0,0.0,,,0.0,,,,,,,,,,0.0,,,,,
3169,02701550,Butorphanol,BRAND,202612,2025-10-10,,0.0,0.0,,,0.0,,,,,,,,,,0.0,,,,,
3170,02701550,Butorphanol,BRAND,202612,2025-10-17,,0.0,0.0,,,0.0,,,,,,,,,,0.0,,,,,
3171,02701550,Butorphanol,BRAND,202612,2025-10-24,,0.0,0.0,,,0.0,,,,,,,,,,0.0,,,,,
3172,02701550,Butorphanol,BRAND,202612,2025-10-31,,0.0,0.0,,,0.0,,,,,,,,,,0.0,,,,,
3173,02701550,Butorphanol,BRAND,202612,2025-11-07,,0.0,0.0,,,0.0,,,,,,,,,,0.0,,,,,
3174,02701550,Butorphanol,BRAND,202612,2025-11-14,,0.0,0.0,,,0.0,,,,,,,,,,0.0,,,,,
3175,02701550,Butorphanol,BRAND,202612,2025-11-19,,0.0,0.0,,,0.0,,,,,,,,,,0.0,,,,,
3176,02701550,Butorphanol,BRAND,202612,2025-11-21,,0.0,0.0,,,0.0,,,,,,,,,,0.0,,,,,
3177,02701550,Butorphanol,BRAND,202612,2025-11-28,,0.0,0.0,,,0.0,,,,,,,,,,0.0,,,,,
3178,02701550,Butorphanol,BRAND,202612,2025-12-05,,0.0,0.0,,,0.0,,,,,,,,,,0.0,,,,,
3179,02701550,Butorphanol,BRAND,202612,2025-12-12,,0.0,0.0,,,0.0,,,,,,,,,,0.0,,,,,
3180,02701550,Butorphanol,BRAND,202612,2025-12-17,,0.0,0.0,,,0.0,,,,,,,,,,0.0,,,,,
3181,02701550,Butorphanol,BRAND,202612,2025-12-19,,0.0,0.0,,,0.0,,,,,,,,,,0.0,,,,,
3182,02701550,Butorphanol,BRAND,202612,2025-12-26,,0.0,0.0,,,0.0,,,,,,,,,,0.0,,,,,
3183,02701550,Butorphanol,BRAND,202612,2026-01-02,,0.0,0.0,,,0.0,,,,,,,,,,0.0,,,,,
3184,02701550,Butorphanol,BRAND,202612,2026-01-09,,0.0,0.0,,,0.0,,,,,,,,,,0.0,,,,,
3185,02701550,Butorphanol,BRAND,202612,2026-01-16,,0.0,0.0,,,0.0,,,,,,,,,,0.0,,,,,
3186,02701550,Butorphanol,BRAND,202612,2026-01-23,,0.0,0.0,,,0.0,,,,,,,,,,0.0,,,,,
3187,02701550,Butorphanol,BRAND,202612,2026-01-30,,0.0,0.0,,,0.0,,,,,,,,,,0.0,,,,,
3188,02701550,Butorphanol,BRAND,202612,2026-02-06,,0.0,0.0,,,0.0,,,,,,,,,,0.0,,,,,
3189,02701554,Aripiprazole,BRAND,202612,2025-07-18,,0.0,0.0,,,100.0,,,,,,,,,0.0,0.0,0.0,,,,
3190,02701554,Aripiprazole,BRAND,202612,2025-07-25,,0.0,0.0,,,0.0,,,,,,,,,,0.0,,,,,
3191,02701554,Aripiprazole,BRAND,202612,2025-08-01,,0.0,0.0,,,0.0,,,,,,,,,,0.0,,,,,
3192,02701554,Aripiprazole,BRAND,202612,2025-08-08,,0.0,0.0,,,0.0,,,,,,,,,,0.0,,,,,
3193,02701554,Aripiprazole,BRAND,202612,2025-08-15,,0.0,0.0,,,0.0,,,,,,,,,,0.0,,,,,
3194,02701554,Aripiprazole,BRAND,202612,2025-08-22,,0.0,0.0,,,0.0,,,,,,,,,,0.0,,,,,
3195,02701554,Aripiprazole,BRAND,202612,2025-08-26,,0.0,0.0,,,0.0,,,,,,,,,,0.0,,,,,
3196,02701554,Aripiprazole,BRAND,202612,2025-08-29,,0.0,0.0,,,0.0,,,,,,,,,,0.0,,,,,
3197,02701554,Aripiprazole,BRAND,202612,2025-09-05,,0.0,0.0,,,0.0,,,,,,,,,,0.0,,,,,
3198,02701554,Aripiprazole,BRAND,202612,2025-09-12,,0.0,0.0,,,0.0,,,,,,,,,,0.0,,,,,
3199,02701554,Aripiprazole,BRAND,202612,2025-09-18,,0.0,0.0,,,0.0,,,,,,,,,,0.0,,,,,
3200,02701554,Aripiprazole,BRAND,202612,2025-09-19,,0.0,0.0,,,0.0,,,,,,,,,,0.0,,,,,
3201,02701554,Aripiprazole,BRAND,202612,2025-10-03,,0.0,0.0,,,0.0,,,,,,,,,,0.0,,,,,
3202,02701554,Aripiprazole,BRAND,202612,2025-10-10,,0.0,0.0,,,0.0,,,,,,,,,,0.0,,,,,
3203,02701554,Aripiprazole,BRAND,202612,2025-10-17,,0.0,0.0,,,0.0,,,,,,,,,,0.0,,,,,
3204,02701554,Aripiprazole,BRAND,202612,2025-10-24,,0.0,0.0,,,0.0,,,,,,,,,,0.0,,,,,
3205,02701554,Aripiprazole,BRAND,202612,2025-10-31,,0.0,0.0,,,0.0,,,,,,,,,,0.0,,,,,
3206,02701554,Aripiprazole,BRAND,202612,2025-11-07,,0.0,0.0,,,0.0,,,,,,,,,,0.0,,,,,
3207,02701554,Aripiprazole,BRAND,202612,2025-11-14,,0.0,0.0,,,0.0,,,,,,,,,,0.0,,,,,
3208,02701554,Aripiprazole,BRAND,202612,2025-11-19,,0.0,0.0,,,0.0,,,,,,,,,,0.0,,,,,
3209,02701554,Aripiprazole,BRAND,202612,2025-11-21,,0.0,0.0,,,0.0,,,,,,,,,,0.0,,,,,
3210,02701554,Aripiprazole,BRAND,202612,2025-11-28,,0.0,0.0,,,0.0,,,,,,,,,,0.0,,,,,
3211,02701554,Aripiprazole,BRAND,202612,2025-12-05,,0.0,0.0,,,0.0,,,,,,,,,,0.0,,,,,
3212,02701554,Aripiprazole,BRAND,202612,2025-12-12,,0.0,0.0,,,0.0,,,,,,,,,,0.0,,,,,
3213,02701554,Aripiprazole,BRAND,202612,2025-12-17,,0.0,0.0,,,0.0,,,,,,,,,,0.0,,,,,
3214,02701554,Aripiprazole,BRAND,202612,2025-12-19,,0.0,0.0,,,0.0,,,,,,,,,,0.0,,,,,
3215,02701554,Aripiprazole,BRAND,202612,2025-12-26,,0.0,0.0,,,0.0,,,,,,,,,,0.0,,,,,
3216,02701554,Aripiprazole,BRAND,202612,2026-01-02,,0.0,0.0,,,0.0,,,,,,,,,,0.0,,,,,
3217,02701554,Aripiprazole,BRAND,202612,2026-01-09,,0.0,0.0,,,0.0,,,,,,,,,,0.0,,,,,
3218,02701554,Aripiprazole,BRAND,202612,2026-01-16,,0.0,0.0,,,0.0,,,,,,,,,,0.0,,,,,
3219,02701554,Aripiprazole,BRAND,202612,2026-01-23,,0.0,0.0,,,0.0,,,,,,,,,,0.0,,,,,
3220,02701554,Aripiprazole,BRAND,202612,2026-01-30,,0.0,0.0,,,0.0,,,,,,,,,,0.0,,,,,
3221,02701554,Aripiprazole,BRAND,202612,2026-02-06,,0.0,0.0,,,0.0,,,,,,,,,,0.0,,,,,
3222,02701560,Stadol N.S.,BRAND,202612,2025-07-18,,0.0,0.0,,,100.0,,,,,,,,,0.0,0.0,0.0,,,,
3223,02701560,Stadol N.S.,BRAND,202612,2025-07-25,,0.0,0.0,,,0.0,,,,,,,,,,0.0,,,,,
3224,02701560,Stadol N.S.,BRAND,202612,2025-08-01,,0.0,0.0,,,0.0,,,,,,,,,,0.0,,,,,
3225,02701560,Stadol N.S.,BRAND,202612,2025-08-08,,0.0,0.0,,,0.0,,,,,,,,,,0.0,,,,,
3226,02701560,Stadol N.S.,BRAND,202612,2025-08-15,,0.0,0.0,,,0.0,,,,,,,,,,0.0,,,,,
3227,02701560,Stadol N.S.,BRAND,202612,2025-08-22,,0.0,0.0,,,0.0,,,,,,,,,,0.0,,,,,
3228,02701560,Stadol N.S.,BRAND,202612,2025-08-26,,0.0,0.0,,,0.0,,,,,,,,,,0.0,,,,,
3229,02701560,Stadol N.S.,BRAND,202612,2025-08-29,,0.0,0.0,,,0.0,,,,,,,,,,0.0,,,,,
3230,02701560,Stadol N.S.,BRAND,202612,2025-09-05,,0.0,0.0,,,0.0,,,,,,,,,,0.0,,,,,
3231,02701560,Stadol N.S.,BRAND,202612,2025-09-12,,0.0,0.0,,,0.0,,,,,,,,,,0.0,,,,,
3232,02701560,Stadol N.S.,BRAND,202612,2025-09-18,,0.0,0.0,,,0.0,,,,,,,,,,0.0,,,,,
3233,02701560,Stadol N.S.,BRAND,202612,2025-09-19,,0.0,0.0,,,0.0,,,,,,,,,,0.0,,,,,
3234,02701560,Stadol N.S.,BRAND,202612,2025-10-03,,0.0,0.0,,,0.0,,,,,,,,,,0.0,,,,,
3235,02701560,Stadol N.S.,BRAND,202612,2025-10-10,,0.0,0.0,,,0.0,,,,,,,,,,0.0,,,,,
3236,02701560,Stadol N.S.,BRAND,202612,2025-10-17,,0.0,0.0,,,0.0,,,,,,,,,,0.0,,,,,
3237,02701560,Stadol N.S.,BRAND,202612,2025-10-24,,0.0,0.0,,,0.0,,,,,,,,,,0.0,,,,,
3238,02701560,Stadol N.S.,BRAND,202612,2025-10-31,,0.0,0.0,,,0.0,,,,,,,,,,0.0,,,,,
3239,02701560,Stadol N.S.,BRAND,202612,2025-11-07,,0.0,0.0,,,0.0,,,,,,,,,,0.0,,,,,
3240,02701560,Stadol N.S.,BRAND,202612,2025-11-14,,0.0,0.0,,,0.0,,,,,,,,,,0.0,,,,,
3241,02701560,Stadol N.S.,BRAND,202612,2025-11-19,,0.0,0.0,,,0.0,,,,,,,,,,0.0,,,,,
3242,02701560,Stadol N.S.,BRAND,202612,2025-11-21,,0.0,0.0,,,0.0,,,,,,,,,,0.0,,,,,
3243,02701560,Stadol N.S.,BRAND,202612,2025-11-28,,0.0,0.0,,,0.0,,,,,,,,,,0.0,,,,,
3244,02701560,Stadol N.S.,BRAND,202612,2025-12-05,,0.0,0.0,,,0.0,,,,,,,,,,0.0,,,,,
3245,02701560,Stadol N.S.,BRAND,202612,2025-12-12,,0.0,0.0,,,0.0,,,,,,,,,,0.0,,,,,
3246,02701560,Stadol N.S.,BRAND,202612,2025-12-17,,0.0,0.0,,,0.0,,,,,,,,,,0.0,,,,,
3247,02701560,Stadol N.S.,BRAND,202612,2025-12-19,,0.0,0.0,,,0.0,,,,,,,,,,0.0,,,,,
3248,02701560,Stadol N.S.,BRAND,202612,2025-12-26,,0.0,0.0,,,0.0,,,,,,,,,,0.0,,,,,
3249,02701560,Stadol N.S.,BRAND,202612,2026-01-02,,0.0,0.0,,,0.0,,,,,,,,,,0.0,,,,,
3250,02701560,Stadol N.S.,BRAND,202612,2026-01-09,,0.0,0.0,,,0.0,,,,,,,,,,0.0,,,,,
3251,02701560,Stadol N.S.,BRAND,202612,2026-01-16,,0.0,0.0,,,0.0,,,,,,,,,,0.0,,,,,
3252,02701560,Stadol N.S.,BRAND,202612,2026-01-23,,0.0,0.0,,,0.0,,,,,,,,,,0.0,,,,,
3253,02701560,Stadol N.S.,BRAND,202612,2026-01-30,,0.0,0.0,,,0.0,,,,,,,,,,0.0,,,,,
3254,02701560,Stadol N.S.,BRAND,202612,2026-02-06,,0.0,0.0,,,0.0,,,,,,,,,,0.0,,,,,
3255,02701570,Nefazadone,BRAND,202612,2025-07-18,,0.0,0.0,,,100.0,,,,,,,,,0.0,0.0,0.0,,,,
3256,02701570,Nefazadone,BRAND,202612,2025-07-25,,0.0,0.0,,,0.0,,,,,,,,,,0.0,,,,,
3257,02701570,Nefazadone,BRAND,202612,2025-08-01,,0.0,0.0,,,0.0,,,,,,,,,,0.0,,,,,
3258,02701570,Nefazadone,BRAND,202612,2025-08-08,,0.0,0.0,,,0.0,,,,,,,,,,0.0,,,,,
3259,02701570,Nefazadone,BRAND,202612,2025-08-15,,0.0,0.0,,,0.0,,,,,,,,,,0.0,,,,,
3260,02701570,Nefazadone,BRAND,202612,2025-08-22,,0.0,0.0,,,0.0,,,,,,,,,,0.0,,,,,
3261,02701570,Nefazadone,BRAND,202612,2025-08-26,,0.0,0.0,,,0.0,,,,,,,,,,0.0,,,,,
3262,02701570,Nefazadone,BRAND,202612,2025-08-29,,0.0,0.0,,,0.0,,,,,,,,,,0.0,,,,,
3263,02701570,Nefazadone,BRAND,202612,2025-09-05,,0.0,0.0,,,0.0,,,,,,,,,,0.0,,,,,
3264,02701570,Nefazadone,BRAND,202612,2025-09-12,,0.0,0.0,,,0.0,,,,,,,,,,0.0,,,,,
3265,02701570,Nefazadone,BRAND,202612,2025-09-18,,0.0,0.0,,,0.0,,,,,,,,,,0.0,,,,,
3266,02701570,Nefazadone,BRAND,202612,2025-09-19,,0.0,0.0,,,0.0,,,,,,,,,,0.0,,,,,
3267,02701570,Nefazadone,BRAND,202612,2025-10-03,,0.0,0.0,,,0.0,,,,,,,,,,0.0,,,,,
3268,02701570,Nefazadone,BRAND,202612,2025-10-10,,0.0,0.0,,,0.0,,,,,,,,,,0.0,,,,,
3269,02701570,Nefazadone,BRAND,202612,2025-10-17,,0.0,0.0,,,0.0,,,,,,,,,,0.0,,,,,
3270,02701570,Nefazadone,BRAND,202612,2025-10-24,,0.0,0.0,,,0.0,,,,,,,,,,0.0,,,,,
3271,02701570,Nefazadone,BRAND,202612,2025-10-31,,0.0,0.0,,,0.0,,,,,,,,,,0.0,,,,,
3272,02701570,Nefazadone,BRAND,202612,2025-11-07,,0.0,0.0,,,0.0,,,,,,,,,,0.0,,,,,
3273,02701570,Nefazadone,BRAND,202612,2025-11-14,,0.0,0.0,,,0.0,,,,,,,,,,0.0,,,,,
3274,02701570,Nefazadone,BRAND,202612,2025-11-19,,0.0,0.0,,,0.0,,,,,,,,,,0.0,,,,,
3275,02701570,Nefazadone,BRAND,202612,2025-11-21,,0.0,0.0,,,0.0,,,,,,,,,,0.0,,,,,
3276,02701570,Nefazadone,BRAND,202612,2025-11-28,,0.0,0.0,,,0.0,,,,,,,,,,0.0,,,,,
3277,02701570,Nefazadone,BRAND,202612,2025-12-05,,0.0,0.0,,,0.0,,,,,,,,,,0.0,,,,,
3278,02701570,Nefazadone,BRAND,202612,2025-12-12,,0.0,0.0,,,0.0,,,,,,,,,,0.0,,,,,
3279,02701570,Nefazadone,BRAND,202612,2025-12-17,,0.0,0.0,,,0.0,,,,,,,,,,0.0,,,,,
3280,02701570,Nefazadone,BRAND,202612,2025-12-19,,0.0,0.0,,,0.0,,,,,,,,,,0.0,,,,,
3281,02701570,Nefazadone,BRAND,202612,2025-12-26,,0.0,0.0,,,0.0,,,,,,,,,,0.0,,,,,
3282,02701570,Nefazadone,BRAND,202612,2026-01-02,,0.0,0.0,,,0.0,,,,,,,,,,0.0,,,,,
3283,02701570,Nefazadone,BRAND,202612,2026-01-09,,0.0,0.0,,,0.0,,,,,,,,,,0.0,,,,,
3284,02701570,Nefazadone,BRAND,202612,2026-01-16,,0.0,0.0,,,0.0,,,,,,,,,,0.0,,,,,
3285,02701570,Nefazadone,BRAND,202612,2026-01-23,,0.0,0.0,,,0.0,,,,,,,,,,0.0,,,,,
3286,02701570,Nefazadone,BRAND,202612,2026-01-30,,0.0,0.0,,,0.0,,,,,,,,,,0.0,,,,,
3287,02701570,Nefazadone,BRAND,202612,2026-02-06,,0.0,0.0,,,0.0,,,,,,,,,,0.0,,,,,
3288,02701577,Aripiprazole,BRAND,202612,2025-07-18,,0.0,0.0,,,100.0,,,,,,,,,0.0,0.0,0.0,,,,
3289,02701577,Aripiprazole,BRAND,202612,2025-07-25,,0.0,0.0,,,0.0,,,,,,,,,,0.0,,,,,
3290,02701577,Aripiprazole,BRAND,202612,2025-08-01,,0.0,0.0,,,0.0,,,,,,,,,,0.0,,,,,
3291,02701577,Aripiprazole,BRAND,202612,2025-08-08,,0.0,0.0,,,0.0,,,,,,,,,,0.0,,,,,
3292,02701577,Aripiprazole,BRAND,202612,2025-08-15,,0.0,0.0,,,0.0,,,,,,,,,,0.0,,,,,
3293,02701577,Aripiprazole,BRAND,202612,2025-08-22,,0.0,0.0,,,0.0,,,,,,,,,,0.0,,,,,
3294,02701577,Aripiprazole,BRAND,202612,2025-08-26,,0.0,0.0,,,0.0,,,,,,,,,,0.0,,,,,
3295,02701577,Aripiprazole,BRAND,202612,2025-08-29,,0.0,0.0,,,0.0,,,,,,,,,,0.0,,,,,
3296,02701577,Aripiprazole,BRAND,202612,2025-09-05,,0.0,0.0,,,0.0,,,,,,,,,,0.0,,,,,
3297,02701577,Aripiprazole,BRAND,202612,2025-09-12,,0.0,0.0,,,0.0,,,,,,,,,,0.0,,,,,
3298,02701577,Aripiprazole,BRAND,202612,2025-09-18,,0.0,0.0,,,0.0,,,,,,,,,,0.0,,,,,
3299,02701577,Aripiprazole,BRAND,202612,2025-09-19,,0.0,0.0,,,0.0,,,,,,,,,,0.0,,,,,
3300,02701577,Aripiprazole,BRAND,202612,2025-10-03,,0.0,0.0,,,0.0,,,,,,,,,,0.0,,,,,
3301,02701577,Aripiprazole,BRAND,202612,2025-10-10,,0.0,0.0,,,0.0,,,,,,,,,,0.0,,,,,
3302,02701577,Aripiprazole,BRAND,202612,2025-10-17,,0.0,0.0,,,0.0,,,,,,,,,,0.0,,,,,
3303,02701577,Aripiprazole,BRAND,202612,2025-10-24,,0.0,0.0,,,0.0,,,,,,,,,,0.0,,,,,
3304,02701577,Aripiprazole,BRAND,202612,2025-10-31,,0.0,0.0,,,0.0,,,,,,,,,,0.0,,,,,
3305,02701577,Aripiprazole,BRAND,202612,2025-11-07,,0.0,0.0,,,0.0,,,,,,,,,,0.0,,,,,
3306,02701577,Aripiprazole,BRAND,202612,2025-11-14,,0.0,0.0,,,0.0,,,,,,,,,,0.0,,,,,
3307,02701577,Aripiprazole,BRAND,202612,2025-11-19,,0.0,0.0,,,0.0,,,,,,,,,,0.0,,,,,
3308,02701577,Aripiprazole,BRAND,202612,2025-11-21,,0.0,0.0,,,0.0,,,,,,,,,,0.0,,,,,
3309,02701577,Aripiprazole,BRAND,202612,2025-11-28,,0.0,0.0,,,0.0,,,,,,,,,,0.0,,,,,
3310,02701577,Aripiprazole,BRAND,202612,2025-12-05,,0.0,0.0,,,0.0,,,,,,,,,,0.0,,,,,
3311,02701577,Aripiprazole,BRAND,202612,2025-12-12,,0.0,0.0,,,0.0,,,,,,,,,,0.0,,,,,
3312,02701577,Aripiprazole,BRAND,202612,2025-12-17,,0.0,0.0,,,0.0,,,,,,,,,,0.0,,,,,
3313,02701577,Aripiprazole,BRAND,202612,2025-12-19,,0.0,0.0,,,0.0,,,,,,,,,,0.0,,,,,
3314,02701577,Aripiprazole,BRAND,202612,2025-12-26,,0.0,0.0,,,0.0,,,,,,,,,,0.0,,,,,
3315,02701577,Aripiprazole,BRAND,202612,2026-01-02,,0.0,0.0,,,0.0,,,,,,,,,,0.0,,,,,
3316,02701577,Aripiprazole,BRAND,202612,2026-01-09,,0.0,0.0,,,0.0,,,,,,,,,,0.0,,,,,
3317,02701577,Aripiprazole,BRAND,202612,2026-01-16,,0.0,0.0,,,0.0,,,,,,,,,,0.0,,,,,
3318,02701577,Aripiprazole,BRAND,202612,2026-01-23,,0.0,0.0,,,0.0,,,,,,,,,,0.0,,,,,
3319,02701577,Aripiprazole,BRAND,202612,2026-01-30,,0.0,0.0,,,0.0,,,,,,,,,,0.0,,,,,
3320,02701577,Aripiprazole,BRAND,202612,2026-02-06,,0.0,0.0,,,0.0,,,,,,,,,,0.0,,,,,
3321,02701580,All Other CNS,BRAND,202612,2025-07-18,,0.0,0.0,,,100.0,,,,,,,,,0.0,0.0,0.0,,,,
3322,02701580,All Other CNS,BRAND,202612,2025-07-25,,0.0,0.0,,,0.0,,,,,,,,,,0.0,,,,,
3323,02701580,All Other CNS,BRAND,202612,2025-08-01,,0.0,0.0,,,0.0,,,,,,,,,,0.0,,,,,
3324,02701580,All Other CNS,BRAND,202612,2025-08-08,,0.0,0.0,,,0.0,,,,,,,,,,0.0,,,,,
3325,02701580,All Other CNS,BRAND,202612,2025-08-15,,0.0,0.0,,,0.0,,,,,,,,,,0.0,,,,,
3326,02701580,All Other CNS,BRAND,202612,2025-08-22,,0.0,0.0,,,0.0,,,,,,,,,,0.0,,,,,
3327,02701580,All Other CNS,BRAND,202612,2025-08-26,,0.0,0.0,,,0.0,,,,,,,,,,0.0,,,,,
3328,02701580,All Other CNS,BRAND,202612,2025-08-29,,0.0,0.0,,,0.0,,,,,,,,,,0.0,,,,,
3329,02701580,All Other CNS,BRAND,202612,2025-09-05,,0.0,0.0,,,0.0,,,,,,,,,,0.0,,,,,
3330,02701580,All Other CNS,BRAND,202612,2025-09-12,,0.0,0.0,,,0.0,,,,,,,,,,0.0,,,,,
3331,02701580,All Other CNS,BRAND,202612,2025-09-18,,0.0,0.0,,,0.0,,,,,,,,,,0.0,,,,,
3332,02701580,All Other CNS,BRAND,202612,2025-09-19,,0.0,0.0,,,0.0,,,,,,,,,,0.0,,,,,
3333,02701580,All Other CNS,BRAND,202612,2025-10-03,,0.0,0.0,,,0.0,,,,,,,,,,0.0,,,,,
3334,02701580,All Other CNS,BRAND,202612,2025-10-10,,0.0,0.0,,,0.0,,,,,,,,,,0.0,,,,,
3335,02701580,All Other CNS,BRAND,202612,2025-10-17,,0.0,0.0,,,0.0,,,,,,,,,,0.0,,,,,
3336,02701580,All Other CNS,BRAND,202612,2025-10-24,,0.0,0.0,,,0.0,,,,,,,,,,0.0,,,,,
3337,02701580,All Other CNS,BRAND,202612,2025-10-31,,0.0,0.0,,,0.0,,,,,,,,,,0.0,,,,,
3338,02701580,All Other CNS,BRAND,202612,2025-11-07,,0.0,0.0,,,0.0,,,,,,,,,,0.0,,,,,
3339,02701580,All Other CNS,BRAND,202612,2025-11-14,,0.0,0.0,,,0.0,,,,,,,,,,0.0,,,,,
3340,02701580,All Other CNS,BRAND,202612,2025-11-19,,0.0,0.0,,,0.0,,,,,,,,,,0.0,,,,,
3341,02701580,All Other CNS,BRAND,202612,2025-11-21,,0.0,0.0,,,0.0,,,,,,,,,,0.0,,,,,
3342,02701580,All Other CNS,BRAND,202612,2025-11-28,,0.0,0.0,,,0.0,,,,,,,,,,0.0,,,,,
3343,02701580,All Other CNS,BRAND,202612,2025-12-05,,0.0,0.0,,,0.0,,,,,,,,,,0.0,,,,,
3344,02701580,All Other CNS,BRAND,202612,2025-12-12,,0.0,0.0,,,0.0,,,,,,,,,,0.0,,,,,
3345,02701580,All Other CNS,BRAND,202612,2025-12-17,,0.0,0.0,,,0.0,,,,,,,,,,0.0,,,,,
3346,02701580,All Other CNS,BRAND,202612,2025-12-19,,0.0,0.0,,,0.0,,,,,,,,,,0.0,,,,,
3347,02701580,All Other CNS,BRAND,202612,2025-12-26,,0.0,0.0,,,0.0,,,,,,,,,,0.0,,,,,
3348,02701580,All Other CNS,BRAND,202612,2026-01-02,,0.0,0.0,,,0.0,,,,,,,,,,0.0,,,,,
3349,02701580,All Other CNS,BRAND,202612,2026-01-09,,0.0,0.0,,,0.0,,,,,,,,,,0.0,,,,,
3350,02701580,All Other CNS,BRAND,202612,2026-01-16,,0.0,0.0,,,0.0,,,,,,,,,,0.0,,,,,
3351,02701580,All Other CNS,BRAND,202612,2026-01-23,,0.0,0.0,,,0.0,,,,,,,,,,0.0,,,,,
3352,02701580,All Other CNS,BRAND,202612,2026-01-30,,0.0,0.0,,,0.0,,,,,,,,,,0.0,,,,,
3353,02701580,All Other CNS,BRAND,202612,2026-02-06,,0.0,0.0,,,0.0,,,,,,,,,,0.0,,,,,
3354,02701809,Perfalgan,BRAND,202612,2025-07-18,,0.0,0.0,,,100.0,,,,,,,,,0.0,0.0,0.0,,,,
3355,02701809,Perfalgan,BRAND,202612,2025-07-25,,0.0,0.0,,,0.0,,,,,,,,,,0.0,,,,,
3356,02701809,Perfalgan,BRAND,202612,2025-08-01,,0.0,0.0,,,0.0,,,,,,,,,,0.0,,,,,
3357,02701809,Perfalgan,BRAND,202612,2025-08-08,,0.0,0.0,,,0.0,,,,,,,,,,0.0,,,,,
3358,02701809,Perfalgan,BRAND,202612,2025-08-15,,0.0,0.0,,,0.0,,,,,,,,,,0.0,,,,,
3359,02701809,Perfalgan,BRAND,202612,2025-08-22,,0.0,0.0,,,0.0,,,,,,,,,,0.0,,,,,
3360,02701809,Perfalgan,BRAND,202612,2025-08-26,,0.0,0.0,,,0.0,,,,,,,,,,0.0,,,,,
3361,02701809,Perfalgan,BRAND,202612,2025-08-29,,0.0,0.0,,,0.0,,,,,,,,,,0.0,,,,,
3362,02701809,Perfalgan,BRAND,202612,2025-09-05,,0.0,0.0,,,0.0,,,,,,,,,,0.0,,,,,
3363,02701809,Perfalgan,BRAND,202612,2025-09-12,,0.0,0.0,,,0.0,,,,,,,,,,0.0,,,,,
3364,02701809,Perfalgan,BRAND,202612,2025-09-18,,0.0,0.0,,,0.0,,,,,,,,,,0.0,,,,,
3365,02701809,Perfalgan,BRAND,202612,2025-09-19,,0.0,0.0,,,0.0,,,,,,,,,,0.0,,,,,
3366,02701809,Perfalgan,BRAND,202612,2025-10-03,,0.0,0.0,,,0.0,,,,,,,,,,0.0,,,,,
3367,02701809,Perfalgan,BRAND,202612,2025-10-10,,0.0,0.0,,,0.0,,,,,,,,,,0.0,,,,,
3368,02701809,Perfalgan,BRAND,202612,2025-10-17,,0.0,0.0,,,0.0,,,,,,,,,,0.0,,,,,
3369,02701809,Perfalgan,BRAND,202612,2025-10-24,,0.0,0.0,,,0.0,,,,,,,,,,0.0,,,,,
3370,02701809,Perfalgan,BRAND,202612,2025-10-31,,0.0,0.0,,,0.0,,,,,,,,,,0.0,,,,,
3371,02701809,Perfalgan,BRAND,202612,2025-11-07,,0.0,0.0,,,0.0,,,,,,,,,,0.0,,,,,
3372,02701809,Perfalgan,BRAND,202612,2025-11-14,,0.0,0.0,,,0.0,,,,,,,,,,0.0,,,,,
3373,02701809,Perfalgan,BRAND,202612,2025-11-19,,0.0,0.0,,,0.0,,,,,,,,,,0.0,,,,,
3374,02701809,Perfalgan,BRAND,202612,2025-11-21,,0.0,0.0,,,0.0,,,,,,,,,,0.0,,,,,
3375,02701809,Perfalgan,BRAND,202612,2025-11-28,,0.0,0.0,,,0.0,,,,,,,,,,0.0,,,,,
3376,02701809,Perfalgan,BRAND,202612,2025-12-05,,0.0,0.0,,,0.0,,,,,,,,,,0.0,,,,,
3377,02701809,Perfalgan,BRAND,202612,2025-12-12,,0.0,0.0,,,0.0,,,,,,,,,,0.0,,,,,
3378,02701809,Perfalgan,BRAND,202612,2025-12-17,,0.0,0.0,,,0.0,,,,,,,,,,0.0,,,,,
3379,02701809,Perfalgan,BRAND,202612,2025-12-19,,0.0,0.0,,,0.0,,,,,,,,,,0.0,,,,,
3380,02701809,Perfalgan,BRAND,202612,2025-12-26,,0.0,0.0,,,0.0,,,,,,,,,,0.0,,,,,
3381,02701809,Perfalgan,BRAND,202612,2026-01-02,,0.0,0.0,,,0.0,,,,,,,,,,0.0,,,,,
3382,02701809,Perfalgan,BRAND,202612,2026-01-09,,0.0,0.0,,,0.0,,,,,,,,,,0.0,,,,,
3383,02701809,Perfalgan,BRAND,202612,2026-01-16,,0.0,0.0,,,0.0,,,,,,,,,,0.0,,,,,
3384,02701809,Perfalgan,BRAND,202612,2026-01-23,,0.0,0.0,,,0.0,,,,,,,,,,0.0,,,,,
3385,02701809,Perfalgan,BRAND,202612,2026-01-30,,0.0,0.0,,,0.0,,,,,,,,,,0.0,,,,,
3386,02701809,Perfalgan,BRAND,202612,2026-02-06,,0.0,0.0,,,0.0,,,,,,,,,,0.0,,,,,
3387,02706137,Morphinics,BRAND,202612,2025-07-18,,0.0,0.0,,,100.0,,,,,,,,,0.0,0.0,0.0,,,,
3388,02706137,Morphinics,BRAND,202612,2025-07-25,,0.0,0.0,,,0.0,,,,,,,,,,0.0,,,,,
3389,02706137,Morphinics,BRAND,202612,2025-08-01,,0.0,0.0,,,0.0,,,,,,,,,,0.0,,,,,
3390,02706137,Morphinics,BRAND,202612,2025-08-08,,0.0,0.0,,,0.0,,,,,,,,,,0.0,,,,,
3391,02706137,Morphinics,BRAND,202612,2025-08-15,,0.0,0.0,,,0.0,,,,,,,,,,0.0,,,,,
3392,02706137,Morphinics,BRAND,202612,2025-08-22,,0.0,0.0,,,0.0,,,,,,,,,,0.0,,,,,
3393,02706137,Morphinics,BRAND,202612,2025-08-26,,0.0,0.0,,,0.0,,,,,,,,,,0.0,,,,,
3394,02706137,Morphinics,BRAND,202612,2025-08-29,,0.0,0.0,,,0.0,,,,,,,,,,0.0,,,,,
3395,02706137,Morphinics,BRAND,202612,2025-09-05,,0.0,0.0,,,0.0,,,,,,,,,,0.0,,,,,
3396,02706137,Morphinics,BRAND,202612,2025-09-12,,0.0,0.0,,,0.0,,,,,,,,,,0.0,,,,,
3397,02706137,Morphinics,BRAND,202612,2025-09-18,,0.0,0.0,,,0.0,,,,,,,,,,0.0,,,,,
3398,02706137,Morphinics,BRAND,202612,2025-09-19,,0.0,0.0,,,0.0,,,,,,,,,,0.0,,,,,
3399,02706137,Morphinics,BRAND,202612,2025-10-03,,0.0,0.0,,,0.0,,,,,,,,,,0.0,,,,,
3400,02706137,Morphinics,BRAND,202612,2025-10-10,,0.0,0.0,,,0.0,,,,,,,,,,0.0,,,,,
3401,02706137,Morphinics,BRAND,202612,2025-10-17,,0.0,0.0,,,0.0,,,,,,,,,,0.0,,,,,
3402,02706137,Morphinics,BRAND,202612,2025-10-24,,0.0,0.0,,,0.0,,,,,,,,,,0.0,,,,,
3403,02706137,Morphinics,BRAND,202612,2025-10-31,,0.0,0.0,,,0.0,,,,,,,,,,0.0,,,,,
3404,02706137,Morphinics,BRAND,202612,2025-11-07,,0.0,0.0,,,0.0,,,,,,,,,,0.0,,,,,
3405,02706137,Morphinics,BRAND,202612,2025-11-14,,0.0,0.0,,,0.0,,,,,,,,,,0.0,,,,,
3406,02706137,Morphinics,BRAND,202612,2025-11-19,,0.0,0.0,,,0.0,,,,,,,,,,0.0,,,,,
3407,02706137,Morphinics,BRAND,202612,2025-11-21,,0.0,0.0,,,0.0,,,,,,,,,,0.0,,,,,
3408,02706137,Morphinics,BRAND,202612,2025-11-28,,0.0,0.0,,,0.0,,,,,,,,,,0.0,,,,,
3409,02706137,Morphinics,BRAND,202612,2025-12-05,,0.0,0.0,,,0.0,,,,,,,,,,0.0,,,,,
3410,02706137,Morphinics,BRAND,202612,2025-12-12,,0.0,0.0,,,0.0,,,,,,,,,,0.0,,,,,
3411,02706137,Morphinics,BRAND,202612,2025-12-17,,0.0,0.0,,,0.0,,,,,,,,,,0.0,,,,,
3412,02706137,Morphinics,BRAND,202612,2025-12-19,,0.0,0.0,,,0.0,,,,,,,,,,0.0,,,,,
3413,02706137,Morphinics,BRAND,202612,2025-12-26,,0.0,0.0,,,0.0,,,,,,,,,,0.0,,,,,
3414,02706137,Morphinics,BRAND,202612,2026-01-02,,0.0,0.0,,,0.0,,,,,,,,,,0.0,,,,,
3415,02706137,Morphinics,BRAND,202612,2026-01-09,,0.0,0.0,,,0.0,,,,,,,,,,0.0,,,,,
3416,02706137,Morphinics,BRAND,202612,2026-01-16,,0.0,0.0,,,0.0,,,,,,,,,,0.0,,,,,
3417,02706137,Morphinics,BRAND,202612,2026-01-23,,0.0,0.0,,,0.0,,,,,,,,,,0.0,,,,,
3418,02706137,Morphinics,BRAND,202612,2026-01-30,,0.0,0.0,,,0.0,,,,,,,,,,0.0,,,,,
3419,02706137,Morphinics,BRAND,202612,2026-02-06,,0.0,0.0,,,0.0,,,,,,,,,,0.0,,,,,
3420,03101080,Fosinopril,BRAND,202612,2025-07-18,,0.0,0.0,,,100.0,,,,,,,,,0.0,0.0,0.0,,,,
3421,03101080,Fosinopril,BRAND,202612,2025-07-25,-0.68,17719.47,-17657.28,,99.65,11.54,100.0,61.01,98.37,100.0,92.59,100.0,0.0,1,50.0,0.06,0.0,98.37,100.0,44.15,
3422,03101080,Fosinopril,BRAND,202612,2025-08-01,-13.94,358447.33,-358395.23,,99.99,11.54,100.0,69.83,99.99,100.0,100.0,100.0,0.0,1,44.44,0.1,0.0,99.99,100.0,44.95,
3423,03101080,Fosinopril,BRAND,202612,2025-08-08,65.8,1492863.43,1456003.2,,97.53,11.54,100.0,92.35,99.99,100.0,92.35,100.0,0.0,1,50.0,0.12,0.0,99.99,100.0,45.02,
3424,03101080,Fosinopril,BRAND,202612,2025-08-15,-34.01,1247684.12,-1247593.26,,99.99,11.54,100.0,91.18,100.0,100.0,91.18,100.0,0.0,1,50.0,0.15,0.0,100.0,100.0,45.13,
3425,03101080,Fosinopril,BRAND,202612,2025-08-22,-26.16,633555.03,-633497.71,,99.99,11.54,100.0,98.21,99.99,100.0,99.87,100.0,0.0,1,44.44,0.17,0.0,99.99,100.0,45.19,
3426,03101080,Fosinopril,BRAND,202612,2025-08-26,,0.0,0.0,,,11.54,,,,,,,,,0.0,0.0,0.0,,,,
3427,03101080,Fosinopril,BRAND,202612,2025-08-29,8.4,270841.5,150132.03,,55.43,10.9,95.91,73.49,99.86,100.0,73.49,100.0,0.0,1,47.06,0.06,0.0,95.78,100.0,44.5,
3428,03101080,Fosinopril,BRAND,202612,2025-09-05,7.75,226925.68,150150.69,,66.17,9.62,55.58,43.59,96.54,100.0,91.47,100.0,0.0,1,46.67,0.08,6.67,53.65,100.0,42.72,
3429,03101080,Fosinopril,BRAND,202612,2025-09-12,-3.93,165764.83,-82085.25,,49.52,7.69,0.44,59.67,99.55,100.0,99.64,100.0,0.0,1,33.33,0.1,8.33,0.43,100.0,43.22,
3430,03101080,Fosinopril,BRAND,202612,2025-09-18,12.91,476725.55,206233.01,,43.26,8.97,77.09,37.28,96.26,99.75,57.71,100.0,0.0,1,64.29,0.13,7.14,74.21,100.0,42.54,
3431,03101080,Fosinopril,BRAND,202612,2025-09-19,4.36,162918.11,75385.94,,46.27,8.97,91.49,73.14,96.29,99.77,84.48,100.0,0.0,1,57.14,0.16,0.0,88.09,100.0,42.64,
3432,03101080,Fosinopril,BRAND,202612,2025-09-26,6.57,120754.09,108098.48,,89.52,90.91,98.91,92.45,99.95,100.0,92.45,100.0,0.0,1,60.0,0.82,10.0,98.86,100.0,79.07,
3433,03101080,Fosinopril,BRAND,202612,2025-10-03,12.23,214327.75,214325.74,,100.0,29.51,100.0,88.85,100.0,100.0,88.85,100.0,0.0,1,16.67,0.05,0.0,100.0,100.0,51.97,
3434,03101080,Fosinopril,BRAND,202612,2025-10-10,0.0,0.0,0.0,,,11.54,,,,,,,,,0.0,0.0,0.0,,,,
3435,03101080,Fosinopril,BRAND,202612,2025-10-17,30.11,789867.08,532040.23,,67.36,9.68,83.9,64.9,98.69,99.91,64.9,100.0,0.0,1,60.0,0.07,0.0,82.8,100.0,43.58,
3436,03101080,Fosinopril,BRAND,202612,2025-10-24,-2.58,58562.22,-54550.24,,93.15,8.44,2.05,92.21,100.0,100.0,92.21,100.0,0.0,1,7.69,0.05,0.0,2.05,100.0,43.53,
3437,03101080,Fosinopril,BRAND,202612,2025-10-31,-8.5,193760.92,-175335.27,,90.49,7.84,98.14,95.25,100.0,100.0,95.25,100.0,0.0,1,25.0,0.04,0.0,98.14,100.0,43.27,
3438,03101080,Fosinopril,BRAND,202612,2025-11-07,9.74,185165.75,183930.44,,99.33,9.8,100.0,99.67,100.0,100.0,99.67,100.0,0.0,1,13.33,0.01,0.0,100.0,100.0,43.97,
3439,03101080,Fosinopril,BRAND,202612,2025-11-14,-5.07,105102.7,-105102.7,,100.0,9.15,100.0,100.0,100.0,100.0,100.0,100.0,0.0,1,7.14,0.01,0.0,100.0,100.0,43.68,
3440,03101080,Fosinopril,BRAND,202612,2025-11-19,-19.55,496495.78,-478070.13,,96.29,8.5,99.27,96.94,99.69,100.0,96.94,100.0,0.0,1,38.46,0.05,0.0,98.96,100.0,43.45,
3441,03101080,Fosinopril,BRAND,202612,2025-11-21,-0.13,2588.21,-2588.21,,100.0,8.5,0.0,100.0,100.0,100.0,100.0,100.0,0.0,1,0.0,0.01,0.0,0.0,100.0,43.44,
3442,03101080,Fosinopril,BRAND,202612,2025-11-28,0.0,0.0,0.0,,,9.15,,,,,,,,,0.0,0.0,0.0,,,,
3443,03101080,Fosinopril,BRAND,202612,2025-12-05,-9.66,189773.97,-189773.97,,100.0,9.87,100.0,99.98,100.0,100.0,99.98,100.0,0.0,1,13.33,0.01,0.0,100.0,100.0,43.99,
3444,03101080,Fosinopril,BRAND,202612,2025-12-12,-0.03,576.73,-576.69,,99.99,9.87,100.0,100.0,100.0,100.0,100.0,100.0,0.0,1,13.33,0.02,0.0,100.0,100.0,44.01,
3445,03101080,Fosinopril,BRAND,202612,2025-12-17,-9.81,192974.33,-192974.33,,100.0,9.87,100.0,98.62,100.0,100.0,98.62,100.0,0.0,1,13.33,0.03,0.0,100.0,100.0,44.04,
3446,03101080,Fosinopril,BRAND,202612,2025-12-19,0.0,0.0,0.0,,,9.21,,,,,,,,,0.0,0.0,0.0,,,,
3447,03101080,Fosinopril,BRAND,202612,2025-12-26,-0.0,41.86,-29.05,,69.38,9.87,100.0,84.69,100.0,100.0,84.69,100.0,0.0,1,13.33,0.01,0.0,100.0,100.0,43.99,
3448,03101080,Fosinopril,BRAND,202612,2026-01-02,137.85,2446537.57,2445834.3,,99.97,10.83,82.45,67.58,100.0,100.0,87.68,100.0,0.0,1,38.46,0.06,0.0,82.45,100.0,44.53,
3449,03101080,Fosinopril,BRAND,202612,2026-01-09,-0.01,531.8,-531.8,,100.0,9.21,100.0,100.0,100.0,100.0,100.0,100.0,0.0,1,7.14,0.01,0.0,100.0,100.0,43.71,
3450,03101080,Fosinopril,BRAND,202612,2026-01-16,-0.02,815.72,-815.72,,100.0,8.61,0.01,99.99,100.0,100.0,100.0,100.0,0.0,1,15.38,0.03,0.0,0.01,100.0,43.53,
3451,03101080,Fosinopril,BRAND,202612,2026-01-23,-59.19,1595776.47,-984103.23,,61.67,5.92,19.49,62.76,99.57,99.98,80.19,100.0,0.0,1,55.56,0.09,0.0,19.41,100.0,42.48,
3452,03101080,Fosinopril,BRAND,202612,2026-01-30,-86.69,3506257.6,-3506257.6,,100.0,5.96,0.0,47.15,100.0,100.0,95.89,100.0,0.0,1,0.0,0.04,0.0,0.0,100.0,42.52,
3453,03101080,Fosinopril,BRAND,202612,2026-02-06,-96.43,523041.98,-519029.99,,99.23,9.21,0.38,99.62,100.0,100.0,99.62,100.0,0.0,1,7.14,0.02,0.0,0.38,100.0,43.75,
3454,03101090,Fosinopril,BRAND,202612,2025-07-18,,0.0,0.0,,,100.0,,,,,,,,,0.0,0.0,0.0,,,,
3455,03101090,Fosinopril,BRAND,202612,2025-07-25,,0.0,0.0,,,0.0,,,,,,,,,,0.0,,,,,
3456,03101090,Fosinopril,BRAND,202612,2025-08-01,,0.0,0.0,,,0.0,,,,,,,,,,0.0,,,,,
3457,03101090,Fosinopril,BRAND,202612,2025-08-08,,0.0,0.0,,,0.0,,,,,,,,,,0.0,,,,,
3458,03101090,Fosinopril,BRAND,202612,2025-08-15,,0.0,0.0,,,0.0,,,,,,,,,,0.0,,,,,
3459,03101090,Fosinopril,BRAND,202612,2025-08-22,,0.0,0.0,,,0.0,,,,,,,,,,0.0,,,,,
3460,03101090,Fosinopril,BRAND,202612,2025-08-26,,0.0,0.0,,,0.0,,,,,,,,,,0.0,,,,,
3461,03101090,Fosinopril,BRAND,202612,2025-08-29,,0.0,0.0,,,0.0,,,,,,,,,,0.0,,,,,
3462,03101090,Fosinopril,BRAND,202612,2025-09-05,,0.0,0.0,,,0.0,,,,,,,,,,0.0,,,,,
3463,03101090,Fosinopril,BRAND,202612,2025-09-12,,0.0,0.0,,,0.0,,,,,,,,,,0.0,,,,,
3464,03101090,Fosinopril,BRAND,202612,2025-09-18,,0.0,0.0,,,0.0,,,,,,,,,,0.0,,,,,
3465,03101090,Fosinopril,BRAND,202612,2025-09-19,,0.0,0.0,,,0.0,,,,,,,,,,0.0,,,,,
3466,03101090,Fosinopril,BRAND,202612,2025-10-03,,0.0,0.0,,,0.0,,,,,,,,,,0.0,,,,,
3467,03101090,Fosinopril,BRAND,202612,2025-10-10,,0.0,0.0,,,0.0,,,,,,,,,,0.0,,,,,
3468,03101090,Fosinopril,BRAND,202612,2025-10-17,,0.0,0.0,,,0.0,,,,,,,,,,0.0,,,,,
3469,03101090,Fosinopril,BRAND,202612,2025-10-24,,0.0,0.0,,,0.0,,,,,,,,,,0.0,,,,,
3470,03101090,Fosinopril,BRAND,202612,2025-10-31,,0.0,0.0,,,0.0,,,,,,,,,,0.0,,,,,
3471,03101090,Fosinopril,BRAND,202612,2025-11-07,,0.0,0.0,,,0.0,,,,,,,,,,0.0,,,,,
3472,03101090,Fosinopril,BRAND,202612,2025-11-14,,0.0,0.0,,,0.0,,,,,,,,,,0.0,,,,,
3473,03101090,Fosinopril,BRAND,202612,2025-11-19,,0.0,0.0,,,0.0,,,,,,,,,,0.0,,,,,
3474,03101090,Fosinopril,BRAND,202612,2025-11-21,,0.0,0.0,,,0.0,,,,,,,,,,0.0,,,,,
3475,03101090,Fosinopril,BRAND,202612,2025-11-28,,0.0,0.0,,,0.0,,,,,,,,,,0.0,,,,,
3476,03101090,Fosinopril,BRAND,202612,2025-12-05,,0.0,0.0,,,0.0,,,,,,,,,,0.0,,,,,
3477,03101090,Fosinopril,BRAND,202612,2025-12-12,,0.0,0.0,,,0.0,,,,,,,,,,0.0,,,,,
3478,03101090,Fosinopril,BRAND,202612,2025-12-17,,0.0,0.0,,,0.0,,,,,,,,,,0.0,,,,,
3479,03101090,Fosinopril,BRAND,202612,2025-12-19,,0.0,0.0,,,0.0,,,,,,,,,,0.0,,,,,
3480,03101090,Fosinopril,BRAND,202612,2025-12-26,,0.0,0.0,,,0.0,,,,,,,,,,0.0,,,,,
3481,03101090,Fosinopril,BRAND,202612,2026-01-02,,0.0,0.0,,,0.0,,,,,,,,,,0.0,,,,,
3482,03101090,Fosinopril,BRAND,202612,2026-01-09,,0.0,0.0,,,0.0,,,,,,,,,,0.0,,,,,
3483,03101090,Fosinopril,BRAND,202612,2026-01-16,,0.0,0.0,,,0.0,,,,,,,,,,0.0,,,,,
3484,03101090,Fosinopril,BRAND,202612,2026-01-23,,0.0,0.0,,,0.0,,,,,,,,,,0.0,,,,,
3485,03101090,Fosinopril,BRAND,202612,2026-01-30,,0.0,0.0,,,0.0,,,,,,,,,,0.0,,,,,
3486,03101090,Fosinopril,BRAND,202612,2026-02-06,,0.0,0.0,,,0.0,,,,,,,,,,0.0,,,,,
3487,03201060,Nadolol-Plain (Corga,BRAND,202612,2025-07-18,,0.0,0.0,,,100.0,,,,,,,,,0.0,0.0,0.0,,,,
3488,03201060,Nadolol-Plain (Corga,BRAND,202612,2025-07-25,,0.0,0.0,,,0.0,,,,,,,,,,0.0,,,,,
3489,03201060,Nadolol-Plain (Corga,BRAND,202612,2025-08-01,,0.0,0.0,,,0.0,,,,,,,,,,0.0,,,,,
3490,03201060,Nadolol-Plain (Corga,BRAND,202612,2025-08-08,,0.0,0.0,,,0.0,,,,,,,,,,0.0,,,,,
3491,03201060,Nadolol-Plain (Corga,BRAND,202612,2025-08-15,,0.0,0.0,,,0.0,,,,,,,,,,0.0,,,,,
3492,03201060,Nadolol-Plain (Corga,BRAND,202612,2025-08-22,,0.0,0.0,,,0.0,,,,,,,,,,0.0,,,,,
3493,03201060,Nadolol-Plain (Corga,BRAND,202612,2025-08-26,,0.0,0.0,,,0.0,,,,,,,,,,0.0,,,,,
3494,03201060,Nadolol-Plain (Corga,BRAND,202612,2025-08-29,,0.0,0.0,,,0.0,,,,,,,,,,0.0,,,,,
3495,03201060,Nadolol-Plain (Corga,BRAND,202612,2025-09-05,,0.0,0.0,,,0.0,,,,,,,,,,0.0,,,,,
3496,03201060,Nadolol-Plain (Corga,BRAND,202612,2025-09-12,,0.0,0.0,,,0.0,,,,,,,,,,0.0,,,,,
3497,03201060,Nadolol-Plain (Corga,BRAND,202612,2025-09-18,,0.0,0.0,,,0.0,,,,,,,,,,0.0,,,,,
3498,03201060,Nadolol-Plain (Corga,BRAND,202612,2025-09-19,,0.0,0.0,,,0.0,,,,,,,,,,0.0,,,,,
3499,03201060,Nadolol-Plain (Corga,BRAND,202612,2025-10-03,,0.0,0.0,,,0.0,,,,,,,,,,0.0,,,,,
3500,03201060,Nadolol-Plain (Corga,BRAND,202612,2025-10-10,,0.0,0.0,,,0.0,,,,,,,,,,0.0,,,,,
3501,03201060,Nadolol-Plain (Corga,BRAND,202612,2025-10-17,,0.0,0.0,,,0.0,,,,,,,,,,0.0,,,,,
3502,03201060,Nadolol-Plain (Corga,BRAND,202612,2025-10-24,,0.0,0.0,,,0.0,,,,,,,,,,0.0,,,,,
3503,03201060,Nadolol-Plain (Corga,BRAND,202612,2025-10-31,,0.0,0.0,,,0.0,,,,,,,,,,0.0,,,,,
3504,03201060,Nadolol-Plain (Corga,BRAND,202612,2025-11-07,,0.0,0.0,,,0.0,,,,,,,,,,0.0,,,,,
3505,03201060,Nadolol-Plain (Corga,BRAND,202612,2025-11-14,,0.0,0.0,,,0.0,,,,,,,,,,0.0,,,,,
3506,03201060,Nadolol-Plain (Corga,BRAND,202612,2025-11-19,,0.0,0.0,,,0.0,,,,,,,,,,0.0,,,,,
3507,03201060,Nadolol-Plain (Corga,BRAND,202612,2025-11-21,,0.0,0.0,,,0.0,,,,,,,,,,0.0,,,,,
3508,03201060,Nadolol-Plain (Corga,BRAND,202612,2025-11-28,,0.0,0.0,,,0.0,,,,,,,,,,0.0,,,,,
3509,03201060,Nadolol-Plain (Corga,BRAND,202612,2025-12-05,,0.0,0.0,,,0.0,,,,,,,,,,0.0,,,,,
3510,03201060,Nadolol-Plain (Corga,BRAND,202612,2025-12-12,,0.0,0.0,,,0.0,,,,,,,,,,0.0,,,,,
3511,03201060,Nadolol-Plain (Corga,BRAND,202612,2025-12-17,,0.0,0.0,,,0.0,,,,,,,,,,0.0,,,,,
3512,03201060,Nadolol-Plain (Corga,BRAND,202612,2025-12-19,,0.0,0.0,,,0.0,,,,,,,,,,0.0,,,,,
3513,03201060,Nadolol-Plain (Corga,BRAND,202612,2025-12-26,,0.0,0.0,,,0.0,,,,,,,,,,0.0,,,,,
3514,03201060,Nadolol-Plain (Corga,BRAND,202612,2026-01-02,,0.0,0.0,,,0.0,,,,,,,,,,0.0,,,,,
3515,03201060,Nadolol-Plain (Corga,BRAND,202612,2026-01-09,,0.0,0.0,,,0.0,,,,,,,,,,0.0,,,,,
3516,03201060,Nadolol-Plain (Corga,BRAND,202612,2026-01-16,,0.0,0.0,,,0.0,,,,,,,,,,0.0,,,,,
3517,03201060,Nadolol-Plain (Corga,BRAND,202612,2026-01-23,,0.0,0.0,,,0.0,,,,,,,,,,0.0,,,,,
3518,03201060,Nadolol-Plain (Corga,BRAND,202612,2026-01-30,,0.0,0.0,,,0.0,,,,,,,,,,0.0,,,,,
3519,03201060,Nadolol-Plain (Corga,BRAND,202612,2026-02-06,,0.0,0.0,,,0.0,,,,,,,,,,0.0,,,,,
3520,03201070,Nadolol-Combination,BRAND,202612,2025-07-18,,0.0,0.0,,,100.0,,,,,,,,,0.0,0.0,0.0,,,,
3521,03201070,Nadolol-Combination,BRAND,202612,2025-07-25,,0.0,0.0,,,0.0,,,,,,,,,,0.0,,,,,
3522,03201070,Nadolol-Combination,BRAND,202612,2025-08-01,,0.0,0.0,,,0.0,,,,,,,,,,0.0,,,,,
3523,03201070,Nadolol-Combination,BRAND,202612,2025-08-08,,0.0,0.0,,,0.0,,,,,,,,,,0.0,,,,,
3524,03201070,Nadolol-Combination,BRAND,202612,2025-08-15,,0.0,0.0,,,0.0,,,,,,,,,,0.0,,,,,
3525,03201070,Nadolol-Combination,BRAND,202612,2025-08-22,,0.0,0.0,,,0.0,,,,,,,,,,0.0,,,,,
3526,03201070,Nadolol-Combination,BRAND,202612,2025-08-26,,0.0,0.0,,,0.0,,,,,,,,,,0.0,,,,,
3527,03201070,Nadolol-Combination,BRAND,202612,2025-08-29,,0.0,0.0,,,0.0,,,,,,,,,,0.0,,,,,
3528,03201070,Nadolol-Combination,BRAND,202612,2025-09-05,,0.0,0.0,,,0.0,,,,,,,,,,0.0,,,,,
3529,03201070,Nadolol-Combination,BRAND,202612,2025-09-12,,0.0,0.0,,,0.0,,,,,,,,,,0.0,,,,,
3530,03201070,Nadolol-Combination,BRAND,202612,2025-09-18,,0.0,0.0,,,0.0,,,,,,,,,,0.0,,,,,
3531,03201070,Nadolol-Combination,BRAND,202612,2025-09-19,,0.0,0.0,,,0.0,,,,,,,,,,0.0,,,,,
3532,03201070,Nadolol-Combination,BRAND,202612,2025-10-10,,0.0,0.0,,,0.0,,,,,,,,,,0.0,,,,,
3533,03201070,Nadolol-Combination,BRAND,202612,2025-10-17,,0.0,0.0,,,0.0,,,,,,,,,,0.0,,,,,
3534,03201070,Nadolol-Combination,BRAND,202612,2025-10-24,,0.0,0.0,,,0.0,,,,,,,,,,0.0,,,,,
3535,03201070,Nadolol-Combination,BRAND,202612,2025-10-31,,0.0,0.0,,,0.0,,,,,,,,,,0.0,,,,,
3536,03201070,Nadolol-Combination,BRAND,202612,2025-11-07,,0.0,0.0,,,0.0,,,,,,,,,,0.0,,,,,
3537,03201070,Nadolol-Combination,BRAND,202612,2025-11-14,,0.0,0.0,,,0.0,,,,,,,,,,0.0,,,,,
3538,03201070,Nadolol-Combination,BRAND,202612,2025-11-19,,0.0,0.0,,,0.0,,,,,,,,,,0.0,,,,,
3539,03201070,Nadolol-Combination,BRAND,202612,2025-11-21,,0.0,0.0,,,0.0,,,,,,,,,,0.0,,,,,
3540,03201070,Nadolol-Combination,BRAND,202612,2025-11-28,,0.0,0.0,,,0.0,,,,,,,,,,0.0,,,,,
3541,03201070,Nadolol-Combination,BRAND,202612,2025-12-05,,0.0,0.0,,,0.0,,,,,,,,,,0.0,,,,,
3542,03201070,Nadolol-Combination,BRAND,202612,2025-12-12,,0.0,0.0,,,0.0,,,,,,,,,,0.0,,,,,
3543,03201070,Nadolol-Combination,BRAND,202612,2025-12-17,,0.0,0.0,,,0.0,,,,,,,,,,0.0,,,,,
3544,03201070,Nadolol-Combination,BRAND,202612,2025-12-19,,0.0,0.0,,,0.0,,,,,,,,,,0.0,,,,,
3545,03201070,Nadolol-Combination,BRAND,202612,2025-12-26,,0.0,0.0,,,0.0,,,,,,,,,,0.0,,,,,
3546,03201070,Nadolol-Combination,BRAND,202612,2026-01-09,,0.0,0.0,,,0.0,,,,,,,,,,0.0,,,,,
3547,03201070,Nadolol-Combination,BRAND,202612,2026-01-16,,0.0,0.0,,,0.0,,,,,,,,,,0.0,,,,,
3548,03201070,Nadolol-Combination,BRAND,202612,2026-01-23,,0.0,0.0,,,0.0,,,,,,,,,,0.0,,,,,
3549,03201070,Nadolol-Combination,BRAND,202612,2026-01-30,,0.0,0.0,,,0.0,,,,,,,,,,0.0,,,,,
3550,03201070,Nadolol-Combination,BRAND,202612,2026-02-06,,0.0,0.0,,,0.0,,,,,,,,,,0.0,,,,,
3551,03300733,Brivanib,BRAND,202612,2025-07-18,,0.0,0.0,,,100.0,,,,,,,,,0.0,0.0,0.0,,,,
3552,03300733,Brivanib,BRAND,202612,2025-07-25,,0.0,0.0,,,0.0,,,,,,,,,,0.0,,,,,
3553,03300733,Brivanib,BRAND,202612,2025-08-01,,0.0,0.0,,,0.0,,,,,,,,,,0.0,,,,,
3554,03300733,Brivanib,BRAND,202612,2025-08-08,,0.0,0.0,,,0.0,,,,,,,,,,0.0,,,,,
3555,03300733,Brivanib,BRAND,202612,2025-08-15,,0.0,0.0,,,0.0,,,,,,,,,,0.0,,,,,
3556,03300733,Brivanib,BRAND,202612,2025-08-22,,0.0,0.0,,,0.0,,,,,,,,,,0.0,,,,,
3557,03300733,Brivanib,BRAND,202612,2025-08-26,,0.0,0.0,,,0.0,,,,,,,,,,0.0,,,,,
3558,03300733,Brivanib,BRAND,202612,2025-08-29,,0.0,0.0,,,0.0,,,,,,,,,,0.0,,,,,
3559,03300733,Brivanib,BRAND,202612,2025-09-05,,0.0,0.0,,,0.0,,,,,,,,,,0.0,,,,,
3560,03300733,Brivanib,BRAND,202612,2025-09-12,,0.0,0.0,,,0.0,,,,,,,,,,0.0,,,,,
3561,03300733,Brivanib,BRAND,202612,2025-09-18,,0.0,0.0,,,0.0,,,,,,,,,,0.0,,,,,
3562,03300733,Brivanib,BRAND,202612,2025-09-19,,0.0,0.0,,,0.0,,,,,,,,,,0.0,,,,,
3563,03300733,Brivanib,BRAND,202612,2025-10-03,,0.0,0.0,,,0.0,,,,,,,,,,0.0,,,,,
3564,03300733,Brivanib,BRAND,202612,2025-10-10,,0.0,0.0,,,0.0,,,,,,,,,,0.0,,,,,
3565,03300733,Brivanib,BRAND,202612,2025-10-17,,0.0,0.0,,,0.0,,,,,,,,,,0.0,,,,,
3566,03300733,Brivanib,BRAND,202612,2025-10-24,,0.0,0.0,,,0.0,,,,,,,,,,0.0,,,,,
3567,03300733,Brivanib,BRAND,202612,2025-10-31,,0.0,0.0,,,0.0,,,,,,,,,,0.0,,,,,
3568,03300733,Brivanib,BRAND,202612,2025-11-07,,0.0,0.0,,,0.0,,,,,,,,,,0.0,,,,,
3569,03300733,Brivanib,BRAND,202612,2025-11-14,,0.0,0.0,,,0.0,,,,,,,,,,0.0,,,,,
3570,03300733,Brivanib,BRAND,202612,2025-11-19,,0.0,0.0,,,0.0,,,,,,,,,,0.0,,,,,
3571,03300733,Brivanib,BRAND,202612,2025-11-21,,0.0,0.0,,,0.0,,,,,,,,,,0.0,,,,,
3572,03300733,Brivanib,BRAND,202612,2025-11-28,,0.0,0.0,,,0.0,,,,,,,,,,0.0,,,,,
3573,03300733,Brivanib,BRAND,202612,2025-12-05,,0.0,0.0,,,0.0,,,,,,,,,,0.0,,,,,
3574,03300733,Brivanib,BRAND,202612,2025-12-12,,0.0,0.0,,,0.0,,,,,,,,,,0.0,,,,,
3575,03300733,Brivanib,BRAND,202612,2025-12-17,,0.0,0.0,,,0.0,,,,,,,,,,0.0,,,,,
3576,03300733,Brivanib,BRAND,202612,2025-12-19,,0.0,0.0,,,0.0,,,,,,,,,,0.0,,,,,
3577,03300733,Brivanib,BRAND,202612,2025-12-26,,0.0,0.0,,,0.0,,,,,,,,,,0.0,,,,,
3578,03300733,Brivanib,BRAND,202612,2026-01-02,,0.0,0.0,,,0.0,,,,,,,,,,0.0,,,,,
3579,03300733,Brivanib,BRAND,202612,2026-01-09,,0.0,0.0,,,0.0,,,,,,,,,,0.0,,,,,
3580,03300733,Brivanib,BRAND,202612,2026-01-16,,0.0,0.0,,,0.0,,,,,,,,,,0.0,,,,,
3581,03300733,Brivanib,BRAND,202612,2026-01-23,,0.0,0.0,,,0.0,,,,,,,,,,0.0,,,,,
3582,03300733,Brivanib,BRAND,202612,2026-01-30,,0.0,0.0,,,0.0,,,,,,,,,,0.0,,,,,
3583,03300733,Brivanib,BRAND,202612,2026-02-06,,0.0,0.0,,,0.0,,,,,,,,,,0.0,,,,,
3584,03301410,Etoposide,BRAND,202612,2025-07-18,,0.0,0.0,,,100.0,,,,,,,,,0.0,0.0,0.0,,,,
3585,03301410,Etoposide,BRAND,202612,2025-07-25,,0.0,0.0,,,0.0,,,,,,,,,,0.0,,,,,
3586,03301410,Etoposide,BRAND,202612,2025-08-01,,0.0,0.0,,,0.0,,,,,,,,,,0.0,,,,,
3587,03301410,Etoposide,BRAND,202612,2025-08-08,,0.0,0.0,,,0.0,,,,,,,,,,0.0,,,,,
3588,03301410,Etoposide,BRAND,202612,2025-08-15,,0.0,0.0,,,0.0,,,,,,,,,,0.0,,,,,
3589,03301410,Etoposide,BRAND,202612,2025-08-22,,0.0,0.0,,,0.0,,,,,,,,,,0.0,,,,,
3590,03301410,Etoposide,BRAND,202612,2025-08-26,,0.0,0.0,,,0.0,,,,,,,,,,0.0,,,,,
3591,03301410,Etoposide,BRAND,202612,2025-08-29,,0.0,0.0,,,0.0,,,,,,,,,,0.0,,,,,
3592,03301410,Etoposide,BRAND,202612,2025-09-05,,0.0,0.0,,,0.0,,,,,,,,,,0.0,,,,,
3593,03301410,Etoposide,BRAND,202612,2025-09-12,,0.0,0.0,,,0.0,,,,,,,,,,0.0,,,,,
3594,03301410,Etoposide,BRAND,202612,2025-09-18,,0.0,0.0,,,0.0,,,,,,,,,,0.0,,,,,
3595,03301410,Etoposide,BRAND,202612,2025-09-19,,0.0,0.0,,,0.0,,,,,,,,,,0.0,,,,,
3596,03301410,Etoposide,BRAND,202612,2025-10-03,,0.0,0.0,,,0.0,,,,,,,,,,0.0,,,,,
3597,03301410,Etoposide,BRAND,202612,2025-10-10,,0.0,0.0,,,0.0,,,,,,,,,,0.0,,,,,
3598,03301410,Etoposide,BRAND,202612,2025-10-17,,0.0,0.0,,,0.0,,,,,,,,,,0.0,,,,,
3599,03301410,Etoposide,BRAND,202612,2025-10-24,,0.0,0.0,,,0.0,,,,,,,,,,0.0,,,,,
3600,03301410,Etoposide,BRAND,202612,2025-10-31,,0.0,0.0,,,0.0,,,,,,,,,,0.0,,,,,
3601,03301410,Etoposide,BRAND,202612,2025-11-07,,0.0,0.0,,,0.0,,,,,,,,,,0.0,,,,,
3602,03301410,Etoposide,BRAND,202612,2025-11-14,,0.0,0.0,,,0.0,,,,,,,,,,0.0,,,,,
3603,03301410,Etoposide,BRAND,202612,2025-11-19,,0.0,0.0,,,0.0,,,,,,,,,,0.0,,,,,
3604,03301410,Etoposide,BRAND,202612,2025-11-21,,0.0,0.0,,,0.0,,,,,,,,,,0.0,,,,,
3605,03301410,Etoposide,BRAND,202612,2025-11-28,,0.0,0.0,,,0.0,,,,,,,,,,0.0,,,,,
3606,03301410,Etoposide,BRAND,202612,2025-12-05,,0.0,0.0,,,0.0,,,,,,,,,,0.0,,,,,
3607,03301410,Etoposide,BRAND,202612,2025-12-12,,0.0,0.0,,,0.0,,,,,,,,,,0.0,,,,,
3608,03301410,Etoposide,BRAND,202612,2025-12-17,,0.0,0.0,,,0.0,,,,,,,,,,0.0,,,,,
3609,03301410,Etoposide,BRAND,202612,2025-12-19,,0.0,0.0,,,0.0,,,,,,,,,,0.0,,,,,
3610,03301410,Etoposide,BRAND,202612,2025-12-26,,0.0,0.0,,,0.0,,,,,,,,,,0.0,,,,,
3611,03301410,Etoposide,BRAND,202612,2026-01-02,,0.0,0.0,,,0.0,,,,,,,,,,0.0,,,,,
3612,03301410,Etoposide,BRAND,202612,2026-01-09,,0.0,0.0,,,0.0,,,,,,,,,,0.0,,,,,
3613,03301410,Etoposide,BRAND,202612,2026-01-16,,0.0,0.0,,,0.0,,,,,,,,,,0.0,,,,,
3614,03301410,Etoposide,BRAND,202612,2026-01-23,,0.0,0.0,,,0.0,,,,,,,,,,0.0,,,,,
3615,03301410,Etoposide,BRAND,202612,2026-01-30,,0.0,0.0,,,0.0,,,,,,,,,,0.0,,,,,
3616,03301410,Etoposide,BRAND,202612,2026-02-06,,0.0,0.0,,,0.0,,,,,,,,,,0.0,,,,,
3617,03301411,Cetuximab,BRAND,202612,2025-07-18,,0.0,0.0,,,100.0,,,,,,,,,0.0,0.0,0.0,,,,
3618,03301411,Cetuximab,BRAND,202612,2025-07-25,,0.0,0.0,,,0.0,,,,,,,,,,0.0,,,,,
3619,03301411,Cetuximab,BRAND,202612,2025-08-01,,0.0,0.0,,,0.0,,,,,,,,,,0.0,,,,,
3620,03301411,Cetuximab,BRAND,202612,2025-08-08,,0.0,0.0,,,0.0,,,,,,,,,,0.0,,,,,
3621,03301411,Cetuximab,BRAND,202612,2025-08-15,,0.0,0.0,,,0.0,,,,,,,,,,0.0,,,,,
3622,03301411,Cetuximab,BRAND,202612,2025-08-22,,0.0,0.0,,,0.0,,,,,,,,,,0.0,,,,,
3623,03301411,Cetuximab,BRAND,202612,2025-08-26,,0.0,0.0,,,0.0,,,,,,,,,,0.0,,,,,
3624,03301411,Cetuximab,BRAND,202612,2025-08-29,,0.0,0.0,,,0.0,,,,,,,,,,0.0,,,,,
3625,03301411,Cetuximab,BRAND,202612,2025-09-05,,0.0,0.0,,,0.0,,,,,,,,,,0.0,,,,,
3626,03301411,Cetuximab,BRAND,202612,2025-09-12,,0.0,0.0,,,0.0,,,,,,,,,,0.0,,,,,
3627,03301411,Cetuximab,BRAND,202612,2025-09-18,,0.0,0.0,,,0.0,,,,,,,,,,0.0,,,,,
3628,03301411,Cetuximab,BRAND,202612,2025-09-19,,0.0,0.0,,,0.0,,,,,,,,,,0.0,,,,,
3629,03301411,Cetuximab,BRAND,202612,2025-10-03,,0.0,0.0,,,0.0,,,,,,,,,,0.0,,,,,
3630,03301411,Cetuximab,BRAND,202612,2025-10-10,,0.0,0.0,,,0.0,,,,,,,,,,0.0,,,,,
3631,03301411,Cetuximab,BRAND,202612,2025-10-17,,0.0,0.0,,,0.0,,,,,,,,,,0.0,,,,,
3632,03301411,Cetuximab,BRAND,202612,2025-10-24,,0.0,0.0,,,0.0,,,,,,,,,,0.0,,,,,
3633,03301411,Cetuximab,BRAND,202612,2025-10-31,,0.0,0.0,,,0.0,,,,,,,,,,0.0,,,,,
3634,03301411,Cetuximab,BRAND,202612,2025-11-07,,0.0,0.0,,,0.0,,,,,,,,,,0.0,,,,,
3635,03301411,Cetuximab,BRAND,202612,2025-11-14,,0.0,0.0,,,0.0,,,,,,,,,,0.0,,,,,
3636,03301411,Cetuximab,BRAND,202612,2025-11-19,,0.0,0.0,,,0.0,,,,,,,,,,0.0,,,,,
3637,03301411,Cetuximab,BRAND,202612,2025-11-21,,0.0,0.0,,,0.0,,,,,,,,,,0.0,,,,,
3638,03301411,Cetuximab,BRAND,202612,2025-11-28,,0.0,0.0,,,0.0,,,,,,,,,,0.0,,,,,
3639,03301411,Cetuximab,BRAND,202612,2025-12-05,,0.0,0.0,,,0.0,,,,,,,,,,0.0,,,,,
3640,03301411,Cetuximab,BRAND,202612,2025-12-12,,0.0,0.0,,,0.0,,,,,,,,,,0.0,,,,,
3641,03301411,Cetuximab,BRAND,202612,2025-12-17,,0.0,0.0,,,0.0,,,,,,,,,,0.0,,,,,
3642,03301411,Cetuximab,BRAND,202612,2025-12-19,,0.0,0.0,,,0.0,,,,,,,,,,0.0,,,,,
3643,03301411,Cetuximab,BRAND,202612,2025-12-26,,0.0,0.0,,,0.0,,,,,,,,,,0.0,,,,,
3644,03301411,Cetuximab,BRAND,202612,2026-01-02,,0.0,0.0,,,0.0,,,,,,,,,,0.0,,,,,
3645,03301411,Cetuximab,BRAND,202612,2026-01-09,,0.0,0.0,,,0.0,,,,,,,,,,0.0,,,,,
3646,03301411,Cetuximab,BRAND,202612,2026-01-16,,0.0,0.0,,,0.0,,,,,,,,,,0.0,,,,,
3647,03301411,Cetuximab,BRAND,202612,2026-01-23,,0.0,0.0,,,0.0,,,,,,,,,,0.0,,,,,
3648,03301411,Cetuximab,BRAND,202612,2026-01-30,,0.0,0.0,,,0.0,,,,,,,,,,0.0,,,,,
3649,03301411,Cetuximab,BRAND,202612,2026-02-06,,0.0,0.0,,,0.0,,,,,,,,,,0.0,,,,,
3650,03301412,EMPLICITI elotuzumab,BRAND,202612,2025-07-18,,0.0,0.0,,,100.0,,,,,,,,,0.0,0.0,0.0,,,,
3651,03301412,EMPLICITI elotuzumab,BRAND,202612,2025-07-25,0.53,15426312.09,1080471.65,,7.0,70.09,100.0,26.76,79.36,95.13,37.16,100.0,0.0,1,24.84,0.17,0.0,79.36,100.0,60.36,
3652,03301412,EMPLICITI elotuzumab,BRAND,202612,2025-08-01,-0.51,5954770.87,-1039232.39,,17.45,70.09,100.0,25.3,77.26,91.41,29.83,100.0,0.0,1,27.39,0.23,0.0,77.26,100.0,59.7,
3653,03301412,EMPLICITI elotuzumab,BRAND,202612,2025-08-08,28.29,269516784.24,57301522.38,,21.26,70.22,100.0,57.62,96.06,98.73,58.9,100.0,0.0,1,51.9,0.48,0.0,96.06,100.0,68.11,
3654,03301412,EMPLICITI elotuzumab,BRAND,202612,2025-08-15,-67.59,226889147.59,-175732585.83,,77.45,70.48,100.0,68.44,89.56,95.79,78.68,100.0,0.0,1,35.62,0.35,0.0,89.56,100.0,65.19,
3655,03301412,EMPLICITI elotuzumab,BRAND,202612,2025-08-22,132.88,144260999.78,114332234.23,,79.25,70.35,100.0,45.61,87.35,95.8,49.2,100.0,0.0,1,36.48,0.35,0.0,87.35,100.0,64.26,
3656,03301412,EMPLICITI elotuzumab,BRAND,202612,2025-08-26,,0.0,0.0,,,70.35,,,,,,,,,0.0,0.0,0.0,,,,
3657,03301412,EMPLICITI elotuzumab,BRAND,202612,2025-08-29,0.04,30890358.13,81529.53,,0.26,66.81,65.99,29.88,83.98,97.16,41.01,100.0,0.0,1,25.17,0.2,0.0,55.41,100.0,60.99,
3658,03301412,EMPLICITI elotuzumab,BRAND,202612,2025-09-05,-1.0,63045689.08,-1999940.59,,3.17,63.27,54.36,18.75,67.18,86.6,36.75,100.0,0.0,1,39.86,0.38,2.1,36.52,100.0,53.44,
3659,03301412,EMPLICITI elotuzumab,BRAND,202612,2025-09-12,16.95,34111039.41,33645294.69,,98.63,62.83,3.84,74.83,99.42,99.78,78.02,100.0,0.0,1,17.61,0.2,0.7,3.82,100.0,65.56,
3660,03301412,EMPLICITI elotuzumab,BRAND,202612,2025-09-18,15.46,91739334.42,30981294.5,,33.77,63.72,66.24,27.88,75.87,91.48,40.11,100.0,0.0,1,51.39,0.55,1.39,50.25,100.0,57.68,
3661,03301412,EMPLICITI elotuzumab,BRAND,202612,2025-09-19,-0.29,2442027.85,-662227.36,,27.12,59.29,77.76,43.64,74.06,91.44,46.99,100.0,0.0,1,15.67,0.27,0.0,57.58,100.0,54.24,
3662,03301412,EMPLICITI elotuzumab,BRAND,202612,2025-09-26,-8.0,37970247.83,-18513953.48,,48.76,91.61,37.75,56.48,87.39,99.6,64.64,83.29,16.71,1,21.13,0.28,0.7,32.99,66.57,72.55,
3663,03301412,EMPLICITI elotuzumab,BRAND,202612,2025-10-03,-16.38,78977049.21,-37147590.04,,47.04,64.63,90.7,38.28,74.51,87.99,46.31,100.0,0.0,1,43.24,0.42,0.68,67.59,100.0,57.05,
3664,03301412,EMPLICITI elotuzumab,BRAND,202612,2025-10-10,0.0,0.0,0.0,,,60.17,,,,,,,,,0.0,0.0,0.0,,,,
3665,03301412,EMPLICITI elotuzumab,BRAND,202612,2025-10-17,-17.17,71961076.49,-39733432.47,,55.22,59.57,54.2,35.47,77.6,89.93,44.49,91.14,7.79,1,50.36,0.41,0.0,42.06,83.36,56.24,
3666,03301412,EMPLICITI elotuzumab,BRAND,202612,2025-10-24,0.36,14871948.55,690159.94,,4.64,53.48,28.76,21.66,60.53,84.49,28.75,102.54,-2.54,1,22.76,0.37,2.44,17.41,105.08,46.85,
3667,03301412,EMPLICITI elotuzumab,BRAND,202612,2025-10-31,0.07,5089074.63,137812.49,,2.71,63.48,60.4,24.16,82.7,94.49,34.7,97.84,0.07,1,16.44,0.25,0.68,49.95,97.77,59.31,
3668,03301412,EMPLICITI elotuzumab,BRAND,202612,2025-11-07,-0.68,22786338.63,-1299370.02,,5.7,59.13,61.43,14.7,60.82,82.76,28.62,100.9,-1.41,1,42.65,0.45,1.47,37.36,102.31,49.47,
3669,03301412,EMPLICITI elotuzumab,BRAND,202612,2025-11-14,0.33,3124570.99,611528.14,,19.57,60.17,24.98,57.21,96.49,98.95,71.38,100.0,0.0,1,16.55,0.2,0.72,24.1,100.0,63.34,
3670,03301412,EMPLICITI elotuzumab,BRAND,202612,2025-11-19,-0.96,32426049.91,-1814203.51,,5.59,58.87,62.12,14.76,49.57,75.39,25.99,100.25,-0.62,1,49.26,0.51,3.68,30.79,100.87,45.08,
3671,03301412,EMPLICITI elotuzumab,BRAND,202612,2025-11-21,0.06,6395076.53,103606.3,,1.62,59.74,61.79,27.77,80.43,94.59,51.64,100.0,0.0,1,21.74,0.34,2.17,49.7,100.0,57.21,
3672,03301412,EMPLICITI elotuzumab,BRAND,202612,2025-11-28,-1.48,35891513.38,-2777574.49,,7.74,64.07,77.58,25.6,77.41,98.5,57.88,100.0,0.0,1,24.32,0.32,0.0,60.05,100.0,57.66,
3673,03301412,EMPLICITI elotuzumab,BRAND,202612,2025-12-05,-0.23,32969600.81,-423884.45,,1.29,61.61,13.78,27.87,83.01,93.91,54.58,100.0,0.0,1,42.03,0.46,0.0,11.44,100.0,59.37,
3674,03301412,EMPLICITI elotuzumab,BRAND,202612,2025-12-12,-0.53,5266520.63,-984702.69,,18.7,62.11,86.15,27.77,77.8,98.67,72.3,100.0,0.0,1,17.73,0.29,2.13,67.02,100.0,56.93,
3675,03301412,EMPLICITI elotuzumab,BRAND,202612,2025-12-17,-2.84,28673744.81,-5335325.15,,18.61,63.91,90.8,27.77,81.87,91.35,33.54,100.0,0.0,1,50.34,0.61,2.04,74.34,100.0,60.36,
3676,03301412,EMPLICITI elotuzumab,BRAND,202612,2025-12-19,-0.72,22721087.07,-1319827.83,,5.81,56.9,52.89,38.88,88.0,96.83,41.14,100.0,0.0,1,19.7,0.5,2.27,46.54,100.0,59.64,
3677,03301412,EMPLICITI elotuzumab,BRAND,202612,2025-12-26,-0.38,5166802.99,-691338.91,,13.38,66.38,63.9,36.13,94.59,98.78,40.21,100.0,0.0,1,17.76,0.31,0.0,60.45,100.0,65.41,
3678,03301412,EMPLICITI elotuzumab,BRAND,202612,2026-01-02,-0.77,13339046.6,-1398982.49,,10.49,65.5,59.43,14.63,50.12,70.68,34.27,-102.18,189.69,0,59.33,0.32,0.0,29.79,291.88,47.32,
3679,03301412,EMPLICITI elotuzumab,BRAND,202612,2026-01-09,-0.29,11256187.95,-527314.9,,4.68,65.94,97.92,42.21,96.19,99.01,45.66,100.0,0.0,1,15.23,0.2,0.66,94.19,100.0,65.52,
3680,03301412,EMPLICITI elotuzumab,BRAND,202612,2026-01-16,-1.13,18606753.59,-2029835.34,,10.91,64.02,83.69,27.63,91.65,98.77,48.52,100.0,0.0,1,21.17,0.23,0.73,76.7,100.0,63.04,
3681,03301412,EMPLICITI elotuzumab,BRAND,202612,2026-01-23,6.28,61130373.35,11345500.67,,18.56,52.34,41.17,28.55,62.55,77.02,29.08,115.86,-24.39,1,52.68,0.61,0.0,25.75,140.25,48.0,
3682,03301412,EMPLICITI elotuzumab,BRAND,202612,2026-01-30,-3.7,21335300.84,-6506508.76,,30.5,55.45,33.05,16.86,57.32,84.04,39.27,100.0,0.0,1,20.51,0.4,0.0,18.94,100.0,46.43,
3683,03301412,EMPLICITI elotuzumab,BRAND,202612,2026-02-06,1.77,16260105.92,2995327.18,,18.42,59.24,74.37,30.28,76.85,91.36,43.37,100.0,0.0,1,41.6,0.45,0.0,57.15,100.0,55.94,
3684,03301419,Ixabepilone,BRAND,202612,2025-07-18,,0.0,0.0,,,100.0,,,,,,,,,0.0,0.0,0.0,,,,
3685,03301419,Ixabepilone,BRAND,202612,2025-07-25,,0.0,0.0,,,0.0,,,,,,,,,,0.0,,,,,
3686,03301419,Ixabepilone,BRAND,202612,2025-08-01,,0.0,0.0,,,0.0,,,,,,,,,,0.0,,,,,
3687,03301419,Ixabepilone,BRAND,202612,2025-08-08,,0.0,0.0,,,0.0,,,,,,,,,,0.0,,,,,
3688,03301419,Ixabepilone,BRAND,202612,2025-08-15,,0.0,0.0,,,0.0,,,,,,,,,,0.0,,,,,
3689,03301419,Ixabepilone,BRAND,202612,2025-08-22,,0.0,0.0,,,0.0,,,,,,,,,,0.0,,,,,
3690,03301419,Ixabepilone,BRAND,202612,2025-08-26,,0.0,0.0,,,0.0,,,,,,,,,,0.0,,,,,
3691,03301419,Ixabepilone,BRAND,202612,2025-08-29,,0.0,0.0,,,0.0,,,,,,,,,,0.0,,,,,
3692,03301419,Ixabepilone,BRAND,202612,2025-09-05,,0.0,0.0,,,0.0,,,,,,,,,,0.0,,,,,
3693,03301419,Ixabepilone,BRAND,202612,2025-09-12,,0.0,0.0,,,0.0,,,,,,,,,,0.0,,,,,
3694,03301419,Ixabepilone,BRAND,202612,2025-09-18,,0.0,0.0,,,0.0,,,,,,,,,,0.0,,,,,
3695,03301419,Ixabepilone,BRAND,202612,2025-09-19,,0.0,0.0,,,0.0,,,,,,,,,,0.0,,,,,
3696,03301419,Ixabepilone,BRAND,202612,2025-10-03,,0.0,0.0,,,0.0,,,,,,,,,,0.0,,,,,
3697,03301419,Ixabepilone,BRAND,202612,2025-10-10,,0.0,0.0,,,0.0,,,,,,,,,,0.0,,,,,
3698,03301419,Ixabepilone,BRAND,202612,2025-10-17,,0.0,0.0,,,0.0,,,,,,,,,,0.0,,,,,
3699,03301419,Ixabepilone,BRAND,202612,2025-10-24,,0.0,0.0,,,0.0,,,,,,,,,,0.0,,,,,
3700,03301419,Ixabepilone,BRAND,202612,2025-10-31,,0.0,0.0,,,0.0,,,,,,,,,,0.0,,,,,
3701,03301419,Ixabepilone,BRAND,202612,2025-11-07,,0.0,0.0,,,0.0,,,,,,,,,,0.0,,,,,
3702,03301419,Ixabepilone,BRAND,202612,2025-11-14,,0.0,0.0,,,0.0,,,,,,,,,,0.0,,,,,
3703,03301419,Ixabepilone,BRAND,202612,2025-11-19,,0.0,0.0,,,0.0,,,,,,,,,,0.0,,,,,
3704,03301419,Ixabepilone,BRAND,202612,2025-11-21,,0.0,0.0,,,0.0,,,,,,,,,,0.0,,,,,
3705,03301419,Ixabepilone,BRAND,202612,2025-11-28,,0.0,0.0,,,0.0,,,,,,,,,,0.0,,,,,
3706,03301419,Ixabepilone,BRAND,202612,2025-12-05,,0.0,0.0,,,0.0,,,,,,,,,,0.0,,,,,
3707,03301419,Ixabepilone,BRAND,202612,2025-12-12,,0.0,0.0,,,0.0,,,,,,,,,,0.0,,,,,
3708,03301419,Ixabepilone,BRAND,202612,2025-12-17,,0.0,0.0,,,0.0,,,,,,,,,,0.0,,,,,
3709,03301419,Ixabepilone,BRAND,202612,2025-12-19,,0.0,0.0,,,0.0,,,,,,,,,,0.0,,,,,
3710,03301419,Ixabepilone,BRAND,202612,2025-12-26,,0.0,0.0,,,0.0,,,,,,,,,,0.0,,,,,
3711,03301419,Ixabepilone,BRAND,202612,2026-01-02,,0.0,0.0,,,0.0,,,,,,,,,,0.0,,,,,
3712,03301419,Ixabepilone,BRAND,202612,2026-01-09,,0.0,0.0,,,0.0,,,,,,,,,,0.0,,,,,
3713,03301419,Ixabepilone,BRAND,202612,2026-01-16,,0.0,0.0,,,0.0,,,,,,,,,,0.0,,,,,
3714,03301419,Ixabepilone,BRAND,202612,2026-01-23,,0.0,0.0,,,0.0,,,,,,,,,,0.0,,,,,
3715,03301419,Ixabepilone,BRAND,202612,2026-01-30,,0.0,0.0,,,0.0,,,,,,,,,,0.0,,,,,
3716,03301419,Ixabepilone,BRAND,202612,2026-02-06,,0.0,0.0,,,0.0,,,,,,,,,,0.0,,,,,
3717,03301420,Carboplatin,BRAND,202612,2025-07-18,,0.0,0.0,,,100.0,,,,,,,,,0.0,0.0,0.0,,,,
3718,03301420,Carboplatin,BRAND,202612,2025-07-25,0.0,0.0,0.0,,,0.42,,,,,,,,,0.0,0.0,0.0,,,,
3719,03301420,Carboplatin,BRAND,202612,2025-08-01,0.0,0.0,0.0,,,0.42,,,,,,,,,0.0,0.0,0.0,,,,
3720,03301420,Carboplatin,BRAND,202612,2025-08-08,0.0,0.0,0.0,,,0.42,,,,,,,,,0.0,0.0,0.0,,,,
3721,03301420,Carboplatin,BRAND,202612,2025-08-15,0.0,0.0,0.0,,,0.42,,,,,,,,,0.0,0.0,0.0,,,,
3722,03301420,Carboplatin,BRAND,202612,2025-08-22,0.0,0.0,0.0,,,0.42,,,,,,,,,0.0,0.0,0.0,,,,
3723,03301420,Carboplatin,BRAND,202612,2025-08-26,,0.0,0.0,,,0.42,,,,,,,,,0.0,0.0,0.0,,,,
3724,03301420,Carboplatin,BRAND,202612,2025-08-29,0.0,0.0,0.0,,,0.42,,,,,,,,,0.0,0.0,0.0,,,,
3725,03301420,Carboplatin,BRAND,202612,2025-09-05,0.0,0.0,0.0,,,0.42,,,,,,,,,0.0,0.0,0.0,,,,
3726,03301420,Carboplatin,BRAND,202612,2025-09-12,0.0,0.0,0.0,,,0.42,,,,,,,,,0.0,0.0,0.0,,,,
3727,03301420,Carboplatin,BRAND,202612,2025-09-18,0.0,0.0,0.0,,,0.42,,,,,,,,,0.0,0.0,0.0,,,,
3728,03301420,Carboplatin,BRAND,202612,2025-09-19,0.0,0.0,0.0,,,0.42,,,,,,,,,0.0,0.0,0.0,,,,
3729,03301420,Carboplatin,BRAND,202612,2025-09-26,0.0,0.0,0.0,,,100.0,,,,,,,,,0.0,0.0,0.0,,,,
3730,03301420,Carboplatin,BRAND,202612,2025-10-03,0.0,0.0,0.0,,,0.43,,,,,,,,,0.0,0.0,0.0,,,,
3731,03301420,Carboplatin,BRAND,202612,2025-10-10,0.0,0.0,0.0,,,0.42,,,,,,,,,0.0,0.0,0.0,,,,
3732,03301420,Carboplatin,BRAND,202612,2025-10-17,0.0,0.0,0.0,,,0.42,,,,,,,,,0.0,0.0,0.0,,,,
3733,03301420,Carboplatin,BRAND,202612,2025-10-24,0.0,0.0,0.0,,,0.42,,,,,,,,,0.0,0.0,0.0,,,,
3734,03301420,Carboplatin,BRAND,202612,2025-10-31,0.0,0.0,0.0,,,0.42,,,,,,,,,0.0,0.0,0.0,,,,
3735,03301420,Carboplatin,BRAND,202612,2025-11-07,0.0,0.0,0.0,,,0.42,,,,,,,,,0.0,0.0,0.0,,,,
3736,03301420,Carboplatin,BRAND,202612,2025-11-14,,0.0,0.0,,,0.0,,,,,,,,,,0.0,,,,,
3737,03301420,Carboplatin,BRAND,202612,2025-11-19,,0.0,0.0,,,0.0,,,,,,,,,,0.0,,,,,
3738,03301420,Carboplatin,BRAND,202612,2025-11-21,,0.0,0.0,,,0.0,,,,,,,,,,0.0,,,,,
3739,03301420,Carboplatin,BRAND,202612,2025-11-28,,0.0,0.0,,,0.0,,,,,,,,,,0.0,,,,,
3740,03301420,Carboplatin,BRAND,202612,2025-12-05,,0.0,0.0,,,0.0,,,,,,,,,,0.0,,,,,
3741,03301420,Carboplatin,BRAND,202612,2025-12-12,,0.0,0.0,,,0.0,,,,,,,,,,0.0,,,,,
3742,03301420,Carboplatin,BRAND,202612,2025-12-17,,0.0,0.0,,,0.0,,,,,,,,,,0.0,,,,,
3743,03301420,Carboplatin,BRAND,202612,2025-12-19,,0.0,0.0,,,0.0,,,,,,,,,,0.0,,,,,
3744,03301420,Carboplatin,BRAND,202612,2025-12-26,,0.0,0.0,,,0.0,,,,,,,,,,0.0,,,,,
3745,03301420,Carboplatin,BRAND,202612,2026-01-02,,0.0,0.0,,,0.0,,,,,,,,,,0.0,,,,,
3746,03301420,Carboplatin,BRAND,202612,2026-01-09,,0.0,0.0,,,0.0,,,,,,,,,,0.0,,,,,
3747,03301420,Carboplatin,BRAND,202612,2026-01-16,,0.0,0.0,,,0.0,,,,,,,,,,0.0,,,,,
3748,03301420,Carboplatin,BRAND,202612,2026-01-23,,0.0,0.0,,,0.0,,,,,,,,,,0.0,,,,,
3749,03301420,Carboplatin,BRAND,202612,2026-01-30,,0.0,0.0,,,0.0,,,,,,,,,,0.0,,,,,
3750,03301420,Carboplatin,BRAND,202612,2026-02-06,,0.0,0.0,,,0.0,,,,,,,,,,0.0,,,,,
3751,03301422,OPDUALAG (nivolumab),BRAND,202612,2025-07-18,,0.0,0.0,,,100.0,,,,,,,,,0.0,0.0,0.0,,,,
3752,03301422,OPDUALAG (nivolumab),BRAND,202612,2025-07-25,-0.49,15224665.13,-786732.3,,5.17,91.03,100.0,42.94,85.82,97.24,50.59,100.0,0.0,1,35.21,0.32,0.0,85.82,100.0,71.81,
3753,03301422,OPDUALAG (nivolumab),BRAND,202612,2025-08-01,-1.15,4386502.7,-1838480.04,,41.91,91.03,100.0,40.13,93.96,99.76,50.82,100.0,0.0,1,21.13,0.26,0.0,93.96,100.0,74.85,
3754,03301422,OPDUALAG (nivolumab),BRAND,202612,2025-08-08,3.41,13124760.23,5403667.11,,41.17,91.25,100.0,26.21,79.52,94.16,66.39,100.0,0.0,1,54.79,0.6,0.0,79.52,100.0,70.31,
3755,03301422,OPDUALAG (nivolumab),BRAND,202612,2025-08-15,-3.35,9031511.77,-5476831.15,,60.64,90.0,100.0,78.98,99.96,100.0,79.05,100.0,0.0,1,16.67,0.24,0.0,99.96,100.0,76.77,
3756,03301422,OPDUALAG (nivolumab),BRAND,202612,2025-08-22,-0.33,20100950.08,-523066.54,,2.6,89.87,100.0,35.4,89.59,99.9,54.19,100.0,0.0,1,21.13,0.27,0.0,89.59,100.0,72.67,
3757,03301422,OPDUALAG (nivolumab),BRAND,202612,2025-08-26,,0.0,0.0,,,90.0,,,,,,,,,0.0,0.0,0.0,,,,
3758,03301422,OPDUALAG (nivolumab),BRAND,202612,2025-08-29,-7.03,20843075.45,-11093570.18,,53.22,83.75,24.33,50.67,91.87,99.51,52.72,100.0,0.0,1,25.37,0.28,0.0,22.35,100.0,71.16,
3759,03301422,OPDUALAG (nivolumab),BRAND,202612,2025-09-05,-0.36,10719905.9,-534290.89,,4.98,79.75,53.75,43.39,94.88,98.29,86.29,100.0,0.0,1,47.62,0.51,0.0,51.0,100.0,71.54,
3760,03301422,OPDUALAG (nivolumab),BRAND,202612,2025-09-12,2.4,7735249.19,3500509.53,,45.25,86.08,92.93,42.51,86.43,99.98,68.71,100.0,0.0,1,16.18,0.25,0.0,80.32,100.0,69.85,
3761,03301422,OPDUALAG (nivolumab),BRAND,202612,2025-09-18,-5.51,15663873.75,-8691779.2,,55.49,78.48,89.06,67.42,86.82,94.65,67.42,100.0,0.0,1,58.06,0.71,0.0,77.32,100.0,68.48,
3762,03301422,OPDUALAG (nivolumab),BRAND,202612,2025-09-19,-0.34,11756494.81,-515827.73,,4.39,75.95,77.13,37.1,85.72,95.45,57.48,100.0,0.0,1,41.67,0.77,5.0,66.11,100.0,67.24,
3763,03301422,OPDUALAG (nivolumab),BRAND,202612,2025-09-26,-1.74,5739998.86,-2596939.31,,45.24,83.12,99.36,54.61,98.01,99.98,72.69,100.0,0.0,1,18.75,0.3,3.12,97.38,100.0,73.45,
3764,03301422,OPDUALAG (nivolumab),BRAND,202612,2025-10-03,-0.12,8603513.12,-181159.29,,2.11,72.73,57.99,17.88,55.19,75.16,38.23,100.0,0.0,1,55.36,0.78,1.79,32.01,100.0,53.77,
3765,03301422,OPDUALAG (nivolumab),BRAND,202612,2025-10-10,0.0,0.0,0.0,,,79.75,,,,,,,,,0.0,0.0,0.0,,,,
3766,03301422,OPDUALAG (nivolumab),BRAND,202612,2025-10-17,1.44,18281275.28,2137464.08,,11.69,76.83,87.67,19.51,64.52,80.95,36.86,100.0,0.0,1,60.32,0.61,0.0,56.56,100.0,58.57,
3767,03301422,OPDUALAG (nivolumab),BRAND,202612,2025-10-24,2.76,19794105.05,4058886.64,,20.51,71.76,74.81,18.69,69.17,89.43,35.69,100.0,0.0,1,27.87,0.58,8.2,51.75,100.0,58.29,
3768,03301422,OPDUALAG (nivolumab),BRAND,202612,2025-10-31,0.05,1751325.19,78347.01,,4.47,76.19,60.68,39.69,90.41,98.24,52.21,100.0,0.0,1,17.19,0.3,1.56,54.86,100.0,67.63,
3769,03301422,OPDUALAG (nivolumab),BRAND,202612,2025-11-07,-5.54,14845021.74,-8393833.44,,56.54,72.62,20.16,59.28,84.54,91.64,59.28,100.0,0.0,1,52.46,0.6,0.0,17.05,100.0,64.85,
3770,03301422,OPDUALAG (nivolumab),BRAND,202612,2025-11-14,13.66,36437045.6,19545927.99,,53.64,72.62,92.76,44.69,92.31,99.8,73.07,100.0,0.0,1,14.75,0.3,0.0,85.62,100.0,66.96,
3771,03301422,OPDUALAG (nivolumab),BRAND,202612,2025-11-19,8.04,47577349.13,12150482.65,,25.54,64.29,44.26,34.23,83.95,92.38,55.93,100.0,0.0,1,62.96,0.89,0.0,37.15,100.0,62.27,
3772,03301422,OPDUALAG (nivolumab),BRAND,202612,2025-11-21,-0.01,3419799.73,-16462.04,,0.48,70.45,46.01,24.82,81.24,99.84,43.41,100.0,0.0,1,12.9,0.38,4.84,37.38,100.0,61.93,
3773,03301422,OPDUALAG (nivolumab),BRAND,202612,2025-11-28,-0.01,4725039.82,-10930.66,,0.23,77.27,64.51,22.03,67.65,92.59,48.82,100.0,0.0,1,33.82,0.4,0.0,43.64,100.0,59.29,
3774,03301422,OPDUALAG (nivolumab),BRAND,202612,2025-12-05,0.42,4852685.72,690348.99,,14.23,67.82,30.83,31.7,71.36,83.82,46.52,100.0,0.0,1,54.24,0.72,3.39,22.0,100.0,58.08,
3775,03301422,OPDUALAG (nivolumab),BRAND,202612,2025-12-12,0.09,152624.04,141826.71,,92.93,71.26,94.84,87.84,100.0,100.0,87.84,100.0,0.0,1,6.45,0.17,0.0,94.84,100.0,69.08,
3776,03301422,OPDUALAG (nivolumab),BRAND,202612,2025-12-17,0.22,12866164.47,356047.35,,2.77,66.28,46.23,16.18,58.86,81.83,32.62,100.0,0.0,1,71.93,0.76,1.75,27.21,100.0,52.57,
3777,03301422,OPDUALAG (nivolumab),BRAND,202612,2025-12-19,1.7,15345751.48,2774959.63,,18.08,65.12,60.34,35.26,77.89,95.13,50.7,100.0,0.0,1,21.43,0.42,3.57,47.0,100.0,58.6,
3778,03301422,OPDUALAG (nivolumab),BRAND,202612,2025-12-26,-0.52,7993949.55,-863944.79,,10.81,79.31,99.99,53.56,99.8,100.0,53.63,100.0,0.0,1,13.04,0.15,0.0,99.79,100.0,72.14,
3779,03301422,OPDUALAG (nivolumab),BRAND,202612,2026-01-02,30.48,54831305.44,50392229.98,,91.9,83.91,89.89,19.76,61.8,87.96,54.63,0.3,99.78,-1,45.21,0.55,2.74,55.55,99.48,60.12,
3780,03301422,OPDUALAG (nivolumab),BRAND,202612,2026-01-09,-1.33,2961623.85,-2873849.9,,97.04,77.01,98.95,68.01,98.16,99.91,68.01,100.0,0.0,1,11.94,0.18,0.0,97.12,100.0,70.68,
3781,03301422,OPDUALAG (nivolumab),BRAND,202612,2026-01-16,1.61,34404401.85,3417828.23,,9.93,85.06,100.0,31.45,98.02,100.0,75.9,100.0,0.0,1,13.51,0.14,0.0,98.02,100.0,73.69,
3782,03301422,OPDUALAG (nivolumab),BRAND,202612,2026-01-23,32.35,70453573.42,52920222.34,,75.11,72.41,48.04,29.98,74.39,89.26,52.33,5.12,93.66,0,42.86,0.64,0.0,35.74,88.55,60.87,
3783,03301422,OPDUALAG (nivolumab),BRAND,202612,2026-01-30,0.19,4702227.46,409129.61,,8.7,67.82,38.83,17.77,68.66,95.57,41.26,100.0,0.0,1,15.25,0.41,0.0,26.66,100.0,55.97,
3784,03301422,OPDUALAG (nivolumab),BRAND,202612,2026-02-06,0.57,4239142.86,1098673.16,,25.92,77.01,77.43,15.04,51.06,72.96,38.38,100.0,0.0,1,49.25,0.57,0.0,39.54,100.0,53.15,
3785,03301425,ANTI-LAG3,BRAND,202612,2025-07-18,,0.0,0.0,,,100.0,,,,,,,,,0.0,0.0,0.0,,,,
3786,03301425,ANTI-LAG3,BRAND,202612,2025-07-25,20.3,714836.94,714836.94,,100.0,100.0,100.0,100.0,100.0,100.0,100.0,100.0,0.0,1,50.0,0.5,0.0,100.0,100.0,81.67,
3787,03301425,ANTI-LAG3,BRAND,202612,2025-08-01,1.16,49109.42,49109.42,,100.0,100.0,100.0,100.0,100.0,100.0,100.0,100.0,0.0,1,50.0,1.0,0.0,100.0,100.0,83.33,
3788,03301425,ANTI-LAG3,BRAND,202612,2025-08-08,1.03,44169.01,44169.01,,100.0,100.0,100.0,100.0,100.0,100.0,100.0,100.0,0.0,1,50.0,1.5,0.0,100.0,100.0,85.0,
3789,03301425,ANTI-LAG3,BRAND,202612,2025-08-15,0.0,0.0,0.0,,,100.0,,,,,,,,,0.0,0.0,0.0,,,,
3790,03301425,ANTI-LAG3,BRAND,202612,2025-08-22,-16.44,2147559.61,-711788.16,,33.14,100.0,100.0,66.57,100.0,100.0,66.57,100.0,0.0,1,100.0,1.0,0.0,100.0,100.0,83.33,
3791,03301425,ANTI-LAG3,BRAND,202612,2025-08-26,,0.0,0.0,,,100.0,,,,,,,,,0.0,0.0,0.0,,,,
3792,03301425,ANTI-LAG3,BRAND,202612,2025-08-29,2.37,85780.43,85780.43,,100.0,100.0,100.0,100.0,100.0,100.0,100.0,100.0,0.0,1,50.0,0.5,0.0,100.0,100.0,81.67,
3793,03301425,ANTI-LAG3,BRAND,202612,2025-09-05,0.0,0.0,0.0,,,100.0,,,,,,,,,0.0,0.0,0.0,,,,
3794,03301425,ANTI-LAG3,BRAND,202612,2025-09-12,0.0,0.0,0.0,,,100.0,,,,,,,,,0.0,0.0,0.0,,,,
3795,03301425,ANTI-LAG3,BRAND,202612,2025-09-18,0.0,0.0,0.0,,,100.0,,,,,,,,,0.0,0.0,0.0,,,,
3796,03301425,ANTI-LAG3,BRAND,202612,2025-09-19,0.0,0.0,0.0,,,100.0,,,,,,,,,0.0,0.0,0.0,,,,
3797,03301425,ANTI-LAG3,BRAND,202612,2025-09-26,2.32,85780.43,85780.43,,100.0,100.0,100.0,100.0,100.0,100.0,100.0,100.0,0.0,1,66.67,0.67,0.0,100.0,100.0,82.22,
3798,03301425,ANTI-LAG3,BRAND,202612,2025-10-03,0.0,0.0,0.0,,,100.0,,,,,,,,,0.0,0.0,0.0,,,,
3799,03301425,ANTI-LAG3,BRAND,202612,2025-10-10,0.0,0.0,0.0,,,100.0,,,,,,,,,0.0,0.0,0.0,,,,
3800,03301425,ANTI-LAG3,BRAND,202612,2025-10-17,2.4,1346942.23,88829.21,,6.59,100.0,100.0,53.3,100.0,100.0,53.3,100.0,0.0,1,66.67,0.67,0.0,100.0,100.0,82.22,
3801,03301425,ANTI-LAG3,BRAND,202612,2025-10-24,-4.36,1600909.49,-165138.04,,10.32,100.0,100.0,55.16,100.0,100.0,55.16,100.0,0.0,1,66.67,1.33,0.0,100.0,100.0,84.44,
3802,03301425,ANTI-LAG3,BRAND,202612,2025-10-31,2.37,85780.43,85780.43,,100.0,100.0,100.0,100.0,100.0,100.0,100.0,100.0,0.0,1,33.33,0.33,0.0,100.0,100.0,81.11,
3803,03301425,ANTI-LAG3,BRAND,202612,2025-11-07,0.08,1432722.66,3048.78,,0.21,100.0,100.0,50.11,100.0,100.0,50.11,100.0,0.0,1,66.67,0.67,0.0,100.0,100.0,82.22,
3804,03301425,ANTI-LAG3,BRAND,202612,2025-11-14,7.44,276340.27,276340.27,,100.0,66.67,0.0,100.0,100.0,100.0,100.0,100.0,0.0,1,50.0,0.67,0.0,0.0,100.0,68.89,
3805,03301425,ANTI-LAG3,BRAND,202612,2025-11-19,5.19,1238788.79,196982.66,,15.9,100.0,100.0,57.95,100.0,100.0,57.95,100.0,0.0,1,66.67,0.67,0.0,100.0,100.0,82.22,
3806,03301425,ANTI-LAG3,BRAND,202612,2025-11-21,0.0,0.0,0.0,,,66.67,,,,,,,,,0.0,0.0,0.0,,,,
3807,03301425,ANTI-LAG3,BRAND,202612,2025-11-28,0.0,0.0,0.0,,,100.0,,,,,,,,,0.0,0.0,0.0,,,,
3808,03301425,ANTI-LAG3,BRAND,202612,2025-12-05,0.0,0.0,0.0,,,100.0,,,,,,,,,0.0,0.0,0.0,,,,
3809,03301425,ANTI-LAG3,BRAND,202612,2025-12-12,0.0,0.0,0.0,,,100.0,,,,,,,,,0.0,0.0,0.0,,,,
3810,03301425,ANTI-LAG3,BRAND,202612,2025-12-17,0.0,0.0,0.0,,,100.0,,,,,,,,,0.0,0.0,0.0,,,,
3811,03301425,ANTI-LAG3,BRAND,202612,2025-12-19,27.7,1104896.39,1104896.39,,100.0,100.0,100.0,64.97,100.0,100.0,64.97,100.0,0.0,1,66.67,0.67,0.0,100.0,100.0,82.22,
3812,03301425,ANTI-LAG3,BRAND,202612,2025-12-26,14.03,714836.94,714836.94,,100.0,66.67,0.0,100.0,100.0,100.0,100.0,100.0,0.0,1,50.0,1.0,0.0,0.0,100.0,70.0,
3813,03301425,ANTI-LAG3,BRAND,202612,2026-01-02,42.29,2456918.93,2456918.82,,100.0,33.33,61.35,61.35,100.0,100.0,61.35,0.0,100.0,-1,100.0,0.67,0.0,61.35,100.0,55.56,
3814,03301425,ANTI-LAG3,BRAND,202612,2026-01-09,1.4,4200090.31,115932.06,,2.76,100.0,100.0,51.38,100.0,100.0,51.38,100.0,0.0,1,66.67,0.67,0.0,100.0,100.0,82.22,
3815,03301425,ANTI-LAG3,BRAND,202612,2026-01-16,-12.22,3060008.93,-1024149.32,,33.47,50.0,66.73,66.73,100.0,100.0,66.73,100.0,0.0,1,100.0,2.0,0.0,66.73,100.0,66.67,
3816,03301425,ANTI-LAG3,BRAND,202612,2026-01-23,84.44,7086425.87,3368434.95,,47.53,50.0,26.23,73.77,100.0,100.0,73.77,34.99,50.07,1,100.0,3.0,0.0,26.23,15.08,70.0,
3817,03301425,ANTI-LAG3,BRAND,202612,2026-01-30,-3.11,228481.72,-228481.72,,100.0,50.0,0.0,100.0,100.0,100.0,100.0,100.0,0.0,1,0.0,0.5,0.0,0.0,100.0,61.67,
3818,03301425,ANTI-LAG3,BRAND,202612,2026-02-06,0.0,0.0,0.0,,,100.0,,,,,,,,,0.0,0.0,0.0,,,,
3819,03301430,Cisplatin,BRAND,202612,2025-07-18,,0.0,0.0,,,100.0,,,,,,,,,0.0,0.0,0.0,,,,
3820,03301430,Cisplatin,BRAND,202612,2025-07-25,,0.0,0.0,,,0.0,,,,,,,,,,0.0,,,,,
3821,03301430,Cisplatin,BRAND,202612,2025-08-01,,0.0,0.0,,,0.0,,,,,,,,,,0.0,,,,,
3822,03301430,Cisplatin,BRAND,202612,2025-08-08,,0.0,0.0,,,0.0,,,,,,,,,,0.0,,,,,
3823,03301430,Cisplatin,BRAND,202612,2025-08-15,,0.0,0.0,,,0.0,,,,,,,,,,0.0,,,,,
3824,03301430,Cisplatin,BRAND,202612,2025-08-22,,0.0,0.0,,,0.0,,,,,,,,,,0.0,,,,,
3825,03301430,Cisplatin,BRAND,202612,2025-08-26,,0.0,0.0,,,0.0,,,,,,,,,,0.0,,,,,
3826,03301430,Cisplatin,BRAND,202612,2025-08-29,,0.0,0.0,,,0.0,,,,,,,,,,0.0,,,,,
3827,03301430,Cisplatin,BRAND,202612,2025-09-05,,0.0,0.0,,,0.0,,,,,,,,,,0.0,,,,,
3828,03301430,Cisplatin,BRAND,202612,2025-09-12,,0.0,0.0,,,0.0,,,,,,,,,,0.0,,,,,
3829,03301430,Cisplatin,BRAND,202612,2025-09-18,,0.0,0.0,,,0.0,,,,,,,,,,0.0,,,,,
3830,03301430,Cisplatin,BRAND,202612,2025-09-19,,0.0,0.0,,,0.0,,,,,,,,,,0.0,,,,,
3831,03301430,Cisplatin,BRAND,202612,2025-10-03,,0.0,0.0,,,0.0,,,,,,,,,,0.0,,,,,
3832,03301430,Cisplatin,BRAND,202612,2025-10-10,,0.0,0.0,,,0.0,,,,,,,,,,0.0,,,,,
3833,03301430,Cisplatin,BRAND,202612,2025-10-17,,0.0,0.0,,,0.0,,,,,,,,,,0.0,,,,,
3834,03301430,Cisplatin,BRAND,202612,2025-10-24,,0.0,0.0,,,0.0,,,,,,,,,,0.0,,,,,
3835,03301430,Cisplatin,BRAND,202612,2025-10-31,,0.0,0.0,,,0.0,,,,,,,,,,0.0,,,,,
3836,03301430,Cisplatin,BRAND,202612,2025-11-07,,0.0,0.0,,,0.0,,,,,,,,,,0.0,,,,,
3837,03301430,Cisplatin,BRAND,202612,2025-11-14,,0.0,0.0,,,0.0,,,,,,,,,,0.0,,,,,
3838,03301430,Cisplatin,BRAND,202612,2025-11-19,,0.0,0.0,,,0.0,,,,,,,,,,0.0,,,,,
3839,03301430,Cisplatin,BRAND,202612,2025-11-21,,0.0,0.0,,,0.0,,,,,,,,,,0.0,,,,,
3840,03301430,Cisplatin,BRAND,202612,2025-11-28,,0.0,0.0,,,0.0,,,,,,,,,,0.0,,,,,
3841,03301430,Cisplatin,BRAND,202612,2025-12-05,,0.0,0.0,,,0.0,,,,,,,,,,0.0,,,,,
3842,03301430,Cisplatin,BRAND,202612,2025-12-12,,0.0,0.0,,,0.0,,,,,,,,,,0.0,,,,,
3843,03301430,Cisplatin,BRAND,202612,2025-12-17,,0.0,0.0,,,0.0,,,,,,,,,,0.0,,,,,
3844,03301430,Cisplatin,BRAND,202612,2025-12-19,,0.0,0.0,,,0.0,,,,,,,,,,0.0,,,,,
3845,03301430,Cisplatin,BRAND,202612,2025-12-26,,0.0,0.0,,,0.0,,,,,,,,,,0.0,,,,,
3846,03301430,Cisplatin,BRAND,202612,2026-01-02,,0.0,0.0,,,0.0,,,,,,,,,,0.0,,,,,
3847,03301430,Cisplatin,BRAND,202612,2026-01-09,,0.0,0.0,,,0.0,,,,,,,,,,0.0,,,,,
3848,03301430,Cisplatin,BRAND,202612,2026-01-16,,0.0,0.0,,,0.0,,,,,,,,,,0.0,,,,,
3849,03301430,Cisplatin,BRAND,202612,2026-01-23,,0.0,0.0,,,0.0,,,,,,,,,,0.0,,,,,
3850,03301430,Cisplatin,BRAND,202612,2026-01-30,,0.0,0.0,,,0.0,,,,,,,,,,0.0,,,,,
3851,03301430,Cisplatin,BRAND,202612,2026-02-06,,0.0,0.0,,,0.0,,,,,,,,,,0.0,,,,,
3852,03301440,Mitomycin,BRAND,202612,2025-07-18,,0.0,0.0,,,100.0,,,,,,,,,0.0,0.0,0.0,,,,
3853,03301440,Mitomycin,BRAND,202612,2025-07-25,,0.0,0.0,,,0.0,,,,,,,,,,0.0,,,,,
3854,03301440,Mitomycin,BRAND,202612,2025-08-01,,0.0,0.0,,,0.0,,,,,,,,,,0.0,,,,,
3855,03301440,Mitomycin,BRAND,202612,2025-08-08,,0.0,0.0,,,0.0,,,,,,,,,,0.0,,,,,
3856,03301440,Mitomycin,BRAND,202612,2025-08-15,,0.0,0.0,,,0.0,,,,,,,,,,0.0,,,,,
3857,03301440,Mitomycin,BRAND,202612,2025-08-22,,0.0,0.0,,,0.0,,,,,,,,,,0.0,,,,,
3858,03301440,Mitomycin,BRAND,202612,2025-08-26,,0.0,0.0,,,0.0,,,,,,,,,,0.0,,,,,
3859,03301440,Mitomycin,BRAND,202612,2025-08-29,,0.0,0.0,,,0.0,,,,,,,,,,0.0,,,,,
3860,03301440,Mitomycin,BRAND,202612,2025-09-05,,0.0,0.0,,,0.0,,,,,,,,,,0.0,,,,,
3861,03301440,Mitomycin,BRAND,202612,2025-09-12,,0.0,0.0,,,0.0,,,,,,,,,,0.0,,,,,
3862,03301440,Mitomycin,BRAND,202612,2025-09-18,,0.0,0.0,,,0.0,,,,,,,,,,0.0,,,,,
3863,03301440,Mitomycin,BRAND,202612,2025-09-19,,0.0,0.0,,,0.0,,,,,,,,,,0.0,,,,,
3864,03301440,Mitomycin,BRAND,202612,2025-10-03,,0.0,0.0,,,0.0,,,,,,,,,,0.0,,,,,
3865,03301440,Mitomycin,BRAND,202612,2025-10-10,,0.0,0.0,,,0.0,,,,,,,,,,0.0,,,,,
3866,03301440,Mitomycin,BRAND,202612,2025-10-17,,0.0,0.0,,,0.0,,,,,,,,,,0.0,,,,,
3867,03301440,Mitomycin,BRAND,202612,2025-10-24,,0.0,0.0,,,0.0,,,,,,,,,,0.0,,,,,
3868,03301440,Mitomycin,BRAND,202612,2025-10-31,,0.0,0.0,,,0.0,,,,,,,,,,0.0,,,,,
3869,03301440,Mitomycin,BRAND,202612,2025-11-07,,0.0,0.0,,,0.0,,,,,,,,,,0.0,,,,,
3870,03301440,Mitomycin,BRAND,202612,2025-11-14,,0.0,0.0,,,0.0,,,,,,,,,,0.0,,,,,
3871,03301440,Mitomycin,BRAND,202612,2025-11-19,,0.0,0.0,,,0.0,,,,,,,,,,0.0,,,,,
3872,03301440,Mitomycin,BRAND,202612,2025-11-21,,0.0,0.0,,,0.0,,,,,,,,,,0.0,,,,,
3873,03301440,Mitomycin,BRAND,202612,2025-11-28,,0.0,0.0,,,0.0,,,,,,,,,,0.0,,,,,
3874,03301440,Mitomycin,BRAND,202612,2025-12-05,,0.0,0.0,,,0.0,,,,,,,,,,0.0,,,,,
3875,03301440,Mitomycin,BRAND,202612,2025-12-12,,0.0,0.0,,,0.0,,,,,,,,,,0.0,,,,,
3876,03301440,Mitomycin,BRAND,202612,2025-12-17,,0.0,0.0,,,0.0,,,,,,,,,,0.0,,,,,
3877,03301440,Mitomycin,BRAND,202612,2025-12-19,,0.0,0.0,,,0.0,,,,,,,,,,0.0,,,,,
3878,03301440,Mitomycin,BRAND,202612,2025-12-26,,0.0,0.0,,,0.0,,,,,,,,,,0.0,,,,,
3879,03301440,Mitomycin,BRAND,202612,2026-01-02,,0.0,0.0,,,0.0,,,,,,,,,,0.0,,,,,
3880,03301440,Mitomycin,BRAND,202612,2026-01-09,,0.0,0.0,,,0.0,,,,,,,,,,0.0,,,,,
3881,03301440,Mitomycin,BRAND,202612,2026-01-16,,0.0,0.0,,,0.0,,,,,,,,,,0.0,,,,,
3882,03301440,Mitomycin,BRAND,202612,2026-01-23,,0.0,0.0,,,0.0,,,,,,,,,,0.0,,,,,
3883,03301440,Mitomycin,BRAND,202612,2026-01-30,,0.0,0.0,,,0.0,,,,,,,,,,0.0,,,,,
3884,03301440,Mitomycin,BRAND,202612,2026-02-06,,0.0,0.0,,,0.0,,,,,,,,,,0.0,,,,,
3885,03301450,Bleomycin,BRAND,202612,2025-07-18,,0.0,0.0,,,100.0,,,,,,,,,0.0,0.0,0.0,,,,
3886,03301450,Bleomycin,BRAND,202612,2025-07-25,,0.0,0.0,,,0.0,,,,,,,,,,0.0,,,,,
3887,03301450,Bleomycin,BRAND,202612,2025-08-01,,0.0,0.0,,,0.0,,,,,,,,,,0.0,,,,,
3888,03301450,Bleomycin,BRAND,202612,2025-08-08,,0.0,0.0,,,0.0,,,,,,,,,,0.0,,,,,
3889,03301450,Bleomycin,BRAND,202612,2025-08-15,,0.0,0.0,,,0.0,,,,,,,,,,0.0,,,,,
3890,03301450,Bleomycin,BRAND,202612,2025-08-22,,0.0,0.0,,,0.0,,,,,,,,,,0.0,,,,,
3891,03301450,Bleomycin,BRAND,202612,2025-08-26,,0.0,0.0,,,0.0,,,,,,,,,,0.0,,,,,
3892,03301450,Bleomycin,BRAND,202612,2025-08-29,,0.0,0.0,,,0.0,,,,,,,,,,0.0,,,,,
3893,03301450,Bleomycin,BRAND,202612,2025-09-05,,0.0,0.0,,,0.0,,,,,,,,,,0.0,,,,,
3894,03301450,Bleomycin,BRAND,202612,2025-09-12,,0.0,0.0,,,0.0,,,,,,,,,,0.0,,,,,
3895,03301450,Bleomycin,BRAND,202612,2025-09-18,,0.0,0.0,,,0.0,,,,,,,,,,0.0,,,,,
3896,03301450,Bleomycin,BRAND,202612,2025-09-19,,0.0,0.0,,,0.0,,,,,,,,,,0.0,,,,,
3897,03301450,Bleomycin,BRAND,202612,2025-10-10,,0.0,0.0,,,0.0,,,,,,,,,,0.0,,,,,
3898,03301450,Bleomycin,BRAND,202612,2025-10-17,,0.0,0.0,,,0.0,,,,,,,,,,0.0,,,,,
3899,03301450,Bleomycin,BRAND,202612,2025-10-24,,0.0,0.0,,,0.0,,,,,,,,,,0.0,,,,,
3900,03301450,Bleomycin,BRAND,202612,2025-10-31,,0.0,0.0,,,0.0,,,,,,,,,,0.0,,,,,
3901,03301450,Bleomycin,BRAND,202612,2025-11-07,,0.0,0.0,,,0.0,,,,,,,,,,0.0,,,,,
3902,03301450,Bleomycin,BRAND,202612,2025-11-14,,0.0,0.0,,,0.0,,,,,,,,,,0.0,,,,,
3903,03301450,Bleomycin,BRAND,202612,2025-11-19,,0.0,0.0,,,0.0,,,,,,,,,,0.0,,,,,
3904,03301450,Bleomycin,BRAND,202612,2025-11-21,,0.0,0.0,,,0.0,,,,,,,,,,0.0,,,,,
3905,03301450,Bleomycin,BRAND,202612,2025-11-28,,0.0,0.0,,,0.0,,,,,,,,,,0.0,,,,,
3906,03301450,Bleomycin,BRAND,202612,2025-12-05,,0.0,0.0,,,0.0,,,,,,,,,,0.0,,,,,
3907,03301450,Bleomycin,BRAND,202612,2025-12-12,,0.0,0.0,,,0.0,,,,,,,,,,0.0,,,,,
3908,03301450,Bleomycin,BRAND,202612,2025-12-17,,0.0,0.0,,,0.0,,,,,,,,,,0.0,,,,,
3909,03301450,Bleomycin,BRAND,202612,2025-12-19,,0.0,0.0,,,0.0,,,,,,,,,,0.0,,,,,
3910,03301450,Bleomycin,BRAND,202612,2025-12-26,,0.0,0.0,,,0.0,,,,,,,,,,0.0,,,,,
3911,03301450,Bleomycin,BRAND,202612,2026-01-02,,0.0,0.0,,,0.0,,,,,,,,,,0.0,,,,,
3912,03301450,Bleomycin,BRAND,202612,2026-01-09,,0.0,0.0,,,0.0,,,,,,,,,,0.0,,,,,
3913,03301450,Bleomycin,BRAND,202612,2026-01-16,,0.0,0.0,,,0.0,,,,,,,,,,0.0,,,,,
3914,03301450,Bleomycin,BRAND,202612,2026-01-23,,0.0,0.0,,,0.0,,,,,,,,,,0.0,,,,,
3915,03301450,Bleomycin,BRAND,202612,2026-01-30,,0.0,0.0,,,0.0,,,,,,,,,,0.0,,,,,
3916,03301450,Bleomycin,BRAND,202612,2026-02-06,,0.0,0.0,,,0.0,,,,,,,,,,0.0,,,,,
3917,03301460,Ifosfamide,BRAND,202612,2025-07-18,,0.0,0.0,,,100.0,,,,,,,,,0.0,0.0,0.0,,,,
3918,03301460,Ifosfamide,BRAND,202612,2025-07-25,,0.0,0.0,,,0.0,,,,,,,,,,0.0,,,,,
3919,03301460,Ifosfamide,BRAND,202612,2025-08-01,,0.0,0.0,,,0.0,,,,,,,,,,0.0,,,,,
3920,03301460,Ifosfamide,BRAND,202612,2025-08-08,,0.0,0.0,,,0.0,,,,,,,,,,0.0,,,,,
3921,03301460,Ifosfamide,BRAND,202612,2025-08-15,,0.0,0.0,,,0.0,,,,,,,,,,0.0,,,,,
3922,03301460,Ifosfamide,BRAND,202612,2025-08-22,,0.0,0.0,,,0.0,,,,,,,,,,0.0,,,,,
3923,03301460,Ifosfamide,BRAND,202612,2025-08-26,,0.0,0.0,,,0.0,,,,,,,,,,0.0,,,,,
3924,03301460,Ifosfamide,BRAND,202612,2025-08-29,,0.0,0.0,,,0.0,,,,,,,,,,0.0,,,,,
3925,03301460,Ifosfamide,BRAND,202612,2025-09-05,,0.0,0.0,,,0.0,,,,,,,,,,0.0,,,,,
3926,03301460,Ifosfamide,BRAND,202612,2025-09-12,,0.0,0.0,,,0.0,,,,,,,,,,0.0,,,,,
3927,03301460,Ifosfamide,BRAND,202612,2025-09-18,,0.0,0.0,,,0.0,,,,,,,,,,0.0,,,,,
3928,03301460,Ifosfamide,BRAND,202612,2025-09-19,,0.0,0.0,,,0.0,,,,,,,,,,0.0,,,,,
3929,03301460,Ifosfamide,BRAND,202612,2025-10-03,,0.0,0.0,,,0.0,,,,,,,,,,0.0,,,,,
3930,03301460,Ifosfamide,BRAND,202612,2025-10-10,,0.0,0.0,,,0.0,,,,,,,,,,0.0,,,,,
3931,03301460,Ifosfamide,BRAND,202612,2025-10-17,,0.0,0.0,,,0.0,,,,,,,,,,0.0,,,,,
3932,03301460,Ifosfamide,BRAND,202612,2025-10-24,,0.0,0.0,,,0.0,,,,,,,,,,0.0,,,,,
3933,03301460,Ifosfamide,BRAND,202612,2025-10-31,,0.0,0.0,,,0.0,,,,,,,,,,0.0,,,,,
3934,03301460,Ifosfamide,BRAND,202612,2025-11-07,,0.0,0.0,,,0.0,,,,,,,,,,0.0,,,,,
3935,03301460,Ifosfamide,BRAND,202612,2025-11-14,,0.0,0.0,,,0.0,,,,,,,,,,0.0,,,,,
3936,03301460,Ifosfamide,BRAND,202612,2025-11-19,,0.0,0.0,,,0.0,,,,,,,,,,0.0,,,,,
3937,03301460,Ifosfamide,BRAND,202612,2025-11-21,,0.0,0.0,,,0.0,,,,,,,,,,0.0,,,,,
3938,03301460,Ifosfamide,BRAND,202612,2025-11-28,,0.0,0.0,,,0.0,,,,,,,,,,0.0,,,,,
3939,03301460,Ifosfamide,BRAND,202612,2025-12-05,,0.0,0.0,,,0.0,,,,,,,,,,0.0,,,,,
3940,03301460,Ifosfamide,BRAND,202612,2025-12-12,,0.0,0.0,,,0.0,,,,,,,,,,0.0,,,,,
3941,03301460,Ifosfamide,BRAND,202612,2025-12-17,,0.0,0.0,,,0.0,,,,,,,,,,0.0,,,,,
3942,03301460,Ifosfamide,BRAND,202612,2025-12-19,,0.0,0.0,,,0.0,,,,,,,,,,0.0,,,,,
3943,03301460,Ifosfamide,BRAND,202612,2025-12-26,,0.0,0.0,,,0.0,,,,,,,,,,0.0,,,,,
3944,03301460,Ifosfamide,BRAND,202612,2026-01-02,,0.0,0.0,,,0.0,,,,,,,,,,0.0,,,,,
3945,03301460,Ifosfamide,BRAND,202612,2026-01-09,,0.0,0.0,,,0.0,,,,,,,,,,0.0,,,,,
3946,03301460,Ifosfamide,BRAND,202612,2026-01-16,,0.0,0.0,,,0.0,,,,,,,,,,0.0,,,,,
3947,03301460,Ifosfamide,BRAND,202612,2026-01-23,,0.0,0.0,,,0.0,,,,,,,,,,0.0,,,,,
3948,03301460,Ifosfamide,BRAND,202612,2026-01-30,,0.0,0.0,,,0.0,,,,,,,,,,0.0,,,,,
3949,03301460,Ifosfamide,BRAND,202612,2026-02-06,,0.0,0.0,,,0.0,,,,,,,,,,0.0,,,,,
3950,03301470,Mesna,BRAND,202612,2025-07-18,,0.0,0.0,,,100.0,,,,,,,,,0.0,0.0,0.0,,,,
3951,03301470,Mesna,BRAND,202612,2025-07-25,,0.0,0.0,,,0.0,,,,,,,,,,0.0,,,,,
3952,03301470,Mesna,BRAND,202612,2025-08-01,,0.0,0.0,,,0.0,,,,,,,,,,0.0,,,,,
3953,03301470,Mesna,BRAND,202612,2025-08-08,,0.0,0.0,,,0.0,,,,,,,,,,0.0,,,,,
3954,03301470,Mesna,BRAND,202612,2025-08-15,,0.0,0.0,,,0.0,,,,,,,,,,0.0,,,,,
3955,03301470,Mesna,BRAND,202612,2025-08-22,,0.0,0.0,,,0.0,,,,,,,,,,0.0,,,,,
3956,03301470,Mesna,BRAND,202612,2025-08-26,,0.0,0.0,,,0.0,,,,,,,,,,0.0,,,,,
3957,03301470,Mesna,BRAND,202612,2025-08-29,,0.0,0.0,,,0.0,,,,,,,,,,0.0,,,,,
3958,03301470,Mesna,BRAND,202612,2025-09-05,,0.0,0.0,,,0.0,,,,,,,,,,0.0,,,,,
3959,03301470,Mesna,BRAND,202612,2025-09-12,,0.0,0.0,,,0.0,,,,,,,,,,0.0,,,,,
3960,03301470,Mesna,BRAND,202612,2025-09-18,,0.0,0.0,,,0.0,,,,,,,,,,0.0,,,,,
3961,03301470,Mesna,BRAND,202612,2025-09-19,,0.0,0.0,,,0.0,,,,,,,,,,0.0,,,,,
3962,03301470,Mesna,BRAND,202612,2025-10-03,,0.0,0.0,,,0.0,,,,,,,,,,0.0,,,,,
3963,03301470,Mesna,BRAND,202612,2025-10-10,,0.0,0.0,,,0.0,,,,,,,,,,0.0,,,,,
3964,03301470,Mesna,BRAND,202612,2025-10-17,,0.0,0.0,,,0.0,,,,,,,,,,0.0,,,,,
3965,03301470,Mesna,BRAND,202612,2025-10-24,,0.0,0.0,,,0.0,,,,,,,,,,0.0,,,,,
3966,03301470,Mesna,BRAND,202612,2025-10-31,,0.0,0.0,,,0.0,,,,,,,,,,0.0,,,,,
3967,03301470,Mesna,BRAND,202612,2025-11-07,,0.0,0.0,,,0.0,,,,,,,,,,0.0,,,,,
3968,03301470,Mesna,BRAND,202612,2025-11-14,,0.0,0.0,,,0.0,,,,,,,,,,0.0,,,,,
3969,03301470,Mesna,BRAND,202612,2025-11-19,,0.0,0.0,,,0.0,,,,,,,,,,0.0,,,,,
3970,03301470,Mesna,BRAND,202612,2025-11-21,,0.0,0.0,,,0.0,,,,,,,,,,0.0,,,,,
3971,03301470,Mesna,BRAND,202612,2025-11-28,,0.0,0.0,,,0.0,,,,,,,,,,0.0,,,,,
3972,03301470,Mesna,BRAND,202612,2025-12-05,,0.0,0.0,,,0.0,,,,,,,,,,0.0,,,,,
3973,03301470,Mesna,BRAND,202612,2025-12-12,,0.0,0.0,,,0.0,,,,,,,,,,0.0,,,,,
3974,03301470,Mesna,BRAND,202612,2025-12-17,,0.0,0.0,,,0.0,,,,,,,,,,0.0,,,,,
3975,03301470,Mesna,BRAND,202612,2025-12-19,,0.0,0.0,,,0.0,,,,,,,,,,0.0,,,,,
3976,03301470,Mesna,BRAND,202612,2025-12-26,,0.0,0.0,,,0.0,,,,,,,,,,0.0,,,,,
3977,03301470,Mesna,BRAND,202612,2026-01-02,,0.0,0.0,,,0.0,,,,,,,,,,0.0,,,,,
3978,03301470,Mesna,BRAND,202612,2026-01-09,,0.0,0.0,,,0.0,,,,,,,,,,0.0,,,,,
3979,03301470,Mesna,BRAND,202612,2026-01-16,,0.0,0.0,,,0.0,,,,,,,,,,0.0,,,,,
3980,03301470,Mesna,BRAND,202612,2026-01-23,,0.0,0.0,,,0.0,,,,,,,,,,0.0,,,,,
3981,03301470,Mesna,BRAND,202612,2026-01-30,,0.0,0.0,,,0.0,,,,,,,,,,0.0,,,,,
3982,03301470,Mesna,BRAND,202612,2026-02-06,,0.0,0.0,,,0.0,,,,,,,,,,0.0,,,,,
3983,03301480,Megesterol,BRAND,202612,2025-07-18,,0.0,0.0,,,100.0,,,,,,,,,0.0,0.0,0.0,,,,
3984,03301480,Megesterol,BRAND,202612,2025-07-25,,0.0,0.0,,,0.0,,,,,,,,,,0.0,,,,,
3985,03301480,Megesterol,BRAND,202612,2025-08-01,,0.0,0.0,,,0.0,,,,,,,,,,0.0,,,,,
3986,03301480,Megesterol,BRAND,202612,2025-08-08,,0.0,0.0,,,0.0,,,,,,,,,,0.0,,,,,
3987,03301480,Megesterol,BRAND,202612,2025-08-15,,0.0,0.0,,,0.0,,,,,,,,,,0.0,,,,,
3988,03301480,Megesterol,BRAND,202612,2025-08-22,,0.0,0.0,,,0.0,,,,,,,,,,0.0,,,,,
3989,03301480,Megesterol,BRAND,202612,2025-08-26,,0.0,0.0,,,0.0,,,,,,,,,,0.0,,,,,
3990,03301480,Megesterol,BRAND,202612,2025-08-29,,0.0,0.0,,,0.0,,,,,,,,,,0.0,,,,,
3991,03301480,Megesterol,BRAND,202612,2025-09-05,,0.0,0.0,,,0.0,,,,,,,,,,0.0,,,,,
3992,03301480,Megesterol,BRAND,202612,2025-09-12,,0.0,0.0,,,0.0,,,,,,,,,,0.0,,,,,
3993,03301480,Megesterol,BRAND,202612,2025-09-18,,0.0,0.0,,,0.0,,,,,,,,,,0.0,,,,,
3994,03301480,Megesterol,BRAND,202612,2025-09-19,,0.0,0.0,,,0.0,,,,,,,,,,0.0,,,,,
3995,03301480,Megesterol,BRAND,202612,2025-10-03,,0.0,0.0,,,0.0,,,,,,,,,,0.0,,,,,
3996,03301480,Megesterol,BRAND,202612,2025-10-10,,0.0,0.0,,,0.0,,,,,,,,,,0.0,,,,,
3997,03301480,Megesterol,BRAND,202612,2025-10-17,,0.0,0.0,,,0.0,,,,,,,,,,0.0,,,,,
3998,03301480,Megesterol,BRAND,202612,2025-10-24,,0.0,0.0,,,0.0,,,,,,,,,,0.0,,,,,
3999,03301480,Megesterol,BRAND,202612,2025-10-31,,0.0,0.0,,,0.0,,,,,,,,,,0.0,,,,,
4000,03301480,Megesterol,BRAND,202612,2025-11-07,,0.0,0.0,,,0.0,,,,,,,,,,0.0,,,,,
4001,03301480,Megesterol,BRAND,202612,2025-11-14,,0.0,0.0,,,0.0,,,,,,,,,,0.0,,,,,
4002,03301480,Megesterol,BRAND,202612,2025-11-19,,0.0,0.0,,,0.0,,,,,,,,,,0.0,,,,,
4003,03301480,Megesterol,BRAND,202612,2025-11-21,,0.0,0.0,,,0.0,,,,,,,,,,0.0,,,,,
4004,03301480,Megesterol,BRAND,202612,2025-11-28,,0.0,0.0,,,0.0,,,,,,,,,,0.0,,,,,
4005,03301480,Megesterol,BRAND,202612,2025-12-05,,0.0,0.0,,,0.0,,,,,,,,,,0.0,,,,,
4006,03301480,Megesterol,BRAND,202612,2025-12-12,,0.0,0.0,,,0.0,,,,,,,,,,0.0,,,,,
4007,03301480,Megesterol,BRAND,202612,2025-12-17,,0.0,0.0,,,0.0,,,,,,,,,,0.0,,,,,
4008,03301480,Megesterol,BRAND,202612,2025-12-19,,0.0,0.0,,,0.0,,,,,,,,,,0.0,,,,,
4009,03301480,Megesterol,BRAND,202612,2025-12-26,,0.0,0.0,,,0.0,,,,,,,,,,0.0,,,,,
4010,03301480,Megesterol,BRAND,202612,2026-01-02,,0.0,0.0,,,0.0,,,,,,,,,,0.0,,,,,
4011,03301480,Megesterol,BRAND,202612,2026-01-09,,0.0,0.0,,,0.0,,,,,,,,,,0.0,,,,,
4012,03301480,Megesterol,BRAND,202612,2026-01-16,,0.0,0.0,,,0.0,,,,,,,,,,0.0,,,,,
4013,03301480,Megesterol,BRAND,202612,2026-01-23,,0.0,0.0,,,0.0,,,,,,,,,,0.0,,,,,
4014,03301480,Megesterol,BRAND,202612,2026-01-30,,0.0,0.0,,,0.0,,,,,,,,,,0.0,,,,,
4015,03301480,Megesterol,BRAND,202612,2026-02-06,,0.0,0.0,,,0.0,,,,,,,,,,0.0,,,,,
4016,03301485,Cytoxan-Cyclophospha,BRAND,202612,2025-07-18,,0.0,0.0,,,100.0,,,,,,,,,0.0,0.0,0.0,,,,
4017,03301485,Cytoxan-Cyclophospha,BRAND,202612,2025-07-25,,0.0,0.0,,,0.0,,,,,,,,,,0.0,,,,,
4018,03301485,Cytoxan-Cyclophospha,BRAND,202612,2025-08-01,,0.0,0.0,,,0.0,,,,,,,,,,0.0,,,,,
4019,03301485,Cytoxan-Cyclophospha,BRAND,202612,2025-08-08,,0.0,0.0,,,0.0,,,,,,,,,,0.0,,,,,
4020,03301485,Cytoxan-Cyclophospha,BRAND,202612,2025-08-15,,0.0,0.0,,,0.0,,,,,,,,,,0.0,,,,,
4021,03301485,Cytoxan-Cyclophospha,BRAND,202612,2025-08-22,,0.0,0.0,,,0.0,,,,,,,,,,0.0,,,,,
4022,03301485,Cytoxan-Cyclophospha,BRAND,202612,2025-08-26,,0.0,0.0,,,0.0,,,,,,,,,,0.0,,,,,
4023,03301485,Cytoxan-Cyclophospha,BRAND,202612,2025-08-29,,0.0,0.0,,,0.0,,,,,,,,,,0.0,,,,,
4024,03301485,Cytoxan-Cyclophospha,BRAND,202612,2025-09-05,,0.0,0.0,,,0.0,,,,,,,,,,0.0,,,,,
4025,03301485,Cytoxan-Cyclophospha,BRAND,202612,2025-09-12,,0.0,0.0,,,0.0,,,,,,,,,,0.0,,,,,
4026,03301485,Cytoxan-Cyclophospha,BRAND,202612,2025-09-18,,0.0,0.0,,,0.0,,,,,,,,,,0.0,,,,,
4027,03301485,Cytoxan-Cyclophospha,BRAND,202612,2025-09-19,,0.0,0.0,,,0.0,,,,,,,,,,0.0,,,,,
4028,03301485,Cytoxan-Cyclophospha,BRAND,202612,2025-10-03,,0.0,0.0,,,0.0,,,,,,,,,,0.0,,,,,
4029,03301485,Cytoxan-Cyclophospha,BRAND,202612,2025-10-10,,0.0,0.0,,,0.0,,,,,,,,,,0.0,,,,,
4030,03301485,Cytoxan-Cyclophospha,BRAND,202612,2025-10-17,,0.0,0.0,,,0.0,,,,,,,,,,0.0,,,,,
4031,03301485,Cytoxan-Cyclophospha,BRAND,202612,2025-10-24,,0.0,0.0,,,0.0,,,,,,,,,,0.0,,,,,
4032,03301485,Cytoxan-Cyclophospha,BRAND,202612,2025-10-31,,0.0,0.0,,,0.0,,,,,,,,,,0.0,,,,,
4033,03301485,Cytoxan-Cyclophospha,BRAND,202612,2025-11-07,,0.0,0.0,,,0.0,,,,,,,,,,0.0,,,,,
4034,03301485,Cytoxan-Cyclophospha,BRAND,202612,2025-11-14,,0.0,0.0,,,0.0,,,,,,,,,,0.0,,,,,
4035,03301485,Cytoxan-Cyclophospha,BRAND,202612,2025-11-19,,0.0,0.0,,,0.0,,,,,,,,,,0.0,,,,,
4036,03301485,Cytoxan-Cyclophospha,BRAND,202612,2025-11-21,,0.0,0.0,,,0.0,,,,,,,,,,0.0,,,,,
4037,03301485,Cytoxan-Cyclophospha,BRAND,202612,2025-11-28,,0.0,0.0,,,0.0,,,,,,,,,,0.0,,,,,
4038,03301485,Cytoxan-Cyclophospha,BRAND,202612,2025-12-05,,0.0,0.0,,,0.0,,,,,,,,,,0.0,,,,,
4039,03301485,Cytoxan-Cyclophospha,BRAND,202612,2025-12-12,,0.0,0.0,,,0.0,,,,,,,,,,0.0,,,,,
4040,03301485,Cytoxan-Cyclophospha,BRAND,202612,2025-12-17,,0.0,0.0,,,0.0,,,,,,,,,,0.0,,,,,
4041,03301485,Cytoxan-Cyclophospha,BRAND,202612,2025-12-19,,0.0,0.0,,,0.0,,,,,,,,,,0.0,,,,,
4042,03301485,Cytoxan-Cyclophospha,BRAND,202612,2025-12-26,,0.0,0.0,,,0.0,,,,,,,,,,0.0,,,,,
4043,03301485,Cytoxan-Cyclophospha,BRAND,202612,2026-01-02,,0.0,0.0,,,0.0,,,,,,,,,,0.0,,,,,
4044,03301485,Cytoxan-Cyclophospha,BRAND,202612,2026-01-09,,0.0,0.0,,,0.0,,,,,,,,,,0.0,,,,,
4045,03301485,Cytoxan-Cyclophospha,BRAND,202612,2026-01-16,,0.0,0.0,,,0.0,,,,,,,,,,0.0,,,,,
4046,03301485,Cytoxan-Cyclophospha,BRAND,202612,2026-01-23,,0.0,0.0,,,0.0,,,,,,,,,,0.0,,,,,
4047,03301485,Cytoxan-Cyclophospha,BRAND,202612,2026-01-30,,0.0,0.0,,,0.0,,,,,,,,,,0.0,,,,,
4048,03301485,Cytoxan-Cyclophospha,BRAND,202612,2026-02-06,,0.0,0.0,,,0.0,,,,,,,,,,0.0,,,,,
4049,03301490,Taxol,BRAND,202612,2025-07-18,,0.0,0.0,,,100.0,,,,,,,,,0.0,0.0,0.0,,,,
4050,03301490,Taxol,BRAND,202612,2025-07-25,0.0,0.0,0.0,,,3.16,,,,,,,,,0.0,0.0,0.0,,,,
4051,03301490,Taxol,BRAND,202612,2025-08-01,0.0,0.0,0.0,,,3.16,,,,,,,,,0.0,0.0,0.0,,,,
4052,03301490,Taxol,BRAND,202612,2025-08-08,0.0,0.0,0.0,,,3.16,,,,,,,,,0.0,0.0,0.0,,,,
4053,03301490,Taxol,BRAND,202612,2025-08-15,0.0,0.0,0.0,,,3.23,,,,,,,,,0.0,0.0,0.0,,,,
4054,03301490,Taxol,BRAND,202612,2025-08-22,0.0,0.0,0.0,,,3.23,,,,,,,,,0.0,0.0,0.0,,,,
4055,03301490,Taxol,BRAND,202612,2025-08-26,,0.0,0.0,,,3.23,,,,,,,,,0.0,0.0,0.0,,,,
4056,03301490,Taxol,BRAND,202612,2025-08-29,0.0,0.0,0.0,,,3.23,,,,,,,,,0.0,0.0,0.0,,,,
4057,03301490,Taxol,BRAND,202612,2025-09-05,0.0,0.0,0.0,,,3.23,,,,,,,,,0.0,0.0,0.0,,,,
4058,03301490,Taxol,BRAND,202612,2025-09-12,0.0,0.0,0.0,,,3.23,,,,,,,,,0.0,0.0,0.0,,,,
4059,03301490,Taxol,BRAND,202612,2025-09-18,0.0,0.0,0.0,,,2.6,,,,,,,,,0.0,0.0,0.0,,,,
4060,03301490,Taxol,BRAND,202612,2025-09-19,0.0,0.0,0.0,,,2.6,,,,,,,,,0.0,0.0,0.0,,,,
4061,03301490,Taxol,BRAND,202612,2025-09-26,0.0,0.0,0.0,,,100.0,,,,,,,,,0.0,0.0,0.0,,,,
4062,03301490,Taxol,BRAND,202612,2025-10-03,0.0,0.0,0.0,,,3.36,,,,,,,,,0.0,0.0,0.0,,,,
4063,03301490,Taxol,BRAND,202612,2025-10-10,0.0,0.0,0.0,,,2.6,,,,,,,,,0.0,0.0,0.0,,,,
4064,03301490,Taxol,BRAND,202612,2025-10-17,0.0,0.0,0.0,,,2.6,,,,,,,,,0.0,0.0,0.0,,,,
4065,03301490,Taxol,BRAND,202612,2025-10-24,0.0,0.0,0.0,,,2.6,,,,,,,,,0.0,0.0,0.0,,,,
4066,03301490,Taxol,BRAND,202612,2025-10-31,0.0,0.0,0.0,,,2.6,,,,,,,,,0.0,0.0,0.0,,,,
4067,03301490,Taxol,BRAND,202612,2025-11-07,0.0,0.0,0.0,,,2.6,,,,,,,,,0.0,0.0,0.0,,,,
4068,03301490,Taxol,BRAND,202612,2025-11-14,0.0,0.0,0.0,,,0.66,,,,,,,,,0.0,0.0,0.0,,,,
4069,03301490,Taxol,BRAND,202612,2025-11-19,0.0,0.0,0.0,,,0.66,,,,,,,,,0.0,0.0,0.0,,,,
4070,03301490,Taxol,BRAND,202612,2025-11-21,0.0,0.0,0.0,,,0.66,,,,,,,,,0.0,0.0,0.0,,,,
4071,03301490,Taxol,BRAND,202612,2025-11-28,0.0,0.0,0.0,,,0.66,,,,,,,,,0.0,0.0,0.0,,,,
4072,03301490,Taxol,BRAND,202612,2025-12-05,0.0,0.0,0.0,,,0.66,,,,,,,,,0.0,0.0,0.0,,,,
4073,03301490,Taxol,BRAND,202612,2025-12-12,0.0,0.0,0.0,,,0.66,,,,,,,,,0.0,0.0,0.0,,,,
4074,03301490,Taxol,BRAND,202612,2025-12-17,0.0,0.0,0.0,,,0.66,,,,,,,,,0.0,0.0,0.0,,,,
4075,03301490,Taxol,BRAND,202612,2025-12-19,0.0,0.0,0.0,,,0.66,,,,,,,,,0.0,0.0,0.0,,,,
4076,03301490,Taxol,BRAND,202612,2025-12-26,0.0,0.0,0.0,,,0.66,,,,,,,,,0.0,0.0,0.0,,,,
4077,03301490,Taxol,BRAND,202612,2026-01-02,0.0,0.0,0.0,,100.0,0.8,100.0,100.0,100.0,100.0,100.0,0.0,100.0,-1,100.0,0.0,0.0,100.0,100.0,40.32,
4078,03301490,Taxol,BRAND,202612,2026-01-09,0.0,0.0,0.0,,,0.66,,,,,,,,,0.0,0.0,0.0,,,,
4079,03301490,Taxol,BRAND,202612,2026-01-16,0.0,0.0,0.0,,,0.66,,,,,,,,,0.0,0.0,0.0,,,,
4080,03301490,Taxol,BRAND,202612,2026-01-23,0.0,0.0,0.0,,100.0,0.66,100.0,100.0,100.0,100.0,100.0,0.0,100.0,-1,100.0,0.0,0.0,100.0,100.0,40.26,
4081,03301490,Taxol,BRAND,202612,2026-01-30,0.0,0.0,0.0,,,0.66,,,,,,,,,0.0,0.0,0.0,,,,
4082,03301490,Taxol,BRAND,202612,2026-02-06,,0.0,0.0,,,0.0,,,,,,,,,,0.0,,,,,
4083,03301495,UFT,BRAND,202612,2025-07-18,,0.0,0.0,,,100.0,,,,,,,,,0.0,0.0,0.0,,,,
4084,03301495,UFT,BRAND,202612,2025-07-25,,0.0,0.0,,,0.0,,,,,,,,,,0.0,,,,,
4085,03301495,UFT,BRAND,202612,2025-08-01,,0.0,0.0,,,0.0,,,,,,,,,,0.0,,,,,
4086,03301495,UFT,BRAND,202612,2025-08-08,,0.0,0.0,,,0.0,,,,,,,,,,0.0,,,,,
4087,03301495,UFT,BRAND,202612,2025-08-15,,0.0,0.0,,,0.0,,,,,,,,,,0.0,,,,,
4088,03301495,UFT,BRAND,202612,2025-08-22,,0.0,0.0,,,0.0,,,,,,,,,,0.0,,,,,
4089,03301495,UFT,BRAND,202612,2025-08-26,,0.0,0.0,,,0.0,,,,,,,,,,0.0,,,,,
4090,03301495,UFT,BRAND,202612,2025-08-29,,0.0,0.0,,,0.0,,,,,,,,,,0.0,,,,,
4091,03301495,UFT,BRAND,202612,2025-09-05,,0.0,0.0,,,0.0,,,,,,,,,,0.0,,,,,
4092,03301495,UFT,BRAND,202612,2025-09-12,,0.0,0.0,,,0.0,,,,,,,,,,0.0,,,,,
4093,03301495,UFT,BRAND,202612,2025-09-18,,0.0,0.0,,,0.0,,,,,,,,,,0.0,,,,,
4094,03301495,UFT,BRAND,202612,2025-09-19,,0.0,0.0,,,0.0,,,,,,,,,,0.0,,,,,
4095,03301495,UFT,BRAND,202612,2025-10-03,,0.0,0.0,,,0.0,,,,,,,,,,0.0,,,,,
4096,03301495,UFT,BRAND,202612,2025-10-10,,0.0,0.0,,,0.0,,,,,,,,,,0.0,,,,,
4097,03301495,UFT,BRAND,202612,2025-10-17,,0.0,0.0,,,0.0,,,,,,,,,,0.0,,,,,
4098,03301495,UFT,BRAND,202612,2025-10-24,,0.0,0.0,,,0.0,,,,,,,,,,0.0,,,,,
4099,03301495,UFT,BRAND,202612,2025-10-31,,0.0,0.0,,,0.0,,,,,,,,,,0.0,,,,,
4100,03301495,UFT,BRAND,202612,2025-11-07,,0.0,0.0,,,0.0,,,,,,,,,,0.0,,,,,
4101,03301495,UFT,BRAND,202612,2025-11-14,,0.0,0.0,,,0.0,,,,,,,,,,0.0,,,,,
4102,03301495,UFT,BRAND,202612,2025-11-19,,0.0,0.0,,,0.0,,,,,,,,,,0.0,,,,,
4103,03301495,UFT,BRAND,202612,2025-11-21,,0.0,0.0,,,0.0,,,,,,,,,,0.0,,,,,
4104,03301495,UFT,BRAND,202612,2025-11-28,,0.0,0.0,,,0.0,,,,,,,,,,0.0,,,,,
4105,03301495,UFT,BRAND,202612,2025-12-05,,0.0,0.0,,,0.0,,,,,,,,,,0.0,,,,,
4106,03301495,UFT,BRAND,202612,2025-12-12,,0.0,0.0,,,0.0,,,,,,,,,,0.0,,,,,
4107,03301495,UFT,BRAND,202612,2025-12-17,,0.0,0.0,,,0.0,,,,,,,,,,0.0,,,,,
4108,03301495,UFT,BRAND,202612,2025-12-19,,0.0,0.0,,,0.0,,,,,,,,,,0.0,,,,,
4109,03301495,UFT,BRAND,202612,2025-12-26,,0.0,0.0,,,0.0,,,,,,,,,,0.0,,,,,
4110,03301495,UFT,BRAND,202612,2026-01-02,,0.0,0.0,,,0.0,,,,,,,,,,0.0,,,,,
4111,03301495,UFT,BRAND,202612,2026-01-09,,0.0,0.0,,,0.0,,,,,,,,,,0.0,,,,,
4112,03301495,UFT,BRAND,202612,2026-01-16,,0.0,0.0,,,0.0,,,,,,,,,,0.0,,,,,
4113,03301495,UFT,BRAND,202612,2026-01-23,,0.0,0.0,,,0.0,,,,,,,,,,0.0,,,,,
4114,03301495,UFT,BRAND,202612,2026-01-30,,0.0,0.0,,,0.0,,,,,,,,,,0.0,,,,,
4115,03301495,UFT,BRAND,202612,2026-02-06,,0.0,0.0,,,0.0,,,,,,,,,,0.0,,,,,
4116,03301502,SPRYCEL (dasatinib),BRAND,202612,2025-07-18,,0.0,0.0,,,100.0,,,,,,,,,0.0,0.0,0.0,,,,
4117,03301502,SPRYCEL (dasatinib),BRAND,202612,2025-07-25,0.1,719354.46,16788.0,,2.33,85.75,100.0,20.16,75.98,89.65,60.92,100.0,0.0,1,15.86,0.14,0.0,75.98,100.0,65.14,
4118,03301502,SPRYCEL (dasatinib),BRAND,202612,2025-08-01,0.36,689138.34,58983.02,,8.56,85.75,100.0,17.18,60.6,76.8,47.8,100.0,0.0,1,20.72,0.23,0.0,60.6,100.0,59.29,
4119,03301502,SPRYCEL (dasatinib),BRAND,202612,2025-08-08,19.15,6791402.0,3168681.12,,46.66,85.68,100.0,20.97,36.86,47.85,33.68,100.0,0.0,1,53.73,0.54,0.0,36.86,100.0,50.8,
4120,03301502,SPRYCEL (dasatinib),BRAND,202612,2025-08-15,-14.75,6566567.14,-2913368.43,,44.37,85.62,100.0,21.73,43.38,54.69,34.63,100.0,0.0,1,33.07,0.31,0.0,43.38,100.0,52.65,
4121,03301502,SPRYCEL (dasatinib),BRAND,202612,2025-08-22,-0.25,1918811.65,-41318.42,,2.15,85.52,100.0,17.71,70.48,87.69,48.7,100.0,0.0,1,17.45,0.21,0.0,70.48,100.0,63.11,
4122,03301502,SPRYCEL (dasatinib),BRAND,202612,2025-08-26,,0.0,0.0,,,85.52,,,,,,,,,0.0,0.0,0.0,,,,
4123,03301502,SPRYCEL (dasatinib),BRAND,202612,2025-08-29,-1.72,807127.71,-283999.26,,35.19,82.44,65.4,14.1,51.42,70.75,36.01,100.0,0.0,1,20.49,0.2,0.0,33.63,100.0,54.21,
4124,03301502,SPRYCEL (dasatinib),BRAND,202612,2025-09-05,2.48,2721102.11,402341.89,,14.79,73.94,54.53,4.35,19.17,33.61,26.9,100.0,0.0,1,38.25,0.47,0.6,10.45,100.0,38.8,
4125,03301502,SPRYCEL (dasatinib),BRAND,202612,2025-09-12,-0.46,1412486.53,-76301.55,,5.4,77.03,69.35,23.56,55.59,73.34,33.9,100.0,0.0,1,14.04,0.18,0.88,38.56,100.0,53.66,
4126,03301502,SPRYCEL (dasatinib),BRAND,202612,2025-09-18,3.32,4069733.08,545014.56,,13.39,71.46,48.52,8.18,23.23,35.56,25.64,100.0,0.0,1,50.63,0.63,0.31,11.27,100.0,39.98,
4127,03301502,SPRYCEL (dasatinib),BRAND,202612,2025-09-19,2.73,1686423.53,449115.94,,26.63,72.81,24.08,16.74,49.85,71.72,39.58,100.0,0.0,1,18.83,0.47,1.54,12.01,100.0,50.65,
4128,03301502,SPRYCEL (dasatinib),BRAND,202612,2025-09-26,0.08,1213283.63,12687.31,,1.05,91.93,80.66,11.46,35.84,58.38,34.95,100.0,0.0,1,17.87,0.33,0.31,28.91,100.0,52.22,
4129,03301502,SPRYCEL (dasatinib),BRAND,202612,2025-10-03,2.43,2397797.27,407568.41,,17.0,76.81,71.36,12.44,36.75,55.21,37.97,100.0,0.0,1,41.82,0.51,2.2,26.22,100.0,47.13,
4130,03301502,SPRYCEL (dasatinib),BRAND,202612,2025-10-10,0.0,0.0,0.0,,,79.82,,,,,,,,,0.0,0.0,0.0,,,,
4131,03301502,SPRYCEL (dasatinib),BRAND,202612,2025-10-17,1.73,3309322.5,291204.34,,8.8,75.28,65.55,6.59,22.69,36.62,39.52,100.0,0.0,1,50.3,0.48,0.0,14.87,100.0,40.79,
4132,03301502,SPRYCEL (dasatinib),BRAND,202612,2025-10-24,23.18,7983466.33,3977238.23,,49.82,66.67,56.82,19.17,47.63,59.72,78.09,100.0,0.0,1,28.23,0.52,2.72,27.07,100.0,47.44,
4133,03301502,SPRYCEL (dasatinib),BRAND,202612,2025-10-31,0.39,998447.5,81888.67,,8.2,77.43,46.43,10.9,48.31,70.88,33.2,100.0,0.0,1,22.45,0.37,0.58,22.43,100.0,51.51,
4134,03301502,SPRYCEL (dasatinib),BRAND,202612,2025-11-07,-17.95,8023267.25,-3817371.88,,47.58,69.07,26.2,19.08,45.42,58.8,75.12,100.0,0.0,1,45.75,0.57,1.63,11.9,100.0,47.68,
4135,03301502,SPRYCEL (dasatinib),BRAND,202612,2025-11-14,0.58,1564250.69,100668.15,,6.44,75.96,65.63,15.25,43.76,71.27,36.54,100.0,0.0,1,13.13,0.25,0.9,28.72,100.0,48.73,
4136,03301502,SPRYCEL (dasatinib),BRAND,202612,2025-11-19,2.0,3298045.67,342044.27,,10.37,74.55,65.69,7.86,24.84,38.63,33.62,100.0,0.0,1,50.61,0.66,1.22,16.31,100.0,41.95,
4137,03301502,SPRYCEL (dasatinib),BRAND,202612,2025-11-21,-0.34,949543.75,-59110.66,,6.23,76.14,52.07,31.01,74.53,89.07,56.57,100.0,0.0,1,14.33,0.32,2.69,38.81,100.0,61.33,
4138,03301502,SPRYCEL (dasatinib),BRAND,202612,2025-11-28,-3.23,1676909.93,-564396.15,,33.66,80.68,47.88,14.21,42.87,63.83,28.72,100.0,0.0,1,22.82,0.28,1.13,20.53,100.0,50.37,
4139,03301502,SPRYCEL (dasatinib),BRAND,202612,2025-12-05,0.94,1236163.87,158545.33,,12.83,77.4,73.8,9.92,31.04,49.73,28.16,100.0,0.0,1,35.1,0.44,1.47,22.91,100.0,44.84,
4140,03301502,SPRYCEL (dasatinib),BRAND,202612,2025-12-12,-0.35,864886.88,-59015.59,,6.82,78.54,65.88,14.29,55.74,84.47,38.96,100.0,0.0,1,8.72,0.15,0.87,36.72,100.0,54.21,
4141,03301502,SPRYCEL (dasatinib),BRAND,202612,2025-12-17,-2.52,3223785.8,-438862.39,,13.61,78.08,62.47,7.39,24.97,39.99,31.25,100.0,0.0,1,47.95,0.55,0.88,15.6,100.0,43.05,
4142,03301502,SPRYCEL (dasatinib),BRAND,202612,2025-12-19,-0.91,948869.93,-154649.95,,16.3,75.34,63.52,11.63,43.12,69.59,35.93,100.0,0.0,1,13.03,0.24,2.42,27.39,100.0,48.18,
4143,03301502,SPRYCEL (dasatinib),BRAND,202612,2025-12-26,-0.82,996079.76,-138985.29,,13.95,83.98,98.37,29.94,77.66,94.67,50.98,100.0,0.0,1,11.44,0.12,0.27,76.4,100.0,65.05,
4144,03301502,SPRYCEL (dasatinib),BRAND,202612,2026-01-02,45.11,8470876.09,7543227.63,,89.05,79.86,93.72,15.39,40.95,55.96,45.62,3.71,93.85,-1,42.69,0.38,0.57,38.38,90.15,49.59,
4145,03301502,SPRYCEL (dasatinib),BRAND,202612,2026-01-09,1.72,1437218.61,417009.82,,29.02,77.06,92.92,40.85,71.18,87.35,51.6,100.0,0.0,1,12.2,0.17,0.89,66.14,100.0,59.86,
4146,03301502,SPRYCEL (dasatinib),BRAND,202612,2026-01-16,-0.57,944101.33,-141283.41,,14.96,80.32,36.81,17.01,56.91,77.44,26.15,100.0,0.0,1,13.54,0.17,0.86,20.95,100.0,55.46,
4147,03301502,SPRYCEL (dasatinib),BRAND,202612,2026-01-23,33.56,9097074.02,5669466.72,,62.32,75.0,83.14,20.32,42.64,56.24,43.39,-18.82,128.59,0,39.51,0.59,1.23,35.45,147.41,49.01,
4148,03301502,SPRYCEL (dasatinib),BRAND,202612,2026-01-30,-11.01,5102239.9,-2687289.85,,52.67,71.93,32.35,20.13,54.48,70.09,58.56,100.0,0.0,1,20.65,0.44,0.65,17.62,100.0,52.03,
4149,03301502,SPRYCEL (dasatinib),BRAND,202612,2026-02-06,4.8,3840445.48,1042768.62,,27.15,71.1,44.12,6.34,27.45,44.05,30.99,100.0,0.0,1,41.31,0.56,0.0,12.11,100.0,41.28,
4150,03301503,Ipilimumab (Yervoy),BRAND,202612,2025-07-18,,0.0,0.0,,,100.0,,,,,,,,,0.0,0.0,0.0,,,,
4151,03301503,Ipilimumab (Yervoy),BRAND,202612,2025-07-25,26.72,27830379.44,24096115.45,,86.58,77.31,100.0,64.15,93.17,96.9,68.07,100.0,0.0,1,25.93,0.2,0.0,93.17,100.0,68.87,
4152,03301503,Ipilimumab (Yervoy),BRAND,202612,2025-08-01,2.51,7372119.53,2873961.28,,38.98,77.31,100.0,25.03,67.97,84.16,29.08,100.0,0.0,1,23.36,0.24,0.0,67.97,100.0,58.9,
4153,03301503,Ipilimumab (Yervoy),BRAND,202612,2025-08-08,24.01,36985011.93,28107843.5,,76.0,77.36,100.0,12.52,42.14,59.78,56.31,100.0,0.0,1,48.3,0.45,0.0,42.14,100.0,49.29,
4154,03301503,Ipilimumab (Yervoy),BRAND,202612,2025-08-15,-19.02,31722868.79,-28159045.14,,88.77,77.63,100.0,14.4,43.4,62.49,47.12,100.0,0.0,1,33.05,0.33,0.0,43.4,100.0,49.5,
4155,03301503,Ipilimumab (Yervoy),BRAND,202612,2025-08-22,4.66,30358362.01,5117541.87,,16.86,77.53,100.0,31.42,67.93,85.3,44.34,100.0,0.0,1,20.74,0.24,0.0,67.93,100.0,58.99,
4156,03301503,Ipilimumab (Yervoy),BRAND,202612,2025-08-26,,0.0,0.0,,,77.53,,,,,,,,,0.0,0.0,0.0,,,,
4157,03301503,Ipilimumab (Yervoy),BRAND,202612,2025-08-29,-9.07,28531643.68,-10441528.33,,36.6,73.63,19.02,34.06,69.13,84.88,34.29,100.0,0.0,1,25.07,0.22,0.0,13.15,100.0,57.85,
4158,03301503,Ipilimumab (Yervoy),BRAND,202612,2025-09-05,3.26,8713104.05,3408389.3,,39.12,70.46,70.55,13.1,39.48,56.28,27.73,100.0,0.0,1,32.92,0.36,0.93,27.85,100.0,45.18,
4159,03301503,Ipilimumab (Yervoy),BRAND,202612,2025-09-12,0.44,9962061.44,479418.73,,4.81,71.71,68.38,13.15,48.81,71.23,27.43,100.0,0.0,1,20.8,0.27,0.31,33.38,100.0,49.09,
4160,03301503,Ipilimumab (Yervoy),BRAND,202612,2025-09-18,6.98,32159110.2,7273129.42,,22.62,66.52,50.5,24.77,46.35,64.06,55.86,100.0,0.0,1,50.66,0.62,2.96,23.4,100.0,47.22,
4161,03301503,Ipilimumab (Yervoy),BRAND,202612,2025-09-19,-1.59,17560250.63,-1728762.57,,9.84,63.89,59.49,21.89,61.03,76.66,57.51,100.0,0.0,1,22.6,0.48,0.68,36.3,100.0,51.56,
4162,03301503,Ipilimumab (Yervoy),BRAND,202612,2025-09-26,-3.62,15957651.75,-3856078.81,,24.16,90.71,90.42,26.38,62.98,84.07,51.63,100.0,0.0,1,30.03,0.46,1.71,56.95,100.0,63.02,
4163,03301503,Ipilimumab (Yervoy),BRAND,202612,2025-10-03,1.67,15634689.56,1712153.9,,10.95,68.6,42.04,14.71,45.46,65.78,38.96,100.0,0.0,1,33.77,0.44,1.95,19.11,100.0,47.1,
4164,03301503,Ipilimumab (Yervoy),BRAND,202612,2025-10-10,0.0,0.0,0.0,,,71.81,,,,,,,,,0.0,0.0,0.0,,,,
4165,03301503,Ipilimumab (Yervoy),BRAND,202612,2025-10-17,-11.75,32652672.59,-13097767.95,,40.11,69.7,70.85,18.4,39.49,59.11,33.43,100.0,0.0,1,47.83,0.42,0.0,27.97,100.0,45.08,
4166,03301503,Ipilimumab (Yervoy),BRAND,202612,2025-10-24,-4.74,39760970.93,-4954413.91,,12.46,59.74,46.53,15.45,46.91,64.82,32.3,99.21,0.78,1,33.33,0.55,1.45,21.83,98.43,44.49,
4167,03301503,Ipilimumab (Yervoy),BRAND,202612,2025-10-31,-20.99,31723767.42,-21717684.97,,68.46,63.42,29.71,10.21,43.72,73.37,48.14,100.0,0.0,1,24.57,0.41,1.02,12.99,100.0,44.23,
4168,03301503,Ipilimumab (Yervoy),BRAND,202612,2025-11-07,27.92,50435289.99,22827386.01,,45.26,67.03,76.68,12.38,38.84,59.43,33.76,99.85,0.17,1,46.93,0.53,0.32,29.78,99.68,44.13,
4169,03301503,Ipilimumab (Yervoy),BRAND,202612,2025-11-14,-6.4,11731422.54,-6689128.24,,57.02,65.38,40.33,14.75,54.52,77.97,32.39,100.0,0.0,1,17.11,0.29,0.33,21.99,100.0,48.91,
4170,03301503,Ipilimumab (Yervoy),BRAND,202612,2025-11-19,-9.1,57582643.51,-9299316.21,,16.15,62.42,57.74,12.27,37.27,52.57,40.2,100.0,0.0,1,51.9,0.67,1.73,21.52,100.0,42.12,
4171,03301503,Ipilimumab (Yervoy),BRAND,202612,2025-11-21,-4.56,27115604.68,-4461866.37,,16.45,58.37,27.92,16.0,46.84,67.9,35.72,100.0,0.0,1,24.63,0.48,1.84,13.08,100.0,43.68,
4172,03301503,Ipilimumab (Yervoy),BRAND,202612,2025-11-28,-1.53,29217821.63,-1500684.29,,5.14,67.67,36.49,19.48,61.56,75.78,37.01,100.0,0.0,1,29.62,0.38,0.32,22.46,100.0,52.96,
4173,03301503,Ipilimumab (Yervoy),BRAND,202612,2025-12-05,-3.12,24979016.11,-2865263.41,,11.47,61.96,62.4,10.91,49.53,71.5,49.09,100.0,0.0,1,40.7,0.54,0.7,30.9,100.0,46.38,
4174,03301503,Ipilimumab (Yervoy),BRAND,202612,2025-12-12,10.14,25540850.22,9029110.53,,35.35,70.31,71.72,16.79,47.21,70.25,46.31,100.0,0.0,1,22.36,0.31,0.62,33.86,100.0,48.03,
4175,03301503,Ipilimumab (Yervoy),BRAND,202612,2025-12-17,10.19,40837882.03,9467868.95,,23.18,62.17,63.46,7.77,32.08,49.27,47.76,100.0,0.0,1,55.94,0.67,0.7,20.36,100.0,39.94,
4176,03301503,Ipilimumab (Yervoy),BRAND,202612,2025-12-19,-0.39,30079281.0,-387243.52,,1.29,59.13,40.39,10.54,41.46,57.81,36.17,100.0,0.0,1,22.43,0.46,0.74,16.75,100.0,41.78,
4177,03301503,Ipilimumab (Yervoy),BRAND,202612,2025-12-26,6.74,7801708.31,6587953.73,,84.44,66.52,33.9,13.37,41.62,56.52,18.09,100.0,0.0,1,15.03,0.3,0.0,14.11,100.0,44.25,
4178,03301503,Ipilimumab (Yervoy),BRAND,202612,2026-01-02,-4.25,15745788.53,-4431604.72,,28.14,71.24,63.68,16.42,43.89,53.8,31.62,-7.48,106.08,0,59.63,0.34,0.31,27.95,113.56,47.17,
4179,03301503,Ipilimumab (Yervoy),BRAND,202612,2026-01-09,-4.64,13275046.53,-5001314.35,,37.67,71.71,55.4,8.42,36.56,61.18,28.8,100.0,0.0,1,14.46,0.24,0.0,20.25,100.0,44.11,
4180,03301503,Ipilimumab (Yervoy),BRAND,202612,2026-01-16,-0.6,18506323.73,-612901.35,,3.31,67.96,55.09,15.61,37.83,55.02,23.34,100.0,0.0,1,33.86,0.4,0.0,20.84,100.0,43.66,
4181,03301503,Ipilimumab (Yervoy),BRAND,202612,2026-01-23,-15.19,51420476.23,-15546833.41,,30.23,57.87,55.46,6.36,25.3,43.43,50.64,74.9,30.03,1,41.54,0.76,2.21,14.03,44.87,35.81,
4182,03301503,Ipilimumab (Yervoy),BRAND,202612,2026-01-30,-13.4,59501493.9,-13691651.28,,23.01,57.85,56.18,6.27,28.37,49.53,32.47,100.0,0.0,1,26.39,0.6,1.49,15.94,100.0,36.5,
4183,03301503,Ipilimumab (Yervoy),BRAND,202612,2026-02-06,13.99,30847205.08,12384635.49,,40.15,65.11,48.8,10.49,32.77,47.08,20.4,100.0,0.0,1,47.06,0.58,0.0,15.99,100.0,41.08,
4184,03301506,Nivolumab (Opdivo),BRAND,202612,2025-07-18,,0.0,0.0,,,100.0,,,,,,,,,0.0,0.0,0.0,,,,
4185,03301506,Nivolumab (Opdivo),BRAND,202612,2025-07-25,-2.06,54316617.16,-9944623.48,,18.31,65.71,100.0,11.41,36.97,56.5,31.32,100.0,0.0,1,23.56,0.16,0.0,36.97,100.0,41.6,
4186,03301506,Nivolumab (Opdivo),BRAND,202612,2025-08-01,0.51,28069383.45,2400684.9,,8.55,66.26,100.0,11.81,39.85,55.56,35.98,100.0,0.0,1,25.52,0.21,0.0,39.85,100.0,43.13,
4187,03301506,Nivolumab (Opdivo),BRAND,202612,2025-08-08,11.02,186254661.71,52420439.88,,28.14,65.46,100.0,33.74,66.84,75.66,34.79,100.0,0.0,1,41.26,0.35,0.0,66.84,100.0,54.08,
4188,03301506,Nivolumab (Opdivo),BRAND,202612,2025-08-15,-7.51,212922860.89,-40109768.99,,18.84,65.37,100.0,29.51,65.68,74.72,30.05,100.0,0.0,1,36.22,0.29,0.0,65.68,100.0,53.4,
4189,03301506,Nivolumab (Opdivo),BRAND,202612,2025-08-22,-2.14,34451666.29,-10568055.37,,30.68,65.59,100.0,9.03,35.52,56.62,34.25,100.0,0.0,1,27.9,0.26,0.0,35.52,100.0,41.33,
4190,03301506,Nivolumab (Opdivo),BRAND,202612,2025-08-26,,0.0,0.0,,,65.47,,,,,,,,,0.0,0.0,0.0,,,,
4191,03301506,Nivolumab (Opdivo),BRAND,202612,2025-08-29,0.3,22999481.16,1440170.42,,6.26,63.38,72.47,14.19,44.22,61.41,44.19,100.0,0.0,1,24.8,0.18,0.0,32.05,100.0,43.65,
4192,03301506,Nivolumab (Opdivo),BRAND,202612,2025-09-05,0.2,38002674.44,991709.79,,2.61,60.19,58.86,8.85,32.49,46.63,52.05,100.0,0.0,1,29.49,0.28,1.09,19.12,100.0,38.02,
4193,03301506,Nivolumab (Opdivo),BRAND,202612,2025-09-12,0.42,34275290.78,2055472.54,,6.0,59.74,73.78,9.81,34.86,50.87,42.0,100.0,0.0,1,20.32,0.23,0.73,25.72,100.0,38.59,
4194,03301506,Nivolumab (Opdivo),BRAND,202612,2025-09-18,0.58,53166858.54,2834414.9,,5.33,56.71,64.55,6.19,21.54,34.49,31.08,100.0,0.0,1,44.86,0.5,1.67,13.9,100.0,32.96,
4195,03301506,Nivolumab (Opdivo),BRAND,202612,2025-09-19,-0.18,53237120.05,-859372.34,,1.61,54.15,49.77,10.41,39.41,55.08,37.93,100.0,0.0,1,24.6,0.43,1.75,19.61,100.0,38.84,
4196,03301506,Nivolumab (Opdivo),BRAND,202612,2025-09-26,-3.93,53948921.85,-18739449.2,,34.74,83.68,24.49,26.04,63.23,76.1,26.68,100.0,0.0,1,30.01,0.5,1.11,15.49,100.0,60.43,
4197,03301506,Nivolumab (Opdivo),BRAND,202612,2025-10-03,-0.33,41906155.4,-1525770.1,,3.64,60.12,68.54,12.33,38.46,56.53,33.26,100.0,0.0,1,37.21,0.39,1.96,26.36,100.0,40.73,
4198,03301506,Nivolumab (Opdivo),BRAND,202612,2025-10-10,0.0,0.0,0.0,,,60.19,,,,,,,,,0.0,0.0,0.0,,,,
4199,03301506,Nivolumab (Opdivo),BRAND,202612,2025-10-17,-5.41,75818305.27,-26199853.19,,34.56,58.28,65.17,18.53,45.65,57.94,30.86,100.0,0.0,1,56.06,0.4,0.0,29.75,100.0,42.91,
4200,03301506,Nivolumab (Opdivo),BRAND,202612,2025-10-24,-0.8,62133608.88,-3710660.51,,5.97,52.67,55.71,7.09,31.01,45.92,37.71,98.88,1.37,1,45.2,0.56,3.48,17.27,97.5,35.35,
4201,03301506,Nivolumab (Opdivo),BRAND,202612,2025-10-31,0.82,54657890.3,3769201.32,,6.9,56.51,54.41,18.34,39.26,51.54,23.21,100.0,0.0,1,39.2,0.47,2.2,21.36,100.0,39.87,
4202,03301506,Nivolumab (Opdivo),BRAND,202612,2025-11-07,2.67,45025075.11,12338491.55,,27.4,54.64,66.54,9.62,29.35,43.2,33.02,99.69,0.34,1,43.72,0.51,2.27,19.53,99.35,35.29,
4203,03301506,Nivolumab (Opdivo),BRAND,202612,2025-11-14,-1.25,51055352.04,-5933794.82,,11.62,55.49,47.28,11.1,48.49,68.35,46.16,100.0,0.0,1,28.23,0.36,1.72,22.93,100.0,42.79,
4204,03301506,Nivolumab (Opdivo),BRAND,202612,2025-11-19,1.86,75411204.3,8539710.58,,11.32,54.83,56.39,12.42,30.19,41.85,37.63,100.0,0.0,1,58.88,0.67,3.2,17.02,100.0,36.25,
4205,03301506,Nivolumab (Opdivo),BRAND,202612,2025-11-21,1.11,30773387.5,5213896.54,,16.94,51.79,46.17,18.44,45.25,64.68,40.67,100.0,0.0,1,24.75,0.42,3.96,20.89,100.0,40.21,
4206,03301506,Nivolumab (Opdivo),BRAND,202612,2025-11-28,0.44,21849153.7,2067127.12,,9.46,59.68,87.2,12.35,35.88,52.62,40.46,100.0,0.0,1,35.75,0.45,1.23,31.28,100.0,39.71,
4207,03301506,Nivolumab (Opdivo),BRAND,202612,2025-12-05,-1.49,32492717.86,-7061031.14,,21.73,55.91,78.98,15.5,36.54,50.57,27.12,100.0,0.0,1,39.1,0.51,1.98,28.86,100.0,38.69,
4208,03301506,Nivolumab (Opdivo),BRAND,202612,2025-12-12,1.88,56413627.79,8795701.91,,15.59,54.52,62.27,5.34,23.66,35.66,27.29,100.0,0.0,1,36.12,0.52,1.35,14.74,100.0,33.0,
4209,03301506,Nivolumab (Opdivo),BRAND,202612,2025-12-17,2.71,91452985.28,12655658.1,,13.84,50.33,50.13,7.55,29.14,43.21,38.3,100.0,0.0,1,56.25,0.84,1.74,14.61,100.0,34.6,
4210,03301506,Nivolumab (Opdivo),BRAND,202612,2025-12-19,1.15,59096912.11,5536055.45,,9.37,50.51,46.4,11.68,29.17,45.81,32.81,100.0,0.0,1,28.88,0.62,3.63,13.53,100.0,33.92,
4211,03301506,Nivolumab (Opdivo),BRAND,202612,2025-12-26,0.86,30274280.9,4168606.82,,13.77,58.75,50.64,9.63,29.55,46.02,38.24,100.0,0.0,1,22.53,0.35,0.88,14.97,100.0,36.49,
4212,03301506,Nivolumab (Opdivo),BRAND,202612,2026-01-02,2.42,50232702.9,11892396.1,,23.67,60.74,86.39,5.17,23.67,37.14,23.24,30.39,91.25,0,58.11,0.36,0.73,20.45,60.86,34.95,
4213,03301506,Nivolumab (Opdivo),BRAND,202612,2026-01-09,-0.67,33026338.98,-3368260.76,,10.2,61.78,70.31,14.14,39.02,57.09,35.69,100.0,0.0,1,22.33,0.27,0.59,27.44,100.0,41.22,
4214,03301506,Nivolumab (Opdivo),BRAND,202612,2026-01-16,-6.61,82174221.74,-32429936.61,,39.46,56.86,58.55,17.95,40.69,56.58,30.85,100.0,0.0,1,34.96,0.37,0.27,23.83,100.0,40.27,
4215,03301506,Nivolumab (Opdivo),BRAND,202612,2026-01-23,-3.85,131712004.01,-18305917.92,,13.9,50.11,57.42,9.91,26.8,40.35,28.49,159.89,-53.75,1,46.79,0.69,1.99,15.39,213.64,33.06,
4216,03301506,Nivolumab (Opdivo),BRAND,202612,2026-01-30,-1.25,65960861.76,-5766554.72,,8.74,49.69,57.5,12.13,32.03,51.13,42.44,100.0,0.0,1,27.51,0.5,1.39,18.42,100.0,34.34,
4217,03301506,Nivolumab (Opdivo),BRAND,202612,2026-02-06,0.12,59599815.34,539712.54,,0.91,54.18,52.34,6.52,22.35,34.54,33.56,100.0,0.0,1,40.88,0.5,0.0,11.7,100.0,32.27,
4218,03301507,Anti PDL1,BRAND,202612,2025-07-18,,0.0,0.0,,,100.0,,,,,,,,,0.0,0.0,0.0,,,,
4219,03301507,Anti PDL1,BRAND,202612,2025-07-25,0.0,0.0,0.0,,,66.67,,,,,,,,,0.0,0.0,0.0,,,,
4220,03301507,Anti PDL1,BRAND,202612,2025-08-01,0.0,0.0,0.0,,,66.67,,,,,,,,,0.0,0.0,0.0,,,,
4221,03301507,Anti PDL1,BRAND,202612,2025-08-08,0.0,0.0,0.0,,,66.67,,,,,,,,,0.0,0.0,0.0,,,,
4222,03301507,Anti PDL1,BRAND,202612,2025-08-15,0.0,0.0,0.0,,,66.67,,,,,,,,,0.0,0.0,0.0,,,,
4223,03301507,Anti PDL1,BRAND,202612,2025-08-22,0.0,0.0,0.0,,,66.67,,,,,,,,,0.0,0.0,0.0,,,,
4224,03301507,Anti PDL1,BRAND,202612,2025-08-26,,0.0,0.0,,,66.67,,,,,,,,,0.0,0.0,0.0,,,,
4225,03301507,Anti PDL1,BRAND,202612,2025-08-29,0.0,0.0,0.0,,,66.67,,,,,,,,,0.0,0.0,0.0,,,,
4226,03301507,Anti PDL1,BRAND,202612,2025-09-05,0.0,0.0,0.0,,,66.67,,,,,,,,,0.0,0.0,0.0,,,,
4227,03301507,Anti PDL1,BRAND,202612,2025-09-12,0.0,0.0,0.0,,,66.67,,,,,,,,,0.0,0.0,0.0,,,,
4228,03301507,Anti PDL1,BRAND,202612,2025-09-18,0.0,0.0,0.0,,,66.67,,,,,,,,,0.0,0.0,0.0,,,,
4229,03301507,Anti PDL1,BRAND,202612,2025-09-19,0.0,0.0,0.0,,,66.67,,,,,,,,,0.0,0.0,0.0,,,,
4230,03301507,Anti PDL1,BRAND,202612,2025-09-26,0.0,0.0,0.0,,,100.0,,,,,,,,,0.0,0.0,0.0,,,,
4231,03301507,Anti PDL1,BRAND,202612,2025-10-03,0.0,0.0,0.0,,,100.0,,,,,,,,,0.0,0.0,0.0,,,,
4232,03301507,Anti PDL1,BRAND,202612,2025-10-10,0.0,0.0,0.0,,,66.67,,,,,,,,,0.0,0.0,0.0,,,,
4233,03301507,Anti PDL1,BRAND,202612,2025-10-17,0.0,0.0,0.0,,,66.67,,,,,,,,,0.0,0.0,0.0,,,,
4234,03301507,Anti PDL1,BRAND,202612,2025-10-24,0.0,0.0,0.0,,,66.67,,,,,,,,,0.0,0.0,0.0,,,,
4235,03301507,Anti PDL1,BRAND,202612,2025-10-31,0.0,0.0,0.0,,,66.67,,,,,,,,,0.0,0.0,0.0,,,,
4236,03301507,Anti PDL1,BRAND,202612,2025-11-07,0.0,0.0,0.0,,,66.67,,,,,,,,,0.0,0.0,0.0,,,,
4237,03301507,Anti PDL1,BRAND,202612,2025-11-14,0.0,0.0,0.0,,,66.67,,,,,,,,,0.0,0.0,0.0,,,,
4238,03301507,Anti PDL1,BRAND,202612,2025-11-19,0.0,0.0,0.0,,,66.67,,,,,,,,,0.0,0.0,0.0,,,,
4239,03301507,Anti PDL1,BRAND,202612,2025-11-21,0.0,0.0,0.0,,,66.67,,,,,,,,,0.0,0.0,0.0,,,,
4240,03301507,Anti PDL1,BRAND,202612,2025-11-28,0.0,0.0,0.0,,,66.67,,,,,,,,,0.0,0.0,0.0,,,,
4241,03301507,Anti PDL1,BRAND,202612,2025-12-05,0.0,0.0,0.0,,,100.0,,,,,,,,,0.0,0.0,0.0,,,,
4242,03301507,Anti PDL1,BRAND,202612,2025-12-12,0.0,0.0,0.0,,,100.0,,,,,,,,,0.0,0.0,0.0,,,,
4243,03301507,Anti PDL1,BRAND,202612,2025-12-17,0.0,0.0,0.0,,,100.0,,,,,,,,,0.0,0.0,0.0,,,,
4244,03301507,Anti PDL1,BRAND,202612,2025-12-19,0.0,0.0,0.0,,,100.0,,,,,,,,,0.0,0.0,0.0,,,,
4245,03301507,Anti PDL1,BRAND,202612,2025-12-26,0.0,0.0,0.0,,,100.0,,,,,,,,,0.0,0.0,0.0,,,,
4246,03301507,Anti PDL1,BRAND,202612,2026-01-02,0.0,0.0,0.0,,,100.0,,,,,,,,,0.0,0.0,0.0,,,,
4247,03301507,Anti PDL1,BRAND,202612,2026-01-09,0.0,0.0,0.0,,,100.0,,,,,,,,,0.0,0.0,0.0,,,,
4248,03301507,Anti PDL1,BRAND,202612,2026-01-16,0.0,0.0,0.0,,,100.0,,,,,,,,,0.0,0.0,0.0,,,,
4249,03301507,Anti PDL1,BRAND,202612,2026-01-23,0.0,0.0,0.0,,,100.0,,,,,,,,,0.0,0.0,0.0,,,,
4250,03301507,Anti PDL1,BRAND,202612,2026-01-30,0.0,0.0,0.0,,,100.0,,,,,,,,,0.0,0.0,0.0,,,,
4251,03301507,Anti PDL1,BRAND,202612,2026-02-06,0.0,0.0,0.0,,,100.0,,,,,,,,,0.0,0.0,0.0,,,,
4252,03301509,Opdivo/Yervoy FDC,BRAND,202612,2025-07-18,,0.0,0.0,,,100.0,,,,,,,,,0.0,0.0,0.0,,,,
4253,03301509,Opdivo/Yervoy FDC,BRAND,202612,2025-07-25,0.0,0.24,0.24,,100.0,100.0,100.0,100.0,100.0,100.0,100.0,100.0,0.0,1,100.0,1.0,0.0,100.0,100.0,83.33,
4254,03301509,Opdivo/Yervoy FDC,BRAND,202612,2025-08-01,0.0,0.0,0.0,,,100.0,,,,,,,,,0.0,0.0,0.0,,,,
4255,03301509,Opdivo/Yervoy FDC,BRAND,202612,2025-08-08,-0.0,0.19,-0.19,,100.0,100.0,100.0,100.0,100.0,100.0,100.0,100.0,0.0,1,100.0,1.0,0.0,100.0,100.0,83.33,
4256,03301509,Opdivo/Yervoy FDC,BRAND,202612,2025-08-15,0.0,0.43,0.43,,100.0,100.0,100.0,100.0,100.0,100.0,100.0,100.0,0.0,1,100.0,1.0,0.0,100.0,100.0,83.33,
4257,03301509,Opdivo/Yervoy FDC,BRAND,202612,2025-08-22,0.0,0.02,0.02,,100.0,100.0,100.0,100.0,100.0,100.0,100.0,100.0,0.0,1,100.0,2.0,0.0,100.0,100.0,86.67,
4258,03301509,Opdivo/Yervoy FDC,BRAND,202612,2025-08-26,,0.0,0.0,,,100.0,,,,,,,,,0.0,0.0,0.0,,,,
4259,03301509,Opdivo/Yervoy FDC,BRAND,202612,2025-08-29,0.0,0.43,0.43,,100.0,100.0,100.0,100.0,100.0,100.0,100.0,100.0,0.0,1,100.0,1.0,0.0,100.0,100.0,83.33,
4260,03301509,Opdivo/Yervoy FDC,BRAND,202612,2025-09-05,0.0,0.0,0.0,,,100.0,,,,,,,,,0.0,0.0,0.0,,,,
4261,03301509,Opdivo/Yervoy FDC,BRAND,202612,2025-09-12,0.0,0.0,0.0,,,100.0,,,,,,,,,0.0,0.0,0.0,,,,
4262,03301509,Opdivo/Yervoy FDC,BRAND,202612,2025-09-18,0.0,0.22,0.22,,100.0,100.0,100.0,100.0,100.0,100.0,100.0,100.0,0.0,1,100.0,1.0,0.0,100.0,100.0,83.33,
4263,03301509,Opdivo/Yervoy FDC,BRAND,202612,2025-09-19,0.0,0.0,0.0,,,100.0,,,,,,,,,0.0,0.0,0.0,,,,
4264,03301509,Opdivo/Yervoy FDC,BRAND,202612,2025-09-26,0.0,0.0,0.0,,,100.0,,,,,,,,,0.0,0.0,0.0,,,,
4265,03301509,Opdivo/Yervoy FDC,BRAND,202612,2025-10-03,-10.14,7798.59,-7798.59,,100.0,100.0,100.0,100.0,100.0,100.0,100.0,100.0,0.0,1,100.0,1.0,0.0,100.0,100.0,83.33,
4266,03301509,Opdivo/Yervoy FDC,BRAND,202612,2025-10-10,0.0,0.0,0.0,,,0.0,,,,,,,,,,0.0,,,,,
4267,03301509,Opdivo/Yervoy FDC,BRAND,202612,2025-10-17,-18.02,13857.7,-13857.7,,100.0,100.0,100.0,100.0,100.0,100.0,100.0,100.0,0.0,1,100.0,1.0,0.0,100.0,100.0,83.33,
4268,03301509,Opdivo/Yervoy FDC,BRAND,202612,2025-10-24,-8.79,6071.97,-6071.97,,100.0,0.0,0.0,100.0,100.0,100.0,100.0,100.0,0.0,1,,2.0,,0.0,100.0,46.67,
4269,03301509,Opdivo/Yervoy FDC,BRAND,202612,2025-10-31,24.53,15457.8,15457.8,,100.0,0.0,0.0,100.0,100.0,100.0,100.0,100.0,0.0,1,,1.0,,0.0,100.0,43.33,
4270,03301509,Opdivo/Yervoy FDC,BRAND,202612,2025-11-07,2.48,1944.3,1944.3,,100.0,0.0,0.0,100.0,100.0,100.0,100.0,100.0,0.0,1,,2.0,,0.0,100.0,46.67,
4271,03301509,Opdivo/Yervoy FDC,BRAND,202612,2025-11-14,-11.04,8878.32,-8878.32,,100.0,100.0,100.0,100.0,100.0,100.0,100.0,100.0,0.0,1,100.0,1.0,0.0,100.0,100.0,83.33,
4272,03301509,Opdivo/Yervoy FDC,BRAND,202612,2025-11-19,6.99,4402.88,4402.88,,100.0,0.0,0.0,100.0,100.0,100.0,100.0,100.0,0.0,1,,1.0,,0.0,100.0,43.33,
4273,03301509,Opdivo/Yervoy FDC,BRAND,202612,2025-11-21,-9.98,7137.6,-7137.6,,100.0,0.0,0.0,100.0,100.0,100.0,100.0,100.0,0.0,1,,1.0,,0.0,100.0,43.33,
4274,03301509,Opdivo/Yervoy FDC,BRAND,202612,2025-11-28,-10.35,6665.06,-6665.06,,100.0,0.0,0.0,100.0,100.0,100.0,100.0,100.0,0.0,1,,2.0,,0.0,100.0,46.67,
4275,03301509,Opdivo/Yervoy FDC,BRAND,202612,2025-12-05,-1.51,873.07,-873.07,,100.0,0.0,0.0,100.0,100.0,100.0,100.0,100.0,0.0,1,,3.0,,0.0,100.0,50.0,
4276,03301509,Opdivo/Yervoy FDC,BRAND,202612,2025-12-12,-12.91,7342.06,-7342.06,,100.0,100.0,100.0,100.0,100.0,100.0,100.0,100.0,0.0,1,100.0,4.0,0.0,100.0,100.0,93.33,
4277,03301509,Opdivo/Yervoy FDC,BRAND,202612,2025-12-17,-35.23,23752.19,-23752.19,,100.0,0.0,0.0,100.0,100.0,100.0,100.0,100.0,0.0,1,,5.0,,0.0,100.0,56.67,
4278,03301509,Opdivo/Yervoy FDC,BRAND,202612,2025-12-19,-19.77,9787.98,-9787.98,,100.0,0.0,0.0,100.0,100.0,100.0,100.0,100.0,0.0,1,,6.0,,0.0,100.0,60.0,
4279,03301509,Opdivo/Yervoy FDC,BRAND,202612,2025-12-26,0.0,0.0,0.0,,,0.0,,,,,,,,,,0.0,,,,,
4280,03301509,Opdivo/Yervoy FDC,BRAND,202612,2026-01-02,0.02,9.75,9.75,,100.0,100.0,100.0,100.0,100.0,100.0,100.0,2.44,97.56,-1,0.0,1.0,0.0,100.0,95.12,83.33,
4281,03301509,Opdivo/Yervoy FDC,BRAND,202612,2026-01-09,-1.41,562.04,-562.04,,100.0,100.0,100.0,100.0,100.0,100.0,100.0,100.0,0.0,1,100.0,1.0,0.0,100.0,100.0,83.33,
4282,03301509,Opdivo/Yervoy FDC,BRAND,202612,2026-01-16,-41.11,16107.37,-16107.37,,100.0,100.0,100.0,100.0,100.0,100.0,100.0,100.0,0.0,1,100.0,2.0,0.0,100.0,100.0,86.67,
4283,03301509,Opdivo/Yervoy FDC,BRAND,202612,2026-01-23,-47.02,20535.43,-20535.43,,100.0,0.0,0.0,100.0,100.0,100.0,100.0,100.03,-0.05,1,,3.0,,0.0,100.08,50.0,
4284,03301509,Opdivo/Yervoy FDC,BRAND,202612,2026-01-30,-0.0,0.71,-0.71,,100.0,0.0,0.0,100.0,100.0,100.0,100.0,100.0,0.0,1,,4.0,,0.0,100.0,53.33,
4285,03301509,Opdivo/Yervoy FDC,BRAND,202612,2026-02-06,-13.55,3125.28,-3125.28,,100.0,100.0,100.0,100.0,100.0,100.0,100.0,100.0,0.0,1,100.0,5.0,0.0,100.0,100.0,96.67,
4286,03301510,Other Anti-Cancers,BRAND,202612,2025-07-18,,0.0,0.0,,,100.0,,,,,,,,,0.0,0.0,0.0,,,,
4287,03301510,Other Anti-Cancers,BRAND,202612,2025-07-25,1.83,24655.49,21399.8,,86.8,10.05,100.0,93.4,100.0,100.0,93.4,100.0,0.0,1,15.79,0.02,0.0,100.0,100.0,44.07,
4288,03301510,Other Anti-Cancers,BRAND,202612,2025-08-01,-0.06,733.01,-733.01,,100.0,10.05,100.0,77.27,100.0,100.0,100.0,100.0,0.0,1,10.53,0.02,0.0,100.0,100.0,44.09,
4289,03301510,Other Anti-Cancers,BRAND,202612,2025-08-08,-0.61,569728.17,-7328.43,,1.29,10.11,100.0,48.96,99.82,100.0,49.36,100.0,0.0,1,31.58,0.05,0.0,99.82,100.0,44.15,
4290,03301510,Other Anti-Cancers,BRAND,202612,2025-08-15,-0.08,994.8,-994.8,,100.0,10.22,100.0,73.2,100.0,100.0,100.0,100.0,0.0,1,10.53,0.04,0.0,100.0,100.0,44.23,
4291,03301510,Other Anti-Cancers,BRAND,202612,2025-08-22,-0.22,2549.61,-2549.61,,100.0,10.22,100.0,94.21,100.0,100.0,94.21,100.0,0.0,1,15.79,0.06,0.0,100.0,100.0,44.28,
4292,03301510,Other Anti-Cancers,BRAND,202612,2025-08-26,,0.0,0.0,,,10.22,,,,,,,,,0.0,0.0,0.0,,,,
4293,03301510,Other Anti-Cancers,BRAND,202612,2025-08-29,-0.11,1259.77,-1259.77,,100.0,10.22,100.0,77.07,100.0,100.0,82.36,100.0,0.0,1,15.79,0.02,0.0,100.0,100.0,44.14,
4294,03301510,Other Anti-Cancers,BRAND,202612,2025-09-05,-8.15,195510.44,-96180.77,,49.19,9.14,25.4,74.56,100.0,100.0,74.56,100.0,0.0,1,17.65,0.04,0.0,25.4,100.0,43.78,
4295,03301510,Other Anti-Cancers,BRAND,202612,2025-09-12,5.2,113979.4,56346.82,,49.44,9.68,25.28,74.72,100.0,100.0,74.72,100.0,0.0,1,16.67,0.03,0.0,25.28,100.0,43.98,
4296,03301510,Other Anti-Cancers,BRAND,202612,2025-09-18,-8.66,159935.37,-102286.19,,63.95,10.16,61.97,42.97,100.0,100.0,61.0,100.0,0.0,1,21.05,0.05,0.0,61.97,100.0,44.24,
4297,03301510,Other Anti-Cancers,BRAND,202612,2025-09-19,-5.37,61192.48,-61192.48,,100.0,9.63,99.74,99.63,100.0,100.0,99.63,100.0,0.0,1,11.11,0.06,5.56,99.74,100.0,44.05,
4298,03301510,Other Anti-Cancers,BRAND,202612,2025-09-26,-0.0,321.96,-1.69,,0.53,100.0,100.0,50.26,100.0,100.0,50.26,100.0,0.0,1,10.0,0.35,0.0,100.0,100.0,81.17,
4299,03301510,Other Anti-Cancers,BRAND,202612,2025-10-03,8.35,91033.04,90109.57,,98.99,17.7,100.0,42.1,99.82,100.0,73.76,100.0,0.0,1,30.0,0.12,0.0,99.82,100.0,47.39,
4300,03301510,Other Anti-Cancers,BRAND,202612,2025-10-10,0.0,0.0,0.0,,,10.16,,,,,,,,,0.0,0.0,0.0,,,,
4301,03301510,Other Anti-Cancers,BRAND,202612,2025-10-17,3.4,74580.91,34767.41,,46.62,7.69,95.04,51.6,97.59,100.0,70.92,100.0,0.0,1,42.86,0.04,0.0,92.75,100.0,42.24,
4302,03301510,Other Anti-Cancers,BRAND,202612,2025-10-24,-11.46,127958.7,-127613.11,,99.73,6.59,91.14,90.12,99.86,100.0,90.12,100.0,0.0,1,25.0,0.06,16.67,91.02,100.0,42.78,
4303,03301510,Other Anti-Cancers,BRAND,202612,2025-10-31,-0.09,880.57,-880.57,,100.0,8.24,100.0,73.51,100.0,100.0,100.0,100.0,0.0,1,13.33,0.03,6.67,100.0,100.0,43.41,
4304,03301510,Other Anti-Cancers,BRAND,202612,2025-11-07,-0.22,43804.39,-2168.87,,4.95,7.69,88.73,47.52,100.0,100.0,47.52,100.0,0.0,1,21.43,0.04,0.0,88.73,100.0,43.21,
4305,03301510,Other Anti-Cancers,BRAND,202612,2025-11-14,16.44,182669.51,161624.18,,88.48,8.24,100.0,94.24,100.0,100.0,99.91,100.0,0.0,1,20.0,0.02,0.0,100.0,100.0,43.37,
4306,03301510,Other Anti-Cancers,BRAND,202612,2025-11-19,54.48,669250.45,576676.36,,86.17,6.59,6.18,64.25,99.95,100.0,93.08,100.0,0.0,1,25.0,0.05,8.33,6.18,100.0,42.78,
4307,03301510,Other Anti-Cancers,BRAND,202612,2025-11-21,42.83,534580.9,490293.34,,91.72,5.49,0.0,95.86,100.0,100.0,95.86,100.0,0.0,1,0.0,0.04,0.0,0.0,100.0,42.33,
4308,03301510,Other Anti-Cancers,BRAND,202612,2025-11-28,-9.8,173445.64,-160250.38,,92.39,7.69,99.9,95.44,100.0,100.0,99.24,100.0,0.0,1,21.43,0.05,14.29,99.9,100.0,43.24,
4309,03301510,Other Anti-Cancers,BRAND,202612,2025-12-05,6.81,100807.68,100484.03,,99.68,7.69,28.75,71.25,100.0,100.0,99.84,100.0,0.0,1,14.29,0.05,14.29,28.75,100.0,43.26,
4310,03301510,Other Anti-Cancers,BRAND,202612,2025-12-12,3.51,56002.45,55355.14,,98.84,8.2,100.0,98.94,100.0,100.0,98.94,100.0,0.0,1,20.0,0.05,6.67,100.0,100.0,43.44,
4311,03301510,Other Anti-Cancers,BRAND,202612,2025-12-17,-0.97,86706.74,-15862.31,,18.29,8.7,99.79,44.18,100.0,100.0,85.03,100.0,0.0,1,25.0,0.06,0.0,99.79,100.0,43.68,
4312,03301510,Other Anti-Cancers,BRAND,202612,2025-12-19,-0.7,11418.23,-11418.23,,100.0,8.15,90.37,90.37,100.0,100.0,90.37,100.0,0.0,1,6.67,0.06,6.67,90.37,100.0,43.46,
4313,03301510,Other Anti-Cancers,BRAND,202612,2025-12-26,3.52,78819.08,56948.2,,72.25,8.15,13.87,86.13,100.0,100.0,86.13,100.0,0.0,1,6.67,0.02,0.0,13.87,100.0,43.33,
4314,03301510,Other Anti-Cancers,BRAND,202612,2026-01-02,22.91,384085.01,384084.49,,100.0,10.62,100.0,79.58,100.0,100.0,87.08,102.56,-2.13,1,47.06,0.05,0.0,100.0,104.69,44.42,
4315,03301510,Other Anti-Cancers,BRAND,202612,2026-01-09,-0.68,13990.66,-13990.66,,100.0,7.57,34.34,65.66,100.0,100.0,65.66,100.0,0.0,1,21.43,0.02,0.0,34.34,100.0,43.1,
4316,03301510,Other Anti-Cancers,BRAND,202612,2026-01-16,-37.24,1054888.9,-1045294.62,,99.09,8.74,100.0,72.12,100.0,100.0,72.12,100.0,0.0,1,25.0,0.03,0.0,100.0,100.0,43.59,
4317,03301510,Other Anti-Cancers,BRAND,202612,2026-01-23,8.8,643463.05,142491.2,,22.14,7.65,49.89,47.5,100.0,100.0,86.43,106.5,-4.6,1,28.57,0.04,0.0,49.89,111.11,43.19,
4318,03301510,Other Anti-Cancers,BRAND,202612,2026-01-30,0.0,0.0,0.0,,,7.1,,,,,,,,,0.0,0.0,0.0,,,,
4319,03301510,Other Anti-Cancers,BRAND,202612,2026-02-06,-23.46,1872325.12,-413304.58,,22.07,7.14,38.96,37.05,100.0,100.0,61.04,100.0,0.0,1,23.08,0.03,0.0,38.96,100.0,42.95,
4320,03301511,IDO INHIBITOR,BRAND,202612,2025-07-18,,0.0,0.0,,,100.0,,,,,,,,,0.0,0.0,0.0,,,,
4321,03301511,IDO INHIBITOR,BRAND,202612,2025-07-25,,0.0,0.0,,,0.0,,,,,,,,,,0.0,,,,,
4322,03301511,IDO INHIBITOR,BRAND,202612,2025-08-01,,0.0,0.0,,,0.0,,,,,,,,,,0.0,,,,,
4323,03301511,IDO INHIBITOR,BRAND,202612,2025-08-08,,0.0,0.0,,,0.0,,,,,,,,,,0.0,,,,,
4324,03301511,IDO INHIBITOR,BRAND,202612,2025-08-15,,0.0,0.0,,,0.0,,,,,,,,,,0.0,,,,,
4325,03301511,IDO INHIBITOR,BRAND,202612,2025-08-22,,0.0,0.0,,,0.0,,,,,,,,,,0.0,,,,,
4326,03301511,IDO INHIBITOR,BRAND,202612,2025-08-26,,0.0,0.0,,,0.0,,,,,,,,,,0.0,,,,,
4327,03301511,IDO INHIBITOR,BRAND,202612,2025-08-29,,0.0,0.0,,,0.0,,,,,,,,,,0.0,,,,,
4328,03301511,IDO INHIBITOR,BRAND,202612,2025-09-05,,0.0,0.0,,,0.0,,,,,,,,,,0.0,,,,,
4329,03301511,IDO INHIBITOR,BRAND,202612,2025-09-12,,0.0,0.0,,,0.0,,,,,,,,,,0.0,,,,,
4330,03301511,IDO INHIBITOR,BRAND,202612,2025-09-18,,0.0,0.0,,,0.0,,,,,,,,,,0.0,,,,,
4331,03301511,IDO INHIBITOR,BRAND,202612,2025-09-19,,0.0,0.0,,,0.0,,,,,,,,,,0.0,,,,,
4332,03301511,IDO INHIBITOR,BRAND,202612,2025-10-10,,0.0,0.0,,,0.0,,,,,,,,,,0.0,,,,,
4333,03301511,IDO INHIBITOR,BRAND,202612,2025-10-17,,0.0,0.0,,,0.0,,,,,,,,,,0.0,,,,,
4334,03301511,IDO INHIBITOR,BRAND,202612,2025-10-24,,0.0,0.0,,,0.0,,,,,,,,,,0.0,,,,,
4335,03301511,IDO INHIBITOR,BRAND,202612,2025-10-31,,0.0,0.0,,,0.0,,,,,,,,,,0.0,,,,,
4336,03301511,IDO INHIBITOR,BRAND,202612,2025-11-07,,0.0,0.0,,,0.0,,,,,,,,,,0.0,,,,,
4337,03301511,IDO INHIBITOR,BRAND,202612,2025-11-14,,0.0,0.0,,,0.0,,,,,,,,,,0.0,,,,,
4338,03301511,IDO INHIBITOR,BRAND,202612,2025-11-19,,0.0,0.0,,,0.0,,,,,,,,,,0.0,,,,,
4339,03301511,IDO INHIBITOR,BRAND,202612,2025-11-21,,0.0,0.0,,,0.0,,,,,,,,,,0.0,,,,,
4340,03301511,IDO INHIBITOR,BRAND,202612,2025-11-28,,0.0,0.0,,,0.0,,,,,,,,,,0.0,,,,,
4341,03301511,IDO INHIBITOR,BRAND,202612,2025-12-05,,0.0,0.0,,,0.0,,,,,,,,,,0.0,,,,,
4342,03301511,IDO INHIBITOR,BRAND,202612,2025-12-12,,0.0,0.0,,,0.0,,,,,,,,,,0.0,,,,,
4343,03301511,IDO INHIBITOR,BRAND,202612,2025-12-17,,0.0,0.0,,,0.0,,,,,,,,,,0.0,,,,,
4344,03301511,IDO INHIBITOR,BRAND,202612,2025-12-19,,0.0,0.0,,,0.0,,,,,,,,,,0.0,,,,,
4345,03301511,IDO INHIBITOR,BRAND,202612,2025-12-26,,0.0,0.0,,,0.0,,,,,,,,,,0.0,,,,,
4346,03301511,IDO INHIBITOR,BRAND,202612,2026-01-09,,0.0,0.0,,,0.0,,,,,,,,,,0.0,,,,,
4347,03301511,IDO INHIBITOR,BRAND,202612,2026-01-16,,0.0,0.0,,,0.0,,,,,,,,,,0.0,,,,,
4348,03301511,IDO INHIBITOR,BRAND,202612,2026-01-23,,0.0,0.0,,,0.0,,,,,,,,,,0.0,,,,,
4349,03301511,IDO INHIBITOR,BRAND,202612,2026-01-30,,0.0,0.0,,,0.0,,,,,,,,,,0.0,,,,,
4350,03301511,IDO INHIBITOR,BRAND,202612,2026-02-06,,0.0,0.0,,,0.0,,,,,,,,,,0.0,,,,,
4351,03301616,LENADEX,BRAND,202612,2025-07-18,,0.0,0.0,,,100.0,,,,,,,,,0.0,0.0,0.0,,,,
4352,03301616,LENADEX,BRAND,202612,2025-07-25,-0.0,1.05,-1.05,,100.0,92.86,100.0,100.0,100.0,100.0,100.0,100.0,0.0,1,5.13,0.07,0.0,100.0,100.0,77.38,
4353,03301616,LENADEX,BRAND,202612,2025-08-01,-0.6,19587.32,-19587.32,,100.0,94.34,100.0,100.0,100.0,100.0,100.0,100.0,0.0,1,4.0,0.09,0.0,100.0,100.0,78.05,
4354,03301616,LENADEX,BRAND,202612,2025-08-08,0.28,9309.06,9299.06,,99.89,73.58,100.0,99.79,100.0,100.0,100.0,100.0,0.0,1,17.95,0.28,0.0,100.0,100.0,70.38,
4355,03301616,LENADEX,BRAND,202612,2025-08-15,4.63,151713.18,151684.08,,99.98,73.58,100.0,99.99,100.0,100.0,100.0,100.0,0.0,1,10.26,0.15,0.0,100.0,100.0,69.94,
4356,03301616,LENADEX,BRAND,202612,2025-08-22,-0.0,0.03,-0.03,,99.86,73.58,100.0,36.68,99.96,100.0,99.5,100.0,0.0,1,17.95,0.13,0.0,99.96,100.0,69.86,
4357,03301616,LENADEX,BRAND,202612,2025-08-26,,0.0,0.0,,,73.58,,,,,,,,,0.0,0.0,0.0,,,,
4358,03301616,LENADEX,BRAND,202612,2025-08-29,-0.0,0.05,-0.05,,100.0,64.15,1.53,56.74,99.97,100.0,100.0,100.0,0.0,1,2.94,0.13,0.0,1.53,100.0,66.09,
4359,03301616,LENADEX,BRAND,202612,2025-09-05,0.0,45.01,44.99,,99.96,69.23,99.98,99.98,100.0,100.0,100.0,100.0,0.0,1,5.56,0.17,0.0,99.98,100.0,68.27,
4360,03301616,LENADEX,BRAND,202612,2025-09-12,0.57,19629.87,19549.87,,99.59,62.79,99.8,99.78,100.0,100.0,100.0,100.0,0.0,1,11.11,0.3,3.7,99.8,100.0,66.12,
4361,03301616,LENADEX,BRAND,202612,2025-09-18,-1.62,55725.45,-55725.45,,100.0,62.96,100.0,100.0,100.0,100.0,100.0,100.0,0.0,1,8.82,0.44,0.0,100.0,100.0,66.67,
4362,03301616,LENADEX,BRAND,202612,2025-09-19,-2.31,79862.85,-79782.85,,99.9,66.67,0.0,99.95,100.0,100.0,100.0,100.0,0.0,1,8.33,0.41,0.0,0.0,100.0,68.02,
4363,03301616,LENADEX,BRAND,202612,2025-09-26,0.0,0.0,0.0,,,68.52,,,,,,,,,0.0,0.0,0.0,,,,
4364,03301616,LENADEX,BRAND,202612,2025-10-03,0.0,0.0,0.0,,,70.37,,,,,,,,,0.0,0.04,0.0,,,,
4365,03301616,LENADEX,BRAND,202612,2025-10-10,0.0,0.0,0.0,,,70.37,,,,,,,,,0.0,0.0,0.0,,,,
4366,03301616,LENADEX,BRAND,202612,2025-10-17,0.02,9459.59,534.49,,5.65,68.52,99.87,52.7,100.0,100.0,100.0,100.0,0.0,1,8.11,0.11,0.0,99.87,100.0,67.78,
4367,03301616,LENADEX,BRAND,202612,2025-10-24,0.15,4997.04,4997.04,,100.0,68.52,99.76,99.76,100.0,100.0,100.0,100.0,0.0,1,2.7,0.07,0.0,99.76,100.0,67.65,
4368,03301616,LENADEX,BRAND,202612,2025-10-31,0.0,28.0,28.0,,100.0,73.02,100.0,100.0,100.0,100.0,100.0,100.0,0.0,1,2.17,0.06,0.0,100.0,100.0,69.42,
4369,03301616,LENADEX,BRAND,202612,2025-11-07,-8.09,273210.54,-273066.54,,99.95,55.56,99.97,99.97,100.0,100.0,100.0,100.0,0.0,1,5.71,0.19,0.0,99.97,100.0,62.86,
4370,03301616,LENADEX,BRAND,202612,2025-11-14,0.0,0.0,0.0,,93.94,61.29,100.0,96.97,100.0,100.0,100.0,100.0,0.0,1,5.26,0.03,0.0,100.0,100.0,64.62,
4371,03301616,LENADEX,BRAND,202612,2025-11-19,-8.09,273238.54,-273038.54,,99.93,57.38,99.96,99.96,100.0,100.0,100.0,100.0,0.0,1,8.57,0.16,0.0,99.96,100.0,63.5,
4372,03301616,LENADEX,BRAND,202612,2025-11-21,0.0,0.0,0.0,,100.0,62.3,100.0,100.0,100.0,100.0,100.0,100.0,0.0,1,2.63,0.05,0.0,100.0,100.0,65.08,
4373,03301616,LENADEX,BRAND,202612,2025-11-28,-0.02,563.62,-563.62,,100.0,63.93,100.0,100.0,100.0,100.0,100.0,100.0,0.0,1,2.56,0.02,0.0,100.0,100.0,65.63,
4374,03301616,LENADEX,BRAND,202612,2025-12-05,-6.48,200982.89,-200982.89,,100.0,74.71,100.0,100.0,100.0,100.0,100.0,100.0,0.0,1,1.54,0.15,0.0,100.0,100.0,70.38,
4375,03301616,LENADEX,BRAND,202612,2025-12-12,5.73,166184.9,166184.9,,100.0,43.68,95.46,95.46,100.0,100.0,100.0,100.0,0.0,1,7.89,0.05,0.0,95.46,100.0,57.62,
4376,03301616,LENADEX,BRAND,202612,2025-12-17,-1.48,60992.5,-45890.76,,75.24,42.53,0.0,87.62,100.0,100.0,100.0,100.0,0.0,1,5.41,0.2,0.0,0.0,100.0,57.66,
4377,03301616,LENADEX,BRAND,202612,2025-12-19,-5.17,158634.03,-158634.03,,100.0,44.83,100.0,100.0,100.0,100.0,100.0,100.0,0.0,1,7.69,0.06,2.56,100.0,100.0,58.12,
4378,03301616,LENADEX,BRAND,202612,2025-12-26,5.22,151783.65,151672.65,,99.93,42.53,0.01,99.96,100.0,100.0,100.0,100.0,0.0,1,5.41,0.07,0.0,0.01,100.0,57.24,
4379,03301616,LENADEX,BRAND,202612,2026-01-02,5.44,166971.47,166325.2,,99.61,49.43,100.0,37.52,99.81,100.0,100.0,0.0,100.0,-1,32.56,0.18,0.0,99.81,100.0,60.31,
4380,03301616,LENADEX,BRAND,202612,2026-01-09,-0.13,8405.17,-5457.2,,64.93,51.65,100.0,77.67,100.0,100.0,100.0,100.0,0.0,1,17.02,0.1,0.0,100.0,100.0,60.99,
4381,03301616,LENADEX,BRAND,202612,2026-01-16,4.59,296807.97,194566.95,,65.55,27.94,17.22,57.42,83.79,100.0,100.0,100.0,0.0,1,47.37,0.74,0.0,14.43,100.0,47.14,
4382,03301616,LENADEX,BRAND,202612,2026-01-23,-28.89,1446909.44,-882694.3,,61.01,23.53,80.5,80.21,99.71,100.0,100.0,132.1,-18.88,1,68.75,1.28,0.0,80.27,150.98,53.56,
4383,03301616,LENADEX,BRAND,202612,2026-01-30,-24.78,1236226.52,-1143724.62,,92.52,33.82,1.86,92.83,95.64,97.71,96.5,100.0,0.0,1,43.48,1.25,0.0,1.78,100.0,55.95,
4384,03301616,LENADEX,BRAND,202612,2026-02-06,1.07,53927.44,40686.08,,75.45,30.88,7.69,39.81,87.38,95.02,89.64,100.0,0.0,1,23.81,0.37,0.0,6.72,100.0,48.53,
4385,03301914,Krazati,BRAND,202612,2025-07-18,,0.0,0.0,,,100.0,,,,,,,,,0.0,0.0,0.0,,,,
4386,03301914,Krazati,BRAND,202612,2025-07-25,0.07,7781851.95,73207.46,,0.94,78.18,100.0,44.71,90.5,100.0,78.23,100.0,0.0,1,23.26,0.25,0.0,90.5,100.0,68.32,
4387,03301914,Krazati,BRAND,202612,2025-08-01,-15.78,35931108.05,-16832522.77,,46.85,78.57,100.0,56.4,95.83,99.67,72.82,100.0,0.0,1,38.64,0.38,0.0,95.83,100.0,71.01,
4388,03301914,Krazati,BRAND,202612,2025-08-08,5.28,7950428.18,4719675.39,,59.36,80.0,100.0,26.78,79.01,92.62,65.35,100.0,0.0,1,50.0,0.58,0.0,79.01,100.0,65.55,
4389,03301914,Krazati,BRAND,202612,2025-08-15,-14.57,15880917.46,-13721658.57,,86.4,73.33,100.0,24.63,87.92,95.91,48.74,100.0,0.0,1,56.82,0.62,0.0,87.92,100.0,66.56,
4390,03301914,Krazati,BRAND,202612,2025-08-22,6.31,6384653.85,5078612.59,,79.54,73.33,100.0,78.83,99.17,100.0,79.83,100.0,0.0,1,27.27,0.33,0.0,99.17,100.0,70.11,
4391,03301914,Krazati,BRAND,202612,2025-08-26,,0.0,0.0,,,73.33,,,,,,,,,0.0,0.0,0.0,,,,
4392,03301914,Krazati,BRAND,202612,2025-08-29,-0.07,429104.72,-56312.77,,13.12,70.0,65.8,41.77,98.15,100.0,52.86,100.0,0.0,1,11.9,0.12,0.0,64.59,100.0,67.65,
4393,03301914,Krazati,BRAND,202612,2025-09-05,-2.61,4100151.6,-2227341.58,,54.32,67.21,73.23,48.61,92.44,98.18,79.36,100.0,0.0,1,41.46,0.39,0.0,67.69,100.0,65.17,
4394,03301914,Krazati,BRAND,202612,2025-09-12,0.3,814646.21,248219.19,,30.47,66.67,72.06,26.67,83.74,98.93,57.06,100.0,0.0,1,22.5,0.32,5.0,60.34,100.0,61.22,
4395,03301914,Krazati,BRAND,202612,2025-09-18,-0.96,2764750.42,-820225.24,,29.67,62.3,74.68,21.14,73.35,89.7,54.73,100.0,0.0,1,50.0,0.7,2.63,54.77,100.0,56.61,
4396,03301914,Krazati,BRAND,202612,2025-09-19,48.68,44158831.37,40637184.95,,92.03,62.3,98.68,89.04,99.31,99.99,89.04,100.0,0.0,1,31.58,0.51,2.63,98.0,100.0,66.34,
4397,03301914,Krazati,BRAND,202612,2025-09-26,-0.67,3708347.13,-833685.38,,22.48,64.29,56.2,37.6,99.06,100.0,55.98,100.0,0.0,1,11.11,0.32,0.0,55.67,100.0,66.41,
4398,03301914,Krazati,BRAND,202612,2025-10-03,-0.18,4412871.22,-219096.06,,4.96,71.43,86.74,30.08,74.84,95.99,47.13,100.0,0.0,1,42.5,0.46,0.0,64.91,100.0,60.05,
4399,03301914,Krazati,BRAND,202612,2025-10-10,0.0,0.0,0.0,,,62.3,,,,,,,,,0.0,0.0,0.0,,,,
4400,03301914,Krazati,BRAND,202612,2025-10-17,46.36,43109596.55,38456456.26,,89.21,66.13,98.75,88.85,96.59,99.36,94.48,100.0,0.0,1,51.22,0.48,0.0,95.38,100.0,66.7,
4401,03301914,Krazati,BRAND,202612,2025-10-24,-0.58,7115212.48,-704981.35,,9.91,64.52,92.43,28.03,77.13,95.85,85.74,100.0,0.0,1,45.0,0.6,2.5,71.29,100.0,58.65,
4402,03301914,Krazati,BRAND,202612,2025-10-31,-2.25,9029560.7,-2740741.49,,30.35,59.68,82.16,37.23,81.9,97.01,67.78,100.0,0.0,1,32.43,0.48,0.0,67.29,100.0,58.24,
4403,03301914,Krazati,BRAND,202612,2025-11-07,2.72,34702942.16,3226521.51,,9.3,59.68,77.35,42.73,93.64,99.01,52.79,100.0,0.0,1,40.54,0.53,0.0,72.43,100.0,63.1,
4404,03301914,Krazati,BRAND,202612,2025-11-14,1.28,3159651.88,1567244.72,,49.6,56.45,30.78,35.07,94.53,99.7,62.66,100.0,0.0,1,20.0,0.47,2.86,29.09,100.0,61.95,
4405,03301914,Krazati,BRAND,202612,2025-11-19,8.38,27912300.99,10181583.58,,36.48,59.68,81.59,21.51,68.21,90.1,52.25,100.0,0.0,1,59.46,0.95,8.11,55.65,100.0,54.33,
4406,03301914,Krazati,BRAND,202612,2025-11-21,6.59,8872164.51,8145112.28,,91.81,59.68,96.06,95.33,99.61,99.99,95.34,100.0,0.0,1,18.92,0.52,2.7,95.68,100.0,65.43,
4407,03301914,Krazati,BRAND,202612,2025-11-28,-0.5,26315679.51,-655019.19,,2.49,73.85,96.57,40.75,97.53,100.0,53.34,100.0,0.0,1,14.58,0.25,0.0,94.18,100.0,69.37,
4408,03301914,Krazati,BRAND,202612,2025-12-05,-5.59,10098976.05,-7344468.01,,72.72,67.14,62.54,50.85,95.57,98.79,60.92,100.0,0.0,1,29.79,0.5,0.0,59.77,100.0,66.75,
4409,03301914,Krazati,BRAND,202612,2025-12-12,4.41,6514325.49,4996149.2,,76.69,65.22,81.82,63.86,99.04,100.0,82.04,100.0,0.0,1,15.56,0.3,2.22,81.04,100.0,66.72,
4410,03301914,Krazati,BRAND,202612,2025-12-17,-5.33,26347831.58,-6449041.91,,24.48,63.77,88.67,30.62,86.89,98.62,59.21,100.0,0.0,1,43.18,0.64,2.27,77.05,100.0,62.39,
4411,03301914,Krazati,BRAND,202612,2025-12-19,-2.25,6612918.92,-2657070.08,,40.18,63.77,80.15,53.59,96.78,99.4,61.38,100.0,0.0,1,29.55,0.39,2.27,77.57,100.0,65.52,
4412,03301914,Krazati,BRAND,202612,2025-12-26,2.33,4889109.6,2694940.08,,55.12,62.32,38.03,57.88,94.26,99.38,62.26,100.0,0.0,1,32.56,0.39,4.65,35.85,100.0,63.94,
4413,03301914,Krazati,BRAND,202612,2026-01-02,3.94,10585866.97,4661398.73,,44.03,71.01,99.13,44.13,89.27,97.32,83.34,-55.8,154.71,0,40.82,0.26,2.04,88.5,210.51,64.98,
4414,03301914,Krazati,BRAND,202612,2026-01-09,-13.4,21532493.44,-16905360.62,,78.51,61.43,61.16,32.73,85.89,98.04,60.7,100.0,0.0,1,37.21,0.56,0.0,52.53,100.0,60.79,
4415,03301914,Krazati,BRAND,202612,2026-01-16,-6.14,11023913.19,-6923828.61,,62.81,61.76,63.81,33.85,95.38,99.69,61.62,100.0,0.0,1,30.95,0.44,4.76,60.86,100.0,64.33,
4416,03301914,Krazati,BRAND,202612,2026-01-23,-8.82,21441772.69,-10129979.06,,47.24,57.35,78.25,32.27,82.81,94.52,67.85,155.84,-62.51,1,38.46,0.94,2.56,64.8,218.34,59.2,
4417,03301914,Krazati,BRAND,202612,2026-01-30,2.1,8443181.53,2334052.52,,27.64,65.67,84.6,32.29,88.45,96.56,48.4,100.0,0.0,1,43.18,0.85,4.55,74.83,100.0,64.48,
4418,03301914,Krazati,BRAND,202612,2026-02-06,-2.26,5292315.43,-2562644.18,,48.42,62.12,21.3,41.93,88.12,95.64,51.7,100.0,0.0,1,36.59,0.68,0.0,18.77,100.0,62.37,
4419,03302007,REBLOZYL,BRAND,202612,2025-07-18,,0.0,0.0,,,100.0,,,,,,,,,0.0,0.0,0.0,,,,
4420,03302007,REBLOZYL,BRAND,202612,2025-07-25,5337.52,6773157362.54,6652629303.14,,98.22,98.11,100.0,98.37,99.98,99.99,98.37,100.0,0.0,1,42.31,0.42,0.0,99.98,100.0,80.62,
4421,03302007,REBLOZYL,BRAND,202612,2025-08-01,0.78,55971628.82,52700280.1,,94.16,98.11,100.0,76.45,98.86,99.89,76.45,100.0,0.0,1,28.85,0.38,0.0,98.86,100.0,80.05,
4422,03302007,REBLOZYL,BRAND,202612,2025-08-08,-97.49,6753076033.07,-6658746524.34,,98.6,98.15,100.0,99.3,99.99,100.0,99.3,100.0,0.0,1,39.62,0.43,0.0,99.99,100.0,80.68,
4423,03302007,REBLOZYL,BRAND,202612,2025-08-15,-23.09,66481346.3,-39613579.08,,59.59,98.15,100.0,74.73,99.08,99.88,83.02,100.0,0.0,1,37.74,0.43,0.0,99.08,100.0,80.31,
4424,03302007,REBLOZYL,BRAND,202612,2025-08-22,2.83,19032383.93,3728290.2,,19.59,98.15,100.0,53.2,99.83,100.0,53.2,100.0,0.0,1,16.98,0.2,0.0,99.83,100.0,79.87,
4425,03302007,REBLOZYL,BRAND,202612,2025-08-26,,0.0,0.0,,,98.15,,,,,,,,,0.0,0.0,0.0,,,,
4426,03302007,REBLOZYL,BRAND,202612,2025-08-29,0.84,2248222.37,1145554.63,,50.95,96.3,98.94,74.41,100.0,100.0,74.41,100.0,0.0,1,3.85,0.06,0.0,98.94,100.0,78.7,
4427,03302007,REBLOZYL,BRAND,202612,2025-09-05,-4.56,6866117.23,-6237602.94,,90.85,94.44,96.04,86.75,99.52,100.0,86.75,100.0,0.0,1,11.76,0.17,0.0,95.58,100.0,78.14,
4428,03302007,REBLOZYL,BRAND,202612,2025-09-12,-1.13,1471591.28,-1471591.28,,100.0,96.3,100.0,100.0,100.0,100.0,100.0,100.0,0.0,1,3.85,0.09,0.0,100.0,100.0,78.83,
4429,03302007,REBLOZYL,BRAND,202612,2025-09-18,-11.95,16810524.79,-16409670.37,,97.62,83.33,70.22,58.58,97.43,99.17,58.58,100.0,0.0,1,35.56,0.54,0.0,68.42,100.0,74.09,
4430,03302007,REBLOZYL,BRAND,202612,2025-09-19,-6.29,8252107.42,-8116259.81,,98.35,79.63,37.67,55.36,96.9,99.2,66.2,100.0,0.0,1,27.91,0.78,0.0,36.51,100.0,73.2,
4431,03302007,REBLOZYL,BRAND,202612,2025-09-26,-21.51,37820183.86,-25748563.26,,68.08,87.5,18.17,81.18,98.84,100.0,94.8,100.0,0.0,1,23.81,0.33,0.0,17.96,100.0,75.65,
4432,03302007,REBLOZYL,BRAND,202612,2025-10-03,-0.81,855626.43,-761764.9,,89.03,96.3,100.0,92.55,100.0,100.0,92.55,100.0,0.0,1,7.69,0.11,0.0,100.0,100.0,78.89,
4433,03302007,REBLOZYL,BRAND,202612,2025-10-10,0.0,0.0,0.0,,,98.15,,,,,,,,,0.0,0.0,0.0,,,,
4434,03302007,REBLOZYL,BRAND,202612,2025-10-17,21.06,31961315.97,25461794.39,,79.66,87.04,99.06,54.0,98.29,99.86,54.0,100.0,0.0,1,27.66,0.35,0.0,97.36,100.0,75.3,
4435,03302007,REBLOZYL,BRAND,202612,2025-10-24,51.65,49322289.97,48772503.39,,98.89,94.44,61.84,56.14,99.94,100.0,56.14,100.0,0.0,1,9.8,0.19,0.0,61.81,100.0,78.37,
4436,03302007,REBLOZYL,BRAND,202612,2025-10-31,0.0,5578271.31,69.81,,0.0,94.44,50.0,50.0,100.0,100.0,50.0,100.0,0.0,1,3.92,0.11,0.0,50.0,100.0,78.15,
4437,03302007,REBLOZYL,BRAND,202612,2025-11-07,2.65,16351141.93,3789378.08,,23.18,98.15,100.0,58.38,99.88,100.0,58.38,100.0,0.0,1,15.09,0.24,0.0,99.88,100.0,80.01,
4438,03302007,REBLOZYL,BRAND,202612,2025-11-14,-4.51,19188700.65,-6626936.81,,34.54,96.3,100.0,61.31,99.9,100.0,61.31,100.0,0.0,1,13.46,0.13,0.0,99.9,100.0,78.91,
4439,03302007,REBLOZYL,BRAND,202612,2025-11-19,-4.87,7865059.22,-7122498.42,,90.56,98.15,100.0,78.19,99.96,100.0,78.19,100.0,0.0,1,13.21,0.19,0.0,99.96,100.0,79.86,
4440,03302007,REBLOZYL,BRAND,202612,2025-11-21,1.7,18539966.44,2392695.38,,12.91,96.3,99.83,55.13,100.0,100.0,55.13,100.0,0.0,1,7.69,0.17,0.0,99.83,100.0,79.07,
4441,03302007,REBLOZYL,BRAND,202612,2025-11-28,-0.04,28511644.61,-51305.73,,0.18,94.44,83.11,33.2,100.0,100.0,43.9,100.0,0.0,1,7.84,0.11,0.0,83.11,100.0,78.15,
4442,03302007,REBLOZYL,BRAND,202612,2025-12-05,-2.09,15468905.92,-2986566.47,,19.31,92.59,40.04,59.5,99.29,99.98,91.39,100.0,0.0,1,16.0,0.2,0.0,39.75,100.0,77.43,
4443,03302007,REBLOZYL,BRAND,202612,2025-12-12,-0.62,2710274.94,-862923.11,,31.84,96.3,75.07,53.09,99.29,100.0,53.09,100.0,0.0,1,11.54,0.13,0.0,74.54,100.0,78.67,
4444,03302007,REBLOZYL,BRAND,202612,2025-12-17,2.45,4186428.75,3407677.54,,81.4,90.74,89.54,55.93,99.6,100.0,56.32,100.0,0.0,1,12.24,0.22,0.0,89.18,100.0,76.88,
4445,03302007,REBLOZYL,BRAND,202612,2025-12-19,1.51,15650868.28,2101489.06,,13.43,96.49,96.85,40.13,100.0,100.0,40.13,100.0,0.0,1,7.27,0.18,0.0,96.85,100.0,79.18,
4446,03302007,REBLOZYL,BRAND,202612,2025-12-26,-1.1,1551111.19,-1550552.68,,99.96,96.49,100.0,99.98,100.0,100.0,99.98,100.0,0.0,1,3.64,0.04,0.0,100.0,100.0,78.71,
4447,03302007,REBLOZYL,BRAND,202612,2026-01-02,5.54,7730091.23,7724307.99,,99.93,98.25,100.0,47.11,89.73,97.18,47.11,2.49,97.24,-1,55.36,0.07,0.0,89.73,94.75,75.42,
4448,03302007,REBLOZYL,BRAND,202612,2026-01-09,0.13,527093.68,185114.72,,35.12,94.74,67.56,40.1,100.0,100.0,100.0,100.0,0.0,1,7.41,0.09,0.0,67.56,100.0,78.19,
4449,03302007,REBLOZYL,BRAND,202612,2026-01-16,-2.64,27078383.51,-3873510.41,,14.3,85.71,58.39,29.1,93.71,99.23,56.8,100.0,0.0,1,22.92,0.34,0.0,54.72,100.0,72.9,
4450,03302007,REBLOZYL,BRAND,202612,2026-01-23,1.91,21005861.14,2722352.65,,12.96,83.93,49.0,32.46,92.35,98.52,63.67,-155.44,280.2,0,38.3,0.62,0.0,45.25,435.65,72.6,
4451,03302007,REBLOZYL,BRAND,202612,2026-01-30,1.39,5409778.44,1983560.0,,36.67,96.43,98.99,68.31,100.0,100.0,68.31,100.0,0.0,1,5.56,0.14,0.0,98.99,100.0,79.05,
4452,03302007,REBLOZYL,BRAND,202612,2026-02-06,0.3,14496073.63,433022.32,,2.99,94.64,97.23,47.91,98.12,99.68,47.91,100.0,0.0,1,22.64,0.39,0.0,95.4,100.0,78.41,
4453,03302009,Breyanzi,BRAND,202612,2025-09-18,,0.0,0.0,,,100.0,,,,,,,,,0.0,0.0,0.0,,,,
4454,03302009,Breyanzi,BRAND,202612,2025-09-19,,0.0,0.0,,,75.0,,,,,,,,,0.0,0.0,0.0,,,,
4455,03302009,Breyanzi,BRAND,202612,2025-10-03,,0.0,0.0,,,100.0,,,,,,,,,0.0,0.0,0.0,,,,
4456,03302009,Breyanzi,BRAND,202612,2025-10-10,0.0,0.0,0.0,,,75.0,,,,,,,,,0.0,0.0,0.0,,,,
4457,03302009,Breyanzi,BRAND,202612,2025-10-17,,0.0,0.0,,,0.0,,,,,,,,,,0.0,,,,,
4458,03302009,Breyanzi,BRAND,202612,2025-10-24,,0.0,0.0,,,87.5,,,,,,,,,0.0,0.0,0.0,,,,
4459,03302009,Breyanzi,BRAND,202612,2025-10-31,,0.0,0.0,,,0.0,,,,,,,,,,0.57,,,,,
4460,03302009,Breyanzi,BRAND,202612,2025-11-07,,0.0,0.0,,,0.0,,,,,,,,,,0.17,,,,,
4461,03302009,Breyanzi,BRAND,202612,2025-11-14,,0.0,0.0,,,0.0,,,,,,,,,,0.33,,,,,
4462,03302009,Breyanzi,BRAND,202612,2025-11-19,,0.0,0.0,,,0.0,,,,,,,,,,0.0,,,,,
4463,03302009,Breyanzi,BRAND,202612,2025-11-21,,0.0,0.0,,,0.0,,,,,,,,,,0.0,,,,,
4464,03302009,Breyanzi,BRAND,202612,2025-11-28,,0.0,0.0,,,0.0,,,,,,,,,,1.0,,,,,
4465,03302009,Breyanzi,BRAND,202612,2025-12-05,,0.0,0.0,,,91.53,,,,,,,,,0.0,0.0,0.0,,,,
4466,03302009,Breyanzi,BRAND,202612,2025-12-12,43.51,356049.67,197165.35,,55.38,100.0,100.0,20.05,57.58,76.71,66.94,100.0,0.0,1,78.43,0.78,0.0,57.58,100.0,65.64,
4467,03302009,Breyanzi,BRAND,202612,2025-12-17,,0.0,0.0,,,100.0,,,,,,,,,0.0,0.0,0.0,,,,
4468,03302009,Breyanzi,BRAND,202612,2025-12-19,-6.87,183589.73,-45009.51,,24.52,100.0,100.0,15.77,49.45,82.36,51.74,100.0,0.0,1,62.26,0.62,0.0,49.45,100.0,61.86,
4469,03302009,Breyanzi,BRAND,202612,2025-12-26,-5.05,112223.85,-30817.12,,27.46,100.0,100.0,27.49,61.49,80.4,63.23,100.0,0.0,1,66.67,0.96,0.0,61.49,100.0,67.8,
4470,03302009,Breyanzi,BRAND,202612,2026-01-02,26.76,206813.37,154153.57,,74.54,94.0,88.83,14.34,52.02,78.5,68.16,83.12,16.83,1,59.57,1.32,0.0,46.21,66.29,62.81,
4471,03302009,Breyanzi,BRAND,202612,2026-01-09,-0.43,126549.11,-3159.07,,2.5,100.0,100.0,27.06,62.79,83.1,55.62,100.0,0.0,1,57.14,0.96,0.0,62.79,100.0,68.31,
4472,03302009,Breyanzi,BRAND,202612,2026-01-16,8.45,251392.36,61456.76,,24.45,88.24,53.93,21.11,57.53,79.42,60.13,100.0,0.0,1,68.89,0.86,0.0,31.03,100.0,61.18,
4473,03302009,Breyanzi,BRAND,202612,2026-01-23,23.38,243870.81,142746.42,,58.53,90.62,84.12,19.14,56.38,72.74,57.61,92.14,16.18,1,43.1,1.11,1.72,47.43,75.96,62.5,
4474,03302009,Breyanzi,BRAND,202612,2026-01-30,8.42,131599.8,66986.86,,50.9,76.36,93.35,14.54,58.96,86.15,63.24,100.0,0.0,1,59.52,1.38,7.14,55.04,100.0,58.74,
4475,03302009,Breyanzi,BRAND,202612,2026-02-06,-5.73,116796.62,-49465.17,,42.35,92.19,92.37,15.62,54.71,84.57,60.63,100.0,0.0,1,49.15,1.17,0.0,50.53,100.0,62.66,
4476,03302010,INREBIC,BRAND,202612,2025-07-18,,0.0,0.0,,,100.0,,,,,,,,,0.0,0.0,0.0,,,,
4477,03302010,INREBIC,BRAND,202612,2025-07-25,,0.0,0.0,,,0.0,,,,,,,,,,0.0,,,,,
4478,03302010,INREBIC,BRAND,202612,2025-08-01,,0.0,0.0,,,0.0,,,,,,,,,,0.0,,,,,
4479,03302010,INREBIC,BRAND,202612,2025-08-08,,0.0,0.0,,,0.0,,,,,,,,,,0.0,,,,,
4480,03302010,INREBIC,BRAND,202612,2025-08-15,,0.0,0.0,,,0.0,,,,,,,,,,0.0,,,,,
4481,03302010,INREBIC,BRAND,202612,2025-08-22,,0.0,0.0,,,0.0,,,,,,,,,,0.0,,,,,
4482,03302010,INREBIC,BRAND,202612,2025-08-26,,0.0,0.0,,,0.0,,,,,,,,,,0.0,,,,,
4483,03302010,INREBIC,BRAND,202612,2025-08-29,,0.0,0.0,,,0.0,,,,,,,,,,0.0,,,,,
4484,03302010,INREBIC,BRAND,202612,2025-09-05,,0.0,0.0,,,0.0,,,,,,,,,,0.0,,,,,
4485,03302010,INREBIC,BRAND,202612,2025-09-12,,0.0,0.0,,,0.0,,,,,,,,,,0.0,,,,,
4486,03302010,INREBIC,BRAND,202612,2025-09-18,,0.0,0.0,,,0.0,,,,,,,,,,0.0,,,,,
4487,03302010,INREBIC,BRAND,202612,2025-09-19,,0.0,0.0,,,0.0,,,,,,,,,,0.0,,,,,
4488,03302010,INREBIC,BRAND,202612,2025-10-03,,0.0,0.0,,,0.0,,,,,,,,,,0.0,,,,,
4489,03302010,INREBIC,BRAND,202612,2025-10-10,,0.0,0.0,,,0.0,,,,,,,,,,0.0,,,,,
4490,03302010,INREBIC,BRAND,202612,2025-10-17,,0.0,0.0,,,0.0,,,,,,,,,,0.0,,,,,
4491,03302010,INREBIC,BRAND,202612,2025-10-24,,0.0,0.0,,,0.0,,,,,,,,,,0.0,,,,,
4492,03302010,INREBIC,BRAND,202612,2025-10-31,,0.0,0.0,,,0.0,,,,,,,,,,0.0,,,,,
4493,03302010,INREBIC,BRAND,202612,2025-11-07,,0.0,0.0,,,0.0,,,,,,,,,,0.0,,,,,
4494,03302010,INREBIC,BRAND,202612,2025-11-14,,0.0,0.0,,,0.0,,,,,,,,,,0.0,,,,,
4495,03302010,INREBIC,BRAND,202612,2025-11-19,,0.0,0.0,,,0.0,,,,,,,,,,0.0,,,,,
4496,03302010,INREBIC,BRAND,202612,2025-11-21,,0.0,0.0,,,0.0,,,,,,,,,,0.0,,,,,
4497,03302010,INREBIC,BRAND,202612,2025-11-28,,0.0,0.0,,,0.0,,,,,,,,,,0.0,,,,,
4498,03302010,INREBIC,BRAND,202612,2025-12-05,,0.0,0.0,,,0.0,,,,,,,,,,0.0,,,,,
4499,03302010,INREBIC,BRAND,202612,2025-12-12,,0.0,0.0,,,0.0,,,,,,,,,,0.0,,,,,
4500,03302010,INREBIC,BRAND,202612,2025-12-17,,0.0,0.0,,,0.0,,,,,,,,,,0.0,,,,,
4501,03302010,INREBIC,BRAND,202612,2025-12-19,,0.0,0.0,,,0.0,,,,,,,,,,0.0,,,,,
4502,03302010,INREBIC,BRAND,202612,2025-12-26,,0.0,0.0,,,0.0,,,,,,,,,,0.0,,,,,
4503,03302010,INREBIC,BRAND,202612,2026-01-02,,0.0,0.0,,,0.0,,,,,,,,,,0.0,,,,,
4504,03302010,INREBIC,BRAND,202612,2026-01-09,,0.0,0.0,,,0.0,,,,,,,,,,0.0,,,,,
4505,03302010,INREBIC,BRAND,202612,2026-01-16,,0.0,0.0,,,0.0,,,,,,,,,,0.0,,,,,
4506,03302010,INREBIC,BRAND,202612,2026-01-23,,0.0,0.0,,,0.0,,,,,,,,,,0.0,,,,,
4507,03302010,INREBIC,BRAND,202612,2026-01-30,0.0,0.0,0.0,,,0.0,,,,,,,,,,0.0,,,,,
4508,03302010,INREBIC,BRAND,202612,2026-02-06,0.0,0.0,0.0,,,0.0,,,,,,,,,,0.0,,,,,
4509,03302011,ONUREG,BRAND,202612,2025-07-18,,0.0,0.0,,,100.0,,,,,,,,,0.0,0.0,0.0,,,,
4510,03302011,ONUREG,BRAND,202612,2025-07-25,,0.0,0.0,,,0.0,,,,,,,,,,0.0,,,,,
4511,03302011,ONUREG,BRAND,202612,2025-08-01,,0.0,0.0,,,0.0,,,,,,,,,,0.0,,,,,
4512,03302011,ONUREG,BRAND,202612,2025-08-08,,0.0,0.0,,,0.0,,,,,,,,,,0.0,,,,,
4513,03302011,ONUREG,BRAND,202612,2025-08-15,,0.0,0.0,,,0.0,,,,,,,,,,0.0,,,,,
4514,03302011,ONUREG,BRAND,202612,2025-08-22,,0.0,0.0,,,0.0,,,,,,,,,,0.0,,,,,
4515,03302011,ONUREG,BRAND,202612,2025-08-26,,0.0,0.0,,,0.0,,,,,,,,,,0.0,,,,,
4516,03302011,ONUREG,BRAND,202612,2025-08-29,,0.0,0.0,,,0.0,,,,,,,,,,0.0,,,,,
4517,03302011,ONUREG,BRAND,202612,2025-09-05,,0.0,0.0,,,0.0,,,,,,,,,,0.0,,,,,
4518,03302011,ONUREG,BRAND,202612,2025-09-12,,0.0,0.0,,,0.0,,,,,,,,,,0.0,,,,,
4519,03302011,ONUREG,BRAND,202612,2025-09-18,,0.0,0.0,,,33.33,,,,,,,,,0.0,0.0,0.0,,,,
4520,03302011,ONUREG,BRAND,202612,2025-09-19,,0.0,0.0,,,0.0,,,,,,,,,,0.0,,,,,
4521,03302011,ONUREG,BRAND,202612,2025-10-03,,0.0,0.0,,,0.0,,,,,,,,,,0.0,,,,,
4522,03302011,ONUREG,BRAND,202612,2025-10-10,,0.0,0.0,,,0.0,,,,,,,,,,0.0,,,,,
4523,03302011,ONUREG,BRAND,202612,2025-10-17,,0.0,0.0,,,0.0,,,,,,,,,,0.0,,,,,
4524,03302011,ONUREG,BRAND,202612,2025-10-24,,0.0,0.0,,,0.0,,,,,,,,,,0.0,,,,,
4525,03302011,ONUREG,BRAND,202612,2025-10-31,,0.0,0.0,,,0.0,,,,,,,,,,0.17,,,,,
4526,03302011,ONUREG,BRAND,202612,2025-11-07,,0.0,0.0,,,0.0,,,,,,,,,,0.0,,,,,
4527,03302011,ONUREG,BRAND,202612,2025-11-14,,0.0,0.0,,,0.0,,,,,,,,,,0.0,,,,,
4528,03302011,ONUREG,BRAND,202612,2025-11-19,,0.0,0.0,,,0.0,,,,,,,,,,0.17,,,,,
4529,03302011,ONUREG,BRAND,202612,2025-11-21,,0.0,0.0,,,0.0,,,,,,,,,,0.0,,,,,
4530,03302011,ONUREG,BRAND,202612,2025-11-28,,0.0,0.0,,,0.0,,,,,,,,,,0.0,,,,,
4531,03302011,ONUREG,BRAND,202612,2025-12-05,,0.0,0.0,,,0.0,,,,,,,,,,0.0,,,,,
4532,03302011,ONUREG,BRAND,202612,2025-12-12,,0.0,0.0,,,0.0,,,,,,,,,,0.33,,,,,
4533,03302011,ONUREG,BRAND,202612,2025-12-17,,0.0,0.0,,,0.0,,,,,,,,,,0.67,,,,,
4534,03302011,ONUREG,BRAND,202612,2025-12-19,,0.0,0.0,,,0.0,,,,,,,,,,1.0,,,,,
4535,03302011,ONUREG,BRAND,202612,2025-12-26,,0.0,0.0,,,0.0,,,,,,,,,,0.0,,,,,
4536,03302011,ONUREG,BRAND,202612,2026-01-02,,0.0,0.0,,,0.0,,,,,,,,,,0.0,,,,,
4537,03302011,ONUREG,BRAND,202612,2026-01-09,,0.0,0.0,,,0.0,,,,,,,,,,0.0,,,,,
4538,03302011,ONUREG,BRAND,202612,2026-01-16,,0.0,0.0,,,0.0,,,,,,,,,,0.33,,,,,
4539,03302011,ONUREG,BRAND,202612,2026-01-23,,0.0,0.0,,,0.0,,,,,,,,,,0.67,,,,,
4540,03302011,ONUREG,BRAND,202612,2026-01-30,0.0,0.0,0.0,,,0.0,,,,,,,,,,0.0,,,,,
4541,03302011,ONUREG,BRAND,202612,2026-02-06,0.0,0.0,0.0,,,0.0,,,,,,,,,,0.0,,,,,
4542,03302012,Abecma,BRAND,202612,2025-09-18,,0.0,0.0,,,100.0,,,,,,,,,0.0,0.0,0.0,,,,
4543,03302012,Abecma,BRAND,202612,2025-09-19,,0.0,0.0,,,100.0,,,,,,,,,0.0,0.0,0.0,,,,
4544,03302012,Abecma,BRAND,202612,2025-10-03,,0.0,0.0,,,100.0,,,,,,,,,0.0,0.0,0.0,,,,
4545,03302012,Abecma,BRAND,202612,2025-10-24,,0.0,0.0,,,100.0,,,,,,,,,0.0,0.0,0.0,,,,
4546,03302012,Abecma,BRAND,202612,2025-10-31,,0.0,0.0,,,50.0,,,,,,,,,0.0,0.33,0.0,,,,
4547,03302012,Abecma,BRAND,202612,2025-11-07,,0.0,0.0,,,0.0,,,,,,,,,,0.0,,,,,
4548,03302012,Abecma,BRAND,202612,2025-11-14,,0.0,0.0,,,0.0,,,,,,,,,,0.33,,,,,
4549,03302012,Abecma,BRAND,202612,2025-11-19,,0.0,0.0,,,0.0,,,,,,,,,,0.0,,,,,
4550,03302012,Abecma,BRAND,202612,2025-11-21,,0.0,0.0,,,0.0,,,,,,,,,,0.0,,,,,
4551,03302012,Abecma,BRAND,202612,2025-11-28,,0.0,0.0,,,0.0,,,,,,,,,,0.67,,,,,
4552,03302012,Abecma,BRAND,202612,2025-12-05,,0.0,0.0,,,75.86,,,,,,,,,0.0,0.0,0.0,,,,
4553,03302012,Abecma,BRAND,202612,2025-12-12,-34.39,28133.19,-20561.17,,73.09,91.67,100.0,21.29,88.68,100.0,86.54,100.0,0.0,1,50.0,0.46,0.0,88.68,100.0,73.66,
4554,03302012,Abecma,BRAND,202612,2025-12-17,,0.0,0.0,,,91.67,,,,,,,,,0.0,0.0,0.0,,,,
4555,03302012,Abecma,BRAND,202612,2025-12-19,2.17,3302.08,851.64,,25.79,91.67,100.0,24.58,92.01,99.84,49.7,100.0,0.0,1,50.0,0.46,0.0,92.01,100.0,75.0,
4556,03302012,Abecma,BRAND,202612,2025-12-26,-36.03,14452.89,-14440.89,,99.92,91.3,100.0,56.17,98.62,100.0,96.21,100.0,0.0,1,47.62,0.74,0.0,98.62,100.0,78.43,
4557,03302012,Abecma,BRAND,202612,2026-01-02,74.27,21605.7,19039.28,,88.12,91.3,95.23,36.37,91.21,97.95,84.57,57.16,42.23,0,76.19,0.83,0.0,86.86,14.92,75.76,
4558,03302012,Abecma,BRAND,202612,2026-01-09,0.52,237.37,237.37,,100.0,95.65,100.0,32.86,95.34,100.0,79.67,100.0,0.0,1,31.82,0.39,0.0,95.34,100.0,77.7,
4559,03302012,Abecma,BRAND,202612,2026-01-16,-3.18,14062.27,-1461.25,,10.39,95.83,100.0,33.99,95.59,99.94,82.07,100.0,0.0,1,69.57,0.75,0.0,95.59,100.0,79.07,
4560,03302012,Abecma,BRAND,202612,2026-01-23,14.85,24635.83,5951.91,,24.16,95.52,92.89,41.21,88.17,96.62,79.94,24.03,244.05,0,20.31,0.45,0.0,81.9,220.02,74.97,
4561,03302012,Abecma,BRAND,202612,2026-01-30,57.03,26124.69,25401.61,,97.23,70.83,71.04,48.82,99.59,100.0,98.62,100.0,0.0,1,23.53,0.75,0.0,70.75,100.0,70.67,
4562,03302012,Abecma,BRAND,202612,2026-02-06,-26.85,18779.15,-18779.15,,100.0,98.51,100.0,58.86,99.36,100.0,98.06,100.0,0.0,1,15.15,0.33,0.0,99.36,100.0,80.24,
4563,03302043,ABRAXANE,BRAND,202612,2025-07-18,,0.0,0.0,,,100.0,,,,,,,,,0.0,0.0,0.0,,,,
4564,03302043,ABRAXANE,BRAND,202612,2025-07-25,6.48,8848301.26,6430808.09,,72.68,97.1,100.0,26.76,76.88,98.03,71.6,100.0,0.0,1,26.12,0.25,0.0,76.88,100.0,70.44,
4565,03302043,ABRAXANE,BRAND,202612,2025-08-01,-4.17,14676118.95,-4404363.2,,30.01,97.08,100.0,22.97,61.4,77.26,53.95,100.0,0.0,1,42.86,0.5,0.0,61.4,100.0,65.07,
4566,03302043,ABRAXANE,BRAND,202612,2025-08-08,2.72,20394410.21,2755535.63,,13.51,97.08,100.0,13.67,44.66,61.95,32.83,100.0,0.0,1,71.43,0.85,0.0,44.66,100.0,59.54,
4567,03302043,ABRAXANE,BRAND,202612,2025-08-15,3.22,17691190.88,3344808.95,,18.91,97.06,100.0,17.08,55.83,81.05,58.9,100.0,0.0,1,38.64,0.56,0.0,55.83,100.0,63.02,
4568,03302043,ABRAXANE,BRAND,202612,2025-08-22,-2.9,28668710.13,-3108658.53,,10.84,97.08,100.0,19.88,64.44,88.32,78.08,100.0,0.0,1,35.34,0.46,0.0,64.44,100.0,66.14,
4569,03302043,ABRAXANE,BRAND,202612,2025-08-26,,0.0,0.0,,,97.08,,,,,,,,,0.0,0.0,0.0,,,,
4570,03302043,ABRAXANE,BRAND,202612,2025-08-29,2.69,15918947.18,2805502.89,,17.62,94.16,42.3,39.47,77.03,93.97,83.74,100.0,0.0,1,30.23,0.32,0.0,32.58,100.0,69.55,
4571,03302043,ABRAXANE,BRAND,202612,2025-09-05,2.35,14260095.65,2513363.78,,17.63,86.86,80.72,10.12,42.17,70.92,36.74,100.0,0.0,1,57.14,0.74,0.84,34.04,100.0,54.09,
4572,03302043,ABRAXANE,BRAND,202612,2025-09-12,-1.55,28028462.68,-1695344.77,,6.05,81.02,62.82,25.81,75.87,90.59,40.66,100.0,0.0,1,38.74,0.57,0.9,47.66,100.0,64.65,
4573,03302043,ABRAXANE,BRAND,202612,2025-09-18,-8.38,39925776.38,-9362521.88,,23.45,75.18,39.13,15.74,48.47,69.53,48.39,100.0,0.0,1,67.96,1.17,2.91,18.97,100.0,53.35,
4574,03302043,ABRAXANE,BRAND,202612,2025-09-19,-7.81,24694654.72,-8424904.56,,34.12,75.18,34.83,25.44,77.5,92.32,61.12,100.0,0.0,1,23.3,0.65,0.97,26.99,100.0,63.24,
4575,03302043,ABRAXANE,BRAND,202612,2025-09-26,2.78,5734023.11,2707490.41,,47.22,90.23,85.46,21.11,83.14,91.87,88.68,100.0,0.0,1,27.5,0.48,0.0,71.05,100.0,70.95,
4576,03302043,ABRAXANE,BRAND,202612,2025-10-03,-4.08,24928454.2,-4081011.6,,16.37,80.58,73.69,15.88,45.41,68.27,49.06,100.0,0.0,1,56.25,0.86,1.79,33.46,100.0,53.27,
4577,03302043,ABRAXANE,BRAND,202612,2025-10-10,0.0,0.0,0.0,,,82.39,,,,,,,,,0.0,0.0,0.0,,,,
4578,03302043,ABRAXANE,BRAND,202612,2025-10-17,1.55,34326316.65,1588297.36,,4.63,81.56,56.67,19.79,49.18,71.48,58.86,100.0,0.0,1,65.22,0.69,0.0,27.87,100.0,54.59,
4579,03302043,ABRAXANE,BRAND,202612,2025-10-24,7.61,24873008.52,7395562.16,,29.73,73.05,64.6,27.0,58.37,82.59,66.32,100.0,0.0,1,42.72,0.79,4.85,37.71,100.0,55.22,
4580,03302043,ABRAXANE,BRAND,202612,2025-10-31,2.4,5499948.16,2523185.6,,45.88,80.99,27.69,56.8,88.02,95.99,56.93,100.0,0.0,1,20.87,0.36,0.0,24.37,100.0,68.8,
4581,03302043,ABRAXANE,BRAND,202612,2025-11-07,0.15,12699563.57,168588.28,,1.33,79.14,69.57,13.44,49.06,66.81,36.11,100.0,0.0,1,60.91,0.79,0.0,34.13,100.0,53.92,
4582,03302043,ABRAXANE,BRAND,202612,2025-11-14,-3.21,11666522.24,-3535284.83,,30.3,76.81,64.61,26.42,56.62,79.18,32.66,100.0,0.0,1,28.3,0.42,0.0,36.58,100.0,54.77,
4583,03302043,ABRAXANE,BRAND,202612,2025-11-19,0.72,36687083.69,753435.22,,2.05,76.81,67.95,23.96,65.54,79.16,46.87,100.0,0.0,1,62.26,1.02,1.89,44.53,100.0,60.35,
4584,03302043,ABRAXANE,BRAND,202612,2025-11-21,69.94,93517233.19,74544521.56,,79.71,73.38,13.59,47.6,91.26,98.34,48.07,100.0,0.0,1,21.57,0.54,0.98,12.4,100.0,67.65,
4585,03302043,ABRAXANE,BRAND,202612,2025-11-28,-23.38,59010740.82,-42354318.67,,71.77,84.06,17.57,75.44,92.61,96.53,78.05,100.0,0.0,1,36.21,0.53,0.0,16.27,100.0,72.43,
4586,03302043,ABRAXANE,BRAND,202612,2025-12-05,-7.71,53022088.78,-10700575.5,,20.18,81.16,47.38,31.05,80.2,89.39,84.38,100.0,0.0,1,52.68,0.73,0.0,38.0,100.0,66.98,
4587,03302043,ABRAXANE,BRAND,202612,2025-12-12,-0.18,24210556.16,-231048.19,,0.95,71.53,74.91,22.34,79.04,94.65,74.42,100.0,0.0,1,26.53,0.5,0.0,59.21,100.0,61.91,
4588,03302043,ABRAXANE,BRAND,202612,2025-12-17,22.45,56591178.32,24086875.51,,42.56,73.72,28.33,33.74,67.94,84.49,79.62,100.0,0.0,1,64.36,1.05,0.99,19.25,100.0,60.17,
4589,03302043,ABRAXANE,BRAND,202612,2025-12-19,2.39,20787321.78,3060307.91,,14.72,72.26,40.77,28.55,88.88,97.0,60.31,100.0,0.0,1,29.29,0.86,5.05,36.24,100.0,67.33,
4590,03302043,ABRAXANE,BRAND,202612,2025-12-26,0.92,17608681.46,1207810.66,,6.86,87.59,24.36,36.74,89.44,98.79,60.39,100.0,0.0,1,19.17,0.44,0.83,21.79,100.0,72.27,
4591,03302043,ABRAXANE,BRAND,202612,2026-01-02,26.15,35537131.07,34552783.44,,97.23,86.23,87.26,22.31,66.75,82.17,52.82,9.1,88.24,-1,48.74,0.79,0.84,58.25,79.14,63.83,
4592,03302043,ABRAXANE,BRAND,202612,2026-01-09,-0.46,4953345.53,-765439.44,,15.45,81.88,28.96,52.74,87.45,98.63,88.78,100.0,0.0,1,13.27,0.33,0.0,25.32,100.0,68.82,
4593,03302043,ABRAXANE,BRAND,202612,2026-01-16,0.13,6754468.67,212047.25,,3.14,85.19,62.98,23.38,74.62,95.71,55.03,100.0,0.0,1,19.13,0.42,0.0,46.99,100.0,65.33,
4594,03302043,ABRAXANE,BRAND,202612,2026-01-23,1.96,80437203.0,2577503.55,,3.2,76.3,53.88,24.15,54.75,78.74,66.74,-1004.42,1174.99,0,38.83,0.94,1.94,29.5,2179.41,55.56,
4595,03302043,ABRAXANE,BRAND,202612,2026-01-30,-20.02,85116097.93,-33393002.82,,39.23,77.04,27.27,33.3,70.94,90.04,81.25,100.0,0.0,1,25.0,0.59,0.0,19.34,100.0,61.14,
4596,03302043,ABRAXANE,BRAND,202612,2026-02-06,7.79,20453858.17,10386248.84,,50.78,81.2,53.45,18.05,51.96,73.97,42.38,100.0,0.0,1,48.15,0.84,0.0,27.77,100.0,56.07,
4597,03302101,REVLIMID,BRAND,202612,2025-07-18,,0.0,0.0,,,100.0,,,,,,,,,0.0,0.0,0.0,,,,
4598,03302101,REVLIMID,BRAND,202612,2025-07-25,-9.74,6131980.79,-2816200.75,,45.93,99.77,100.0,21.63,63.79,82.08,55.87,100.0,0.0,1,19.95,0.2,0.0,63.79,100.0,66.09,
4599,03302101,REVLIMID,BRAND,202612,2025-08-01,-0.89,2653641.43,-233783.44,,8.81,99.77,100.0,18.38,46.72,66.66,25.83,100.0,0.0,1,21.8,0.26,0.0,46.72,100.0,59.46,
4600,03302101,REVLIMID,BRAND,202612,2025-08-08,-5.33,8066822.15,-1382668.57,,17.14,99.77,100.0,6.37,23.39,35.39,22.95,100.0,0.0,1,54.55,0.62,0.0,23.39,100.0,51.34,
4601,03302101,REVLIMID,BRAND,202612,2025-08-15,41.59,14986528.08,10215458.45,,68.16,99.77,100.0,28.6,55.3,65.07,39.58,100.0,0.0,1,31.42,0.39,0.0,55.3,100.0,63.34,
4602,03302101,REVLIMID,BRAND,202612,2025-08-22,2.26,5571195.82,814594.48,,14.62,99.66,100.0,24.67,60.98,75.47,56.18,100.0,0.0,1,21.99,0.3,0.0,60.98,100.0,65.27,
4603,03302101,REVLIMID,BRAND,202612,2025-08-26,,0.0,0.0,,,99.66,,,,,,,,,0.0,0.0,0.0,,,,
4604,03302101,REVLIMID,BRAND,202612,2025-08-29,0.84,4116423.05,311205.78,,7.56,96.11,67.41,9.87,40.55,60.87,26.16,100.0,0.0,1,19.67,0.23,0.0,27.33,100.0,55.41,
4605,03302101,REVLIMID,BRAND,202612,2025-09-05,-23.74,11854308.97,-8829045.93,,74.48,87.7,61.96,35.94,57.39,64.55,39.44,100.0,0.0,1,40.1,0.54,1.31,35.56,100.0,59.84,
4606,03302101,REVLIMID,BRAND,202612,2025-09-12,-8.82,4401863.99,-2435151.57,,55.32,89.04,32.48,43.58,63.93,74.11,57.05,100.0,0.0,1,16.1,0.31,0.39,20.76,100.0,62.21,
4607,03302101,REVLIMID,BRAND,202612,2025-09-18,-32.24,15710544.81,-11863022.5,,75.51,85.46,68.26,26.77,60.93,69.89,48.75,100.0,0.0,1,49.79,0.76,0.82,41.59,100.0,61.1,
4608,03302101,REVLIMID,BRAND,202612,2025-09-19,-2.16,4321127.03,-542980.63,,12.57,85.11,47.88,11.98,37.15,55.75,19.11,100.0,0.0,1,21.07,0.5,0.96,17.79,100.0,50.58,
4609,03302101,REVLIMID,BRAND,202612,2025-09-26,0.36,1539986.96,89042.51,,5.78,92.71,58.06,13.89,43.58,59.24,26.12,100.0,0.0,1,13.53,0.26,0.52,25.31,100.0,55.38,
4610,03302101,REVLIMID,BRAND,202612,2025-10-03,1.64,4979648.9,405891.76,,8.15,89.86,60.81,9.49,31.2,44.38,21.78,100.0,0.0,1,41.6,0.56,0.66,18.97,100.0,50.31,
4611,03302101,REVLIMID,BRAND,202612,2025-10-10,0.0,0.0,0.0,,,92.16,,,,,,,,,0.0,0.0,0.0,,,,
4612,03302101,REVLIMID,BRAND,202612,2025-10-17,4.53,7081134.19,1127230.74,,15.92,88.3,70.33,6.89,26.44,39.81,16.74,100.0,0.0,1,51.52,0.58,0.0,18.6,100.0,47.82,
4613,03302101,REVLIMID,BRAND,202612,2025-10-24,8.29,6096456.04,2081239.54,,34.14,82.04,54.85,10.43,35.46,49.46,27.44,100.0,0.0,1,28.11,0.62,1.69,19.45,100.0,49.07,
4614,03302101,REVLIMID,BRAND,202612,2025-10-31,-4.13,4353692.7,-1125154.82,,25.84,88.05,63.28,8.53,28.65,45.88,26.93,100.0,0.0,1,22.19,0.42,1.04,18.13,100.0,48.08,
4615,03302101,REVLIMID,BRAND,202612,2025-11-07,-0.84,4097475.21,-220428.76,,5.38,87.46,41.62,9.21,33.63,44.95,41.34,100.0,0.0,1,39.34,0.58,1.45,14.0,100.0,50.38,
4616,03302101,REVLIMID,BRAND,202612,2025-11-14,154.89,42792505.5,40317725.7,,94.22,88.18,11.74,84.45,88.76,91.76,86.72,100.0,0.0,1,22.73,0.36,0.66,10.42,100.0,71.99,
4617,03302101,REVLIMID,BRAND,202612,2025-11-19,22.22,11713525.47,5726263.96,,48.89,79.58,48.45,6.54,20.47,32.5,19.27,100.0,0.0,1,55.98,0.9,1.75,9.92,100.0,43.03,
4618,03302101,REVLIMID,BRAND,202612,2025-11-21,43.48,30918537.09,28841058.31,,93.28,81.67,5.3,82.66,89.54,91.72,91.36,100.0,0.0,1,21.73,0.56,1.7,4.75,100.0,70.35,
4619,03302101,REVLIMID,BRAND,202612,2025-11-28,-1.57,3385829.65,-1496373.33,,44.2,93.37,51.71,39.17,57.66,67.78,46.45,100.0,0.0,1,19.43,0.34,0.62,29.82,100.0,61.54,
4620,03302101,REVLIMID,BRAND,202612,2025-12-05,-69.35,69484121.11,-64902776.48,,93.41,86.96,5.03,89.57,92.35,93.99,90.95,100.0,0.0,1,47.03,0.69,0.27,4.65,100.0,74.03,
4621,03302101,REVLIMID,BRAND,202612,2025-12-12,2360.9,681437126.8,677356638.86,,99.4,86.28,0.51,98.97,99.43,99.6,99.36,100.0,0.0,1,15.62,0.3,0.27,0.51,100.0,75.29,
4622,03302101,REVLIMID,BRAND,202612,2025-12-17,2121.2,683140862.0,674526974.82,,98.74,84.49,0.7,98.67,99.03,99.24,99.08,100.0,0.0,1,54.1,0.81,0.7,0.69,100.0,76.11,
4623,03302101,REVLIMID,BRAND,202612,2025-12-19,0.1,1393420.69,725334.57,,52.05,84.35,30.73,10.4,33.9,50.41,44.72,100.0,0.0,1,13.11,0.4,1.53,10.42,100.0,48.62,
4624,03302101,REVLIMID,BRAND,202612,2025-12-26,-0.22,2608201.5,-1529708.85,,58.65,94.99,95.18,13.22,51.17,78.42,31.48,100.0,0.0,1,13.55,0.2,0.75,48.7,100.0,59.14,
4625,03302101,REVLIMID,BRAND,202612,2026-01-02,116.15,826057663.22,818438730.02,,99.08,93.23,99.86,97.81,98.21,98.39,98.27,-0.15,100.24,-1,62.42,0.54,0.51,98.07,100.39,78.38,
4626,03302101,REVLIMID,BRAND,202612,2026-01-09,-97.93,1493309215.67,-1491973166.79,,99.91,86.82,0.22,99.27,99.57,99.68,99.46,100.0,0.0,1,16.28,0.29,0.27,0.22,100.0,75.52,
4627,03302101,REVLIMID,BRAND,202612,2026-01-16,29.74,12344771.44,9296803.55,,75.31,86.98,44.73,21.63,48.66,59.98,37.45,100.0,0.0,1,24.04,0.37,0.0,21.77,100.0,55.5,
4628,03302101,REVLIMID,BRAND,202612,2026-01-23,-94.14,696894805.09,-664110818.76,,95.3,78.11,2.57,96.77,97.56,97.78,97.73,101.78,-123.49,0,56.51,0.93,0.77,2.5,225.27,73.37,
4629,03302101,REVLIMID,BRAND,202612,2026-01-30,0.0,12141459.53,1505.14,,0.01,78.42,27.41,13.97,33.12,44.63,36.25,100.0,0.0,1,25.38,0.65,1.38,9.08,100.0,46.76,
4630,03302101,REVLIMID,BRAND,202612,2026-02-06,-2.63,4668936.24,-1067221.71,,22.86,84.34,43.11,12.15,34.6,45.27,31.43,100.0,0.0,1,43.74,0.72,0.0,14.91,100.0,49.97,
4631,03302102,THALOMID,BRAND,202612,2025-07-18,,0.0,0.0,,,100.0,,,,,,,,,0.0,0.0,0.0,,,,
4632,03302102,THALOMID,BRAND,202612,2025-07-25,1.04,315234.7,61486.12,,19.5,96.12,100.0,15.77,53.6,80.6,33.95,100.0,0.0,1,21.77,0.21,0.0,53.6,100.0,60.59,
4633,03302102,THALOMID,BRAND,202612,2025-08-01,-0.12,16045.42,-7070.85,,44.07,96.12,100.0,30.31,83.83,97.22,50.0,100.0,0.0,1,12.9,0.16,0.0,83.83,100.0,72.5,
4634,03302102,THALOMID,BRAND,202612,2025-08-08,36.04,2487959.53,2153688.26,,86.56,96.18,100.0,76.42,85.26,91.44,76.42,100.0,0.0,1,47.62,0.56,0.0,85.26,100.0,74.46,
4635,03302102,THALOMID,BRAND,202612,2025-08-15,5321.38,437385971.11,432943660.08,,98.98,96.18,100.0,99.43,99.94,99.98,99.87,100.0,0.0,1,23.02,0.24,0.0,99.94,100.0,79.26,
4636,03302102,THALOMID,BRAND,202612,2025-08-22,-0.0,210703.55,-13303.47,,6.31,96.21,100.0,12.55,52.83,82.78,26.16,100.0,0.0,1,21.26,0.24,0.0,52.83,100.0,60.43,
4637,03302102,THALOMID,BRAND,202612,2025-08-26,,0.0,0.0,,,96.18,,,,,,,,,0.0,0.0,0.0,,,,
4638,03302102,THALOMID,BRAND,202612,2025-08-29,-98.64,435143495.55,-435065232.2,,99.98,92.37,0.02,99.95,99.98,100.0,99.95,100.0,0.0,1,15.7,0.18,0.0,0.02,100.0,77.55,
4639,03302102,THALOMID,BRAND,202612,2025-09-05,-0.88,603949.07,-53052.52,,8.78,91.47,59.22,32.16,72.82,85.6,61.31,100.0,0.0,1,36.44,0.43,0.85,43.12,100.0,67.17,
4640,03302102,THALOMID,BRAND,202612,2025-09-12,-1.72,702772.27,-102128.99,,14.53,86.92,63.56,29.5,89.36,99.61,37.94,100.0,0.0,1,8.85,0.19,0.0,56.8,100.0,71.15,
4641,03302102,THALOMID,BRAND,202612,2025-09-18,-98.75,436513798.07,-435349740.23,,99.73,81.89,0.14,99.63,99.81,99.92,99.63,100.0,0.0,1,49.04,0.74,0.96,0.14,100.0,75.15,
4642,03302102,THALOMID,BRAND,202612,2025-09-19,-3.79,596019.69,-216966.14,,36.4,83.59,34.48,32.61,88.31,97.63,53.0,100.0,0.0,1,10.28,0.39,0.93,30.45,100.0,70.06,
4643,03302102,THALOMID,BRAND,202612,2025-09-26,-0.25,47475.76,-13981.26,,29.45,94.17,98.61,56.97,95.21,98.95,56.97,100.0,0.0,1,14.16,0.18,0.0,93.89,100.0,76.33,
4644,03302102,THALOMID,BRAND,202612,2025-10-03,-5.48,662179.4,-308091.68,,46.53,89.6,31.9,44.75,68.38,79.38,44.75,100.0,0.0,1,36.61,0.44,0.0,21.82,100.0,64.66,
4645,03302102,THALOMID,BRAND,202612,2025-10-10,0.0,0.0,0.0,,,89.76,,,,,,,,,0.0,0.0,0.0,,,,
4646,03302102,THALOMID,BRAND,202612,2025-10-17,-7.14,1101620.37,-396765.95,,36.02,82.81,47.91,26.9,57.91,76.63,39.89,100.0,0.0,1,48.11,0.53,0.0,27.75,100.0,58.06,
4647,03302102,THALOMID,BRAND,202612,2025-10-24,-1.46,521158.51,-77392.74,,14.85,75.38,38.46,14.31,40.94,60.96,31.51,100.0,0.0,1,23.47,0.65,1.02,15.74,100.0,48.68,
4648,03302102,THALOMID,BRAND,202612,2025-10-31,-0.29,49581.65,-15055.54,,30.37,91.67,76.73,25.72,82.35,97.84,31.21,100.0,0.0,1,13.22,0.22,1.65,63.19,100.0,70.34,
4649,03302102,THALOMID,BRAND,202612,2025-11-07,5.8,650299.91,303035.8,,46.6,83.85,45.51,19.06,55.43,72.57,37.15,100.0,0.0,1,42.2,0.63,0.92,25.23,100.0,57.81,
4650,03302102,THALOMID,BRAND,202612,2025-11-14,1.95,399571.28,107760.68,,26.97,83.97,71.72,35.39,69.8,88.15,48.43,100.0,0.0,1,18.18,0.37,0.0,50.06,100.0,62.73,
4651,03302102,THALOMID,BRAND,202612,2025-11-19,10.24,1614847.28,533506.15,,33.04,81.68,51.26,16.08,54.51,75.76,54.96,100.0,0.0,1,51.4,0.82,2.8,27.94,100.0,57.2,
4652,03302102,THALOMID,BRAND,202612,2025-11-21,4.07,877315.16,229499.87,,26.16,81.06,8.38,29.61,90.05,98.32,91.32,100.0,0.0,1,13.08,0.41,0.93,7.54,100.0,69.81,
4653,03302102,THALOMID,BRAND,202612,2025-11-28,-1.14,519369.07,-66064.72,,12.72,91.6,73.9,30.92,93.21,98.6,35.57,100.0,0.0,1,21.67,0.27,0.0,68.88,100.0,74.84,
4654,03302102,THALOMID,BRAND,202612,2025-12-05,1.34,346966.51,76944.1,,22.18,88.64,57.46,31.77,61.55,77.68,51.21,100.0,0.0,1,35.9,0.42,0.85,35.37,100.0,61.49,
4655,03302102,THALOMID,BRAND,202612,2025-12-12,1.57,279842.81,92573.44,,33.08,85.38,77.43,18.93,63.39,84.01,53.82,100.0,0.0,1,18.92,0.35,0.9,49.08,100.0,60.66,
4656,03302102,THALOMID,BRAND,202612,2025-12-17,1.63,1039748.83,93892.44,,9.03,86.15,94.81,20.54,74.66,86.88,45.21,100.0,0.0,1,52.68,0.85,0.89,70.78,100.0,67.17,
4657,03302102,THALOMID,BRAND,202612,2025-12-19,-0.44,75344.14,-26536.81,,35.22,89.23,67.91,22.29,72.48,91.92,39.96,100.0,0.0,1,13.79,0.29,0.86,49.22,100.0,65.66,
4658,03302102,THALOMID,BRAND,202612,2025-12-26,0.72,89962.36,42665.68,,47.43,93.02,35.11,32.7,84.46,95.78,45.75,100.0,0.0,1,16.67,0.26,0.83,29.65,100.0,71.84,
4659,03302102,THALOMID,BRAND,202612,2026-01-02,27.49,2911900.66,1651957.73,,56.73,94.66,93.11,15.09,40.69,60.59,33.72,3.38,91.16,-1,50.81,0.52,0.81,37.88,87.78,55.87,
4660,03302102,THALOMID,BRAND,202612,2026-01-09,-0.19,575770.01,-14798.43,,2.57,93.13,14.5,36.82,99.67,99.99,48.69,100.0,0.0,1,5.74,0.16,2.46,14.46,100.0,77.65,
4661,03302102,THALOMID,BRAND,202612,2026-01-16,2.03,439240.51,150460.04,,34.25,85.83,74.1,19.88,61.94,80.86,70.89,100.0,0.0,1,27.52,0.41,1.83,45.9,100.0,60.47,
4662,03302102,THALOMID,BRAND,202612,2026-01-23,32.23,3558509.67,1865643.04,,52.43,80.47,75.47,12.35,41.53,61.01,24.34,8.16,81.4,0,49.51,0.95,0.97,31.34,73.25,51.95,
4663,03302102,THALOMID,BRAND,202612,2026-01-30,1.82,1189116.1,137419.3,,11.56,86.72,67.14,32.5,75.24,90.01,36.23,100.0,0.0,1,31.53,0.62,0.0,50.51,100.0,66.84,
4664,03302102,THALOMID,BRAND,202612,2026-02-06,-0.55,693529.83,-42429.27,,6.12,86.51,69.62,28.15,54.31,74.29,37.51,100.0,0.0,1,49.54,0.68,0.0,37.81,100.0,58.6,
4665,03302103,VIDAZA,BRAND,202612,2025-07-18,,0.0,0.0,,,100.0,,,,,,,,,0.0,0.0,0.0,,,,
4666,03302103,VIDAZA,BRAND,202612,2025-07-25,0.18,993996.67,26521.4,,2.67,98.02,100.0,30.03,69.9,86.7,50.83,100.0,0.0,1,32.32,0.32,0.0,69.9,100.0,68.22,
4667,03302103,VIDAZA,BRAND,202612,2025-08-01,-2.73,892644.18,-398460.6,,44.64,98.02,100.0,41.32,88.62,99.04,49.07,100.0,0.0,1,14.14,0.16,0.0,88.62,100.0,75.18,
4668,03302103,VIDAZA,BRAND,202612,2025-08-08,-0.95,2348897.68,-134994.94,,5.75,99.0,100.0,23.45,51.72,68.7,43.43,100.0,0.0,1,60.61,0.68,0.0,51.72,100.0,62.56,
4669,03302103,VIDAZA,BRAND,202612,2025-08-15,1.93,1372074.32,270377.15,,19.71,99.0,100.0,30.14,73.77,93.55,49.59,100.0,0.0,1,30.3,0.38,0.0,73.77,100.0,70.38,
4670,03302103,VIDAZA,BRAND,202612,2025-08-22,0.92,1268867.81,132238.8,,10.42,99.0,100.0,18.96,54.36,78.33,48.4,100.0,0.0,1,47.47,0.53,0.0,54.36,100.0,63.11,
4671,03302103,VIDAZA,BRAND,202612,2025-08-26,,0.0,0.0,,,99.0,,,,,,,,,0.0,0.0,0.0,,,,
4672,03302103,VIDAZA,BRAND,202612,2025-08-29,0.88,983767.28,126821.14,,12.89,94.06,61.76,19.15,70.46,91.81,46.57,100.0,0.0,1,23.16,0.27,0.0,43.51,100.0,66.7,
4673,03302103,VIDAZA,BRAND,202612,2025-09-05,4.55,5807212.95,663703.28,,11.43,82.18,74.7,27.3,79.68,89.95,48.57,100.0,0.0,1,51.81,0.67,0.0,59.52,100.0,66.99,
4674,03302103,VIDAZA,BRAND,202612,2025-09-12,0.54,953962.76,81758.6,,8.57,95.1,71.99,20.9,83.78,99.83,61.83,100.0,0.0,1,18.56,0.29,0.0,60.31,100.0,72.53,
4675,03302103,VIDAZA,BRAND,202612,2025-09-18,-0.49,4933272.39,-70209.99,,1.42,85.15,56.93,32.13,68.84,83.68,51.48,100.0,0.0,1,67.44,0.88,1.16,39.19,100.0,64.53,
4676,03302103,VIDAZA,BRAND,202612,2025-09-19,-6.29,4171450.8,-964040.23,,23.11,85.15,41.46,38.13,84.46,95.16,45.5,100.0,0.0,1,30.23,0.7,0.0,35.01,100.0,70.19,
4677,03302103,VIDAZA,BRAND,202612,2025-09-26,8.55,1431577.73,1228444.07,,85.81,95.05,99.92,92.57,99.3,99.87,98.54,100.0,0.0,1,16.67,0.32,0.0,99.22,100.0,78.8,
4678,03302103,VIDAZA,BRAND,202612,2025-10-03,-50.81,8817742.26,-7927202.67,,89.9,60.4,44.71,33.52,67.99,81.54,71.04,100.0,0.0,1,44.26,0.86,1.64,30.4,100.0,54.23,
4679,03302103,VIDAZA,BRAND,202612,2025-10-10,0.0,0.0,0.0,,,86.14,,,,,,,,,0.0,0.0,0.0,,,,
4680,03302103,VIDAZA,BRAND,202612,2025-10-17,-2.77,3931864.82,-398786.07,,10.14,88.89,91.02,46.33,85.15,91.18,69.75,100.0,0.0,1,59.09,0.63,0.0,77.5,100.0,71.7,
4681,03302103,VIDAZA,BRAND,202612,2025-10-24,90.71,7498976.83,6960532.6,,92.82,73.74,59.36,18.2,54.35,76.14,49.77,100.0,0.0,1,53.42,0.93,1.37,32.26,100.0,54.33,
4682,03302103,VIDAZA,BRAND,202612,2025-10-31,-10.49,2031429.81,-1534694.52,,75.55,82.18,89.69,31.64,86.19,98.34,42.02,100.0,0.0,1,16.87,0.27,0.0,77.3,100.0,68.24,
4683,03302103,VIDAZA,BRAND,202612,2025-11-07,24.64,4456868.94,3325400.21,,74.61,90.1,94.03,47.67,84.06,91.36,86.38,100.0,0.0,1,61.54,0.74,2.2,79.04,100.0,72.14,
4684,03302103,VIDAZA,BRAND,202612,2025-11-14,17.64,3684333.47,2967632.09,,80.55,87.25,38.89,53.95,94.92,99.81,91.35,100.0,0.0,1,10.11,0.23,0.0,36.92,100.0,73.62,
4685,03302103,VIDAZA,BRAND,202612,2025-11-19,2.61,6480367.04,364725.28,,5.63,82.35,62.21,29.93,71.16,84.71,54.01,100.0,0.0,1,64.29,0.8,1.19,44.27,100.0,64.08,
4686,03302103,VIDAZA,BRAND,202612,2025-11-21,-25.31,10448993.26,-5007600.07,,47.92,79.41,25.77,46.27,93.42,97.28,92.89,100.0,0.0,1,29.63,0.65,3.7,24.07,100.0,71.29,
4687,03302103,VIDAZA,BRAND,202612,2025-11-28,-13.4,2358588.11,-1980144.45,,83.95,91.18,11.38,83.47,96.1,99.67,88.37,100.0,0.0,1,15.05,0.39,1.08,10.93,100.0,76.22,
4688,03302103,VIDAZA,BRAND,202612,2025-12-05,28.29,4965496.99,3620647.22,,72.92,86.27,91.17,62.28,86.91,92.02,88.18,100.0,0.0,1,65.91,0.84,1.14,79.24,100.0,72.08,
4689,03302103,VIDAZA,BRAND,202612,2025-12-12,7.82,2268327.65,1281249.57,,56.48,83.33,34.06,58.67,89.05,98.02,68.39,100.0,0.0,1,15.29,0.41,1.18,30.33,100.0,70.33,
4690,03302103,VIDAZA,BRAND,202612,2025-12-17,33.22,11159117.75,4880899.25,,43.74,85.29,95.14,58.01,88.83,93.07,87.52,100.0,0.0,1,72.41,1.08,1.15,84.51,100.0,73.24,
4691,03302103,VIDAZA,BRAND,202612,2025-12-19,24.09,5285392.29,4253770.91,,80.48,80.39,25.93,63.76,97.34,99.93,93.3,100.0,0.0,1,10.98,0.42,3.66,25.24,100.0,72.5,
4692,03302103,VIDAZA,BRAND,202612,2025-12-26,1.33,2910529.47,291270.78,,10.01,90.2,88.13,45.29,86.3,99.1,51.34,100.0,0.0,1,15.22,0.25,0.0,76.06,100.0,71.42,
4693,03302103,VIDAZA,BRAND,202612,2026-01-02,8.77,5352459.3,1947415.69,,36.38,85.29,73.49,32.45,79.92,90.56,61.31,39.58,54.75,1,50.57,0.8,0.0,58.73,15.17,68.77,
4694,03302103,VIDAZA,BRAND,202612,2026-01-09,-45.77,12677346.48,-11051911.28,,87.18,84.31,99.29,61.15,98.01,99.47,97.78,100.0,0.0,1,18.6,0.26,0.0,97.31,100.0,73.81,
4695,03302103,VIDAZA,BRAND,202612,2026-01-16,-13.06,2111503.35,-1572555.44,,74.48,84.85,47.45,33.79,91.66,98.64,60.86,100.0,0.0,1,19.05,0.3,0.0,43.49,100.0,71.62,
4696,03302103,VIDAZA,BRAND,202612,2026-01-23,-39.89,12110780.62,-7386033.23,,60.99,77.78,74.64,51.69,73.89,89.44,65.77,102.46,-9.38,1,50.65,0.95,0.0,55.15,111.84,63.83,
4697,03302103,VIDAZA,BRAND,202612,2026-01-30,-0.49,1279027.75,-50765.86,,3.97,77.78,43.49,16.07,56.21,82.72,50.2,100.0,0.0,1,28.57,0.56,0.0,24.44,100.0,55.45,
4698,03302103,VIDAZA,BRAND,202612,2026-02-06,22.55,3458373.63,2348541.85,,67.91,80.61,85.43,38.46,80.0,90.57,42.23,100.0,0.0,1,62.03,0.86,0.0,68.35,100.0,67.1,
4699,03302104,POMALYST (pomalide),BRAND,202612,2025-07-18,,0.0,0.0,,,100.0,,,,,,,,,0.0,0.0,0.0,,,,
4700,03302104,POMALYST (pomalide),BRAND,202612,2025-07-25,0.13,664452.18,17904.01,,2.69,99.5,100.0,7.73,31.63,52.1,32.66,100.0,0.0,1,19.77,0.2,0.0,31.63,100.0,53.11,
4701,03302104,POMALYST (pomalide),BRAND,202612,2025-08-01,0.88,847987.44,119312.96,,14.07,99.5,100.0,21.91,48.57,62.81,47.89,100.0,0.0,1,17.91,0.22,0.0,48.57,100.0,59.96,
4702,03302104,POMALYST (pomalide),BRAND,202612,2025-08-08,24.63,4611596.61,3385581.21,,73.41,99.87,100.0,14.37,35.68,53.16,76.59,100.0,0.0,1,44.89,0.51,0.0,35.68,100.0,55.92,
4703,03302104,POMALYST (pomalide),BRAND,202612,2025-08-15,-19.14,4129007.15,-3287064.56,,79.61,99.87,100.0,15.54,39.33,58.85,86.7,100.0,0.0,1,22.19,0.27,0.0,39.33,100.0,56.57,
4704,03302104,POMALYST (pomalide),BRAND,202612,2025-08-22,3.07,2003510.03,426863.02,,21.31,99.87,100.0,11.97,41.37,56.75,53.52,100.0,0.0,1,23.71,0.3,0.0,41.37,100.0,57.49,
4705,03302104,POMALYST (pomalide),BRAND,202612,2025-08-26,,0.0,0.0,,,99.87,,,,,,,,,0.0,0.0,0.0,,,,
4706,03302104,POMALYST (pomalide),BRAND,202612,2025-08-29,-1.79,975063.9,-256566.65,,26.31,97.49,63.16,13.38,47.41,68.42,52.69,100.0,0.0,1,12.63,0.15,0.0,29.95,100.0,58.45,
4707,03302104,POMALYST (pomalide),BRAND,202612,2025-09-05,0.48,2777474.81,67175.95,,2.42,92.05,69.48,14.98,42.94,54.99,37.22,100.0,0.0,1,36.49,0.47,0.14,29.83,100.0,55.55,
4708,03302104,POMALYST (pomalide),BRAND,202612,2025-09-12,-1.09,524636.73,-153656.73,,29.29,94.97,74.89,19.39,43.65,58.71,70.87,100.0,0.0,1,16.42,0.25,0.26,32.69,100.0,56.29,
4709,03302104,POMALYST (pomalide),BRAND,202612,2025-09-18,1.28,3571289.66,178448.38,,5.0,90.04,68.08,8.57,28.49,42.24,35.7,100.0,0.0,1,48.09,0.7,1.28,19.4,100.0,49.75,
4710,03302104,POMALYST (pomalide),BRAND,202612,2025-09-19,0.71,2252800.41,99053.59,,4.4,89.13,15.08,32.48,72.23,81.65,48.66,100.0,0.0,1,14.63,0.38,0.72,10.89,100.0,65.82,
4711,03302104,POMALYST (pomalide),BRAND,202612,2025-09-26,-0.54,2529142.77,-75870.66,,3.0,93.3,57.86,5.45,22.52,38.55,42.32,100.0,0.0,1,23.1,0.36,0.28,13.03,100.0,47.53,
4712,03302104,POMALYST (pomalide),BRAND,202612,2025-10-03,5.69,3055873.87,795978.96,,26.05,85.82,38.12,7.25,25.94,39.65,46.27,100.0,0.0,1,37.35,0.59,0.6,9.89,100.0,46.66,
4713,03302104,POMALYST (pomalide),BRAND,202612,2025-10-10,0.0,0.0,0.0,,,92.38,,,,,,,,,0.0,0.0,0.0,,,,
4714,03302104,POMALYST (pomalide),BRAND,202612,2025-10-17,-1.39,4383900.32,-195645.93,,4.46,82.76,42.73,9.79,23.25,33.75,37.94,100.0,0.0,1,47.69,0.55,0.0,9.93,100.0,44.25,
4715,03302104,POMALYST (pomalide),BRAND,202612,2025-10-24,-5.93,1974660.1,-875212.12,,44.32,85.44,27.59,20.21,40.51,53.25,43.62,100.0,0.0,1,22.42,0.49,1.2,11.18,100.0,52.01,
4716,03302104,POMALYST (pomalide),BRAND,202612,2025-10-31,5.86,3028693.56,814419.13,,26.89,91.01,52.06,14.16,41.92,56.48,36.39,100.0,0.0,1,18.66,0.32,0.14,21.82,100.0,54.24,
4717,03302104,POMALYST (pomalide),BRAND,202612,2025-11-07,-6.53,3891355.25,-966293.84,,24.83,84.54,26.12,11.02,32.86,45.94,28.11,100.0,0.0,1,41.89,0.6,0.74,8.58,100.0,48.97,
4718,03302104,POMALYST (pomalide),BRAND,202612,2025-11-14,-4.6,1366173.56,-636825.16,,46.61,88.69,50.87,10.09,36.93,52.62,32.88,100.0,0.0,1,13.31,0.29,0.28,18.79,100.0,51.22,
4719,03302104,POMALYST (pomalide),BRAND,202612,2025-11-19,0.22,5545252.1,29874.75,,0.54,84.05,49.76,8.79,30.07,44.74,30.93,100.0,0.0,1,46.04,0.73,0.9,14.96,100.0,48.08,
4720,03302104,POMALYST (pomalide),BRAND,202612,2025-11-21,5.21,2109178.49,688456.16,,32.64,87.17,56.48,6.3,27.71,45.7,53.67,100.0,0.0,1,24.24,0.49,0.58,15.65,100.0,47.58,
4721,03302104,POMALYST (pomalide),BRAND,202612,2025-11-28,-6.18,2447839.73,-858238.57,,35.06,87.42,36.31,5.44,22.15,37.07,66.85,100.0,0.0,1,17.7,0.34,0.29,8.04,100.0,44.95,
4722,03302104,POMALYST (pomalide),BRAND,202612,2025-12-05,4.06,4255242.28,526461.99,,12.37,87.23,41.23,9.87,27.34,39.77,39.56,100.0,0.0,1,43.04,0.56,0.58,11.27,100.0,47.69,
4723,03302104,POMALYST (pomalide),BRAND,202612,2025-12-12,11.57,2087860.96,1561140.38,,74.77,90.63,48.65,13.25,52.98,78.42,43.56,100.0,0.0,1,9.78,0.17,0.14,25.78,100.0,58.01,
4724,03302104,POMALYST (pomalide),BRAND,202612,2025-12-17,7.3,4987557.27,1011315.41,,20.28,88.56,49.32,5.17,20.78,32.83,50.29,100.0,0.0,1,49.64,0.68,0.72,10.25,100.0,45.99,
4725,03302104,POMALYST (pomalide),BRAND,202612,2025-12-19,-1.49,1279911.76,-224380.4,,17.53,89.47,24.94,7.19,30.61,51.43,62.47,100.0,0.0,1,8.09,0.25,1.13,7.64,100.0,48.86,
4726,03302104,POMALYST (pomalide),BRAND,202612,2025-12-26,-6.99,1462640.81,-1037023.55,,70.9,94.26,47.09,15.12,42.21,58.58,55.81,100.0,0.0,1,9.07,0.19,0.54,19.88,100.0,55.21,
4727,03302104,POMALYST (pomalide),BRAND,202612,2026-01-02,157.8,23881914.18,21777674.71,,91.19,93.67,86.44,5.95,17.89,26.63,18.14,-0.72,100.79,-1,62.7,0.41,0.27,15.47,101.51,46.0,
4728,03302104,POMALYST (pomalide),BRAND,202612,2026-01-09,13.32,8262621.57,4721037.85,,57.14,89.9,66.93,18.19,45.91,61.69,19.82,100.0,0.0,1,16.29,0.28,0.14,30.73,100.0,55.24,
4729,03302104,POMALYST (pomalide),BRAND,202612,2026-01-16,2.0,4374834.87,804009.84,,18.38,87.09,52.65,8.04,28.14,43.44,62.08,100.0,0.0,1,23.26,0.36,0.0,14.82,100.0,47.28,
4730,03302104,POMALYST (pomalide),BRAND,202612,2026-01-23,184.46,31597981.99,27456030.14,,86.89,82.66,79.83,4.39,16.73,25.45,16.44,1.28,92.73,-1,59.57,0.84,0.92,13.36,91.45,42.57,
4731,03302104,POMALYST (pomalide),BRAND,202612,2026-01-30,-3.63,9559709.61,-1486119.06,,15.55,83.48,43.81,11.22,32.01,42.69,46.54,100.0,0.0,1,24.66,0.58,0.76,14.03,100.0,48.13,
4732,03302104,POMALYST (pomalide),BRAND,202612,2026-02-06,2.46,10266054.92,972735.33,,9.48,85.35,28.1,11.18,31.44,45.02,37.42,100.0,0.0,1,40.3,0.64,0.0,8.84,100.0,48.86,
4733,03302105,ISTODAX,BRAND,202612,2025-07-18,,0.0,0.0,,,100.0,,,,,,,,,0.0,0.0,0.0,,,,
4734,03302105,ISTODAX,BRAND,202612,2025-07-25,-0.1,716221.46,-12242.05,,1.71,100.0,100.0,47.87,97.72,100.0,47.87,100.0,0.0,1,41.67,0.42,0.0,97.72,100.0,80.48,
4735,03302105,ISTODAX,BRAND,202612,2025-08-01,-0.01,818851.58,-1589.21,,0.19,100.0,100.0,33.98,92.93,98.79,51.49,100.0,0.0,1,54.17,0.71,0.0,92.93,100.0,79.53,
4736,03302105,ISTODAX,BRAND,202612,2025-08-08,1.57,729276.1,185547.7,,25.44,100.0,100.0,46.08,92.85,99.24,67.69,100.0,0.0,1,58.33,0.96,0.0,92.85,100.0,80.34,
4737,03302105,ISTODAX,BRAND,202612,2025-08-15,-2.28,3191529.45,-273039.16,,8.56,100.0,100.0,30.35,79.58,98.13,50.92,100.0,0.0,1,62.5,0.79,0.0,79.58,100.0,74.47,
4738,03302105,ISTODAX,BRAND,202612,2025-08-22,4.03,1978222.4,472951.81,,23.91,100.0,100.0,18.18,75.41,98.4,39.05,100.0,0.0,1,62.5,0.83,0.0,75.41,100.0,72.94,
4739,03302105,ISTODAX,BRAND,202612,2025-08-26,,0.0,0.0,,,100.0,,,,,,,,,0.0,0.0,0.0,,,,
4740,03302105,ISTODAX,BRAND,202612,2025-08-29,0.09,735711.02,10937.86,,1.49,95.65,98.23,39.29,96.73,100.0,39.29,100.0,0.0,1,40.91,0.43,0.0,95.02,100.0,78.4,
4741,03302105,ISTODAX,BRAND,202612,2025-09-05,2.41,564917.2,294707.42,,52.17,86.96,75.82,22.73,89.03,98.56,38.86,100.0,0.0,1,55.0,0.7,0.0,67.5,100.0,72.71,
4742,03302105,ISTODAX,BRAND,202612,2025-09-12,-27.38,7255784.6,-3422943.87,,47.18,73.91,89.57,62.56,99.14,99.98,88.75,100.0,0.0,1,47.06,0.74,0.0,88.8,100.0,71.69,
4743,03302105,ISTODAX,BRAND,202612,2025-09-18,-24.35,7567914.26,-2976012.78,,39.32,65.22,3.51,64.12,97.2,99.56,89.66,100.0,0.0,1,60.0,1.22,0.0,3.42,100.0,69.02,
4744,03302105,ISTODAX,BRAND,202612,2025-09-19,1.84,1561824.29,167037.54,,10.7,56.52,6.71,49.02,96.48,99.85,49.02,100.0,0.0,1,38.46,1.0,0.0,6.47,100.0,64.54,
4745,03302105,ISTODAX,BRAND,202612,2025-09-26,0.16,484921.97,14983.73,,3.09,90.91,89.59,40.33,97.55,100.0,43.03,100.0,0.0,1,45.0,0.68,0.0,87.4,100.0,77.66,
4746,03302105,ISTODAX,BRAND,202612,2025-10-03,2.75,981876.81,254208.1,,25.89,90.48,79.96,51.24,94.27,99.56,72.7,100.0,0.0,1,57.89,0.76,0.0,75.38,100.0,76.44,
4747,03302105,ISTODAX,BRAND,202612,2025-10-10,0.0,0.0,0.0,,,90.91,,,,,,,,,0.0,0.0,0.0,,,,
4748,03302105,ISTODAX,BRAND,202612,2025-10-17,2.86,2306836.23,263952.06,,11.44,100.0,100.0,33.76,92.71,99.37,33.76,100.0,0.0,1,56.52,0.57,0.0,92.71,100.0,78.97,
4749,03302105,ISTODAX,BRAND,202612,2025-10-24,0.81,1001498.77,76839.04,,7.67,73.91,98.7,42.01,98.32,100.0,45.37,100.0,0.0,1,35.29,0.61,0.0,97.04,100.0,70.92,
4750,03302105,ISTODAX,BRAND,202612,2025-10-31,-0.03,54772.28,-2916.75,,5.33,84.0,88.68,44.47,95.62,100.0,44.47,100.0,0.0,1,28.57,0.56,0.0,84.79,100.0,73.71,
4751,03302105,ISTODAX,BRAND,202612,2025-11-07,-1.49,661503.57,-143675.55,,21.72,96.0,99.42,30.34,93.06,99.66,62.17,100.0,0.0,1,62.5,1.0,0.0,92.53,100.0,78.96,
4752,03302105,ISTODAX,BRAND,202612,2025-11-14,-0.04,48547.66,-3996.53,,8.23,92.0,99.77,49.52,99.77,100.0,49.52,100.0,0.0,1,26.09,0.36,0.0,99.54,100.0,77.91,
4753,03302105,ISTODAX,BRAND,202612,2025-11-19,12.37,5314090.21,1176764.56,,22.14,92.0,99.91,46.96,96.48,99.54,84.11,100.0,0.0,1,60.87,0.72,0.0,96.4,100.0,77.79,
4754,03302105,ISTODAX,BRAND,202612,2025-11-21,13.26,4978600.16,1255184.36,,25.21,68.0,0.38,62.41,99.8,99.99,99.75,100.0,0.0,1,29.41,0.76,0.0,0.38,100.0,69.66,
4755,03302105,ISTODAX,BRAND,202612,2025-11-28,4.96,662965.12,531558.2,,80.18,88.0,20.46,72.69,98.19,99.91,76.83,100.0,0.0,1,40.91,0.84,0.0,20.09,100.0,77.27,
4756,03302105,ISTODAX,BRAND,202612,2025-12-05,1.59,613791.27,179438.63,,29.23,92.0,99.76,32.79,91.68,99.71,57.08,100.0,0.0,1,47.83,1.12,0.0,91.46,100.0,77.2,
4757,03302105,ISTODAX,BRAND,202612,2025-12-12,-5.79,1579393.19,-661893.34,,41.91,92.0,98.09,39.24,84.71,99.05,39.24,100.0,0.0,1,56.52,0.8,0.0,83.09,100.0,73.35,
4758,03302105,ISTODAX,BRAND,202612,2025-12-17,7.5,887651.0,802912.8,,90.45,84.0,69.74,54.29,95.17,98.81,65.54,100.0,0.0,1,61.9,1.16,0.0,66.37,100.0,75.54,
4759,03302105,ISTODAX,BRAND,202612,2025-12-19,0.28,396947.49,29713.66,,7.49,80.0,75.95,22.49,87.82,99.97,39.49,100.0,0.0,1,35.0,0.88,0.0,66.7,100.0,70.06,
4760,03302105,ISTODAX,BRAND,202612,2025-12-26,6.54,1142855.34,706615.07,,61.83,92.0,99.96,54.23,98.73,99.99,54.23,100.0,0.0,1,39.13,0.6,0.0,98.69,100.0,78.29,
4761,03302105,ISTODAX,BRAND,202612,2026-01-02,1.78,534767.13,204968.11,,38.33,84.0,60.48,37.36,89.16,98.49,37.36,101.92,-2.54,0,38.1,0.72,0.0,53.92,104.46,71.67,
4762,03302105,ISTODAX,BRAND,202612,2026-01-09,0.41,508765.59,48376.48,,9.51,92.0,94.58,53.7,98.8,100.0,53.7,100.0,0.0,1,34.78,0.56,4.35,93.44,100.0,78.19,
4763,03302105,ISTODAX,BRAND,202612,2026-01-16,-5.16,2553635.81,-607074.7,,23.77,91.67,98.71,57.14,99.29,99.99,93.96,100.0,0.0,1,45.45,0.71,0.0,98.0,100.0,78.74,
4764,03302105,ISTODAX,BRAND,202612,2026-01-23,2.2,1350379.49,253573.63,,18.78,75.0,78.14,34.91,77.49,98.05,34.91,98.38,4.17,1,38.89,1.21,0.0,60.55,94.21,65.02,
4765,03302105,ISTODAX,BRAND,202612,2026-01-30,6.95,1067609.12,774754.49,,72.57,79.17,88.68,61.03,96.79,99.91,62.54,100.0,0.0,1,47.37,0.62,0.0,85.83,100.0,72.47,
4766,03302105,ISTODAX,BRAND,202612,2026-02-06,5.87,2699877.67,700226.7,,25.94,87.5,98.46,60.49,97.96,99.7,96.28,100.0,0.0,1,57.14,1.04,0.0,96.46,100.0,77.66,
4767,03302111,ONUREG (azacitidine),BRAND,202612,2025-07-18,,0.0,0.0,,,100.0,,,,,,,,,0.0,0.0,0.0,,,,
4768,03302111,ONUREG (azacitidine),BRAND,202612,2025-07-25,-51.09,13392527.99,-12999558.27,,97.07,97.26,100.0,62.72,79.22,86.42,75.51,100.0,0.0,1,20.2,0.2,0.0,79.22,100.0,71.26,
4769,03302111,ONUREG (azacitidine),BRAND,202612,2025-08-01,126.75,15413185.74,14920247.65,,96.8,97.26,100.0,41.75,61.65,75.31,55.33,100.0,0.0,1,31.28,0.33,0.0,61.65,100.0,64.65,
4770,03302111,ONUREG (azacitidine),BRAND,202612,2025-08-08,9.2,6964494.52,2453290.95,,35.23,97.26,100.0,9.55,42.72,65.88,49.66,100.0,0.0,1,45.64,0.55,0.0,42.72,100.0,57.83,
4771,03302111,ONUREG (azacitidine),BRAND,202612,2025-08-15,4.44,8478717.82,1291260.43,,15.23,97.24,100.0,24.84,68.82,79.4,60.9,100.0,0.0,1,30.23,0.35,0.0,68.82,100.0,67.58,
4772,03302111,ONUREG (azacitidine),BRAND,202612,2025-08-22,-4.13,5722985.89,-1255423.28,,21.94,97.2,100.0,31.53,71.06,82.36,52.74,100.0,0.0,1,25.65,0.32,0.0,71.06,100.0,68.37,
4773,03302111,ONUREG (azacitidine),BRAND,202612,2025-08-26,,0.0,0.0,,,97.22,,,,,,,,,0.0,0.0,0.0,,,,
4774,03302111,ONUREG (azacitidine),BRAND,202612,2025-08-29,0.02,2970143.92,6522.96,,0.22,94.95,71.55,18.99,56.68,78.28,37.3,100.0,0.0,1,18.09,0.19,0.0,40.56,100.0,61.3,
4775,03302111,ONUREG (azacitidine),BRAND,202612,2025-09-05,0.51,2435683.16,147732.22,,6.07,91.29,80.41,7.32,30.37,47.41,30.38,100.0,0.0,1,33.51,0.44,0.27,24.42,100.0,50.12,
4776,03302111,ONUREG (azacitidine),BRAND,202612,2025-09-12,-6.22,5154732.41,-1820991.61,,35.33,89.05,83.09,40.86,56.77,68.43,40.86,100.0,0.0,1,25.7,0.42,0.28,47.17,100.0,59.72,
4777,03302111,ONUREG (azacitidine),BRAND,202612,2025-09-18,-10.15,9432468.44,-2962548.97,,31.41,80.45,73.38,22.25,52.25,66.27,40.9,100.0,0.0,1,43.08,0.74,0.92,38.34,100.0,55.53,
4778,03302111,ONUREG (azacitidine),BRAND,202612,2025-09-19,-4.35,5046588.53,-1193814.03,,23.66,80.45,50.73,14.23,43.44,59.25,30.7,100.0,0.0,1,30.77,0.7,0.0,22.04,100.0,51.89,
4779,03302111,ONUREG (azacitidine),BRAND,202612,2025-09-26,-37.28,11529637.42,-10534675.67,,91.37,81.52,14.27,52.18,74.96,83.89,57.07,100.0,0.0,1,18.63,0.47,0.31,10.7,100.0,64.16,
4780,03302111,ONUREG (azacitidine),BRAND,202612,2025-10-03,71.44,14580203.93,12632160.28,,86.64,85.75,82.35,41.89,65.2,77.01,50.58,100.0,0.0,1,40.23,0.57,0.0,53.69,100.0,62.29,
4781,03302111,ONUREG (azacitidine),BRAND,202612,2025-10-10,0.0,0.0,0.0,,,87.03,,,,,,,,,0.0,0.0,0.0,,,,
4782,03302111,ONUREG (azacitidine),BRAND,202612,2025-10-17,10.24,10257062.59,2666078.38,,25.99,86.1,71.95,15.32,40.97,57.72,41.5,100.0,0.0,1,55.62,0.61,0.0,29.48,100.0,52.86,
4783,03302111,ONUREG (azacitidine),BRAND,202612,2025-10-24,-2.62,5443189.43,-794630.46,,14.6,75.74,39.5,20.72,53.68,69.94,41.7,100.0,0.0,1,49.67,0.91,0.98,21.21,100.0,54.82,
4784,03302111,ONUREG (azacitidine),BRAND,202612,2025-10-31,-5.4,4485477.59,-1595011.06,,35.56,82.8,82.49,27.06,77.46,87.25,47.94,100.0,0.0,1,24.63,0.48,0.0,63.89,100.0,65.69,
4785,03302111,ONUREG (azacitidine),BRAND,202612,2025-11-07,-2.31,4634283.82,-644567.21,,13.91,84.98,76.45,11.6,36.42,54.27,44.89,100.0,0.0,1,43.19,0.65,0.58,27.84,100.0,50.73,
4786,03302111,ONUREG (azacitidine),BRAND,202612,2025-11-14,-15.0,6146635.69,-4097039.55,,66.65,78.77,48.02,19.11,48.09,66.84,36.32,100.0,0.0,1,28.53,0.52,0.0,23.09,100.0,52.46,
4787,03302111,ONUREG (azacitidine),BRAND,202612,2025-11-19,-14.77,7992789.18,-4508917.88,,56.41,76.3,68.89,24.12,55.5,65.73,39.33,100.0,0.0,1,55.02,0.97,0.32,38.23,100.0,55.95,
4788,03302111,ONUREG (azacitidine),BRAND,202612,2025-11-21,8.43,5179935.64,1959976.33,,37.84,77.67,57.78,18.09,50.61,63.8,28.97,100.0,0.0,1,27.16,0.61,0.64,29.25,100.0,53.36,
4789,03302111,ONUREG (azacitidine),BRAND,202612,2025-11-28,10.25,6844760.47,2583337.74,,37.74,83.95,73.69,18.42,45.73,64.95,49.1,100.0,0.0,1,25.0,0.4,0.0,33.7,100.0,53.2,
4790,03302111,ONUREG (azacitidine),BRAND,202612,2025-12-05,-3.09,4077940.65,-900429.61,,22.08,83.62,67.58,12.74,45.85,65.78,52.48,100.0,0.0,1,27.6,0.52,0.0,30.99,100.0,53.52,
4791,03302111,ONUREG (azacitidine),BRAND,202612,2025-12-12,-9.99,5456058.33,-2819194.11,,51.67,84.54,51.99,26.01,62.96,77.08,45.84,100.0,0.0,1,21.53,0.34,0.29,32.74,100.0,60.15,
4792,03302111,ONUREG (azacitidine),BRAND,202612,2025-12-17,1.6,5340046.87,405757.42,,7.6,83.67,71.51,11.78,39.44,57.36,34.37,100.0,0.0,1,47.15,0.77,1.2,28.2,100.0,51.81,
4793,03302111,ONUREG (azacitidine),BRAND,202612,2025-12-19,3.7,3992802.18,939059.88,,23.52,80.65,55.62,28.25,71.39,85.15,51.91,100.0,0.0,1,18.38,0.44,0.62,39.71,100.0,62.29,
4794,03302111,ONUREG (azacitidine),BRAND,202612,2025-12-26,-3.07,3165831.36,-807290.44,,25.5,89.2,60.62,17.81,56.54,69.71,33.4,100.0,0.0,1,22.25,0.39,0.28,34.28,100.0,59.6,
4795,03302111,ONUREG (azacitidine),BRAND,202612,2026-01-02,30.34,9717262.7,7762877.4,,79.89,88.69,78.64,6.68,19.3,28.8,40.78,3.24,96.5,-1,66.86,0.4,0.85,15.18,93.26,44.54,
4796,03302111,ONUREG (azacitidine),BRAND,202612,2026-01-09,-0.63,2264272.47,-208558.02,,9.21,91.75,71.04,18.93,62.98,79.34,50.29,100.0,0.0,1,17.71,0.24,0.82,44.74,100.0,62.67,
4797,03302111,ONUREG (azacitidine),BRAND,202612,2026-01-16,-0.45,5937238.91,-145514.6,,2.45,79.55,72.89,11.07,41.72,58.31,38.28,100.0,0.0,1,28.25,0.43,0.32,30.41,100.0,49.94,
4798,03302111,ONUREG (azacitidine),BRAND,202612,2026-01-23,29.7,13309367.36,7765159.8,,58.34,74.62,64.4,4.88,16.71,27.78,39.41,3.79,107.55,0,56.46,0.92,0.34,10.76,103.76,39.58,
4799,03302111,ONUREG (azacitidine),BRAND,202612,2026-01-30,0.92,10688446.12,301884.07,,2.82,79.8,40.97,11.12,38.63,59.51,48.7,100.0,0.0,1,31.96,0.74,0.63,15.82,100.0,49.84,
4800,03302111,ONUREG (azacitidine),BRAND,202612,2026-02-06,2.28,5660267.6,753116.69,,13.31,83.21,69.63,7.35,29.3,47.07,32.2,100.0,0.0,1,35.47,0.64,0.0,20.4,100.0,47.14,
4801,03302112,Iberdomide (TBC),BRAND,202612,2025-07-18,,0.0,0.0,,,100.0,,,,,,,,,0.0,0.0,0.0,,,,
4802,03302112,Iberdomide (TBC),BRAND,202612,2025-07-25,-3.76,0.01,-0.01,,100.0,40.0,100.0,100.0,100.0,100.0,100.0,100.0,0.0,1,50.0,0.2,0.0,100.0,100.0,56.67,
4803,03302112,Iberdomide (TBC),BRAND,202612,2025-08-01,-1.54,0.0,-0.0,,100.0,70.0,100.0,100.0,100.0,100.0,100.0,100.0,0.0,1,14.29,0.2,0.0,100.0,100.0,68.67,
4804,03302112,Iberdomide (TBC),BRAND,202612,2025-08-08,3.6,0.01,0.01,,100.0,20.0,100.0,100.0,100.0,100.0,100.0,100.0,0.0,1,50.0,0.5,0.0,100.0,100.0,49.67,
4805,03302112,Iberdomide (TBC),BRAND,202612,2025-08-15,38.44,0.06,0.06,,100.0,20.0,100.0,100.0,100.0,100.0,100.0,100.0,0.0,1,50.0,0.2,0.0,100.0,100.0,48.67,
4806,03302112,Iberdomide (TBC),BRAND,202612,2025-08-22,-3.44,0.01,-0.01,,100.0,33.33,100.0,100.0,100.0,100.0,100.0,100.0,0.0,1,25.0,0.08,0.0,100.0,100.0,53.61,
4807,03302112,Iberdomide (TBC),BRAND,202612,2025-08-26,,0.0,0.0,,,25.0,,,,,,,,,0.0,0.0,0.0,,,,
4808,03302112,Iberdomide (TBC),BRAND,202612,2025-08-29,-0.72,0.0,-0.0,,100.0,25.0,100.0,100.0,100.0,100.0,100.0,100.0,0.0,1,33.33,0.08,0.0,100.0,100.0,50.28,
4809,03302112,Iberdomide (TBC),BRAND,202612,2025-09-05,-1.44,0.0,-0.0,,100.0,25.0,100.0,100.0,100.0,100.0,100.0,100.0,0.0,1,33.33,0.5,0.0,100.0,100.0,51.67,
4810,03302112,Iberdomide (TBC),BRAND,202612,2025-09-12,1.83,0.0,0.0,,100.0,35.71,100.0,100.0,100.0,100.0,100.0,100.0,0.0,1,20.0,0.57,0.0,100.0,100.0,56.19,
4811,03302112,Iberdomide (TBC),BRAND,202612,2025-09-18,-2.15,0.01,-0.01,,100.0,28.57,100.0,100.0,100.0,100.0,100.0,100.0,0.0,1,25.0,0.71,0.0,100.0,100.0,53.81,
4812,03302112,Iberdomide (TBC),BRAND,202612,2025-09-19,-1.8,0.0,-0.0,,100.0,28.57,100.0,100.0,100.0,100.0,100.0,100.0,0.0,1,25.0,1.07,0.0,100.0,100.0,55.0,
4813,03302112,Iberdomide (TBC),BRAND,202612,2025-09-26,0.0,0.0,0.0,,,28.57,,,,,,,,,0.0,0.0,0.0,,,,
4814,03302112,Iberdomide (TBC),BRAND,202612,2025-10-03,-1.3,0.0,-0.0,,100.0,21.43,0.0,100.0,100.0,100.0,100.0,100.0,0.0,1,0.0,0.21,0.0,0.0,100.0,49.29,
4815,03302112,Iberdomide (TBC),BRAND,202612,2025-10-10,0.0,0.0,0.0,,,28.57,,,,,,,,,0.0,0.0,0.0,,,,
4816,03302112,Iberdomide (TBC),BRAND,202612,2025-10-17,-2.05,0.01,-0.01,,100.0,21.43,36.65,63.35,100.0,100.0,100.0,100.0,0.0,1,33.33,0.29,0.0,36.65,100.0,49.52,
4817,03302112,Iberdomide (TBC),BRAND,202612,2025-10-24,-6.65,0.02,-0.02,,100.0,28.57,100.0,43.11,100.0,100.0,100.0,100.0,0.0,1,75.0,0.29,0.0,100.0,100.0,52.38,
4818,03302112,Iberdomide (TBC),BRAND,202612,2025-10-31,-19.56,0.06,-0.06,,100.0,65.52,100.0,43.12,100.0,100.0,100.0,100.0,0.0,1,15.79,0.38,0.0,100.0,100.0,67.47,
4819,03302112,Iberdomide (TBC),BRAND,202612,2025-11-07,-4.49,0.01,-0.01,,100.0,19.35,100.0,42.19,100.0,100.0,100.0,100.0,0.0,1,50.0,0.68,0.0,100.0,100.0,50.0,
4820,03302112,Iberdomide (TBC),BRAND,202612,2025-11-14,0.42,0.0,0.0,,100.0,17.86,100.0,100.0,100.0,100.0,100.0,100.0,0.0,1,20.0,0.11,0.0,100.0,100.0,47.5,
4821,03302112,Iberdomide (TBC),BRAND,202612,2025-11-19,-27.48,0.08,-0.08,,100.0,17.86,100.0,44.83,100.0,100.0,100.0,100.0,0.0,1,60.0,0.25,0.0,100.0,100.0,47.98,
4822,03302112,Iberdomide (TBC),BRAND,202612,2025-11-21,-0.09,0.0,-0.0,,100.0,20.69,100.0,100.0,100.0,100.0,100.0,100.0,0.0,1,16.67,0.07,0.0,100.0,100.0,48.51,
4823,03302112,Iberdomide (TBC),BRAND,202612,2025-11-28,-2.56,0.01,-0.01,,100.0,20.69,100.0,98.42,100.0,100.0,100.0,100.0,0.0,1,33.33,0.07,0.0,100.0,100.0,48.51,
4824,03302112,Iberdomide (TBC),BRAND,202612,2025-12-05,38.77,0.08,0.08,,100.0,13.79,6.12,49.54,100.0,100.0,100.0,100.0,0.0,1,25.0,0.41,0.0,6.12,100.0,46.9,
4825,03302112,Iberdomide (TBC),BRAND,202612,2025-12-12,-0.78,0.0,-0.0,,100.0,27.59,100.0,100.0,100.0,100.0,100.0,100.0,0.0,1,12.5,0.1,0.0,100.0,100.0,51.38,
4826,03302112,Iberdomide (TBC),BRAND,202612,2025-12-17,34.4,0.08,0.08,,93.13,27.59,100.0,50.96,100.0,100.0,100.0,100.0,0.0,1,37.5,0.52,0.0,100.0,100.0,52.76,
4827,03302112,Iberdomide (TBC),BRAND,202612,2025-12-19,0.0,0.0,0.0,,,27.59,,,,,,,,,0.0,0.0,0.0,,,,
4828,03302112,Iberdomide (TBC),BRAND,202612,2025-12-26,0.0,0.0,0.0,,100.0,27.59,100.0,100.0,100.0,100.0,100.0,100.0,0.0,1,12.5,0.03,0.0,100.0,100.0,51.15,
4829,03302112,Iberdomide (TBC),BRAND,202612,2026-01-02,1479235613.04,4729086.44,4729086.44,,100.0,31.03,100.0,100.0,100.0,100.0,100.0,0.0,99.0,-1,0.0,0.41,0.0,100.0,99.0,53.79,
4830,03302112,Iberdomide (TBC),BRAND,202612,2026-01-09,-1.36,64550.62,-64550.62,,100.0,31.03,100.0,100.0,100.0,100.0,100.0,100.0,0.0,1,11.11,0.03,0.0,100.0,100.0,52.53,
4831,03302112,Iberdomide (TBC),BRAND,202612,2026-01-16,-12.32,574484.16,-574484.16,,100.0,9.09,100.0,100.0,100.0,100.0,100.0,100.0,0.0,1,50.0,0.64,0.0,100.0,100.0,45.76,
4832,03302112,Iberdomide (TBC),BRAND,202612,2026-01-23,1381215113.74,2579804.58,2579804.58,,100.0,8.7,0.0,100.0,100.0,100.0,100.0,0.0,181.48,-1,0.0,1.17,0.0,0.0,181.48,47.39,
4833,03302112,Iberdomide (TBC),BRAND,202612,2026-01-30,-28.96,1644624.75,-1304466.75,,79.32,8.7,0.0,88.96,97.74,99.87,95.05,100.0,0.0,1,0.0,1.3,0.0,0.0,100.0,46.92,
4834,03302112,Iberdomide (TBC),BRAND,202612,2026-02-06,1.56,64512.0,50022.0,,77.54,8.7,0.0,45.02,95.61,100.0,63.77,100.0,0.0,1,0.0,1.22,0.0,0.0,100.0,45.78,
4835,03302114,INREBIC (fedratinib),BRAND,202612,2025-07-18,,0.0,0.0,,,100.0,,,,,,,,,0.0,0.0,0.0,,,,
4836,03302114,INREBIC (fedratinib),BRAND,202612,2025-07-25,-1.12,755289.04,-98740.91,,13.07,98.44,100.0,28.95,73.94,94.66,50.56,100.0,0.0,1,9.88,0.1,0.0,73.94,100.0,69.28,
4837,03302114,INREBIC (fedratinib),BRAND,202612,2025-08-01,-0.31,1242989.09,-26805.13,,2.16,98.44,100.0,23.97,60.87,76.99,41.05,100.0,0.0,1,22.13,0.25,0.0,60.87,100.0,64.56,
4838,03302114,INREBIC (fedratinib),BRAND,202612,2025-08-08,4.96,1811416.36,429605.83,,23.72,98.44,100.0,30.93,63.61,78.54,50.47,100.0,0.0,1,33.2,0.4,0.0,63.61,100.0,66.17,
4839,03302114,INREBIC (fedratinib),BRAND,202612,2025-08-15,-6.63,1988179.11,-601003.95,,30.23,98.44,100.0,28.17,58.02,77.74,57.84,100.0,0.0,1,26.59,0.32,0.0,58.02,100.0,63.64,
4840,03302114,INREBIC (fedratinib),BRAND,202612,2025-08-22,0.42,357048.78,35319.62,,9.89,98.44,100.0,29.57,84.43,90.64,86.1,100.0,0.0,1,21.43,0.25,0.0,84.43,100.0,73.99,
4841,03302114,INREBIC (fedratinib),BRAND,202612,2025-08-26,,0.0,0.0,,,98.44,,,,,,,,,0.0,0.0,0.0,,,,
4842,03302114,INREBIC (fedratinib),BRAND,202612,2025-08-29,0.17,154868.86,14818.29,,9.57,96.48,72.2,28.04,69.89,85.96,73.56,100.0,0.0,1,13.36,0.15,0.0,50.46,100.0,67.04,
4843,03302114,INREBIC (fedratinib),BRAND,202612,2025-09-05,6.94,1791629.26,589719.14,,32.92,92.61,70.87,12.35,42.91,66.18,48.25,100.0,0.0,1,34.03,0.43,0.42,30.41,100.0,55.65,
4844,03302114,INREBIC (fedratinib),BRAND,202612,2025-09-12,0.89,1304335.79,80761.81,,6.19,91.44,58.22,12.95,48.63,76.69,43.81,100.0,0.0,1,17.02,0.31,0.0,28.31,100.0,57.05,
4845,03302114,INREBIC (fedratinib),BRAND,202612,2025-09-18,6.45,2293164.82,548527.84,,23.92,84.25,55.19,11.18,41.79,61.97,45.72,100.0,0.0,1,43.46,0.69,0.47,23.06,100.0,52.71,
4846,03302114,INREBIC (fedratinib),BRAND,202612,2025-09-19,-0.65,2023231.72,-59848.51,,2.96,84.65,59.15,13.35,39.11,61.95,52.24,100.0,0.0,1,26.05,0.67,0.93,23.14,100.0,51.74,
4847,03302114,INREBIC (fedratinib),BRAND,202612,2025-09-26,-0.53,765302.39,-48344.83,,6.32,91.03,39.9,13.54,50.79,82.38,34.91,100.0,0.0,1,11.27,0.22,0.0,20.27,100.0,57.45,
4848,03302114,INREBIC (fedratinib),BRAND,202612,2025-10-03,-1.88,2672862.4,-170222.75,,6.37,77.34,65.16,8.38,39.04,59.13,39.99,227.95,-63.97,1,26.77,0.49,0.0,25.44,291.92,48.19,
4849,03302114,INREBIC (fedratinib),BRAND,202612,2025-10-10,0.0,0.0,0.0,,,91.41,,,,,,,,,0.0,0.0,0.0,,,,
4850,03302114,INREBIC (fedratinib),BRAND,202612,2025-10-17,0.54,2156316.23,49094.0,,2.28,75.19,58.08,6.61,29.04,51.42,41.42,100.0,0.0,1,44.33,0.57,0.0,16.87,100.0,43.58,
4851,03302114,INREBIC (fedratinib),BRAND,202612,2025-10-24,5.05,1717913.89,437653.78,,25.48,86.38,60.94,11.79,52.87,81.65,50.14,100.0,0.0,1,23.42,0.49,0.45,32.22,100.0,57.33,
4852,03302114,INREBIC (fedratinib),BRAND,202612,2025-10-31,-3.74,1384821.14,-341153.64,,24.64,90.38,50.97,15.84,54.37,81.47,47.67,100.0,0.0,1,17.02,0.28,0.0,27.71,100.0,58.84,
4853,03302114,INREBIC (fedratinib),BRAND,202612,2025-11-07,0.05,1569845.7,4050.26,,0.26,84.73,38.17,13.05,44.6,63.46,37.87,100.0,0.0,1,36.04,0.53,1.35,17.02,100.0,53.49,
4854,03302114,INREBIC (fedratinib),BRAND,202612,2025-11-14,-3.85,1795382.49,-365797.17,,20.37,85.6,52.49,30.91,64.29,82.89,62.93,100.0,0.0,1,25.7,0.38,0.0,33.75,100.0,61.24,
4855,03302114,INREBIC (fedratinib),BRAND,202612,2025-11-19,-0.61,3157453.12,-55924.28,,1.77,80.32,43.49,10.25,36.84,54.97,42.39,100.0,0.0,1,50.5,0.86,0.5,16.02,100.0,49.73,
4856,03302114,INREBIC (fedratinib),BRAND,202612,2025-11-21,4.72,2357077.89,431670.09,,18.31,82.73,47.81,11.94,48.59,70.45,44.42,100.0,0.0,1,29.61,0.68,1.46,23.23,100.0,54.79,
4857,03302114,INREBIC (fedratinib),BRAND,202612,2025-11-28,6.05,1869737.54,577632.5,,30.89,86.75,36.34,17.83,62.1,81.92,63.28,100.0,0.0,1,19.44,0.41,0.0,22.56,100.0,60.9,
4858,03302114,INREBIC (fedratinib),BRAND,202612,2025-12-05,3.28,2888184.65,332231.01,,11.5,86.4,67.42,15.98,50.9,78.28,45.29,100.0,0.0,1,31.02,0.51,0.46,34.31,100.0,56.63,
4859,03302114,INREBIC (fedratinib),BRAND,202612,2025-12-12,2.39,1470804.18,250335.68,,17.02,88.49,38.83,26.26,83.87,91.18,70.08,100.0,0.0,1,18.83,0.29,0.9,32.56,100.0,69.9,
4860,03302114,INREBIC (fedratinib),BRAND,202612,2025-12-17,8.89,4473643.92,851466.7,,19.03,87.03,67.11,8.86,36.51,61.95,63.49,100.0,0.0,1,55.77,0.84,1.92,24.5,100.0,52.22,
4861,03302114,INREBIC (fedratinib),BRAND,202612,2025-12-19,-2.97,1412373.35,-333901.22,,23.64,85.77,64.7,21.19,73.75,93.83,84.14,100.0,0.0,1,19.51,0.4,1.46,47.71,100.0,65.13,
4862,03302114,INREBIC (fedratinib),BRAND,202612,2025-12-26,1.83,2596620.15,200028.23,,7.7,94.14,63.4,16.88,66.22,91.77,57.69,100.0,0.0,1,16.44,0.25,0.0,41.99,100.0,64.97,
4863,03302114,INREBIC (fedratinib),BRAND,202612,2026-01-02,55.41,8886522.87,6152332.34,,69.23,94.14,52.74,18.18,47.9,64.87,26.12,0.88,103.61,0,68.44,0.34,0.44,25.27,102.73,57.96,
4864,03302114,INREBIC (fedratinib),BRAND,202612,2026-01-09,-0.84,681300.95,-144764.11,,21.25,91.63,78.12,16.32,48.41,72.19,61.89,100.0,0.0,1,18.26,0.28,0.46,37.82,100.0,56.95,
4865,03302114,INREBIC (fedratinib),BRAND,202612,2026-01-16,-4.15,2806926.66,-709261.81,,25.27,76.82,57.98,21.6,69.18,82.5,72.11,99.94,0.0,1,38.55,0.61,0.0,40.11,99.94,60.42,
4866,03302114,INREBIC (fedratinib),BRAND,202612,2026-01-23,31.03,8411067.85,3404291.44,,40.47,72.49,56.27,14.53,41.17,57.79,46.3,-45.06,140.45,0,56.02,1.16,0.0,23.17,185.51,49.32,
4867,03302114,INREBIC (fedratinib),BRAND,202612,2026-01-30,-19.74,7621956.53,-3232337.27,,42.41,80.26,17.56,18.82,55.04,73.98,26.96,100.0,0.0,1,30.48,0.69,0.0,9.67,100.0,56.41,
4868,03302114,INREBIC (fedratinib),BRAND,202612,2026-02-06,0.85,2513109.43,111736.39,,4.45,83.91,54.48,8.93,35.0,57.21,32.75,100.0,0.0,1,45.08,0.7,0.0,19.07,100.0,49.9,
4869,03302131,REBLOZYL (luspacept),BRAND,202612,2025-07-18,,0.0,0.0,,,100.0,,,,,,,,,0.0,0.0,0.0,,,,
4870,03302131,REBLOZYL (luspacept),BRAND,202612,2025-07-25,-0.34,10247120.79,-492324.33,,4.8,90.44,100.0,18.32,60.84,79.31,45.84,100.0,0.0,1,31.28,0.29,0.0,60.84,100.0,61.47,
4871,03302131,REBLOZYL (luspacept),BRAND,202612,2025-08-01,-36.15,64402383.42,-48289018.92,,74.98,90.73,100.0,25.94,59.38,79.36,56.98,100.0,0.0,1,41.78,0.48,0.0,59.38,100.0,61.63,
4872,03302131,REBLOZYL (luspacept),BRAND,202612,2025-08-08,63.03,64089411.49,53771034.52,,83.9,90.4,100.0,19.48,51.05,75.37,48.12,100.0,0.0,1,61.06,0.7,0.0,51.05,100.0,58.91,
4873,03302131,REBLOZYL (luspacept),BRAND,202612,2025-08-15,-5.13,56282972.71,-7569233.23,,13.45,90.48,100.0,13.71,54.08,79.11,47.44,100.0,0.0,1,36.84,0.47,0.0,54.08,100.0,59.4,
4874,03302131,REBLOZYL (luspacept),BRAND,202612,2025-08-22,-1.09,37299694.09,-1523765.35,,4.09,89.68,100.0,13.04,58.29,82.91,46.86,100.0,0.0,1,27.43,0.34,0.0,58.29,100.0,60.31,
4875,03302131,REBLOZYL (luspacept),BRAND,202612,2025-08-26,,0.0,0.0,,,89.64,,,,,,,,,0.0,0.0,0.0,,,,
4876,03302131,REBLOZYL (luspacept),BRAND,202612,2025-08-29,0.48,19532171.51,670978.43,,3.44,87.25,61.84,26.47,78.9,92.34,78.64,100.0,0.0,1,17.81,0.2,0.0,48.79,100.0,67.12,
4877,03302131,REBLOZYL (luspacept),BRAND,202612,2025-09-05,2.91,18664177.18,4051282.36,,21.71,83.95,74.82,37.4,63.87,75.89,62.71,100.0,0.0,1,55.39,0.68,0.98,47.79,100.0,61.41,
4878,03302131,REBLOZYL (luspacept),BRAND,202612,2025-09-12,3.55,28470657.53,5089925.91,,17.88,77.91,69.3,15.32,65.92,88.9,60.27,100.0,0.0,1,19.07,0.29,0.0,45.68,100.0,58.51,
4879,03302131,REBLOZYL (luspacept),BRAND,202612,2025-09-18,9.82,42311813.24,13447766.06,,31.78,79.28,78.38,16.37,61.03,78.4,62.64,100.0,0.0,1,60.3,0.84,1.01,47.84,100.0,58.92,
4880,03302131,REBLOZYL (luspacept),BRAND,202612,2025-09-19,1.17,15647486.65,1741755.16,,11.13,76.49,69.68,15.71,58.33,81.4,54.28,100.0,0.0,1,16.15,0.35,1.04,40.65,100.0,55.1,
4881,03302131,REBLOZYL (luspacept),BRAND,202612,2025-09-26,1.23,5132916.46,1799807.38,,35.06,82.93,82.75,19.9,72.1,89.43,69.89,100.0,0.0,1,17.65,0.36,0.0,59.66,100.0,63.2,
4882,03302131,REBLOZYL (luspacept),BRAND,202612,2025-10-03,0.64,17706673.26,939285.61,,5.3,77.78,76.52,17.9,47.84,72.68,34.0,100.0,0.0,1,52.04,0.61,1.02,36.61,100.0,52.27,
4883,03302131,REBLOZYL (luspacept),BRAND,202612,2025-10-10,0.0,0.0,0.0,,,78.82,,,,,,,,,0.0,0.0,0.0,,,,
4884,03302131,REBLOZYL (luspacept),BRAND,202612,2025-10-17,-16.73,46022670.19,-25154165.75,,54.66,78.43,89.21,36.09,72.72,83.86,67.23,100.0,0.0,1,61.5,0.62,0.0,64.87,100.0,62.51,
4885,03302131,REBLOZYL (luspacept),BRAND,202612,2025-10-24,-13.31,42320358.51,-19910331.33,,47.05,71.88,30.61,37.29,69.15,82.43,66.61,100.0,0.0,1,29.89,0.59,3.26,21.17,100.0,58.38,
4886,03302131,REBLOZYL (luspacept),BRAND,202612,2025-10-31,-4.01,16666633.63,-5195248.35,,31.17,77.07,59.8,13.99,52.01,82.94,42.95,100.0,0.0,1,15.12,0.24,0.49,31.1,100.0,52.45,
4887,03302131,REBLOZYL (luspacept),BRAND,202612,2025-11-07,15.41,54082387.69,20975134.1,,38.78,74.44,72.48,17.65,54.07,82.23,41.64,100.0,0.0,1,51.52,0.64,0.0,39.19,100.0,53.55,
4888,03302131,REBLOZYL (luspacept),BRAND,202612,2025-11-14,-12.53,68415878.74,-19693536.02,,28.79,71.85,48.86,11.53,43.72,73.32,35.72,100.0,0.0,1,20.1,0.29,1.03,21.36,100.0,47.19,
4889,03302131,REBLOZYL (luspacept),BRAND,202612,2025-11-19,8.38,36759431.72,10494034.58,,28.55,67.16,54.27,17.94,52.2,68.45,36.08,100.0,0.0,1,59.34,0.83,1.65,28.32,100.0,50.51,
4890,03302131,REBLOZYL (luspacept),BRAND,202612,2025-11-21,-0.01,14692346.92,-9901.46,,0.07,74.17,89.54,30.41,74.28,85.59,74.66,100.0,0.0,1,38.81,0.7,5.47,66.5,100.0,61.73,
4891,03302131,REBLOZYL (luspacept),BRAND,202612,2025-11-28,4.85,16924111.21,6678742.92,,39.46,76.95,88.11,40.92,74.4,86.3,50.72,100.0,0.0,1,22.71,0.4,0.97,65.55,100.0,61.88,
4892,03302131,REBLOZYL (luspacept),BRAND,202612,2025-12-05,0.18,15398259.8,259391.7,,1.68,72.66,47.08,15.13,62.76,80.61,45.0,100.0,0.0,1,51.03,0.64,1.55,29.55,100.0,56.29,
4893,03302131,REBLOZYL (luspacept),BRAND,202612,2025-12-12,-0.86,8445164.55,-1231306.5,,14.58,74.63,58.28,23.82,74.37,88.69,25.44,100.0,0.0,1,17.5,0.33,1.5,43.34,100.0,60.71,
4894,03302131,REBLOZYL (luspacept),BRAND,202612,2025-12-17,0.34,12385641.59,479310.14,,3.87,76.49,91.94,11.23,43.51,63.81,40.98,100.0,0.0,1,58.05,0.78,2.93,40.0,100.0,50.59,
4895,03302131,REBLOZYL (luspacept),BRAND,202612,2025-12-19,6.13,27918740.96,8746536.86,,31.33,73.41,53.99,18.17,54.14,82.64,26.15,100.0,0.0,1,21.94,0.45,2.04,29.23,100.0,52.51,
4896,03302131,REBLOZYL (luspacept),BRAND,202612,2025-12-26,0.21,10902306.75,318782.02,,2.92,77.15,59.64,21.38,71.44,89.24,44.17,100.0,0.0,1,18.93,0.26,0.49,42.6,100.0,60.31,
4897,03302131,REBLOZYL (luspacept),BRAND,202612,2026-01-02,23.11,36451854.71,35098654.45,,96.29,79.1,95.36,15.02,48.38,69.87,36.31,0.9,98.52,-1,55.66,0.56,0.47,46.14,97.61,52.86,
4898,03302131,REBLOZYL (luspacept),BRAND,202612,2026-01-09,-0.19,10151431.87,-369317.47,,3.64,78.73,85.63,21.59,59.13,86.69,61.29,100.0,0.0,1,16.11,0.25,0.95,50.63,100.0,55.99,
4899,03302131,REBLOZYL (luspacept),BRAND,202612,2026-01-16,-3.35,35656161.86,-6547884.59,,18.36,78.73,64.21,24.46,70.64,88.07,49.62,115.41,0.0,1,29.38,0.39,0.0,45.36,115.41,61.04,
4900,03302131,REBLOZYL (luspacept),BRAND,202612,2026-01-23,15.79,54984636.61,22511374.87,,40.94,73.23,74.48,13.89,46.23,64.08,38.5,-54.8,156.37,0,52.28,0.9,1.52,34.44,211.17,50.8,
4901,03302131,REBLOZYL (luspacept),BRAND,202612,2026-01-30,-8.48,34777478.93,-15314878.83,,44.04,70.52,78.97,18.95,51.56,73.38,60.69,100.0,0.0,1,32.8,0.62,1.59,40.72,100.0,50.88,
4902,03302131,REBLOZYL (luspacept),BRAND,202612,2026-02-06,0.7,30675848.86,1217119.22,,3.97,69.29,61.2,14.67,37.63,59.98,33.69,100.0,0.0,1,52.43,0.82,0.0,23.03,100.0,45.5,
4903,03302151,IDHIFA,BRAND,202612,2025-07-18,,0.0,0.0,,,100.0,,,,,,,,,0.0,0.0,0.0,,,,
4904,03302151,IDHIFA,BRAND,202612,2025-07-25,-0.03,2650.16,-1367.16,,51.59,95.45,100.0,61.58,100.0,100.0,61.58,100.0,0.0,1,23.81,0.23,0.0,100.0,100.0,78.94,
4905,03302151,IDHIFA,BRAND,202612,2025-08-01,2.14,809732.2,87305.68,,10.78,95.45,100.0,47.92,98.61,100.0,47.92,100.0,0.0,1,42.86,0.59,0.0,98.61,100.0,79.6,
4906,03302151,IDHIFA,BRAND,202612,2025-08-08,2.69,339885.72,112135.06,,32.99,95.45,100.0,56.92,98.59,99.87,56.92,100.0,0.0,1,61.9,0.91,0.0,98.59,100.0,80.65,
4907,03302151,IDHIFA,BRAND,202612,2025-08-15,7342.78,315632376.8,314032111.57,,99.49,95.65,100.0,99.74,100.0,100.0,99.86,100.0,0.0,1,40.91,0.57,0.0,100.0,100.0,80.14,
4908,03302151,IDHIFA,BRAND,202612,2025-08-22,0.16,1004533.41,524194.9,,52.18,91.3,100.0,29.09,84.75,99.54,84.75,100.0,0.0,1,66.67,0.74,0.0,84.75,100.0,72.89,
4909,03302151,IDHIFA,BRAND,202612,2025-08-26,,0.0,0.0,,,91.3,,,,,,,,,0.0,0.0,0.0,,,,
4910,03302151,IDHIFA,BRAND,202612,2025-08-29,-0.03,364798.84,-93283.94,,25.57,73.91,37.36,44.6,91.92,100.0,66.55,100.0,0.0,1,35.29,0.43,0.0,34.34,100.0,67.78,
4911,03302151,IDHIFA,BRAND,202612,2025-09-05,-98.78,315687508.49,-314858764.93,,99.74,73.91,0.21,99.69,99.97,100.0,99.92,100.0,0.0,1,64.71,0.83,5.88,0.21,100.0,72.31,
4912,03302151,IDHIFA,BRAND,202612,2025-09-12,7.5,1003649.5,291196.41,,29.01,56.52,56.15,21.34,89.19,99.57,40.46,100.0,0.0,1,53.85,0.91,0.0,50.08,100.0,61.33,
4913,03302151,IDHIFA,BRAND,202612,2025-09-18,-98.79,315719506.84,-314888745.92,,99.74,78.26,99.91,99.68,99.96,100.0,99.91,100.0,0.0,1,72.22,1.35,0.0,99.86,100.0,75.78,
4914,03302151,IDHIFA,BRAND,202612,2025-09-19,-7.69,982239.32,-320952.27,,32.68,65.22,58.06,21.81,92.93,99.96,41.34,100.0,0.0,1,46.67,0.91,6.67,53.95,100.0,66.3,
4915,03302151,IDHIFA,BRAND,202612,2025-09-26,-0.18,8028.0,-7004.47,,87.25,81.82,55.15,42.22,100.0,100.0,80.7,100.0,0.0,1,11.11,0.45,0.0,55.15,100.0,74.24,
4916,03302151,IDHIFA,BRAND,202612,2025-10-03,0.39,375449.82,14955.06,,3.98,77.27,96.3,51.46,96.77,99.75,51.46,100.0,0.0,1,64.71,1.05,0.0,93.2,100.0,73.1,
4917,03302151,IDHIFA,BRAND,202612,2025-10-10,0.0,0.0,0.0,,,86.96,,,,,,,,,0.0,0.0,0.0,,,,
4918,03302151,IDHIFA,BRAND,202612,2025-10-17,10.9,1644058.33,419852.21,,25.54,72.73,88.83,35.21,79.39,98.56,51.49,100.0,0.0,1,81.25,0.82,0.0,70.52,100.0,63.57,
4919,03302151,IDHIFA,BRAND,202612,2025-10-24,-14.41,816669.69,-556270.27,,68.11,68.18,50.69,46.28,95.48,99.98,46.28,100.0,0.0,1,33.33,0.86,13.33,48.4,100.0,68.34,
4920,03302151,IDHIFA,BRAND,202612,2025-10-31,26.38,1251930.34,871184.68,,69.59,77.27,85.9,61.0,97.04,100.0,61.0,100.0,0.0,1,29.41,0.41,0.0,83.36,100.0,71.09,
4921,03302151,IDHIFA,BRAND,202612,2025-11-07,2.58,374123.57,107884.87,,28.84,86.36,96.9,55.53,99.1,100.0,87.16,100.0,0.0,1,42.11,0.64,0.0,96.03,100.0,76.31,
4922,03302151,IDHIFA,BRAND,202612,2025-11-14,30.05,2371123.51,1286529.86,,54.26,86.36,60.69,30.81,92.82,100.0,80.98,100.0,0.0,1,42.11,0.59,0.0,56.33,100.0,73.64,
4923,03302151,IDHIFA,BRAND,202612,2025-11-19,24.38,1699627.39,1041156.61,,61.26,77.27,45.02,24.84,87.34,99.78,79.82,100.0,0.0,1,64.71,1.05,0.0,39.32,100.0,69.33,
4924,03302151,IDHIFA,BRAND,202612,2025-11-21,-6.37,1726506.85,-354556.15,,20.54,63.64,0.41,48.97,99.37,100.0,96.71,100.0,0.0,1,14.29,0.5,0.0,0.41,100.0,66.87,
4925,03302151,IDHIFA,BRAND,202612,2025-11-28,-42.58,2720533.63,-2220211.44,,81.61,72.73,21.82,70.3,92.66,99.55,88.42,100.0,0.0,1,56.25,0.82,0.0,20.22,100.0,68.88,
4926,03302151,IDHIFA,BRAND,202612,2025-12-05,-5.78,1742532.55,-161182.26,,9.25,76.19,45.58,41.83,98.09,99.97,65.05,100.0,0.0,1,62.5,0.81,0.0,44.71,100.0,72.41,
4927,03302151,IDHIFA,BRAND,202612,2025-12-12,-1.08,48092.26,-28411.41,,59.08,76.19,85.68,62.07,98.61,100.0,62.07,100.0,0.0,1,37.5,0.57,0.0,84.5,100.0,71.83,
4928,03302151,IDHIFA,BRAND,202612,2025-12-17,-50.67,3324024.31,-2644670.67,,79.56,71.43,87.37,55.78,96.01,99.85,89.5,100.0,0.0,1,93.33,1.29,0.0,83.88,100.0,71.26,
4929,03302151,IDHIFA,BRAND,202612,2025-12-19,32.5,918266.51,844807.87,,92.0,71.43,4.42,94.75,99.73,100.0,95.01,100.0,0.0,1,20.0,0.67,0.0,4.4,100.0,70.68,
4930,03302151,IDHIFA,BRAND,202612,2025-12-26,1.3,392071.43,44787.98,,11.42,85.71,56.42,49.34,99.66,100.0,49.34,100.0,0.0,1,27.78,0.67,0.0,56.23,100.0,76.37,
4931,03302151,IDHIFA,BRAND,202612,2026-01-02,-12.24,464404.91,-426915.46,,91.93,85.71,99.75,62.49,98.8,99.83,64.88,45.61,60.54,0,44.44,0.81,0.0,98.56,14.93,76.51,
4932,03302151,IDHIFA,BRAND,202612,2026-01-09,-0.59,18252.55,-18053.59,,98.91,85.71,100.0,92.23,100.0,100.0,92.77,100.0,0.0,1,22.22,0.43,0.0,100.0,100.0,75.71,
4933,03302151,IDHIFA,BRAND,202612,2026-01-16,-9.48,2348046.43,-288555.39,,12.29,90.48,56.4,43.6,99.97,100.0,76.45,100.0,0.0,1,31.58,0.71,10.53,56.38,100.0,78.56,
4934,03302151,IDHIFA,BRAND,202612,2026-01-23,36.15,3054104.67,930687.0,,30.47,85.71,35.3,40.02,99.26,99.97,82.94,117.06,-26.36,1,55.56,1.14,5.56,35.04,143.42,77.8,
4935,03302151,IDHIFA,BRAND,202612,2026-01-30,53.25,2572097.89,1467394.54,,57.05,80.95,11.14,78.3,99.92,100.0,99.54,100.0,0.0,1,23.53,1.05,5.88,11.13,100.0,75.84,
4936,03302151,IDHIFA,BRAND,202612,2026-02-06,2.42,1738136.71,102083.18,,5.87,71.43,52.89,41.74,98.96,99.94,47.05,100.0,0.0,1,66.67,1.05,0.0,52.34,100.0,71.65,
4937,03302160,BREYANZI ((lisocabt),BRAND,202612,2025-09-18,,0.0,0.0,,,100.0,,,,,,,,,0.0,0.0,0.0,,,,
4938,03302160,BREYANZI ((lisocabt),BRAND,202612,2025-09-19,,0.0,0.0,,,15.79,,,,,,,,,0.0,0.0,0.0,,,,
4939,03302160,BREYANZI ((lisocabt),BRAND,202612,2025-10-03,,0.0,0.0,,,100.0,,,,,,,,,0.0,0.0,0.0,,,,
4940,03302160,BREYANZI ((lisocabt),BRAND,202612,2025-10-10,,0.0,0.0,,,87.5,,,,,,,,,0.0,0.0,0.0,,,,
4941,03302160,BREYANZI ((lisocabt),BRAND,202612,2025-12-05,,0.0,0.0,,,99.19,,,,,,,,,0.0,0.0,0.0,,,,
4942,03302160,BREYANZI ((lisocabt),BRAND,202612,2025-12-12,88.24,31189394.8,29098852.98,,93.3,97.12,100.0,31.77,55.29,69.63,88.67,100.0,0.0,1,62.35,0.61,0.0,55.29,100.0,62.98,
4943,03302160,BREYANZI ((lisocabt),BRAND,202612,2025-12-17,,0.0,0.0,,,97.23,,,,,,,,,0.0,0.0,0.0,,,,
4944,03302160,BREYANZI ((lisocabt),BRAND,202612,2025-12-19,-0.22,5255214.01,-133855.87,,2.55,97.23,100.0,9.75,36.82,51.64,46.28,100.0,0.0,1,53.63,0.52,0.0,36.82,100.0,55.35,
4945,03302160,BREYANZI ((lisocabt),BRAND,202612,2025-12-26,6.86,7763579.96,4238256.01,,54.59,97.4,100.0,26.89,64.19,74.0,61.95,100.0,0.0,1,48.67,0.73,0.0,64.19,100.0,67.07,
4946,03302160,BREYANZI ((lisocabt),BRAND,202612,2026-01-02,-3.93,8226604.72,-2594807.24,,31.54,99.41,100.0,9.85,38.13,56.5,40.07,81.96,18.05,0,53.52,0.94,0.0,38.13,63.91,58.14,
4947,03302160,BREYANZI ((lisocabt),BRAND,202612,2026-01-09,1.63,1371817.07,1036599.82,,75.56,98.82,87.26,8.71,33.0,52.3,53.24,100.0,0.0,1,27.0,0.32,0.0,28.8,100.0,53.79,
4948,03302160,BREYANZI ((lisocabt),BRAND,202612,2026-01-16,13.9,14832847.65,8964649.6,,60.44,90.53,59.08,22.79,62.33,71.49,39.87,100.0,0.0,1,54.34,0.64,0.0,36.82,100.0,63.28,
4949,03302160,BREYANZI ((lisocabt),BRAND,202612,2026-01-23,19.21,26432558.66,11901868.7,,45.03,80.58,70.44,12.47,47.1,59.93,40.05,98.45,-2.69,1,49.12,1.01,3.04,33.18,101.14,54.45,
4950,03302160,BREYANZI ((lisocabt),BRAND,202612,2026-01-30,-1.4,4294131.21,-1031406.07,,24.02,73.33,53.58,14.91,39.1,53.66,42.98,100.0,0.0,1,34.8,0.98,3.78,20.95,100.0,48.22,
4951,03302160,BREYANZI ((lisocabt),BRAND,202612,2026-02-06,5.57,8950044.79,4037136.24,,45.11,91.16,65.06,26.73,58.39,67.85,52.76,100.0,0.0,1,39.32,0.87,0.0,37.99,100.0,62.7,
4952,03302170,ABECMA (idecab vcle),BRAND,202612,2025-09-18,,0.0,0.0,,,100.0,,,,,,,,,0.0,0.0,0.0,,,,
4953,03302170,ABECMA (idecab vcle),BRAND,202612,2025-09-19,,0.0,0.0,,,100.0,,,,,,,,,0.0,0.0,0.0,,,,
4954,03302170,ABECMA (idecab vcle),BRAND,202612,2025-12-05,,0.0,0.0,,,100.0,,,,,,,,,0.0,0.0,0.0,,,,
4955,03302170,ABECMA (idecab vcle),BRAND,202612,2025-12-12,22.46,13112.74,13112.74,,100.0,100.0,100.0,80.64,100.0,100.0,80.64,100.0,0.0,1,40.0,0.4,0.0,100.0,100.0,81.33,
4956,03302170,ABECMA (idecab vcle),BRAND,202612,2025-12-17,,0.0,0.0,,,100.0,,,,,,,,,0.0,0.0,0.0,,,,
4957,03302170,ABECMA (idecab vcle),BRAND,202612,2025-12-19,-0.15,110.49,-110.33,,99.86,100.0,100.0,99.92,100.0,100.0,99.92,100.0,0.0,1,40.0,0.4,0.0,100.0,100.0,81.33,
4958,03302170,ABECMA (idecab vcle),BRAND,202612,2025-12-26,-15.26,9282.94,-9282.56,,100.0,100.0,100.0,97.71,100.0,100.0,97.71,100.0,0.0,1,50.0,0.71,0.0,100.0,100.0,82.38,
4959,03302170,ABECMA (idecab vcle),BRAND,202612,2026-01-02,-12.85,7271.85,-6622.86,,91.08,100.0,100.0,95.54,99.88,100.0,97.95,138.12,-46.17,0,85.71,0.57,0.0,99.88,184.29,81.86,
4960,03302170,ABECMA (idecab vcle),BRAND,202612,2026-01-09,0.0,0.01,0.01,,100.0,100.0,100.0,100.0,100.0,100.0,100.0,100.0,0.0,1,7.14,0.07,0.0,100.0,100.0,80.24,
4961,03302170,ABECMA (idecab vcle),BRAND,202612,2026-01-16,-14.86,6674.07,-6673.97,,100.0,80.0,99.3,95.9,100.0,100.0,96.63,100.0,0.0,1,33.33,0.47,0.0,99.3,100.0,73.56,
4962,03302170,ABECMA (idecab vcle),BRAND,202612,2026-01-23,-38.46,27690.57,-27453.49,,99.14,84.21,99.68,92.52,99.85,100.0,95.87,108.64,-14.96,1,56.25,0.74,6.25,99.53,123.6,76.08,
4963,03302170,ABECMA (idecab vcle),BRAND,202612,2026-01-30,5.32,3810.92,2611.58,,68.53,86.67,10.94,83.98,99.92,100.0,88.29,100.0,0.0,1,46.15,1.0,0.0,10.93,100.0,77.97,
4964,03302170,ABECMA (idecab vcle),BRAND,202612,2026-02-06,12.85,7066.38,6636.1,,93.91,100.0,100.0,90.58,100.0,100.0,97.18,100.0,0.0,1,26.32,0.63,0.0,100.0,100.0,82.11,
4965,03302191,LENADEX,BRAND,202612,2025-07-18,,0.0,0.0,,,100.0,,,,,,,,,0.0,0.0,0.0,,,,
4966,03302191,LENADEX,BRAND,202612,2025-07-25,2.0,8785.68,8785.68,,100.0,100.0,100.0,100.0,100.0,100.0,100.0,100.0,0.0,1,16.67,0.17,0.0,100.0,100.0,80.56,
4967,03302191,LENADEX,BRAND,202612,2025-08-01,12.96,59932.05,58005.08,,96.78,100.0,100.0,98.39,100.0,100.0,98.39,100.0,0.0,1,33.33,0.5,0.0,100.0,100.0,81.67,
4968,03302191,LENADEX,BRAND,202612,2025-08-08,1.0,5104.01,5053.41,,99.01,100.0,100.0,99.5,100.0,100.0,99.5,100.0,0.0,1,50.0,1.0,0.0,100.0,100.0,83.33,
4969,03302191,LENADEX,BRAND,202612,2025-08-15,0.6,18175.58,3053.76,,16.8,100.0,100.0,58.4,100.0,100.0,58.4,100.0,0.0,1,33.33,0.33,0.0,100.0,100.0,81.11,
4970,03302191,LENADEX,BRAND,202612,2025-08-22,-1.17,15203.47,-6025.87,,39.63,100.0,100.0,69.82,100.0,100.0,69.82,100.0,0.0,1,33.33,0.33,0.0,100.0,100.0,81.11,
4971,03302191,LENADEX,BRAND,202612,2025-08-26,,0.0,0.0,,,100.0,,,,,,,,,0.0,0.0,0.0,,,,
4972,03302191,LENADEX,BRAND,202612,2025-08-29,24.37,123734.38,123734.38,,100.0,83.33,0.0,100.0,100.0,100.0,100.0,100.0,0.0,1,0.0,0.17,0.0,0.0,100.0,73.89,
4973,03302191,LENADEX,BRAND,202612,2025-09-05,2.32,14635.83,14635.83,,100.0,83.33,60.5,60.36,100.0,100.0,60.42,100.0,0.0,1,60.0,0.83,0.0,60.5,100.0,76.11,
4974,03302191,LENADEX,BRAND,202612,2025-09-12,-18.86,121872.73,-121872.73,,100.0,100.0,100.0,97.68,100.0,100.0,97.68,100.0,0.0,1,33.33,0.33,0.0,100.0,100.0,81.11,
4975,03302191,LENADEX,BRAND,202612,2025-09-18,-28.42,225706.65,-144108.42,,63.85,83.33,76.42,58.34,100.0,100.0,58.35,100.0,0.0,1,80.0,1.17,0.0,76.42,100.0,77.22,
4976,03302191,LENADEX,BRAND,202612,2025-09-19,-30.79,242980.14,-161422.42,,66.43,66.67,16.78,56.67,100.0,100.0,56.67,100.0,0.0,1,25.0,1.33,0.0,16.78,100.0,71.11,
4977,03302191,LENADEX,BRAND,202612,2025-09-26,-1.01,48972.5,-3676.25,,7.51,66.67,16.77,53.75,100.0,100.0,53.75,100.0,0.0,1,25.0,1.33,0.0,16.77,100.0,71.11,
4978,03302191,LENADEX,BRAND,202612,2025-10-03,6.33,105736.69,22735.07,,21.5,83.33,60.75,46.39,100.0,100.0,46.4,100.0,0.0,1,60.0,0.83,0.0,60.75,100.0,76.11,
4979,03302191,LENADEX,BRAND,202612,2025-10-10,0.0,0.0,0.0,,,83.33,,,,,,,,,0.0,0.0,0.0,,,,
4980,03302191,LENADEX,BRAND,202612,2025-10-17,4.84,109453.12,17548.93,,16.03,83.33,72.67,58.01,100.0,100.0,58.02,100.0,0.0,1,60.0,0.67,0.0,72.67,100.0,75.56,
4981,03302191,LENADEX,BRAND,202612,2025-10-24,-0.35,14980.33,-1349.93,,9.01,66.67,92.16,54.51,100.0,100.0,54.51,100.0,0.0,1,50.0,0.67,0.0,92.16,100.0,68.89,
4982,03302191,LENADEX,BRAND,202612,2025-10-31,44.06,167702.85,167702.85,,100.0,83.33,18.85,81.15,100.0,100.0,81.15,100.0,0.0,1,20.0,0.5,0.0,18.85,100.0,75.0,
4983,03302191,LENADEX,BRAND,202612,2025-11-07,4.54,132108.42,24890.7,,18.84,100.0,100.0,40.57,100.0,100.0,40.57,100.0,0.0,1,83.33,1.0,0.0,100.0,100.0,83.33,
4984,03302191,LENADEX,BRAND,202612,2025-11-14,-0.44,13639.7,-2494.6,,18.29,66.67,0.36,58.79,100.0,100.0,58.79,100.0,0.0,1,25.0,0.5,0.0,0.36,100.0,68.33,
4985,03302191,LENADEX,BRAND,202612,2025-11-19,44.11,174490.18,167818.16,,96.18,50.0,95.97,79.48,99.92,100.0,81.6,100.0,0.0,1,100.0,1.17,0.0,95.89,100.0,63.86,
4986,03302191,LENADEX,BRAND,202612,2025-11-21,-0.6,20131.51,-3408.06,,16.93,33.33,41.94,39.1,99.33,100.0,54.96,100.0,0.0,1,100.0,1.83,0.0,41.66,100.0,59.18,
4987,03302191,LENADEX,BRAND,202612,2025-11-28,-0.21,14565.77,-1176.6,,8.08,100.0,100.0,54.04,100.0,100.0,54.04,100.0,0.0,1,50.0,1.17,0.0,100.0,100.0,83.89,
4988,03302191,LENADEX,BRAND,202612,2025-12-05,0.39,9552.5,2203.89,,23.07,100.0,100.0,40.52,100.0,100.0,40.52,100.0,0.0,1,50.0,1.17,0.0,100.0,100.0,83.89,
4989,03302191,LENADEX,BRAND,202612,2025-12-12,-0.7,43016.91,-3954.93,,9.19,100.0,100.0,54.6,100.0,100.0,54.6,100.0,0.0,1,33.33,0.5,0.0,100.0,100.0,81.67,
4990,03302191,LENADEX,BRAND,202612,2025-12-17,2.68,132390.37,14712.61,,11.11,83.33,55.56,44.44,100.0,100.0,44.44,100.0,0.0,1,40.0,1.0,0.0,55.56,100.0,76.67,
4991,03302191,LENADEX,BRAND,202612,2025-12-19,0.03,9715.73,147.75,,1.52,66.67,50.76,50.76,100.0,100.0,50.76,100.0,0.0,1,25.0,1.0,0.0,50.76,100.0,70.0,
4992,03302191,LENADEX,BRAND,202612,2025-12-26,-0.16,8966.7,-896.78,,10.0,100.0,100.0,55.0,100.0,100.0,55.0,100.0,0.0,1,50.0,0.5,0.0,100.0,100.0,81.67,
4993,03302191,LENADEX,BRAND,202612,2026-01-02,220.7,1243910.17,1243910.17,,100.0,100.0,100.0,40.34,100.0,100.0,40.34,-0.18,97.24,-1,50.0,1.17,0.0,100.0,97.41,83.89,
4994,03302191,LENADEX,BRAND,202612,2026-01-09,0.0,0.0,0.0,,100.0,66.67,0.0,100.0,100.0,100.0,100.0,100.0,0.0,1,0.0,0.5,0.0,0.0,100.0,68.33,
4995,03302191,LENADEX,BRAND,202612,2026-01-16,-0.0,0.0,-0.0,,100.0,100.0,100.0,100.0,100.0,100.0,100.0,100.0,0.0,1,16.67,0.17,0.0,100.0,100.0,80.56,
4996,03302191,LENADEX,BRAND,202612,2026-01-23,108.9,770164.71,613083.63,,79.6,83.33,89.8,52.93,100.0,100.0,52.93,-28.12,197.52,-1,60.0,1.0,0.0,89.8,225.64,76.67,
4997,03302191,LENADEX,BRAND,202612,2026-01-30,-9.9,249873.03,-178914.17,,71.6,83.33,80.42,66.22,100.0,100.0,66.22,100.0,0.0,1,40.0,1.0,0.0,80.42,100.0,76.67,
4998,03302191,LENADEX,BRAND,202612,2026-02-06,-0.37,6857.28,-5975.6,,87.14,66.67,6.43,53.57,100.0,100.0,53.57,100.0,0.0,1,25.0,1.0,0.0,6.43,100.0,70.0,
4999,03303600,Augtyro,BRAND,202612,2025-07-18,,0.0,0.0,,,100.0,,,,,,,,,0.0,0.0,0.0,,,,
5000,03303600,Augtyro,BRAND,202612,2025-07-25,-0.02,2041425.99,-30344.77,,1.49,73.15,100.0,19.66,85.39,99.76,36.03,100.0,0.0,1,24.05,0.19,0.0,85.39,100.0,64.03,
5001,03303600,Augtyro,BRAND,202612,2025-08-01,-0.19,9031632.48,-297191.88,,3.29,73.87,100.0,43.91,89.01,97.88,77.76,100.0,0.0,1,25.61,0.26,0.0,89.01,100.0,66.02,
5002,03303600,Augtyro,BRAND,202612,2025-08-08,31.9,61468092.12,49914133.02,,81.2,71.68,100.0,30.52,86.82,95.56,87.5,100.0,0.0,1,61.73,0.59,0.0,86.82,100.0,65.38,
5003,03303600,Augtyro,BRAND,202612,2025-08-15,-22.89,65129217.86,-46674834.03,,71.66,70.64,100.0,26.7,83.69,95.57,81.88,100.0,0.0,1,46.75,0.49,0.0,83.69,100.0,63.35,
5004,03303600,Augtyro,BRAND,202612,2025-08-22,-0.07,15474687.16,-106198.11,,0.69,70.48,100.0,34.95,80.14,97.83,56.08,100.0,0.0,1,40.54,0.39,0.0,80.14,100.0,61.55,
5005,03303600,Augtyro,BRAND,202612,2025-08-26,,0.0,0.0,,,71.56,,,,,,,,,0.0,0.0,0.0,,,,
5006,03303600,Augtyro,BRAND,202612,2025-08-29,-0.48,11185599.61,-756839.68,,6.77,64.22,56.04,33.82,89.57,96.83,81.97,100.0,0.0,1,22.86,0.25,0.0,50.2,100.0,62.34,
5007,03303600,Augtyro,BRAND,202612,2025-09-05,1.83,40173510.14,2849214.26,,7.09,55.14,50.34,34.53,88.77,95.45,56.26,100.0,0.0,1,47.46,0.58,1.69,44.68,100.0,59.49,
5008,03303600,Augtyro,BRAND,202612,2025-09-12,-2.19,40858113.2,-3464595.43,,8.48,55.96,65.14,32.2,76.93,95.32,55.03,100.0,0.0,1,26.23,0.41,0.0,50.11,100.0,54.53,
5009,03303600,Augtyro,BRAND,202612,2025-09-18,-6.71,63503814.49,-10482726.88,,16.51,49.07,49.95,30.37,78.48,91.71,60.26,100.0,0.0,1,60.38,0.92,0.0,39.2,100.0,54.08,
5010,03303600,Augtyro,BRAND,202612,2025-09-19,-2.88,10109535.88,-4455257.52,,44.07,53.7,51.01,25.38,84.34,96.38,74.4,100.0,0.0,1,24.14,0.48,0.0,43.03,100.0,56.82,
5011,03303600,Augtyro,BRAND,202612,2025-09-26,1.15,15588802.92,1723153.69,,11.05,68.42,47.38,41.24,90.42,96.92,96.76,100.0,3.54,1,33.85,0.54,1.54,42.85,96.46,65.33,
5012,03303600,Augtyro,BRAND,202612,2025-10-03,0.89,20879345.35,1349598.2,,6.46,72.73,47.83,37.61,93.95,97.75,96.1,100.0,0.0,1,36.11,0.59,0.0,44.94,100.0,68.62,
5013,03303600,Augtyro,BRAND,202612,2025-10-10,0.0,0.0,0.0,,,68.14,,,,,,,,,0.0,0.0,0.0,,,,
5014,03303600,Augtyro,BRAND,202612,2025-10-17,3.63,18248108.93,5291081.98,,29.0,69.83,92.8,17.43,61.96,81.71,76.85,100.0,0.96,1,55.56,0.55,0.0,57.49,99.04,54.55,
5015,03303600,Augtyro,BRAND,202612,2025-10-24,-0.45,13236453.18,-688613.95,,5.2,58.26,52.46,23.28,67.31,83.67,52.04,100.0,0.0,1,32.84,0.63,2.99,35.31,100.0,52.32,
5016,03303600,Augtyro,BRAND,202612,2025-10-31,-1.8,3826018.81,-2761829.18,,72.19,67.86,20.02,65.29,86.67,96.33,85.12,100.0,0.0,1,23.68,0.4,0.0,17.35,100.0,63.15,
5017,03303600,Augtyro,BRAND,202612,2025-11-07,-4.85,14850815.23,-7296316.21,,49.13,66.36,52.7,17.98,62.87,82.5,85.04,100.0,0.0,1,47.95,0.65,1.37,33.13,100.0,53.85,
5018,03303600,Augtyro,BRAND,202612,2025-11-14,0.16,1653120.08,231535.79,,14.01,68.18,50.72,27.51,78.2,95.17,49.93,123.12,-12.99,1,17.33,0.25,2.67,39.66,136.11,59.4,
5019,03303600,Augtyro,BRAND,202612,2025-11-19,-5.46,24474359.72,-8281681.57,,33.84,70.91,62.13,12.59,55.71,82.24,77.02,99.35,0.32,1,56.41,0.75,2.56,34.61,99.04,53.16,
5020,03303600,Augtyro,BRAND,202612,2025-11-21,-0.1,151401.75,-147706.0,,97.56,68.18,52.05,46.64,97.37,99.71,49.66,100.0,0.0,1,12.0,0.21,6.67,50.68,100.0,66.92,
5021,03303600,Augtyro,BRAND,202612,2025-11-28,-0.3,2357284.88,-434510.91,,18.43,80.36,99.78,38.45,96.63,98.79,90.08,100.0,0.0,1,22.22,0.28,2.22,96.42,100.0,71.72,
5022,03303600,Augtyro,BRAND,202612,2025-12-05,0.96,6574137.4,1368463.11,,20.82,75.0,70.41,35.24,88.2,95.09,67.05,100.0,0.0,1,33.33,0.45,2.38,62.11,100.0,66.77,
5023,03303600,Augtyro,BRAND,202612,2025-12-12,5.25,14003047.46,7561668.26,,54.0,71.17,43.77,20.7,69.33,92.19,87.43,100.0,0.0,1,21.52,0.29,1.27,30.34,100.0,57.16,
5024,03303600,Augtyro,BRAND,202612,2025-12-17,5.96,15791806.02,8534365.57,,54.04,65.77,28.3,18.32,65.55,89.36,95.13,100.0,0.0,1,45.21,0.7,4.11,18.55,100.0,54.87,
5025,03303600,Augtyro,BRAND,202612,2025-12-19,3.4,11541428.16,5160410.25,,44.71,71.17,36.03,22.7,87.01,98.69,76.42,100.0,0.0,1,22.78,0.4,2.53,31.35,100.0,64.59,
5026,03303600,Augtyro,BRAND,202612,2025-12-26,1.05,1988480.23,1652648.54,,83.11,74.77,9.13,82.39,97.5,99.6,99.35,100.0,0.0,1,20.48,0.32,2.41,8.9,100.0,69.99,
5027,03303600,Augtyro,BRAND,202612,2026-01-02,-20.73,43840719.3,-32870840.58,,74.98,77.48,87.68,32.54,70.08,89.17,58.72,14.85,90.07,0,50.0,0.6,1.16,61.44,75.23,61.03,
5028,03303600,Augtyro,BRAND,202612,2026-01-09,1.39,14157962.67,1751931.49,,12.37,70.91,65.8,33.18,86.06,96.73,88.89,100.0,0.0,1,17.95,0.37,2.56,56.63,100.0,64.03,
5029,03303600,Augtyro,BRAND,202612,2026-01-16,-1.55,6340000.52,-1979377.51,,31.22,72.97,89.87,32.0,87.63,96.14,83.39,100.0,0.0,1,30.86,0.46,1.23,78.76,100.0,65.77,
5030,03303600,Augtyro,BRAND,202612,2026-01-23,-17.45,32608447.18,-26491272.79,,81.24,65.49,92.38,43.75,76.75,87.13,49.45,-5.07,106.98,0,39.19,0.9,2.7,70.9,112.05,59.9,
5031,03303600,Augtyro,BRAND,202612,2026-01-30,-0.93,1687817.48,-1169278.04,,69.28,68.75,28.81,37.94,72.65,92.61,77.53,100.0,0.0,1,24.68,0.57,3.9,20.93,100.0,58.47,
5032,03303600,Augtyro,BRAND,202612,2026-02-06,1.51,4498555.35,1883349.99,,41.87,73.21,47.2,51.5,93.72,96.67,81.68,100.0,0.0,1,31.71,0.56,0.0,44.24,100.0,68.65,
5033,03501150,Ampicillin/Pentrexyl,BRAND,202612,2025-07-18,,0.0,0.0,,,100.0,,,,,,,,,0.0,0.0,0.0,,,,
5034,03501150,Ampicillin/Pentrexyl,BRAND,202612,2025-07-25,,0.0,0.0,,,0.0,,,,,,,,,,0.0,,,,,
5035,03501150,Ampicillin/Pentrexyl,BRAND,202612,2025-08-01,,0.0,0.0,,,0.0,,,,,,,,,,0.0,,,,,
5036,03501150,Ampicillin/Pentrexyl,BRAND,202612,2025-08-08,,0.0,0.0,,,0.0,,,,,,,,,,0.0,,,,,
5037,03501150,Ampicillin/Pentrexyl,BRAND,202612,2025-08-15,,0.0,0.0,,,0.0,,,,,,,,,,0.0,,,,,
5038,03501150,Ampicillin/Pentrexyl,BRAND,202612,2025-08-22,,0.0,0.0,,,0.0,,,,,,,,,,0.0,,,,,
5039,03501150,Ampicillin/Pentrexyl,BRAND,202612,2025-08-26,,0.0,0.0,,,0.0,,,,,,,,,,0.0,,,,,
5040,03501150,Ampicillin/Pentrexyl,BRAND,202612,2025-08-29,,0.0,0.0,,,0.0,,,,,,,,,,0.0,,,,,
5041,03501150,Ampicillin/Pentrexyl,BRAND,202612,2025-09-05,,0.0,0.0,,,0.0,,,,,,,,,,0.0,,,,,
5042,03501150,Ampicillin/Pentrexyl,BRAND,202612,2025-09-12,,0.0,0.0,,,0.0,,,,,,,,,,0.0,,,,,
5043,03501150,Ampicillin/Pentrexyl,BRAND,202612,2025-09-18,,0.0,0.0,,,0.0,,,,,,,,,,0.0,,,,,
5044,03501150,Ampicillin/Pentrexyl,BRAND,202612,2025-09-19,,0.0,0.0,,,0.0,,,,,,,,,,0.0,,,,,
5045,03501150,Ampicillin/Pentrexyl,BRAND,202612,2025-10-03,,0.0,0.0,,,0.0,,,,,,,,,,0.0,,,,,
5046,03501150,Ampicillin/Pentrexyl,BRAND,202612,2025-10-10,,0.0,0.0,,,0.0,,,,,,,,,,0.0,,,,,
5047,03501150,Ampicillin/Pentrexyl,BRAND,202612,2025-10-17,,0.0,0.0,,,0.0,,,,,,,,,,0.0,,,,,
5048,03501150,Ampicillin/Pentrexyl,BRAND,202612,2025-10-24,,0.0,0.0,,,0.0,,,,,,,,,,0.0,,,,,
5049,03501150,Ampicillin/Pentrexyl,BRAND,202612,2025-10-31,,0.0,0.0,,,0.0,,,,,,,,,,0.0,,,,,
5050,03501150,Ampicillin/Pentrexyl,BRAND,202612,2025-11-07,,0.0,0.0,,,0.0,,,,,,,,,,0.0,,,,,
5051,03501150,Ampicillin/Pentrexyl,BRAND,202612,2025-11-14,,0.0,0.0,,,0.0,,,,,,,,,,0.0,,,,,
5052,03501150,Ampicillin/Pentrexyl,BRAND,202612,2025-11-19,,0.0,0.0,,,0.0,,,,,,,,,,0.0,,,,,
5053,03501150,Ampicillin/Pentrexyl,BRAND,202612,2025-11-21,,0.0,0.0,,,0.0,,,,,,,,,,0.0,,,,,
5054,03501150,Ampicillin/Pentrexyl,BRAND,202612,2025-11-28,,0.0,0.0,,,0.0,,,,,,,,,,0.0,,,,,
5055,03501150,Ampicillin/Pentrexyl,BRAND,202612,2025-12-05,,0.0,0.0,,,0.0,,,,,,,,,,0.0,,,,,
5056,03501150,Ampicillin/Pentrexyl,BRAND,202612,2025-12-12,,0.0,0.0,,,0.0,,,,,,,,,,0.0,,,,,
5057,03501150,Ampicillin/Pentrexyl,BRAND,202612,2025-12-17,,0.0,0.0,,,0.0,,,,,,,,,,0.0,,,,,
5058,03501150,Ampicillin/Pentrexyl,BRAND,202612,2025-12-19,,0.0,0.0,,,0.0,,,,,,,,,,0.0,,,,,
5059,03501150,Ampicillin/Pentrexyl,BRAND,202612,2025-12-26,,0.0,0.0,,,0.0,,,,,,,,,,0.0,,,,,
5060,03501150,Ampicillin/Pentrexyl,BRAND,202612,2026-01-02,,0.0,0.0,,,0.0,,,,,,,,,,0.0,,,,,
5061,03501150,Ampicillin/Pentrexyl,BRAND,202612,2026-01-09,,0.0,0.0,,,0.0,,,,,,,,,,0.0,,,,,
5062,03501150,Ampicillin/Pentrexyl,BRAND,202612,2026-01-16,,0.0,0.0,,,0.0,,,,,,,,,,0.0,,,,,
5063,03501150,Ampicillin/Pentrexyl,BRAND,202612,2026-01-23,,0.0,0.0,,,0.0,,,,,,,,,,0.0,,,,,
5064,03501150,Ampicillin/Pentrexyl,BRAND,202612,2026-01-30,,0.0,0.0,,,0.0,,,,,,,,,,0.0,,,,,
5065,03501150,Ampicillin/Pentrexyl,BRAND,202612,2026-02-06,,0.0,0.0,,,0.0,,,,,,,,,,0.0,,,,,
5066,03501160,Amoxycillin,BRAND,202612,2025-07-18,,0.0,0.0,,,100.0,,,,,,,,,0.0,0.0,0.0,,,,
5067,03501160,Amoxycillin,BRAND,202612,2025-07-25,,0.0,0.0,,,0.0,,,,,,,,,,0.0,,,,,
5068,03501160,Amoxycillin,BRAND,202612,2025-08-01,,0.0,0.0,,,0.0,,,,,,,,,,0.0,,,,,
5069,03501160,Amoxycillin,BRAND,202612,2025-08-08,,0.0,0.0,,,0.0,,,,,,,,,,0.0,,,,,
5070,03501160,Amoxycillin,BRAND,202612,2025-08-15,,0.0,0.0,,,0.0,,,,,,,,,,0.0,,,,,
5071,03501160,Amoxycillin,BRAND,202612,2025-08-22,,0.0,0.0,,,0.0,,,,,,,,,,0.0,,,,,
5072,03501160,Amoxycillin,BRAND,202612,2025-08-26,,0.0,0.0,,,0.0,,,,,,,,,,0.0,,,,,
5073,03501160,Amoxycillin,BRAND,202612,2025-08-29,,0.0,0.0,,,0.0,,,,,,,,,,0.0,,,,,
5074,03501160,Amoxycillin,BRAND,202612,2025-09-05,,0.0,0.0,,,0.0,,,,,,,,,,0.0,,,,,
5075,03501160,Amoxycillin,BRAND,202612,2025-09-12,,0.0,0.0,,,0.0,,,,,,,,,,0.0,,,,,
5076,03501160,Amoxycillin,BRAND,202612,2025-09-18,,0.0,0.0,,,0.0,,,,,,,,,,0.0,,,,,
5077,03501160,Amoxycillin,BRAND,202612,2025-09-19,,0.0,0.0,,,0.0,,,,,,,,,,0.0,,,,,
5078,03501160,Amoxycillin,BRAND,202612,2025-10-03,,0.0,0.0,,,0.0,,,,,,,,,,0.0,,,,,
5079,03501160,Amoxycillin,BRAND,202612,2025-10-10,,0.0,0.0,,,0.0,,,,,,,,,,0.0,,,,,
5080,03501160,Amoxycillin,BRAND,202612,2025-10-17,,0.0,0.0,,,0.0,,,,,,,,,,0.0,,,,,
5081,03501160,Amoxycillin,BRAND,202612,2025-10-24,,0.0,0.0,,,0.0,,,,,,,,,,0.0,,,,,
5082,03501160,Amoxycillin,BRAND,202612,2025-10-31,,0.0,0.0,,,0.0,,,,,,,,,,0.0,,,,,
5083,03501160,Amoxycillin,BRAND,202612,2025-11-07,,0.0,0.0,,,0.0,,,,,,,,,,0.0,,,,,
5084,03501160,Amoxycillin,BRAND,202612,2025-11-14,,0.0,0.0,,,0.0,,,,,,,,,,0.0,,,,,
5085,03501160,Amoxycillin,BRAND,202612,2025-11-19,,0.0,0.0,,,0.0,,,,,,,,,,0.0,,,,,
5086,03501160,Amoxycillin,BRAND,202612,2025-11-21,,0.0,0.0,,,0.0,,,,,,,,,,0.0,,,,,
5087,03501160,Amoxycillin,BRAND,202612,2025-11-28,,0.0,0.0,,,0.0,,,,,,,,,,0.0,,,,,
5088,03501160,Amoxycillin,BRAND,202612,2025-12-05,,0.0,0.0,,,0.0,,,,,,,,,,0.0,,,,,
5089,03501160,Amoxycillin,BRAND,202612,2025-12-12,,0.0,0.0,,,0.0,,,,,,,,,,0.0,,,,,
5090,03501160,Amoxycillin,BRAND,202612,2025-12-17,,0.0,0.0,,,0.0,,,,,,,,,,0.0,,,,,
5091,03501160,Amoxycillin,BRAND,202612,2025-12-19,,0.0,0.0,,,0.0,,,,,,,,,,0.0,,,,,
5092,03501160,Amoxycillin,BRAND,202612,2025-12-26,,0.0,0.0,,,0.0,,,,,,,,,,0.0,,,,,
5093,03501160,Amoxycillin,BRAND,202612,2026-01-02,,0.0,0.0,,,0.0,,,,,,,,,,0.0,,,,,
5094,03501160,Amoxycillin,BRAND,202612,2026-01-09,,0.0,0.0,,,0.0,,,,,,,,,,0.0,,,,,
5095,03501160,Amoxycillin,BRAND,202612,2026-01-16,,0.0,0.0,,,0.0,,,,,,,,,,0.0,,,,,
5096,03501160,Amoxycillin,BRAND,202612,2026-01-23,,0.0,0.0,,,0.0,,,,,,,,,,0.0,,,,,
5097,03501160,Amoxycillin,BRAND,202612,2026-01-30,,0.0,0.0,,,0.0,,,,,,,,,,0.0,,,,,
5098,03501160,Amoxycillin,BRAND,202612,2026-02-06,,0.0,0.0,,,0.0,,,,,,,,,,0.0,,,,,
5099,03501180,PEN-V/V-KG,BRAND,202612,2025-07-18,,0.0,0.0,,,100.0,,,,,,,,,0.0,0.0,0.0,,,,
5100,03501180,PEN-V/V-KG,BRAND,202612,2025-07-25,,0.0,0.0,,,0.0,,,,,,,,,,0.0,,,,,
5101,03501180,PEN-V/V-KG,BRAND,202612,2025-08-01,,0.0,0.0,,,0.0,,,,,,,,,,0.0,,,,,
5102,03501180,PEN-V/V-KG,BRAND,202612,2025-08-08,,0.0,0.0,,,0.0,,,,,,,,,,0.0,,,,,
5103,03501180,PEN-V/V-KG,BRAND,202612,2025-08-15,,0.0,0.0,,,0.0,,,,,,,,,,0.0,,,,,
5104,03501180,PEN-V/V-KG,BRAND,202612,2025-08-22,,0.0,0.0,,,0.0,,,,,,,,,,0.0,,,,,
5105,03501180,PEN-V/V-KG,BRAND,202612,2025-08-26,,0.0,0.0,,,0.0,,,,,,,,,,0.0,,,,,
5106,03501180,PEN-V/V-KG,BRAND,202612,2025-08-29,,0.0,0.0,,,0.0,,,,,,,,,,0.0,,,,,
5107,03501180,PEN-V/V-KG,BRAND,202612,2025-09-05,,0.0,0.0,,,0.0,,,,,,,,,,0.0,,,,,
5108,03501180,PEN-V/V-KG,BRAND,202612,2025-09-12,,0.0,0.0,,,0.0,,,,,,,,,,0.0,,,,,
5109,03501180,PEN-V/V-KG,BRAND,202612,2025-09-18,,0.0,0.0,,,0.0,,,,,,,,,,0.0,,,,,
5110,03501180,PEN-V/V-KG,BRAND,202612,2025-09-19,,0.0,0.0,,,0.0,,,,,,,,,,0.0,,,,,
5111,03501180,PEN-V/V-KG,BRAND,202612,2025-10-03,,0.0,0.0,,,0.0,,,,,,,,,,0.0,,,,,
5112,03501180,PEN-V/V-KG,BRAND,202612,2025-10-10,,0.0,0.0,,,0.0,,,,,,,,,,0.0,,,,,
5113,03501180,PEN-V/V-KG,BRAND,202612,2025-10-17,,0.0,0.0,,,0.0,,,,,,,,,,0.0,,,,,
5114,03501180,PEN-V/V-KG,BRAND,202612,2025-10-24,,0.0,0.0,,,0.0,,,,,,,,,,0.0,,,,,
5115,03501180,PEN-V/V-KG,BRAND,202612,2025-10-31,,0.0,0.0,,,0.0,,,,,,,,,,0.0,,,,,
5116,03501180,PEN-V/V-KG,BRAND,202612,2025-11-07,,0.0,0.0,,,0.0,,,,,,,,,,0.0,,,,,
5117,03501180,PEN-V/V-KG,BRAND,202612,2025-11-14,,0.0,0.0,,,0.0,,,,,,,,,,0.0,,,,,
5118,03501180,PEN-V/V-KG,BRAND,202612,2025-11-19,,0.0,0.0,,,0.0,,,,,,,,,,0.0,,,,,
5119,03501180,PEN-V/V-KG,BRAND,202612,2025-11-21,,0.0,0.0,,,0.0,,,,,,,,,,0.0,,,,,
5120,03501180,PEN-V/V-KG,BRAND,202612,2025-11-28,,0.0,0.0,,,0.0,,,,,,,,,,0.0,,,,,
5121,03501180,PEN-V/V-KG,BRAND,202612,2025-12-05,,0.0,0.0,,,0.0,,,,,,,,,,0.0,,,,,
5122,03501180,PEN-V/V-KG,BRAND,202612,2025-12-12,,0.0,0.0,,,0.0,,,,,,,,,,0.0,,,,,
5123,03501180,PEN-V/V-KG,BRAND,202612,2025-12-17,,0.0,0.0,,,0.0,,,,,,,,,,0.0,,,,,
5124,03501180,PEN-V/V-KG,BRAND,202612,2025-12-19,,0.0,0.0,,,0.0,,,,,,,,,,0.0,,,,,
5125,03501180,PEN-V/V-KG,BRAND,202612,2025-12-26,,0.0,0.0,,,0.0,,,,,,,,,,0.0,,,,,
5126,03501180,PEN-V/V-KG,BRAND,202612,2026-01-02,,0.0,0.0,,,0.0,,,,,,,,,,0.0,,,,,
5127,03501180,PEN-V/V-KG,BRAND,202612,2026-01-09,,0.0,0.0,,,0.0,,,,,,,,,,0.0,,,,,
5128,03501180,PEN-V/V-KG,BRAND,202612,2026-01-16,,0.0,0.0,,,0.0,,,,,,,,,,0.0,,,,,
5129,03501180,PEN-V/V-KG,BRAND,202612,2026-01-23,,0.0,0.0,,,0.0,,,,,,,,,,0.0,,,,,
5130,03501180,PEN-V/V-KG,BRAND,202612,2026-01-30,,0.0,0.0,,,0.0,,,,,,,,,,0.0,,,,,
5131,03501180,PEN-V/V-KG,BRAND,202612,2026-02-06,,0.0,0.0,,,0.0,,,,,,,,,,0.0,,,,,
5132,03501185,Isoxazoles,BRAND,202612,2025-07-18,,0.0,0.0,,,100.0,,,,,,,,,0.0,0.0,0.0,,,,
5133,03501185,Isoxazoles,BRAND,202612,2025-07-25,,0.0,0.0,,,0.0,,,,,,,,,,0.0,,,,,
5134,03501185,Isoxazoles,BRAND,202612,2025-08-01,,0.0,0.0,,,0.0,,,,,,,,,,0.0,,,,,
5135,03501185,Isoxazoles,BRAND,202612,2025-08-08,,0.0,0.0,,,0.0,,,,,,,,,,0.0,,,,,
5136,03501185,Isoxazoles,BRAND,202612,2025-08-15,,0.0,0.0,,,0.0,,,,,,,,,,0.0,,,,,
5137,03501185,Isoxazoles,BRAND,202612,2025-08-22,,0.0,0.0,,,0.0,,,,,,,,,,0.0,,,,,
5138,03501185,Isoxazoles,BRAND,202612,2025-08-26,,0.0,0.0,,,0.0,,,,,,,,,,0.0,,,,,
5139,03501185,Isoxazoles,BRAND,202612,2025-08-29,,0.0,0.0,,,0.0,,,,,,,,,,0.0,,,,,
5140,03501185,Isoxazoles,BRAND,202612,2025-09-05,,0.0,0.0,,,0.0,,,,,,,,,,0.0,,,,,
5141,03501185,Isoxazoles,BRAND,202612,2025-09-12,,0.0,0.0,,,0.0,,,,,,,,,,0.0,,,,,
5142,03501185,Isoxazoles,BRAND,202612,2025-09-18,,0.0,0.0,,,0.0,,,,,,,,,,0.0,,,,,
5143,03501185,Isoxazoles,BRAND,202612,2025-09-19,,0.0,0.0,,,0.0,,,,,,,,,,0.0,,,,,
5144,03501185,Isoxazoles,BRAND,202612,2025-10-03,,0.0,0.0,,,0.0,,,,,,,,,,0.0,,,,,
5145,03501185,Isoxazoles,BRAND,202612,2025-10-10,,0.0,0.0,,,0.0,,,,,,,,,,0.0,,,,,
5146,03501185,Isoxazoles,BRAND,202612,2025-10-17,,0.0,0.0,,,0.0,,,,,,,,,,0.0,,,,,
5147,03501185,Isoxazoles,BRAND,202612,2025-10-24,,0.0,0.0,,,0.0,,,,,,,,,,0.0,,,,,
5148,03501185,Isoxazoles,BRAND,202612,2025-10-31,,0.0,0.0,,,0.0,,,,,,,,,,0.0,,,,,
5149,03501185,Isoxazoles,BRAND,202612,2025-11-07,,0.0,0.0,,,0.0,,,,,,,,,,0.0,,,,,
5150,03501185,Isoxazoles,BRAND,202612,2025-11-14,,0.0,0.0,,,0.0,,,,,,,,,,0.0,,,,,
5151,03501185,Isoxazoles,BRAND,202612,2025-11-19,,0.0,0.0,,,0.0,,,,,,,,,,0.0,,,,,
5152,03501185,Isoxazoles,BRAND,202612,2025-11-21,,0.0,0.0,,,0.0,,,,,,,,,,0.0,,,,,
5153,03501185,Isoxazoles,BRAND,202612,2025-11-28,,0.0,0.0,,,0.0,,,,,,,,,,0.0,,,,,
5154,03501185,Isoxazoles,BRAND,202612,2025-12-05,,0.0,0.0,,,0.0,,,,,,,,,,0.0,,,,,
5155,03501185,Isoxazoles,BRAND,202612,2025-12-12,,0.0,0.0,,,0.0,,,,,,,,,,0.0,,,,,
5156,03501185,Isoxazoles,BRAND,202612,2025-12-17,,0.0,0.0,,,0.0,,,,,,,,,,0.0,,,,,
5157,03501185,Isoxazoles,BRAND,202612,2025-12-19,,0.0,0.0,,,0.0,,,,,,,,,,0.0,,,,,
5158,03501185,Isoxazoles,BRAND,202612,2025-12-26,,0.0,0.0,,,0.0,,,,,,,,,,0.0,,,,,
5159,03501185,Isoxazoles,BRAND,202612,2026-01-02,,0.0,0.0,,,0.0,,,,,,,,,,0.0,,,,,
5160,03501185,Isoxazoles,BRAND,202612,2026-01-09,,0.0,0.0,,,0.0,,,,,,,,,,0.0,,,,,
5161,03501185,Isoxazoles,BRAND,202612,2026-01-16,,0.0,0.0,,,0.0,,,,,,,,,,0.0,,,,,
5162,03501185,Isoxazoles,BRAND,202612,2026-01-23,,0.0,0.0,,,0.0,,,,,,,,,,0.0,,,,,
5163,03501185,Isoxazoles,BRAND,202612,2026-01-30,,0.0,0.0,,,0.0,,,,,,,,,,0.0,,,,,
5164,03501185,Isoxazoles,BRAND,202612,2026-02-06,,0.0,0.0,,,0.0,,,,,,,,,,0.0,,,,,
5165,03501190,Other Penicillins,BRAND,202612,2025-07-18,,0.0,0.0,,,100.0,,,,,,,,,0.0,0.0,0.0,,,,
5166,03501190,Other Penicillins,BRAND,202612,2025-07-25,,0.0,0.0,,,0.0,,,,,,,,,,0.0,,,,,
5167,03501190,Other Penicillins,BRAND,202612,2025-08-01,,0.0,0.0,,,0.0,,,,,,,,,,0.0,,,,,
5168,03501190,Other Penicillins,BRAND,202612,2025-08-08,,0.0,0.0,,,0.0,,,,,,,,,,0.0,,,,,
5169,03501190,Other Penicillins,BRAND,202612,2025-08-15,,0.0,0.0,,,0.0,,,,,,,,,,0.0,,,,,
5170,03501190,Other Penicillins,BRAND,202612,2025-08-22,,0.0,0.0,,,0.0,,,,,,,,,,0.0,,,,,
5171,03501190,Other Penicillins,BRAND,202612,2025-08-26,,0.0,0.0,,,0.0,,,,,,,,,,0.0,,,,,
5172,03501190,Other Penicillins,BRAND,202612,2025-08-29,,0.0,0.0,,,0.0,,,,,,,,,,0.0,,,,,
5173,03501190,Other Penicillins,BRAND,202612,2025-09-05,,0.0,0.0,,,0.0,,,,,,,,,,0.0,,,,,
5174,03501190,Other Penicillins,BRAND,202612,2025-09-12,,0.0,0.0,,,0.0,,,,,,,,,,0.0,,,,,
5175,03501190,Other Penicillins,BRAND,202612,2025-09-18,,0.0,0.0,,,0.0,,,,,,,,,,0.0,,,,,
5176,03501190,Other Penicillins,BRAND,202612,2025-09-19,,0.0,0.0,,,0.0,,,,,,,,,,0.0,,,,,
5177,03501190,Other Penicillins,BRAND,202612,2025-10-03,,0.0,0.0,,,0.0,,,,,,,,,,0.0,,,,,
5178,03501190,Other Penicillins,BRAND,202612,2025-10-10,,0.0,0.0,,,0.0,,,,,,,,,,0.0,,,,,
5179,03501190,Other Penicillins,BRAND,202612,2025-10-17,,0.0,0.0,,,0.0,,,,,,,,,,0.0,,,,,
5180,03501190,Other Penicillins,BRAND,202612,2025-10-24,,0.0,0.0,,,0.0,,,,,,,,,,0.0,,,,,
5181,03501190,Other Penicillins,BRAND,202612,2025-10-31,,0.0,0.0,,,0.0,,,,,,,,,,0.0,,,,,
5182,03501190,Other Penicillins,BRAND,202612,2025-11-07,,0.0,0.0,,,0.0,,,,,,,,,,0.0,,,,,
5183,03501190,Other Penicillins,BRAND,202612,2025-11-14,,0.0,0.0,,,0.0,,,,,,,,,,0.0,,,,,
5184,03501190,Other Penicillins,BRAND,202612,2025-11-19,,0.0,0.0,,,0.0,,,,,,,,,,0.0,,,,,
5185,03501190,Other Penicillins,BRAND,202612,2025-11-21,,0.0,0.0,,,0.0,,,,,,,,,,0.0,,,,,
5186,03501190,Other Penicillins,BRAND,202612,2025-11-28,,0.0,0.0,,,0.0,,,,,,,,,,0.0,,,,,
5187,03501190,Other Penicillins,BRAND,202612,2025-12-05,,0.0,0.0,,,0.0,,,,,,,,,,0.0,,,,,
5188,03501190,Other Penicillins,BRAND,202612,2025-12-12,,0.0,0.0,,,0.0,,,,,,,,,,0.0,,,,,
5189,03501190,Other Penicillins,BRAND,202612,2025-12-17,,0.0,0.0,,,0.0,,,,,,,,,,0.0,,,,,
5190,03501190,Other Penicillins,BRAND,202612,2025-12-19,,0.0,0.0,,,0.0,,,,,,,,,,0.0,,,,,
5191,03501190,Other Penicillins,BRAND,202612,2025-12-26,,0.0,0.0,,,0.0,,,,,,,,,,0.0,,,,,
5192,03501190,Other Penicillins,BRAND,202612,2026-01-02,,0.0,0.0,,,0.0,,,,,,,,,,0.0,,,,,
5193,03501190,Other Penicillins,BRAND,202612,2026-01-09,,0.0,0.0,,,0.0,,,,,,,,,,0.0,,,,,
5194,03501190,Other Penicillins,BRAND,202612,2026-01-16,,0.0,0.0,,,0.0,,,,,,,,,,0.0,,,,,
5195,03501190,Other Penicillins,BRAND,202612,2026-01-23,,0.0,0.0,,,0.0,,,,,,,,,,0.0,,,,,
5196,03501190,Other Penicillins,BRAND,202612,2026-01-30,,0.0,0.0,,,0.0,,,,,,,,,,0.0,,,,,
5197,03501190,Other Penicillins,BRAND,202612,2026-02-06,,0.0,0.0,,,0.0,,,,,,,,,,0.0,,,,,
5198,04004347,UPSA Vitamins,BRAND,202612,2025-07-18,,0.0,0.0,,,100.0,,,,,,,,,0.0,0.0,0.0,,,,
5199,04004347,UPSA Vitamins,BRAND,202612,2025-07-25,,0.0,0.0,,,0.0,,,,,,,,,,0.0,,,,,
5200,04004347,UPSA Vitamins,BRAND,202612,2025-08-01,,0.0,0.0,,,0.0,,,,,,,,,,0.0,,,,,
5201,04004347,UPSA Vitamins,BRAND,202612,2025-08-08,,0.0,0.0,,,0.0,,,,,,,,,,0.0,,,,,
5202,04004347,UPSA Vitamins,BRAND,202612,2025-08-15,,0.0,0.0,,,0.0,,,,,,,,,,0.0,,,,,
5203,04004347,UPSA Vitamins,BRAND,202612,2025-08-22,,0.0,0.0,,,0.0,,,,,,,,,,0.0,,,,,
5204,04004347,UPSA Vitamins,BRAND,202612,2025-08-26,,0.0,0.0,,,0.0,,,,,,,,,,0.0,,,,,
5205,04004347,UPSA Vitamins,BRAND,202612,2025-08-29,,0.0,0.0,,,0.0,,,,,,,,,,0.0,,,,,
5206,04004347,UPSA Vitamins,BRAND,202612,2025-09-05,,0.0,0.0,,,0.0,,,,,,,,,,0.0,,,,,
5207,04004347,UPSA Vitamins,BRAND,202612,2025-09-12,,0.0,0.0,,,0.0,,,,,,,,,,0.0,,,,,
5208,04004347,UPSA Vitamins,BRAND,202612,2025-09-18,,0.0,0.0,,,0.0,,,,,,,,,,0.0,,,,,
5209,04004347,UPSA Vitamins,BRAND,202612,2025-09-19,,0.0,0.0,,,0.0,,,,,,,,,,0.0,,,,,
5210,04004347,UPSA Vitamins,BRAND,202612,2025-10-03,,0.0,0.0,,,0.0,,,,,,,,,,0.0,,,,,
5211,04004347,UPSA Vitamins,BRAND,202612,2025-10-10,,0.0,0.0,,,0.0,,,,,,,,,,0.0,,,,,
5212,04004347,UPSA Vitamins,BRAND,202612,2025-10-17,,0.0,0.0,,,0.0,,,,,,,,,,0.0,,,,,
5213,04004347,UPSA Vitamins,BRAND,202612,2025-10-24,,0.0,0.0,,,0.0,,,,,,,,,,0.0,,,,,
5214,04004347,UPSA Vitamins,BRAND,202612,2025-10-31,,0.0,0.0,,,0.0,,,,,,,,,,0.0,,,,,
5215,04004347,UPSA Vitamins,BRAND,202612,2025-11-07,,0.0,0.0,,,0.0,,,,,,,,,,0.0,,,,,
5216,04004347,UPSA Vitamins,BRAND,202612,2025-11-14,,0.0,0.0,,,0.0,,,,,,,,,,0.0,,,,,
5217,04004347,UPSA Vitamins,BRAND,202612,2025-11-19,,0.0,0.0,,,0.0,,,,,,,,,,0.0,,,,,
5218,04004347,UPSA Vitamins,BRAND,202612,2025-11-21,,0.0,0.0,,,0.0,,,,,,,,,,0.0,,,,,
5219,04004347,UPSA Vitamins,BRAND,202612,2025-11-28,,0.0,0.0,,,0.0,,,,,,,,,,0.0,,,,,
5220,04004347,UPSA Vitamins,BRAND,202612,2025-12-05,,0.0,0.0,,,0.0,,,,,,,,,,0.0,,,,,
5221,04004347,UPSA Vitamins,BRAND,202612,2025-12-12,,0.0,0.0,,,0.0,,,,,,,,,,0.0,,,,,
5222,04004347,UPSA Vitamins,BRAND,202612,2025-12-17,,0.0,0.0,,,0.0,,,,,,,,,,0.0,,,,,
5223,04004347,UPSA Vitamins,BRAND,202612,2025-12-19,,0.0,0.0,,,0.0,,,,,,,,,,0.0,,,,,
5224,04004347,UPSA Vitamins,BRAND,202612,2025-12-26,,0.0,0.0,,,0.0,,,,,,,,,,0.0,,,,,
5225,04004347,UPSA Vitamins,BRAND,202612,2026-01-02,,0.0,0.0,,,0.0,,,,,,,,,,0.0,,,,,
5226,04004347,UPSA Vitamins,BRAND,202612,2026-01-09,,0.0,0.0,,,0.0,,,,,,,,,,0.0,,,,,
5227,04004347,UPSA Vitamins,BRAND,202612,2026-01-16,,0.0,0.0,,,0.0,,,,,,,,,,0.0,,,,,
5228,04004347,UPSA Vitamins,BRAND,202612,2026-01-23,,0.0,0.0,,,0.0,,,,,,,,,,0.0,,,,,
5229,04004347,UPSA Vitamins,BRAND,202612,2026-01-30,,0.0,0.0,,,0.0,,,,,,,,,,0.0,,,,,
5230,04004347,UPSA Vitamins,BRAND,202612,2026-02-06,,0.0,0.0,,,0.0,,,,,,,,,,0.0,,,,,
5231,04004450,all Other Minerals-H,BRAND,202612,2025-07-18,,0.0,0.0,,,100.0,,,,,,,,,0.0,0.0,0.0,,,,
5232,04004450,all Other Minerals-H,BRAND,202612,2025-07-25,,0.0,0.0,,,0.0,,,,,,,,,,0.0,,,,,
5233,04004450,all Other Minerals-H,BRAND,202612,2025-08-01,,0.0,0.0,,,0.0,,,,,,,,,,0.0,,,,,
5234,04004450,all Other Minerals-H,BRAND,202612,2025-08-08,,0.0,0.0,,,0.0,,,,,,,,,,0.0,,,,,
5235,04004450,all Other Minerals-H,BRAND,202612,2025-08-15,,0.0,0.0,,,0.0,,,,,,,,,,0.0,,,,,
5236,04004450,all Other Minerals-H,BRAND,202612,2025-08-22,,0.0,0.0,,,0.0,,,,,,,,,,0.0,,,,,
5237,04004450,all Other Minerals-H,BRAND,202612,2025-08-26,,0.0,0.0,,,0.0,,,,,,,,,,0.0,,,,,
5238,04004450,all Other Minerals-H,BRAND,202612,2025-08-29,,0.0,0.0,,,0.0,,,,,,,,,,0.0,,,,,
5239,04004450,all Other Minerals-H,BRAND,202612,2025-09-05,,0.0,0.0,,,0.0,,,,,,,,,,0.0,,,,,
5240,04004450,all Other Minerals-H,BRAND,202612,2025-09-12,,0.0,0.0,,,0.0,,,,,,,,,,0.0,,,,,
5241,04004450,all Other Minerals-H,BRAND,202612,2025-09-18,,0.0,0.0,,,0.0,,,,,,,,,,0.0,,,,,
5242,04004450,all Other Minerals-H,BRAND,202612,2025-09-19,,0.0,0.0,,,0.0,,,,,,,,,,0.0,,,,,
5243,04004450,all Other Minerals-H,BRAND,202612,2025-10-03,,0.0,0.0,,,0.0,,,,,,,,,,0.0,,,,,
5244,04004450,all Other Minerals-H,BRAND,202612,2025-10-10,,0.0,0.0,,,0.0,,,,,,,,,,0.0,,,,,
5245,04004450,all Other Minerals-H,BRAND,202612,2025-10-17,,0.0,0.0,,,0.0,,,,,,,,,,0.0,,,,,
5246,04004450,all Other Minerals-H,BRAND,202612,2025-10-24,,0.0,0.0,,,0.0,,,,,,,,,,0.0,,,,,
5247,04004450,all Other Minerals-H,BRAND,202612,2025-10-31,,0.0,0.0,,,0.0,,,,,,,,,,0.0,,,,,
5248,04004450,all Other Minerals-H,BRAND,202612,2025-11-07,,0.0,0.0,,,0.0,,,,,,,,,,0.0,,,,,
5249,04004450,all Other Minerals-H,BRAND,202612,2025-11-14,,0.0,0.0,,,0.0,,,,,,,,,,0.0,,,,,
5250,04004450,all Other Minerals-H,BRAND,202612,2025-11-19,,0.0,0.0,,,0.0,,,,,,,,,,0.0,,,,,
5251,04004450,all Other Minerals-H,BRAND,202612,2025-11-21,,0.0,0.0,,,0.0,,,,,,,,,,0.0,,,,,
5252,04004450,all Other Minerals-H,BRAND,202612,2025-11-28,,0.0,0.0,,,0.0,,,,,,,,,,0.0,,,,,
5253,04004450,all Other Minerals-H,BRAND,202612,2025-12-05,,0.0,0.0,,,0.0,,,,,,,,,,0.0,,,,,
5254,04004450,all Other Minerals-H,BRAND,202612,2025-12-12,,0.0,0.0,,,0.0,,,,,,,,,,0.0,,,,,
5255,04004450,all Other Minerals-H,BRAND,202612,2025-12-17,,0.0,0.0,,,0.0,,,,,,,,,,0.0,,,,,
5256,04004450,all Other Minerals-H,BRAND,202612,2025-12-19,,0.0,0.0,,,0.0,,,,,,,,,,0.0,,,,,
5257,04004450,all Other Minerals-H,BRAND,202612,2025-12-26,,0.0,0.0,,,0.0,,,,,,,,,,0.0,,,,,
5258,04004450,all Other Minerals-H,BRAND,202612,2026-01-02,,0.0,0.0,,,0.0,,,,,,,,,,0.0,,,,,
5259,04004450,all Other Minerals-H,BRAND,202612,2026-01-09,,0.0,0.0,,,0.0,,,,,,,,,,0.0,,,,,
5260,04004450,all Other Minerals-H,BRAND,202612,2026-01-16,,0.0,0.0,,,0.0,,,,,,,,,,0.0,,,,,
5261,04004450,all Other Minerals-H,BRAND,202612,2026-01-23,,0.0,0.0,,,0.0,,,,,,,,,,0.0,,,,,
5262,04004450,all Other Minerals-H,BRAND,202612,2026-01-30,,0.0,0.0,,,0.0,,,,,,,,,,0.0,,,,,
5263,04004450,all Other Minerals-H,BRAND,202612,2026-02-06,,0.0,0.0,,,0.0,,,,,,,,,,0.0,,,,,
5264,04501835,Dicloxacillin,BRAND,202612,2025-07-18,,0.0,0.0,,,100.0,,,,,,,,,0.0,0.0,0.0,,,,
5265,04501835,Dicloxacillin,BRAND,202612,2025-07-25,,0.0,0.0,,,0.0,,,,,,,,,,0.0,,,,,
5266,04501835,Dicloxacillin,BRAND,202612,2025-08-01,,0.0,0.0,,,0.0,,,,,,,,,,0.0,,,,,
5267,04501835,Dicloxacillin,BRAND,202612,2025-08-08,,0.0,0.0,,,0.0,,,,,,,,,,0.0,,,,,
5268,04501835,Dicloxacillin,BRAND,202612,2025-08-15,,0.0,0.0,,,0.0,,,,,,,,,,0.0,,,,,
5269,04501835,Dicloxacillin,BRAND,202612,2025-08-22,,0.0,0.0,,,0.0,,,,,,,,,,0.0,,,,,
5270,04501835,Dicloxacillin,BRAND,202612,2025-08-26,,0.0,0.0,,,0.0,,,,,,,,,,0.0,,,,,
5271,04501835,Dicloxacillin,BRAND,202612,2025-08-29,,0.0,0.0,,,0.0,,,,,,,,,,0.0,,,,,
5272,04501835,Dicloxacillin,BRAND,202612,2025-09-05,,0.0,0.0,,,0.0,,,,,,,,,,0.0,,,,,
5273,04501835,Dicloxacillin,BRAND,202612,2025-09-12,,0.0,0.0,,,0.0,,,,,,,,,,0.0,,,,,
5274,04501835,Dicloxacillin,BRAND,202612,2025-09-18,,0.0,0.0,,,0.0,,,,,,,,,,0.0,,,,,
5275,04501835,Dicloxacillin,BRAND,202612,2025-09-19,,0.0,0.0,,,0.0,,,,,,,,,,0.0,,,,,
5276,04501835,Dicloxacillin,BRAND,202612,2025-10-03,,0.0,0.0,,,0.0,,,,,,,,,,0.0,,,,,
5277,04501835,Dicloxacillin,BRAND,202612,2025-10-10,,0.0,0.0,,,0.0,,,,,,,,,,0.0,,,,,
5278,04501835,Dicloxacillin,BRAND,202612,2025-10-17,,0.0,0.0,,,0.0,,,,,,,,,,0.0,,,,,
5279,04501835,Dicloxacillin,BRAND,202612,2025-10-24,,0.0,0.0,,,0.0,,,,,,,,,,0.0,,,,,
5280,04501835,Dicloxacillin,BRAND,202612,2025-10-31,,0.0,0.0,,,0.0,,,,,,,,,,0.0,,,,,
5281,04501835,Dicloxacillin,BRAND,202612,2025-11-07,,0.0,0.0,,,0.0,,,,,,,,,,0.0,,,,,
5282,04501835,Dicloxacillin,BRAND,202612,2025-11-14,,0.0,0.0,,,0.0,,,,,,,,,,0.0,,,,,
5283,04501835,Dicloxacillin,BRAND,202612,2025-11-19,,0.0,0.0,,,0.0,,,,,,,,,,0.0,,,,,
5284,04501835,Dicloxacillin,BRAND,202612,2025-11-21,,0.0,0.0,,,0.0,,,,,,,,,,0.0,,,,,
5285,04501835,Dicloxacillin,BRAND,202612,2025-11-28,,0.0,0.0,,,0.0,,,,,,,,,,0.0,,,,,
5286,04501835,Dicloxacillin,BRAND,202612,2025-12-05,,0.0,0.0,,,0.0,,,,,,,,,,0.0,,,,,
5287,04501835,Dicloxacillin,BRAND,202612,2025-12-12,,0.0,0.0,,,0.0,,,,,,,,,,0.0,,,,,
5288,04501835,Dicloxacillin,BRAND,202612,2025-12-17,,0.0,0.0,,,0.0,,,,,,,,,,0.0,,,,,
5289,04501835,Dicloxacillin,BRAND,202612,2025-12-19,,0.0,0.0,,,0.0,,,,,,,,,,0.0,,,,,
5290,04501835,Dicloxacillin,BRAND,202612,2025-12-26,,0.0,0.0,,,0.0,,,,,,,,,,0.0,,,,,
5291,04501835,Dicloxacillin,BRAND,202612,2026-01-02,,0.0,0.0,,,0.0,,,,,,,,,,0.0,,,,,
5292,04501835,Dicloxacillin,BRAND,202612,2026-01-09,,0.0,0.0,,,0.0,,,,,,,,,,0.0,,,,,
5293,04501835,Dicloxacillin,BRAND,202612,2026-01-16,,0.0,0.0,,,0.0,,,,,,,,,,0.0,,,,,
5294,04501835,Dicloxacillin,BRAND,202612,2026-01-23,,0.0,0.0,,,0.0,,,,,,,,,,0.0,,,,,
5295,04501835,Dicloxacillin,BRAND,202612,2026-01-30,,0.0,0.0,,,0.0,,,,,,,,,,0.0,,,,,
5296,04501835,Dicloxacillin,BRAND,202612,2026-02-06,,0.0,0.0,,,0.0,,,,,,,,,,0.0,,,,,
5297,04506129,Tempra IV,BRAND,202612,2025-07-18,,0.0,0.0,,,100.0,,,,,,,,,0.0,0.0,0.0,,,,
5298,04506129,Tempra IV,BRAND,202612,2025-07-25,,0.0,0.0,,,0.0,,,,,,,,,,0.0,,,,,
5299,04506129,Tempra IV,BRAND,202612,2025-08-01,,0.0,0.0,,,0.0,,,,,,,,,,0.0,,,,,
5300,04506129,Tempra IV,BRAND,202612,2025-08-08,,0.0,0.0,,,0.0,,,,,,,,,,0.0,,,,,
5301,04506129,Tempra IV,BRAND,202612,2025-08-15,,0.0,0.0,,,0.0,,,,,,,,,,0.0,,,,,
5302,04506129,Tempra IV,BRAND,202612,2025-08-22,,0.0,0.0,,,0.0,,,,,,,,,,0.0,,,,,
5303,04506129,Tempra IV,BRAND,202612,2025-08-26,,0.0,0.0,,,0.0,,,,,,,,,,0.0,,,,,
5304,04506129,Tempra IV,BRAND,202612,2025-08-29,,0.0,0.0,,,0.0,,,,,,,,,,0.0,,,,,
5305,04506129,Tempra IV,BRAND,202612,2025-09-05,,0.0,0.0,,,0.0,,,,,,,,,,0.0,,,,,
5306,04506129,Tempra IV,BRAND,202612,2025-09-12,,0.0,0.0,,,0.0,,,,,,,,,,0.0,,,,,
5307,04506129,Tempra IV,BRAND,202612,2025-09-18,,0.0,0.0,,,0.0,,,,,,,,,,0.0,,,,,
5308,04506129,Tempra IV,BRAND,202612,2025-09-19,,0.0,0.0,,,0.0,,,,,,,,,,0.0,,,,,
5309,04506129,Tempra IV,BRAND,202612,2025-10-10,,0.0,0.0,,,0.0,,,,,,,,,,0.0,,,,,
5310,04506129,Tempra IV,BRAND,202612,2025-10-17,,0.0,0.0,,,0.0,,,,,,,,,,0.0,,,,,
5311,04506129,Tempra IV,BRAND,202612,2025-10-24,,0.0,0.0,,,0.0,,,,,,,,,,0.0,,,,,
5312,04506129,Tempra IV,BRAND,202612,2025-10-31,,0.0,0.0,,,0.0,,,,,,,,,,0.0,,,,,
5313,04506129,Tempra IV,BRAND,202612,2025-11-07,,0.0,0.0,,,0.0,,,,,,,,,,0.0,,,,,
5314,04506129,Tempra IV,BRAND,202612,2025-11-14,,0.0,0.0,,,0.0,,,,,,,,,,0.0,,,,,
5315,04506129,Tempra IV,BRAND,202612,2025-11-19,,0.0,0.0,,,0.0,,,,,,,,,,0.0,,,,,
5316,04506129,Tempra IV,BRAND,202612,2025-11-21,,0.0,0.0,,,0.0,,,,,,,,,,0.0,,,,,
5317,04506129,Tempra IV,BRAND,202612,2025-11-28,,0.0,0.0,,,0.0,,,,,,,,,,0.0,,,,,
5318,04506129,Tempra IV,BRAND,202612,2025-12-05,,0.0,0.0,,,0.0,,,,,,,,,,0.0,,,,,
5319,04506129,Tempra IV,BRAND,202612,2025-12-12,,0.0,0.0,,,0.0,,,,,,,,,,0.0,,,,,
5320,04506129,Tempra IV,BRAND,202612,2025-12-17,,0.0,0.0,,,0.0,,,,,,,,,,0.0,,,,,
5321,04506129,Tempra IV,BRAND,202612,2025-12-19,,0.0,0.0,,,0.0,,,,,,,,,,0.0,,,,,
5322,04506129,Tempra IV,BRAND,202612,2025-12-26,,0.0,0.0,,,0.0,,,,,,,,,,0.0,,,,,
5323,04506129,Tempra IV,BRAND,202612,2026-01-09,,0.0,0.0,,,0.0,,,,,,,,,,0.0,,,,,
5324,04506129,Tempra IV,BRAND,202612,2026-01-16,,0.0,0.0,,,0.0,,,,,,,,,,0.0,,,,,
5325,04506129,Tempra IV,BRAND,202612,2026-01-23,,0.0,0.0,,,0.0,,,,,,,,,,0.0,,,,,
5326,04506129,Tempra IV,BRAND,202612,2026-01-30,,0.0,0.0,,,0.0,,,,,,,,,,0.0,,,,,
5327,04506129,Tempra IV,BRAND,202612,2026-02-06,,0.0,0.0,,,0.0,,,,,,,,,,0.0,,,,,
5328,04506130,Tempra,BRAND,202612,2025-07-18,,0.0,0.0,,,100.0,,,,,,,,,0.0,0.0,0.0,,,,
5329,04506130,Tempra,BRAND,202612,2025-07-25,,0.0,0.0,,,0.0,,,,,,,,,,0.0,,,,,
5330,04506130,Tempra,BRAND,202612,2025-08-01,,0.0,0.0,,,0.0,,,,,,,,,,0.0,,,,,
5331,04506130,Tempra,BRAND,202612,2025-08-08,,0.0,0.0,,,0.0,,,,,,,,,,0.0,,,,,
5332,04506130,Tempra,BRAND,202612,2025-08-15,,0.0,0.0,,,0.0,,,,,,,,,,0.0,,,,,
5333,04506130,Tempra,BRAND,202612,2025-08-22,,0.0,0.0,,,0.0,,,,,,,,,,0.0,,,,,
5334,04506130,Tempra,BRAND,202612,2025-08-26,,0.0,0.0,,,0.0,,,,,,,,,,0.0,,,,,
5335,04506130,Tempra,BRAND,202612,2025-08-29,,0.0,0.0,,,0.0,,,,,,,,,,0.0,,,,,
5336,04506130,Tempra,BRAND,202612,2025-09-05,,0.0,0.0,,,0.0,,,,,,,,,,0.0,,,,,
5337,04506130,Tempra,BRAND,202612,2025-09-12,,0.0,0.0,,,0.0,,,,,,,,,,0.0,,,,,
5338,04506130,Tempra,BRAND,202612,2025-09-18,,0.0,0.0,,,0.0,,,,,,,,,,0.0,,,,,
5339,04506130,Tempra,BRAND,202612,2025-09-19,,0.0,0.0,,,0.0,,,,,,,,,,0.0,,,,,
5340,04506130,Tempra,BRAND,202612,2025-10-03,,0.0,0.0,,,0.0,,,,,,,,,,0.0,,,,,
5341,04506130,Tempra,BRAND,202612,2025-10-10,,0.0,0.0,,,0.0,,,,,,,,,,0.0,,,,,
5342,04506130,Tempra,BRAND,202612,2025-10-17,,0.0,0.0,,,0.0,,,,,,,,,,0.0,,,,,
5343,04506130,Tempra,BRAND,202612,2025-10-24,,0.0,0.0,,,0.0,,,,,,,,,,0.0,,,,,
5344,04506130,Tempra,BRAND,202612,2025-10-31,,0.0,0.0,,,0.0,,,,,,,,,,0.0,,,,,
5345,04506130,Tempra,BRAND,202612,2025-11-07,,0.0,0.0,,,0.0,,,,,,,,,,0.0,,,,,
5346,04506130,Tempra,BRAND,202612,2025-11-14,,0.0,0.0,,,0.0,,,,,,,,,,0.0,,,,,
5347,04506130,Tempra,BRAND,202612,2025-11-19,,0.0,0.0,,,0.0,,,,,,,,,,0.0,,,,,
5348,04506130,Tempra,BRAND,202612,2025-11-21,,0.0,0.0,,,0.0,,,,,,,,,,0.0,,,,,
5349,04506130,Tempra,BRAND,202612,2025-11-28,,0.0,0.0,,,0.0,,,,,,,,,,0.0,,,,,
5350,04506130,Tempra,BRAND,202612,2025-12-05,,0.0,0.0,,,0.0,,,,,,,,,,0.0,,,,,
5351,04506130,Tempra,BRAND,202612,2025-12-12,,0.0,0.0,,,0.0,,,,,,,,,,0.0,,,,,
5352,04506130,Tempra,BRAND,202612,2025-12-17,,0.0,0.0,,,0.0,,,,,,,,,,0.0,,,,,
5353,04506130,Tempra,BRAND,202612,2025-12-19,,0.0,0.0,,,0.0,,,,,,,,,,0.0,,,,,
5354,04506130,Tempra,BRAND,202612,2025-12-26,,0.0,0.0,,,0.0,,,,,,,,,,0.0,,,,,
5355,04506130,Tempra,BRAND,202612,2026-01-02,,0.0,0.0,,,0.0,,,,,,,,,,0.0,,,,,
5356,04506130,Tempra,BRAND,202612,2026-01-09,,0.0,0.0,,,0.0,,,,,,,,,,0.0,,,,,
5357,04506130,Tempra,BRAND,202612,2026-01-16,,0.0,0.0,,,0.0,,,,,,,,,,0.0,,,,,
5358,04506130,Tempra,BRAND,202612,2026-01-23,,0.0,0.0,,,0.0,,,,,,,,,,0.0,,,,,
5359,04506130,Tempra,BRAND,202612,2026-01-30,,0.0,0.0,,,0.0,,,,,,,,,,0.0,,,,,
5360,04506130,Tempra,BRAND,202612,2026-02-06,,0.0,0.0,,,0.0,,,,,,,,,,0.0,,,,,
5361,04506132,Aspirine UPSA,BRAND,202612,2025-07-18,,0.0,0.0,,,100.0,,,,,,,,,0.0,0.0,0.0,,,,
5362,04506132,Aspirine UPSA,BRAND,202612,2025-07-25,,0.0,0.0,,,0.0,,,,,,,,,,0.0,,,,,
5363,04506132,Aspirine UPSA,BRAND,202612,2025-08-01,,0.0,0.0,,,0.0,,,,,,,,,,0.0,,,,,
5364,04506132,Aspirine UPSA,BRAND,202612,2025-08-08,,0.0,0.0,,,0.0,,,,,,,,,,0.0,,,,,
5365,04506132,Aspirine UPSA,BRAND,202612,2025-08-15,,0.0,0.0,,,0.0,,,,,,,,,,0.0,,,,,
5366,04506132,Aspirine UPSA,BRAND,202612,2025-08-22,,0.0,0.0,,,0.0,,,,,,,,,,0.0,,,,,
5367,04506132,Aspirine UPSA,BRAND,202612,2025-08-26,,0.0,0.0,,,0.0,,,,,,,,,,0.0,,,,,
5368,04506132,Aspirine UPSA,BRAND,202612,2025-08-29,,0.0,0.0,,,0.0,,,,,,,,,,0.0,,,,,
5369,04506132,Aspirine UPSA,BRAND,202612,2025-09-05,,0.0,0.0,,,0.0,,,,,,,,,,0.0,,,,,
5370,04506132,Aspirine UPSA,BRAND,202612,2025-09-12,,0.0,0.0,,,0.0,,,,,,,,,,0.0,,,,,
5371,04506132,Aspirine UPSA,BRAND,202612,2025-09-18,,0.0,0.0,,,0.0,,,,,,,,,,0.0,,,,,
5372,04506132,Aspirine UPSA,BRAND,202612,2025-09-19,,0.0,0.0,,,0.0,,,,,,,,,,0.0,,,,,
5373,04506132,Aspirine UPSA,BRAND,202612,2025-10-03,,0.0,0.0,,,0.0,,,,,,,,,,0.0,,,,,
5374,04506132,Aspirine UPSA,BRAND,202612,2025-10-10,,0.0,0.0,,,0.0,,,,,,,,,,0.0,,,,,
5375,04506132,Aspirine UPSA,BRAND,202612,2025-10-17,,0.0,0.0,,,0.0,,,,,,,,,,0.0,,,,,
5376,04506132,Aspirine UPSA,BRAND,202612,2025-10-24,,0.0,0.0,,,0.0,,,,,,,,,,0.0,,,,,
5377,04506132,Aspirine UPSA,BRAND,202612,2025-10-31,,0.0,0.0,,,0.0,,,,,,,,,,0.0,,,,,
5378,04506132,Aspirine UPSA,BRAND,202612,2025-11-07,,0.0,0.0,,,0.0,,,,,,,,,,0.0,,,,,
5379,04506132,Aspirine UPSA,BRAND,202612,2025-11-14,,0.0,0.0,,,0.0,,,,,,,,,,0.0,,,,,
5380,04506132,Aspirine UPSA,BRAND,202612,2025-11-19,,0.0,0.0,,,0.0,,,,,,,,,,0.0,,,,,
5381,04506132,Aspirine UPSA,BRAND,202612,2025-11-21,,0.0,0.0,,,0.0,,,,,,,,,,0.0,,,,,
5382,04506132,Aspirine UPSA,BRAND,202612,2025-11-28,,0.0,0.0,,,0.0,,,,,,,,,,0.0,,,,,
5383,04506132,Aspirine UPSA,BRAND,202612,2025-12-05,,0.0,0.0,,,0.0,,,,,,,,,,0.0,,,,,
5384,04506132,Aspirine UPSA,BRAND,202612,2025-12-12,,0.0,0.0,,,0.0,,,,,,,,,,0.0,,,,,
5385,04506132,Aspirine UPSA,BRAND,202612,2025-12-17,,0.0,0.0,,,0.0,,,,,,,,,,0.0,,,,,
5386,04506132,Aspirine UPSA,BRAND,202612,2025-12-19,,0.0,0.0,,,0.0,,,,,,,,,,0.0,,,,,
5387,04506132,Aspirine UPSA,BRAND,202612,2025-12-26,,0.0,0.0,,,0.0,,,,,,,,,,0.0,,,,,
5388,04506132,Aspirine UPSA,BRAND,202612,2026-01-02,,0.0,0.0,,,0.0,,,,,,,,,,0.0,,,,,
5389,04506132,Aspirine UPSA,BRAND,202612,2026-01-09,,0.0,0.0,,,0.0,,,,,,,,,,0.0,,,,,
5390,04506132,Aspirine UPSA,BRAND,202612,2026-01-16,,0.0,0.0,,,0.0,,,,,,,,,,0.0,,,,,
5391,04506132,Aspirine UPSA,BRAND,202612,2026-01-23,,0.0,0.0,,,0.0,,,,,,,,,,0.0,,,,,
5392,04506132,Aspirine UPSA,BRAND,202612,2026-01-30,,0.0,0.0,,,0.0,,,,,,,,,,0.0,,,,,
5393,04506132,Aspirine UPSA,BRAND,202612,2026-02-06,,0.0,0.0,,,0.0,,,,,,,,,,0.0,,,,,
5394,04506134,Efferalgan,BRAND,202612,2025-07-18,,0.0,0.0,,,100.0,,,,,,,,,0.0,0.0,0.0,,,,
5395,04506134,Efferalgan,BRAND,202612,2025-07-25,0.0,0.0,0.0,,,6.67,,,,,,,,,0.0,0.0,0.0,,,,
5396,04506134,Efferalgan,BRAND,202612,2025-08-01,0.0,0.0,0.0,,,6.67,,,,,,,,,0.0,0.0,0.0,,,,
5397,04506134,Efferalgan,BRAND,202612,2025-08-08,0.0,0.0,0.0,,,6.67,,,,,,,,,0.0,0.0,0.0,,,,
5398,04506134,Efferalgan,BRAND,202612,2025-08-15,0.0,0.0,0.0,,,6.67,,,,,,,,,0.0,0.0,0.0,,,,
5399,04506134,Efferalgan,BRAND,202612,2025-08-22,0.0,0.0,0.0,,,6.67,,,,,,,,,0.0,0.0,0.0,,,,
5400,04506134,Efferalgan,BRAND,202612,2025-08-26,,0.0,0.0,,,6.67,,,,,,,,,0.0,0.0,0.0,,,,
5401,04506134,Efferalgan,BRAND,202612,2025-08-29,0.0,0.0,0.0,,,6.67,,,,,,,,,0.0,0.0,0.0,,,,
5402,04506134,Efferalgan,BRAND,202612,2025-09-05,,0.0,0.0,,,0.0,,,,,,,,,,0.0,,,,,
5403,04506134,Efferalgan,BRAND,202612,2025-09-12,,0.0,0.0,,,0.0,,,,,,,,,,0.0,,,,,
5404,04506134,Efferalgan,BRAND,202612,2025-09-18,,0.0,0.0,,,0.0,,,,,,,,,,0.0,,,,,
5405,04506134,Efferalgan,BRAND,202612,2025-09-19,,0.0,0.0,,,0.0,,,,,,,,,,0.0,,,,,
5406,04506134,Efferalgan,BRAND,202612,2025-10-03,,0.0,0.0,,,0.0,,,,,,,,,,0.0,,,,,
5407,04506134,Efferalgan,BRAND,202612,2025-10-10,,0.0,0.0,,,0.0,,,,,,,,,,0.0,,,,,
5408,04506134,Efferalgan,BRAND,202612,2025-10-17,,0.0,0.0,,,0.0,,,,,,,,,,0.0,,,,,
5409,04506134,Efferalgan,BRAND,202612,2025-10-24,,0.0,0.0,,,0.0,,,,,,,,,,0.0,,,,,
5410,04506134,Efferalgan,BRAND,202612,2025-10-31,,0.0,0.0,,,0.0,,,,,,,,,,0.0,,,,,
5411,04506134,Efferalgan,BRAND,202612,2025-11-07,,0.0,0.0,,,0.0,,,,,,,,,,0.0,,,,,
5412,04506134,Efferalgan,BRAND,202612,2025-11-14,,0.0,0.0,,,0.0,,,,,,,,,,0.0,,,,,
5413,04506134,Efferalgan,BRAND,202612,2025-11-19,,0.0,0.0,,,0.0,,,,,,,,,,0.0,,,,,
5414,04506134,Efferalgan,BRAND,202612,2025-11-21,,0.0,0.0,,,0.0,,,,,,,,,,0.0,,,,,
5415,04506134,Efferalgan,BRAND,202612,2025-11-28,,0.0,0.0,,,0.0,,,,,,,,,,0.0,,,,,
5416,04506134,Efferalgan,BRAND,202612,2025-12-05,,0.0,0.0,,,0.0,,,,,,,,,,0.0,,,,,
5417,04506134,Efferalgan,BRAND,202612,2025-12-12,,0.0,0.0,,,0.0,,,,,,,,,,0.0,,,,,
5418,04506134,Efferalgan,BRAND,202612,2025-12-17,,0.0,0.0,,,0.0,,,,,,,,,,0.0,,,,,
5419,04506134,Efferalgan,BRAND,202612,2025-12-19,,0.0,0.0,,,0.0,,,,,,,,,,0.0,,,,,
5420,04506134,Efferalgan,BRAND,202612,2025-12-26,,0.0,0.0,,,0.0,,,,,,,,,,0.0,,,,,
5421,04506134,Efferalgan,BRAND,202612,2026-01-02,,0.0,0.0,,,0.0,,,,,,,,,,0.0,,,,,
5422,04506134,Efferalgan,BRAND,202612,2026-01-09,,0.0,0.0,,,0.0,,,,,,,,,,0.0,,,,,
5423,04506134,Efferalgan,BRAND,202612,2026-01-16,,0.0,0.0,,,0.0,,,,,,,,,,0.0,,,,,
5424,04506134,Efferalgan,BRAND,202612,2026-01-23,,0.0,0.0,,,0.0,,,,,,,,,,0.0,,,,,
5425,04506134,Efferalgan,BRAND,202612,2026-01-30,,0.0,0.0,,,0.0,,,,,,,,,,0.0,,,,,
5426,04506134,Efferalgan,BRAND,202612,2026-02-06,,0.0,0.0,,,0.0,,,,,,,,,,0.0,,,,,
5427,04506136,Dafalgan,BRAND,202612,2025-07-18,,0.0,0.0,,,100.0,,,,,,,,,0.0,0.0,0.0,,,,
5428,04506136,Dafalgan,BRAND,202612,2025-07-25,,0.0,0.0,,,0.0,,,,,,,,,,0.0,,,,,
5429,04506136,Dafalgan,BRAND,202612,2025-08-01,,0.0,0.0,,,0.0,,,,,,,,,,0.0,,,,,
5430,04506136,Dafalgan,BRAND,202612,2025-08-08,,0.0,0.0,,,0.0,,,,,,,,,,0.0,,,,,
5431,04506136,Dafalgan,BRAND,202612,2025-08-15,,0.0,0.0,,,0.0,,,,,,,,,,0.0,,,,,
5432,04506136,Dafalgan,BRAND,202612,2025-08-22,,0.0,0.0,,,0.0,,,,,,,,,,0.0,,,,,
5433,04506136,Dafalgan,BRAND,202612,2025-08-26,,0.0,0.0,,,0.0,,,,,,,,,,0.0,,,,,
5434,04506136,Dafalgan,BRAND,202612,2025-08-29,,0.0,0.0,,,0.0,,,,,,,,,,0.0,,,,,
5435,04506136,Dafalgan,BRAND,202612,2025-09-05,,0.0,0.0,,,0.0,,,,,,,,,,0.0,,,,,
5436,04506136,Dafalgan,BRAND,202612,2025-09-12,,0.0,0.0,,,0.0,,,,,,,,,,0.0,,,,,
5437,04506136,Dafalgan,BRAND,202612,2025-09-18,,0.0,0.0,,,0.0,,,,,,,,,,0.0,,,,,
5438,04506136,Dafalgan,BRAND,202612,2025-09-19,,0.0,0.0,,,0.0,,,,,,,,,,0.0,,,,,
5439,04506136,Dafalgan,BRAND,202612,2025-10-03,,0.0,0.0,,,0.0,,,,,,,,,,0.0,,,,,
5440,04506136,Dafalgan,BRAND,202612,2025-10-10,,0.0,0.0,,,0.0,,,,,,,,,,0.0,,,,,
5441,04506136,Dafalgan,BRAND,202612,2025-10-17,,0.0,0.0,,,0.0,,,,,,,,,,0.0,,,,,
5442,04506136,Dafalgan,BRAND,202612,2025-10-24,,0.0,0.0,,,0.0,,,,,,,,,,0.0,,,,,
5443,04506136,Dafalgan,BRAND,202612,2025-10-31,,0.0,0.0,,,0.0,,,,,,,,,,0.0,,,,,
5444,04506136,Dafalgan,BRAND,202612,2025-11-07,,0.0,0.0,,,0.0,,,,,,,,,,0.0,,,,,
5445,04506136,Dafalgan,BRAND,202612,2025-11-14,,0.0,0.0,,,0.0,,,,,,,,,,0.0,,,,,
5446,04506136,Dafalgan,BRAND,202612,2025-11-19,,0.0,0.0,,,0.0,,,,,,,,,,0.0,,,,,
5447,04506136,Dafalgan,BRAND,202612,2025-11-21,,0.0,0.0,,,0.0,,,,,,,,,,0.0,,,,,
5448,04506136,Dafalgan,BRAND,202612,2025-11-28,,0.0,0.0,,,0.0,,,,,,,,,,0.0,,,,,
5449,04506136,Dafalgan,BRAND,202612,2025-12-05,,0.0,0.0,,,0.0,,,,,,,,,,0.0,,,,,
5450,04506136,Dafalgan,BRAND,202612,2025-12-12,,0.0,0.0,,,0.0,,,,,,,,,,0.0,,,,,
5451,04506136,Dafalgan,BRAND,202612,2025-12-17,,0.0,0.0,,,0.0,,,,,,,,,,0.0,,,,,
5452,04506136,Dafalgan,BRAND,202612,2025-12-19,,0.0,0.0,,,0.0,,,,,,,,,,0.0,,,,,
5453,04506136,Dafalgan,BRAND,202612,2025-12-26,,0.0,0.0,,,0.0,,,,,,,,,,0.0,,,,,
5454,04506136,Dafalgan,BRAND,202612,2026-01-02,,0.0,0.0,,,0.0,,,,,,,,,,0.0,,,,,
5455,04506136,Dafalgan,BRAND,202612,2026-01-09,,0.0,0.0,,,0.0,,,,,,,,,,0.0,,,,,
5456,04506136,Dafalgan,BRAND,202612,2026-01-16,,0.0,0.0,,,0.0,,,,,,,,,,0.0,,,,,
5457,04506136,Dafalgan,BRAND,202612,2026-01-23,,0.0,0.0,,,0.0,,,,,,,,,,0.0,,,,,
5458,04506136,Dafalgan,BRAND,202612,2026-01-30,,0.0,0.0,,,0.0,,,,,,,,,,0.0,,,,,
5459,04506136,Dafalgan,BRAND,202612,2026-02-06,,0.0,0.0,,,0.0,,,,,,,,,,0.0,,,,,
5460,04601850,Septofort,BRAND,202612,2025-07-18,,0.0,0.0,,,100.0,,,,,,,,,0.0,0.0,0.0,,,,
5461,04601850,Septofort,BRAND,202612,2025-07-25,,0.0,0.0,,,0.0,,,,,,,,,,0.0,,,,,
5462,04601850,Septofort,BRAND,202612,2025-08-01,,0.0,0.0,,,0.0,,,,,,,,,,0.0,,,,,
5463,04601850,Septofort,BRAND,202612,2025-08-08,,0.0,0.0,,,0.0,,,,,,,,,,0.0,,,,,
5464,04601850,Septofort,BRAND,202612,2025-08-15,,0.0,0.0,,,0.0,,,,,,,,,,0.0,,,,,
5465,04601850,Septofort,BRAND,202612,2025-08-22,,0.0,0.0,,,0.0,,,,,,,,,,0.0,,,,,
5466,04601850,Septofort,BRAND,202612,2025-08-26,,0.0,0.0,,,0.0,,,,,,,,,,0.0,,,,,
5467,04601850,Septofort,BRAND,202612,2025-08-29,,0.0,0.0,,,0.0,,,,,,,,,,0.0,,,,,
5468,04601850,Septofort,BRAND,202612,2025-09-05,,0.0,0.0,,,0.0,,,,,,,,,,0.0,,,,,
5469,04601850,Septofort,BRAND,202612,2025-09-12,,0.0,0.0,,,0.0,,,,,,,,,,0.0,,,,,
5470,04601850,Septofort,BRAND,202612,2025-09-18,,0.0,0.0,,,0.0,,,,,,,,,,0.0,,,,,
5471,04601850,Septofort,BRAND,202612,2025-09-19,,0.0,0.0,,,0.0,,,,,,,,,,0.0,,,,,
5472,04601850,Septofort,BRAND,202612,2025-10-03,,0.0,0.0,,,0.0,,,,,,,,,,0.0,,,,,
5473,04601850,Septofort,BRAND,202612,2025-10-10,,0.0,0.0,,,0.0,,,,,,,,,,0.0,,,,,
5474,04601850,Septofort,BRAND,202612,2025-10-17,,0.0,0.0,,,0.0,,,,,,,,,,0.0,,,,,
5475,04601850,Septofort,BRAND,202612,2025-10-24,,0.0,0.0,,,0.0,,,,,,,,,,0.0,,,,,
5476,04601850,Septofort,BRAND,202612,2025-10-31,,0.0,0.0,,,0.0,,,,,,,,,,0.0,,,,,
5477,04601850,Septofort,BRAND,202612,2025-11-07,,0.0,0.0,,,0.0,,,,,,,,,,0.0,,,,,
5478,04601850,Septofort,BRAND,202612,2025-11-14,,0.0,0.0,,,0.0,,,,,,,,,,0.0,,,,,
5479,04601850,Septofort,BRAND,202612,2025-11-19,,0.0,0.0,,,0.0,,,,,,,,,,0.0,,,,,
5480,04601850,Septofort,BRAND,202612,2025-11-21,,0.0,0.0,,,0.0,,,,,,,,,,0.0,,,,,
5481,04601850,Septofort,BRAND,202612,2025-11-28,,0.0,0.0,,,0.0,,,,,,,,,,0.0,,,,,
5482,04601850,Septofort,BRAND,202612,2025-12-05,,0.0,0.0,,,0.0,,,,,,,,,,0.0,,,,,
5483,04601850,Septofort,BRAND,202612,2025-12-12,,0.0,0.0,,,0.0,,,,,,,,,,0.0,,,,,
5484,04601850,Septofort,BRAND,202612,2025-12-17,,0.0,0.0,,,0.0,,,,,,,,,,0.0,,,,,
5485,04601850,Septofort,BRAND,202612,2025-12-19,,0.0,0.0,,,0.0,,,,,,,,,,0.0,,,,,
5486,04601850,Septofort,BRAND,202612,2025-12-26,,0.0,0.0,,,0.0,,,,,,,,,,0.0,,,,,
5487,04601850,Septofort,BRAND,202612,2026-01-02,,0.0,0.0,,,0.0,,,,,,,,,,0.0,,,,,
5488,04601850,Septofort,BRAND,202612,2026-01-09,,0.0,0.0,,,0.0,,,,,,,,,,0.0,,,,,
5489,04601850,Septofort,BRAND,202612,2026-01-16,,0.0,0.0,,,0.0,,,,,,,,,,0.0,,,,,
5490,04601850,Septofort,BRAND,202612,2026-01-23,,0.0,0.0,,,0.0,,,,,,,,,,0.0,,,,,
5491,04601850,Septofort,BRAND,202612,2026-01-30,,0.0,0.0,,,0.0,,,,,,,,,,0.0,,,,,
5492,04601850,Septofort,BRAND,202612,2026-02-06,,0.0,0.0,,,0.0,,,,,,,,,,0.0,,,,,
5493,04606235,Fervex,BRAND,202612,2025-07-18,,0.0,0.0,,,100.0,,,,,,,,,0.0,0.0,0.0,,,,
5494,04606235,Fervex,BRAND,202612,2025-07-25,,0.0,0.0,,,0.0,,,,,,,,,,0.0,,,,,
5495,04606235,Fervex,BRAND,202612,2025-08-01,,0.0,0.0,,,0.0,,,,,,,,,,0.0,,,,,
5496,04606235,Fervex,BRAND,202612,2025-08-08,,0.0,0.0,,,0.0,,,,,,,,,,0.0,,,,,
5497,04606235,Fervex,BRAND,202612,2025-08-15,,0.0,0.0,,,0.0,,,,,,,,,,0.0,,,,,
5498,04606235,Fervex,BRAND,202612,2025-08-22,,0.0,0.0,,,0.0,,,,,,,,,,0.0,,,,,
5499,04606235,Fervex,BRAND,202612,2025-08-26,,0.0,0.0,,,0.0,,,,,,,,,,0.0,,,,,
5500,04606235,Fervex,BRAND,202612,2025-08-29,,0.0,0.0,,,0.0,,,,,,,,,,0.0,,,,,
5501,04606235,Fervex,BRAND,202612,2025-09-05,,0.0,0.0,,,0.0,,,,,,,,,,0.0,,,,,
5502,04606235,Fervex,BRAND,202612,2025-09-12,,0.0,0.0,,,0.0,,,,,,,,,,0.0,,,,,
5503,04606235,Fervex,BRAND,202612,2025-09-18,,0.0,0.0,,,0.0,,,,,,,,,,0.0,,,,,
5504,04606235,Fervex,BRAND,202612,2025-09-19,,0.0,0.0,,,0.0,,,,,,,,,,0.0,,,,,
5505,04606235,Fervex,BRAND,202612,2025-10-03,,0.0,0.0,,,0.0,,,,,,,,,,0.0,,,,,
5506,04606235,Fervex,BRAND,202612,2025-10-10,,0.0,0.0,,,0.0,,,,,,,,,,0.0,,,,,
5507,04606235,Fervex,BRAND,202612,2025-10-17,,0.0,0.0,,,0.0,,,,,,,,,,0.0,,,,,
5508,04606235,Fervex,BRAND,202612,2025-10-24,,0.0,0.0,,,0.0,,,,,,,,,,0.0,,,,,
5509,04606235,Fervex,BRAND,202612,2025-10-31,,0.0,0.0,,,0.0,,,,,,,,,,0.0,,,,,
5510,04606235,Fervex,BRAND,202612,2025-11-07,,0.0,0.0,,,0.0,,,,,,,,,,0.0,,,,,
5511,04606235,Fervex,BRAND,202612,2025-11-14,,0.0,0.0,,,0.0,,,,,,,,,,0.0,,,,,
5512,04606235,Fervex,BRAND,202612,2025-11-19,,0.0,0.0,,,0.0,,,,,,,,,,0.0,,,,,
5513,04606235,Fervex,BRAND,202612,2025-11-21,,0.0,0.0,,,0.0,,,,,,,,,,0.0,,,,,
5514,04606235,Fervex,BRAND,202612,2025-11-28,,0.0,0.0,,,0.0,,,,,,,,,,0.0,,,,,
5515,04606235,Fervex,BRAND,202612,2025-12-05,,0.0,0.0,,,0.0,,,,,,,,,,0.0,,,,,
5516,04606235,Fervex,BRAND,202612,2025-12-12,,0.0,0.0,,,0.0,,,,,,,,,,0.0,,,,,
5517,04606235,Fervex,BRAND,202612,2025-12-17,,0.0,0.0,,,0.0,,,,,,,,,,0.0,,,,,
5518,04606235,Fervex,BRAND,202612,2025-12-19,,0.0,0.0,,,0.0,,,,,,,,,,0.0,,,,,
5519,04606235,Fervex,BRAND,202612,2025-12-26,,0.0,0.0,,,0.0,,,,,,,,,,0.0,,,,,
5520,04606235,Fervex,BRAND,202612,2026-01-02,,0.0,0.0,,,0.0,,,,,,,,,,0.0,,,,,
5521,04606235,Fervex,BRAND,202612,2026-01-09,,0.0,0.0,,,0.0,,,,,,,,,,0.0,,,,,
5522,04606235,Fervex,BRAND,202612,2026-01-16,,0.0,0.0,,,0.0,,,,,,,,,,0.0,,,,,
5523,04606235,Fervex,BRAND,202612,2026-01-23,,0.0,0.0,,,0.0,,,,,,,,,,0.0,,,,,
5524,04606235,Fervex,BRAND,202612,2026-01-30,,0.0,0.0,,,0.0,,,,,,,,,,0.0,,,,,
5525,04606235,Fervex,BRAND,202612,2026-02-06,,0.0,0.0,,,0.0,,,,,,,,,,0.0,,,,,
5526,04606260,Naldecon,BRAND,202612,2025-07-18,,0.0,0.0,,,100.0,,,,,,,,,0.0,0.0,0.0,,,,
5527,04606260,Naldecon,BRAND,202612,2025-07-25,,0.0,0.0,,,0.0,,,,,,,,,,0.0,,,,,
5528,04606260,Naldecon,BRAND,202612,2025-08-01,,0.0,0.0,,,0.0,,,,,,,,,,0.0,,,,,
5529,04606260,Naldecon,BRAND,202612,2025-08-08,,0.0,0.0,,,0.0,,,,,,,,,,0.0,,,,,
5530,04606260,Naldecon,BRAND,202612,2025-08-15,,0.0,0.0,,,0.0,,,,,,,,,,0.0,,,,,
5531,04606260,Naldecon,BRAND,202612,2025-08-22,,0.0,0.0,,,0.0,,,,,,,,,,0.0,,,,,
5532,04606260,Naldecon,BRAND,202612,2025-08-26,,0.0,0.0,,,0.0,,,,,,,,,,0.0,,,,,
5533,04606260,Naldecon,BRAND,202612,2025-08-29,,0.0,0.0,,,0.0,,,,,,,,,,0.0,,,,,
5534,04606260,Naldecon,BRAND,202612,2025-09-05,,0.0,0.0,,,0.0,,,,,,,,,,0.0,,,,,
5535,04606260,Naldecon,BRAND,202612,2025-09-12,,0.0,0.0,,,0.0,,,,,,,,,,0.0,,,,,
5536,04606260,Naldecon,BRAND,202612,2025-09-18,,0.0,0.0,,,0.0,,,,,,,,,,0.0,,,,,
5537,04606260,Naldecon,BRAND,202612,2025-09-19,,0.0,0.0,,,0.0,,,,,,,,,,0.0,,,,,
5538,04606260,Naldecon,BRAND,202612,2025-10-10,,0.0,0.0,,,0.0,,,,,,,,,,0.0,,,,,
5539,04606260,Naldecon,BRAND,202612,2025-10-17,,0.0,0.0,,,0.0,,,,,,,,,,0.0,,,,,
5540,04606260,Naldecon,BRAND,202612,2025-10-24,,0.0,0.0,,,0.0,,,,,,,,,,0.0,,,,,
5541,04606260,Naldecon,BRAND,202612,2025-10-31,,0.0,0.0,,,0.0,,,,,,,,,,0.0,,,,,
5542,04606260,Naldecon,BRAND,202612,2025-11-07,,0.0,0.0,,,0.0,,,,,,,,,,0.0,,,,,
5543,04606260,Naldecon,BRAND,202612,2025-11-14,,0.0,0.0,,,0.0,,,,,,,,,,0.0,,,,,
5544,04606260,Naldecon,BRAND,202612,2025-11-19,,0.0,0.0,,,0.0,,,,,,,,,,0.0,,,,,
5545,04606260,Naldecon,BRAND,202612,2025-11-21,,0.0,0.0,,,0.0,,,,,,,,,,0.0,,,,,
5546,04606260,Naldecon,BRAND,202612,2025-11-28,,0.0,0.0,,,0.0,,,,,,,,,,0.0,,,,,
5547,04606260,Naldecon,BRAND,202612,2025-12-05,,0.0,0.0,,,0.0,,,,,,,,,,0.0,,,,,
5548,04606260,Naldecon,BRAND,202612,2025-12-12,,0.0,0.0,,,0.0,,,,,,,,,,0.0,,,,,
5549,04606260,Naldecon,BRAND,202612,2025-12-17,,0.0,0.0,,,0.0,,,,,,,,,,0.0,,,,,
5550,04606260,Naldecon,BRAND,202612,2025-12-19,,0.0,0.0,,,0.0,,,,,,,,,,0.0,,,,,
5551,04606260,Naldecon,BRAND,202612,2025-12-26,,0.0,0.0,,,0.0,,,,,,,,,,0.0,,,,,
5552,04606260,Naldecon,BRAND,202612,2026-01-02,,0.0,0.0,,,0.0,,,,,,,,,,0.0,,,,,
5553,04606260,Naldecon,BRAND,202612,2026-01-09,,0.0,0.0,,,0.0,,,,,,,,,,0.0,,,,,
5554,04606260,Naldecon,BRAND,202612,2026-01-16,,0.0,0.0,,,0.0,,,,,,,,,,0.0,,,,,
5555,04606260,Naldecon,BRAND,202612,2026-01-23,,0.0,0.0,,,0.0,,,,,,,,,,0.0,,,,,
5556,04606260,Naldecon,BRAND,202612,2026-01-30,,0.0,0.0,,,0.0,,,,,,,,,,0.0,,,,,
5557,04606260,Naldecon,BRAND,202612,2026-02-06,,0.0,0.0,,,0.0,,,,,,,,,,0.0,,,,,
5558,04606270,Other OTC Cough/Cold,BRAND,202612,2025-07-18,,0.0,0.0,,,100.0,,,,,,,,,0.0,0.0,0.0,,,,
5559,04606270,Other OTC Cough/Cold,BRAND,202612,2025-07-25,,0.0,0.0,,,0.0,,,,,,,,,,0.0,,,,,
5560,04606270,Other OTC Cough/Cold,BRAND,202612,2025-08-01,,0.0,0.0,,,0.0,,,,,,,,,,0.0,,,,,
5561,04606270,Other OTC Cough/Cold,BRAND,202612,2025-08-08,,0.0,0.0,,,0.0,,,,,,,,,,0.0,,,,,
5562,04606270,Other OTC Cough/Cold,BRAND,202612,2025-08-15,,0.0,0.0,,,0.0,,,,,,,,,,0.0,,,,,
5563,04606270,Other OTC Cough/Cold,BRAND,202612,2025-08-22,,0.0,0.0,,,0.0,,,,,,,,,,0.0,,,,,
5564,04606270,Other OTC Cough/Cold,BRAND,202612,2025-08-26,,0.0,0.0,,,0.0,,,,,,,,,,0.0,,,,,
5565,04606270,Other OTC Cough/Cold,BRAND,202612,2025-08-29,,0.0,0.0,,,0.0,,,,,,,,,,0.0,,,,,
5566,04606270,Other OTC Cough/Cold,BRAND,202612,2025-09-05,,0.0,0.0,,,0.0,,,,,,,,,,0.0,,,,,
5567,04606270,Other OTC Cough/Cold,BRAND,202612,2025-09-12,,0.0,0.0,,,0.0,,,,,,,,,,0.0,,,,,
5568,04606270,Other OTC Cough/Cold,BRAND,202612,2025-09-18,,0.0,0.0,,,0.0,,,,,,,,,,0.0,,,,,
5569,04606270,Other OTC Cough/Cold,BRAND,202612,2025-09-19,,0.0,0.0,,,0.0,,,,,,,,,,0.0,,,,,
5570,04606270,Other OTC Cough/Cold,BRAND,202612,2025-10-10,,0.0,0.0,,,0.0,,,,,,,,,,0.0,,,,,
5571,04606270,Other OTC Cough/Cold,BRAND,202612,2025-10-17,,0.0,0.0,,,0.0,,,,,,,,,,0.0,,,,,
5572,04606270,Other OTC Cough/Cold,BRAND,202612,2025-10-24,,0.0,0.0,,,0.0,,,,,,,,,,0.0,,,,,
5573,04606270,Other OTC Cough/Cold,BRAND,202612,2025-10-31,,0.0,0.0,,,0.0,,,,,,,,,,0.0,,,,,
5574,04606270,Other OTC Cough/Cold,BRAND,202612,2025-11-07,,0.0,0.0,,,0.0,,,,,,,,,,0.0,,,,,
5575,04606270,Other OTC Cough/Cold,BRAND,202612,2025-11-14,,0.0,0.0,,,0.0,,,,,,,,,,0.0,,,,,
5576,04606270,Other OTC Cough/Cold,BRAND,202612,2025-11-19,,0.0,0.0,,,0.0,,,,,,,,,,0.0,,,,,
5577,04606270,Other OTC Cough/Cold,BRAND,202612,2025-11-21,,0.0,0.0,,,0.0,,,,,,,,,,0.0,,,,,
5578,04606270,Other OTC Cough/Cold,BRAND,202612,2025-11-28,,0.0,0.0,,,0.0,,,,,,,,,,0.0,,,,,
5579,04606270,Other OTC Cough/Cold,BRAND,202612,2025-12-05,,0.0,0.0,,,0.0,,,,,,,,,,0.0,,,,,
5580,04606270,Other OTC Cough/Cold,BRAND,202612,2025-12-12,,0.0,0.0,,,0.0,,,,,,,,,,0.0,,,,,
5581,04606270,Other OTC Cough/Cold,BRAND,202612,2025-12-17,,0.0,0.0,,,0.0,,,,,,,,,,0.0,,,,,
5582,04606270,Other OTC Cough/Cold,BRAND,202612,2025-12-19,,0.0,0.0,,,0.0,,,,,,,,,,0.0,,,,,
5583,04606270,Other OTC Cough/Cold,BRAND,202612,2025-12-26,,0.0,0.0,,,0.0,,,,,,,,,,0.0,,,,,
5584,04606270,Other OTC Cough/Cold,BRAND,202612,2026-01-02,,0.0,0.0,,,0.0,,,,,,,,,,0.0,,,,,
5585,04606270,Other OTC Cough/Cold,BRAND,202612,2026-01-09,,0.0,0.0,,,0.0,,,,,,,,,,0.0,,,,,
5586,04606270,Other OTC Cough/Cold,BRAND,202612,2026-01-16,,0.0,0.0,,,0.0,,,,,,,,,,0.0,,,,,
5587,04606270,Other OTC Cough/Cold,BRAND,202612,2026-01-23,,0.0,0.0,,,0.0,,,,,,,,,,0.0,,,,,
5588,04606270,Other OTC Cough/Cold,BRAND,202612,2026-01-30,,0.0,0.0,,,0.0,,,,,,,,,,0.0,,,,,
5589,04606270,Other OTC Cough/Cold,BRAND,202612,2026-02-06,,0.0,0.0,,,0.0,,,,,,,,,,0.0,,,,,
5590,04806010,BUFFERIN PARENT,BRAND,202612,2025-07-18,,0.0,0.0,,,100.0,,,,,,,,,0.0,0.0,0.0,,,,
5591,04806010,BUFFERIN PARENT,BRAND,202612,2025-07-25,,0.0,0.0,,,0.0,,,,,,,,,,0.0,,,,,
5592,04806010,BUFFERIN PARENT,BRAND,202612,2025-08-01,,0.0,0.0,,,0.0,,,,,,,,,,0.0,,,,,
5593,04806010,BUFFERIN PARENT,BRAND,202612,2025-08-08,,0.0,0.0,,,0.0,,,,,,,,,,0.0,,,,,
5594,04806010,BUFFERIN PARENT,BRAND,202612,2025-08-15,,0.0,0.0,,,0.0,,,,,,,,,,0.0,,,,,
5595,04806010,BUFFERIN PARENT,BRAND,202612,2025-08-22,,0.0,0.0,,,0.0,,,,,,,,,,0.0,,,,,
5596,04806010,BUFFERIN PARENT,BRAND,202612,2025-08-26,,0.0,0.0,,,0.0,,,,,,,,,,0.0,,,,,
5597,04806010,BUFFERIN PARENT,BRAND,202612,2025-08-29,,0.0,0.0,,,0.0,,,,,,,,,,0.0,,,,,
5598,04806010,BUFFERIN PARENT,BRAND,202612,2025-09-05,,0.0,0.0,,,0.0,,,,,,,,,,0.0,,,,,
5599,04806010,BUFFERIN PARENT,BRAND,202612,2025-09-12,,0.0,0.0,,,0.0,,,,,,,,,,0.0,,,,,
5600,04806010,BUFFERIN PARENT,BRAND,202612,2025-09-18,,0.0,0.0,,,0.0,,,,,,,,,,0.0,,,,,
5601,04806010,BUFFERIN PARENT,BRAND,202612,2025-09-19,,0.0,0.0,,,0.0,,,,,,,,,,0.0,,,,,
5602,04806010,BUFFERIN PARENT,BRAND,202612,2025-10-03,,0.0,0.0,,,0.0,,,,,,,,,,0.0,,,,,
5603,04806010,BUFFERIN PARENT,BRAND,202612,2025-10-10,,0.0,0.0,,,0.0,,,,,,,,,,0.0,,,,,
5604,04806010,BUFFERIN PARENT,BRAND,202612,2025-10-17,,0.0,0.0,,,0.0,,,,,,,,,,0.0,,,,,
5605,04806010,BUFFERIN PARENT,BRAND,202612,2025-10-24,,0.0,0.0,,,0.0,,,,,,,,,,0.0,,,,,
5606,04806010,BUFFERIN PARENT,BRAND,202612,2025-10-31,,0.0,0.0,,,0.0,,,,,,,,,,0.0,,,,,
5607,04806010,BUFFERIN PARENT,BRAND,202612,2025-11-07,,0.0,0.0,,,0.0,,,,,,,,,,0.0,,,,,
5608,04806010,BUFFERIN PARENT,BRAND,202612,2025-11-14,,0.0,0.0,,,0.0,,,,,,,,,,0.0,,,,,
5609,04806010,BUFFERIN PARENT,BRAND,202612,2025-11-19,,0.0,0.0,,,0.0,,,,,,,,,,0.0,,,,,
5610,04806010,BUFFERIN PARENT,BRAND,202612,2025-11-21,,0.0,0.0,,,0.0,,,,,,,,,,0.0,,,,,
5611,04806010,BUFFERIN PARENT,BRAND,202612,2025-11-28,,0.0,0.0,,,0.0,,,,,,,,,,0.0,,,,,
5612,04806010,BUFFERIN PARENT,BRAND,202612,2025-12-05,,0.0,0.0,,,0.0,,,,,,,,,,0.0,,,,,
5613,04806010,BUFFERIN PARENT,BRAND,202612,2025-12-12,,0.0,0.0,,,0.0,,,,,,,,,,0.0,,,,,
5614,04806010,BUFFERIN PARENT,BRAND,202612,2025-12-17,,0.0,0.0,,,0.0,,,,,,,,,,0.0,,,,,
5615,04806010,BUFFERIN PARENT,BRAND,202612,2025-12-19,,0.0,0.0,,,0.0,,,,,,,,,,0.0,,,,,
5616,04806010,BUFFERIN PARENT,BRAND,202612,2025-12-26,,0.0,0.0,,,0.0,,,,,,,,,,0.0,,,,,
5617,04806010,BUFFERIN PARENT,BRAND,202612,2026-01-02,,0.0,0.0,,,0.0,,,,,,,,,,0.0,,,,,
5618,04806010,BUFFERIN PARENT,BRAND,202612,2026-01-09,,0.0,0.0,,,0.0,,,,,,,,,,0.0,,,,,
5619,04806010,BUFFERIN PARENT,BRAND,202612,2026-01-16,,0.0,0.0,,,0.0,,,,,,,,,,0.0,,,,,
5620,04806010,BUFFERIN PARENT,BRAND,202612,2026-01-23,,0.0,0.0,,,0.0,,,,,,,,,,0.0,,,,,
5621,04806010,BUFFERIN PARENT,BRAND,202612,2026-01-30,,0.0,0.0,,,0.0,,,,,,,,,,0.0,,,,,
5622,04806010,BUFFERIN PARENT,BRAND,202612,2026-02-06,,0.0,0.0,,,0.0,,,,,,,,,,0.0,,,,,
5623,04806060,BUFFERIN ENTERC 47ew,BRAND,202612,2025-07-18,,0.0,0.0,,,100.0,,,,,,,,,0.0,0.0,0.0,,,,
5624,04806060,BUFFERIN ENTERC 47ew,BRAND,202612,2025-07-25,2.9,117187.21,88820.27,,75.79,26.67,100.0,60.01,99.37,99.99,88.85,100.0,0.0,1,27.63,0.07,0.0,99.37,100.0,50.66,
5625,04806060,BUFFERIN ENTERC 47ew,BRAND,202612,2025-08-01,4.48,477268.1,141160.19,,29.58,26.67,100.0,64.66,99.32,99.8,67.1,100.0,0.0,1,44.74,0.16,0.0,99.32,100.0,50.93,
5626,04806060,BUFFERIN ENTERC 47ew,BRAND,202612,2025-08-08,-3.67,268532.28,-121002.56,,45.06,26.67,100.0,27.18,82.61,97.43,51.16,100.0,0.0,1,35.53,0.14,0.0,82.61,100.0,44.17,
5627,04806060,BUFFERIN ENTERC 47ew,BRAND,202612,2025-08-15,-0.21,298111.02,-6593.33,,2.21,26.67,100.0,25.98,83.79,98.52,62.72,100.0,0.0,1,34.21,0.1,0.0,83.79,100.0,44.52,
5628,04806060,BUFFERIN ENTERC 47ew,BRAND,202612,2025-08-22,0.61,638319.67,19310.84,,3.03,26.67,100.0,36.41,94.36,99.86,67.35,100.0,0.0,1,25.0,0.1,0.0,94.36,100.0,48.75,
5629,04806060,BUFFERIN ENTERC 47ew,BRAND,202612,2025-08-26,,0.0,0.0,,,26.67,,,,,,,,,0.0,0.0,0.0,,,,
5630,04806060,BUFFERIN ENTERC 47ew,BRAND,202612,2025-08-29,-0.5,543936.89,-15950.33,,2.93,25.96,93.46,41.99,88.32,98.51,67.68,100.0,0.0,1,29.73,0.08,0.0,82.54,100.0,45.99,
5631,04806060,BUFFERIN ENTERC 47ew,BRAND,202612,2025-09-05,6.5,529679.42,205976.68,,38.89,23.16,58.06,35.62,83.28,96.94,52.77,100.0,0.0,1,28.79,0.16,4.55,48.36,100.0,43.1,
5632,04806060,BUFFERIN ENTERC 47ew,BRAND,202612,2025-09-12,-1.2,259718.45,-40386.58,,15.55,22.81,77.75,33.0,92.29,99.35,100.0,100.0,0.0,1,16.92,0.07,0.0,71.75,100.0,46.27,
5633,04806060,BUFFERIN ENTERC 47ew,BRAND,202612,2025-09-18,7.26,741215.21,226672.69,,30.58,22.81,94.99,30.91,87.8,95.18,53.23,100.0,0.0,1,58.46,0.19,0.0,83.4,100.0,44.87,
5634,04806060,BUFFERIN ENTERC 47ew,BRAND,202612,2025-09-19,0.5,40377.0,16772.54,,41.54,21.68,78.13,49.83,82.5,96.75,100.0,100.0,0.0,1,40.32,0.21,1.61,64.46,100.0,42.37,
5635,04806060,BUFFERIN ENTERC 47ew,BRAND,202612,2025-09-26,-2.33,87742.96,-74122.62,,84.48,95.35,58.77,41.23,98.82,100.0,90.0,100.0,0.0,1,26.83,0.35,0.0,58.08,100.0,78.83,
5636,04806060,BUFFERIN ENTERC 47ew,BRAND,202612,2025-10-03,0.85,450771.08,26318.04,,5.84,29.07,99.67,52.44,99.38,99.99,70.98,100.0,0.0,1,14.67,0.06,0.0,99.05,100.0,51.59,
5637,04806060,BUFFERIN ENTERC 47ew,BRAND,202612,2025-10-10,0.0,0.0,0.0,,,26.13,,,,,,,,,0.0,0.0,0.0,,,,
5638,04806060,BUFFERIN ENTERC 47ew,BRAND,202612,2025-10-17,1.93,870563.11,64604.13,,7.42,23.34,75.13,27.16,83.31,96.14,88.58,100.0,0.0,1,52.24,0.16,0.0,62.59,100.0,43.19,
5639,04806060,BUFFERIN ENTERC 47ew,BRAND,202612,2025-10-24,6.24,442277.0,207019.06,,46.81,25.78,22.55,59.62,96.16,99.16,87.26,100.0,0.0,1,29.73,0.16,2.7,21.69,100.0,49.3,
5640,04806060,BUFFERIN ENTERC 47ew,BRAND,202612,2025-10-31,0.95,379968.82,33565.76,,8.83,25.61,79.51,23.39,84.48,97.22,82.16,100.0,0.0,1,37.84,0.21,0.0,67.17,100.0,44.73,
5641,04806060,BUFFERIN ENTERC 47ew,BRAND,202612,2025-11-07,-13.07,869000.28,-465003.37,,53.51,21.8,79.94,38.32,85.08,95.02,55.11,100.0,0.0,1,55.56,0.24,0.0,68.01,100.0,43.56,
5642,04806060,BUFFERIN ENTERC 47ew,BRAND,202612,2025-11-14,-7.1,791215.51,-219607.91,,27.76,21.8,61.36,32.48,84.17,94.86,76.6,100.0,0.0,1,57.14,0.27,3.17,51.65,100.0,43.3,
5643,04806060,BUFFERIN ENTERC 47ew,BRAND,202612,2025-11-19,-15.85,1078062.93,-541718.7,,50.25,17.65,64.62,26.73,80.06,88.73,57.41,100.0,0.0,1,64.71,0.38,3.92,51.74,100.0,40.36,
5644,04806060,BUFFERIN ENTERC 47ew,BRAND,202612,2025-11-21,-1.35,138942.77,-38903.55,,28.0,22.49,51.0,33.01,78.23,89.7,53.51,100.0,0.0,1,35.38,0.25,1.54,39.9,100.0,41.11,
5645,04806060,BUFFERIN ENTERC 47ew,BRAND,202612,2025-11-28,-2.02,68764.08,-57387.76,,83.46,26.64,100.0,44.92,85.86,94.57,55.08,100.0,0.0,1,32.47,0.15,3.9,85.86,100.0,45.51,
5646,04806060,BUFFERIN ENTERC 47ew,BRAND,202612,2025-12-05,-0.2,139087.4,-5603.98,,4.03,25.95,96.35,37.12,81.49,92.53,62.06,100.0,0.0,1,38.67,0.15,2.67,78.52,100.0,43.49,
5647,04806060,BUFFERIN ENTERC 47ew,BRAND,202612,2025-12-12,9.59,551632.06,266175.84,,48.25,26.3,97.02,37.78,80.77,95.52,58.07,100.0,0.0,1,40.79,0.18,2.63,78.36,100.0,43.41,
5648,04806060,BUFFERIN ENTERC 47ew,BRAND,202612,2025-12-17,-1.39,506712.68,-39939.18,,7.88,24.91,80.02,18.21,61.18,81.87,77.78,100.0,0.0,1,55.56,0.32,5.56,48.95,100.0,35.5,
5649,04806060,BUFFERIN ENTERC 47ew,BRAND,202612,2025-12-19,-18.82,607706.94,-572492.37,,94.21,22.15,48.05,22.57,70.79,94.24,67.46,100.0,0.0,1,35.94,0.3,4.69,34.02,100.0,38.18,
5650,04806060,BUFFERIN ENTERC 47ew,BRAND,202612,2025-12-26,-1.04,58948.84,-25756.4,,43.69,23.53,73.57,16.86,60.9,86.85,99.81,100.0,0.0,1,35.29,0.23,1.47,44.81,100.0,34.53,
5651,04806060,BUFFERIN ENTERC 47ew,BRAND,202612,2026-01-02,16.33,473307.0,399283.87,,84.36,24.31,94.02,49.1,94.88,99.77,60.03,100.0,0.0,1,18.57,0.08,0.0,89.21,100.0,47.93,
5652,04806060,BUFFERIN ENTERC 47ew,BRAND,202612,2026-01-09,0.94,349332.43,26779.18,,7.67,24.22,76.25,23.62,83.46,97.2,96.66,100.0,0.0,1,35.71,0.1,0.0,63.63,100.0,43.39,
5653,04806060,BUFFERIN ENTERC 47ew,BRAND,202612,2026-01-16,5.34,421652.72,152906.95,,36.26,21.88,53.05,27.25,69.75,85.3,99.96,100.0,0.0,1,55.56,0.21,1.59,37.0,100.0,37.34,
5654,04806060,BUFFERIN ENTERC 47ew,BRAND,202612,2026-01-23,-11.93,787620.29,-338578.65,,42.99,18.06,43.34,15.35,64.5,83.19,88.92,100.0,0.0,1,71.15,0.34,1.92,27.95,100.0,34.17,
5655,04806060,BUFFERIN ENTERC 47ew,BRAND,202612,2026-01-30,-2.16,353358.48,-65259.98,,18.47,19.44,47.67,37.94,91.27,98.04,69.15,100.0,0.0,1,23.21,0.14,1.79,43.51,100.0,44.75,
5656,04806060,BUFFERIN ENTERC 47ew,BRAND,202612,2026-02-06,-3.93,578981.73,-115856.81,,20.01,24.65,92.7,26.76,78.77,94.48,77.37,100.0,0.0,1,32.39,0.15,0.0,73.02,100.0,41.87,
5657,04906110,Other Excedrin,BRAND,202612,2025-07-18,,0.0,0.0,,,100.0,,,,,,,,,0.0,0.0,0.0,,,,
5658,04906110,Other Excedrin,BRAND,202612,2025-07-25,,0.0,0.0,,,0.0,,,,,,,,,,0.0,,,,,
5659,04906110,Other Excedrin,BRAND,202612,2025-08-01,,0.0,0.0,,,0.0,,,,,,,,,,0.0,,,,,
5660,04906110,Other Excedrin,BRAND,202612,2025-08-08,,0.0,0.0,,,0.0,,,,,,,,,,0.0,,,,,
5661,04906110,Other Excedrin,BRAND,202612,2025-08-15,,0.0,0.0,,,0.0,,,,,,,,,,0.0,,,,,
5662,04906110,Other Excedrin,BRAND,202612,2025-08-22,,0.0,0.0,,,0.0,,,,,,,,,,0.0,,,,,
5663,04906110,Other Excedrin,BRAND,202612,2025-08-26,,0.0,0.0,,,0.0,,,,,,,,,,0.0,,,,,
5664,04906110,Other Excedrin,BRAND,202612,2025-08-29,,0.0,0.0,,,0.0,,,,,,,,,,0.0,,,,,
5665,04906110,Other Excedrin,BRAND,202612,2025-09-05,,0.0,0.0,,,0.0,,,,,,,,,,0.0,,,,,
5666,04906110,Other Excedrin,BRAND,202612,2025-09-12,,0.0,0.0,,,0.0,,,,,,,,,,0.0,,,,,
5667,04906110,Other Excedrin,BRAND,202612,2025-09-18,,0.0,0.0,,,0.0,,,,,,,,,,0.0,,,,,
5668,04906110,Other Excedrin,BRAND,202612,2025-09-19,,0.0,0.0,,,0.0,,,,,,,,,,0.0,,,,,
5669,04906110,Other Excedrin,BRAND,202612,2025-10-10,,0.0,0.0,,,0.0,,,,,,,,,,0.0,,,,,
5670,04906110,Other Excedrin,BRAND,202612,2025-10-17,,0.0,0.0,,,0.0,,,,,,,,,,0.0,,,,,
5671,04906110,Other Excedrin,BRAND,202612,2025-10-24,,0.0,0.0,,,0.0,,,,,,,,,,0.0,,,,,
5672,04906110,Other Excedrin,BRAND,202612,2025-10-31,,0.0,0.0,,,0.0,,,,,,,,,,0.0,,,,,
5673,04906110,Other Excedrin,BRAND,202612,2025-11-07,,0.0,0.0,,,0.0,,,,,,,,,,0.0,,,,,
5674,04906110,Other Excedrin,BRAND,202612,2025-11-14,,0.0,0.0,,,0.0,,,,,,,,,,0.0,,,,,
5675,04906110,Other Excedrin,BRAND,202612,2025-11-19,,0.0,0.0,,,0.0,,,,,,,,,,0.0,,,,,
5676,04906110,Other Excedrin,BRAND,202612,2025-11-21,,0.0,0.0,,,0.0,,,,,,,,,,0.0,,,,,
5677,04906110,Other Excedrin,BRAND,202612,2025-11-28,,0.0,0.0,,,0.0,,,,,,,,,,0.0,,,,,
5678,04906110,Other Excedrin,BRAND,202612,2025-12-05,,0.0,0.0,,,0.0,,,,,,,,,,0.0,,,,,
5679,04906110,Other Excedrin,BRAND,202612,2025-12-12,,0.0,0.0,,,0.0,,,,,,,,,,0.0,,,,,
5680,04906110,Other Excedrin,BRAND,202612,2025-12-17,,0.0,0.0,,,0.0,,,,,,,,,,0.0,,,,,
5681,04906110,Other Excedrin,BRAND,202612,2025-12-19,,0.0,0.0,,,0.0,,,,,,,,,,0.0,,,,,
5682,04906110,Other Excedrin,BRAND,202612,2025-12-26,,0.0,0.0,,,0.0,,,,,,,,,,0.0,,,,,
5683,04906110,Other Excedrin,BRAND,202612,2026-01-02,,0.0,0.0,,,0.0,,,,,,,,,,0.0,,,,,
5684,04906110,Other Excedrin,BRAND,202612,2026-01-09,,0.0,0.0,,,0.0,,,,,,,,,,0.0,,,,,
5685,04906110,Other Excedrin,BRAND,202612,2026-01-16,,0.0,0.0,,,0.0,,,,,,,,,,0.0,,,,,
5686,04906110,Other Excedrin,BRAND,202612,2026-01-23,,0.0,0.0,,,0.0,,,,,,,,,,0.0,,,,,
5687,04906110,Other Excedrin,BRAND,202612,2026-01-30,,0.0,0.0,,,0.0,,,,,,,,,,0.0,,,,,
5688,04906110,Other Excedrin,BRAND,202612,2026-02-06,,0.0,0.0,,,0.0,,,,,,,,,,0.0,,,,,
5689,05106280,Keri Lotion,BRAND,202612,2025-07-18,,0.0,0.0,,,100.0,,,,,,,,,0.0,0.0,0.0,,,,
5690,05106280,Keri Lotion,BRAND,202612,2025-07-25,,0.0,0.0,,,0.0,,,,,,,,,,0.0,,,,,
5691,05106280,Keri Lotion,BRAND,202612,2025-08-01,,0.0,0.0,,,0.0,,,,,,,,,,0.0,,,,,
5692,05106280,Keri Lotion,BRAND,202612,2025-08-08,,0.0,0.0,,,0.0,,,,,,,,,,0.0,,,,,
5693,05106280,Keri Lotion,BRAND,202612,2025-08-15,,0.0,0.0,,,0.0,,,,,,,,,,0.0,,,,,
5694,05106280,Keri Lotion,BRAND,202612,2025-08-22,,0.0,0.0,,,0.0,,,,,,,,,,0.0,,,,,
5695,05106280,Keri Lotion,BRAND,202612,2025-08-26,,0.0,0.0,,,0.0,,,,,,,,,,0.0,,,,,
5696,05106280,Keri Lotion,BRAND,202612,2025-08-29,,0.0,0.0,,,0.0,,,,,,,,,,0.0,,,,,
5697,05106280,Keri Lotion,BRAND,202612,2025-09-05,,0.0,0.0,,,0.0,,,,,,,,,,0.0,,,,,
5698,05106280,Keri Lotion,BRAND,202612,2025-09-12,,0.0,0.0,,,0.0,,,,,,,,,,0.0,,,,,
5699,05106280,Keri Lotion,BRAND,202612,2025-09-18,,0.0,0.0,,,0.0,,,,,,,,,,0.0,,,,,
5700,05106280,Keri Lotion,BRAND,202612,2025-09-19,,0.0,0.0,,,0.0,,,,,,,,,,0.0,,,,,
5701,05106280,Keri Lotion,BRAND,202612,2025-10-03,,0.0,0.0,,,0.0,,,,,,,,,,0.0,,,,,
5702,05106280,Keri Lotion,BRAND,202612,2025-10-10,,0.0,0.0,,,0.0,,,,,,,,,,0.0,,,,,
5703,05106280,Keri Lotion,BRAND,202612,2025-10-17,,0.0,0.0,,,0.0,,,,,,,,,,0.0,,,,,
5704,05106280,Keri Lotion,BRAND,202612,2025-10-24,,0.0,0.0,,,0.0,,,,,,,,,,0.0,,,,,
5705,05106280,Keri Lotion,BRAND,202612,2025-10-31,,0.0,0.0,,,0.0,,,,,,,,,,0.0,,,,,
5706,05106280,Keri Lotion,BRAND,202612,2025-11-07,,0.0,0.0,,,0.0,,,,,,,,,,0.0,,,,,
5707,05106280,Keri Lotion,BRAND,202612,2025-11-14,,0.0,0.0,,,0.0,,,,,,,,,,0.0,,,,,
5708,05106280,Keri Lotion,BRAND,202612,2025-11-19,,0.0,0.0,,,0.0,,,,,,,,,,0.0,,,,,
5709,05106280,Keri Lotion,BRAND,202612,2025-11-21,,0.0,0.0,,,0.0,,,,,,,,,,0.0,,,,,
5710,05106280,Keri Lotion,BRAND,202612,2025-11-28,,0.0,0.0,,,0.0,,,,,,,,,,0.0,,,,,
5711,05106280,Keri Lotion,BRAND,202612,2025-12-05,,0.0,0.0,,,0.0,,,,,,,,,,0.0,,,,,
5712,05106280,Keri Lotion,BRAND,202612,2025-12-12,,0.0,0.0,,,0.0,,,,,,,,,,0.0,,,,,
5713,05106280,Keri Lotion,BRAND,202612,2025-12-17,,0.0,0.0,,,0.0,,,,,,,,,,0.0,,,,,
5714,05106280,Keri Lotion,BRAND,202612,2025-12-19,,0.0,0.0,,,0.0,,,,,,,,,,0.0,,,,,
5715,05106280,Keri Lotion,BRAND,202612,2025-12-26,,0.0,0.0,,,0.0,,,,,,,,,,0.0,,,,,
5716,05106280,Keri Lotion,BRAND,202612,2026-01-02,,0.0,0.0,,,0.0,,,,,,,,,,0.0,,,,,
5717,05106280,Keri Lotion,BRAND,202612,2026-01-09,,0.0,0.0,,,0.0,,,,,,,,,,0.0,,,,,
5718,05106280,Keri Lotion,BRAND,202612,2026-01-16,,0.0,0.0,,,0.0,,,,,,,,,,0.0,,,,,
5719,05106280,Keri Lotion,BRAND,202612,2026-01-23,,0.0,0.0,,,0.0,,,,,,,,,,0.0,,,,,
5720,05106280,Keri Lotion,BRAND,202612,2026-01-30,,0.0,0.0,,,0.0,,,,,,,,,,0.0,,,,,
5721,05106280,Keri Lotion,BRAND,202612,2026-02-06,,0.0,0.0,,,0.0,,,,,,,,,,0.0,,,,,
5722,05306360,Other OTC,BRAND,202612,2025-07-18,,0.0,0.0,,,100.0,,,,,,,,,0.0,0.0,0.0,,,,
5723,05306360,Other OTC,BRAND,202612,2025-07-25,-0.66,75004.89,-39962.21,,53.28,15.5,100.0,51.57,84.61,92.75,100.0,100.0,0.0,1,64.29,0.1,0.0,84.61,100.0,40.38,
5724,05306360,Other OTC,BRAND,202612,2025-08-01,-2.31,181121.63,-138935.69,,76.71,15.5,100.0,79.62,93.76,97.73,79.62,100.0,0.0,1,50.0,0.08,0.0,93.76,100.0,43.96,
5725,05306360,Other OTC,BRAND,202612,2025-08-08,-8.02,509610.29,-470261.41,,92.28,15.5,100.0,52.81,95.85,98.04,52.81,100.0,0.0,1,69.05,0.11,0.0,95.85,100.0,44.92,
5726,05306360,Other OTC,BRAND,202612,2025-08-15,0.16,41673.69,8428.84,,20.23,15.5,100.0,37.96,69.36,86.62,99.35,100.0,0.0,1,64.29,0.12,0.0,69.36,100.0,34.35,
5727,05306360,Other OTC,BRAND,202612,2025-08-22,-0.03,13350.35,-1416.7,,10.61,15.5,100.0,53.61,99.58,100.0,99.66,100.0,0.0,1,21.43,0.07,0.0,99.58,100.0,46.26,
5728,05306360,Other OTC,BRAND,202612,2025-08-26,,0.0,0.0,,,15.5,,,,,,,,,0.0,0.0,0.0,,,,
5729,05306360,Other OTC,BRAND,202612,2025-08-29,1.27,120758.04,68517.9,,56.74,15.13,21.63,78.37,99.55,100.0,81.34,100.0,0.0,1,19.51,0.03,0.0,21.53,100.0,45.98,
5730,05306360,Other OTC,BRAND,202612,2025-09-05,-0.03,4880.99,-1889.79,,38.72,15.13,96.09,26.73,91.04,99.99,100.0,100.0,0.0,1,29.27,0.06,0.0,87.48,100.0,42.68,
5731,05306360,Other OTC,BRAND,202612,2025-09-12,-0.02,1229.94,-1212.48,,98.58,14.76,86.4,40.86,99.04,100.0,100.0,100.0,0.0,1,15.0,0.05,2.5,85.57,100.0,45.68,
5732,05306360,Other OTC,BRAND,202612,2025-09-18,-0.81,48636.04,-44509.4,,91.52,14.39,98.37,44.93,73.36,84.1,100.0,100.0,0.0,1,94.87,0.18,2.56,72.17,100.0,35.72,
5733,05306360,Other OTC,BRAND,202612,2025-09-19,-0.96,58375.1,-52625.47,,90.15,10.33,92.89,37.43,78.68,89.13,100.0,100.0,0.0,1,78.57,0.26,14.29,73.09,100.0,36.48,
5734,05306360,Other OTC,BRAND,202612,2025-09-26,-0.01,848.51,-331.15,,39.03,62.5,60.57,39.43,100.0,100.0,100.0,100.0,0.0,1,25.0,0.47,0.0,60.57,100.0,66.56,
5735,05306360,Other OTC,BRAND,202612,2025-10-03,4.33,376104.33,231894.09,,61.66,25.47,20.23,79.77,100.0,100.0,79.77,100.0,0.0,1,9.76,0.04,0.0,20.23,100.0,50.33,
5736,05306360,Other OTC,BRAND,202612,2025-10-10,0.0,0.0,0.0,,,15.13,,,,,,,,,0.0,0.0,0.0,,,,
5737,05306360,Other OTC,BRAND,202612,2025-10-17,3.7,405588.15,200615.18,,49.46,13.65,10.16,66.73,92.86,98.32,66.73,100.0,0.0,1,56.76,0.1,0.0,9.43,100.0,42.92,
5738,05306360,Other OTC,BRAND,202612,2025-10-24,0.07,76351.56,3687.52,,4.83,14.76,92.98,38.48,92.96,98.86,61.52,100.0,0.0,1,52.5,0.11,0.0,86.43,100.0,43.47,
5739,05306360,Other OTC,BRAND,202612,2025-10-31,-0.53,30564.16,-30203.02,,98.82,14.71,2.58,96.43,99.65,100.0,100.0,100.0,0.0,1,15.0,0.04,0.0,2.57,100.0,45.87,
5740,05306360,Other OTC,BRAND,202612,2025-11-07,0.37,66875.83,20699.73,,30.95,15.75,60.28,39.72,74.64,88.53,100.0,100.0,0.0,1,76.74,0.14,0.0,44.99,100.0,36.62,
5741,05306360,Other OTC,BRAND,202612,2025-11-14,-0.18,11025.75,-10105.62,,91.65,13.6,10.65,85.18,98.79,100.0,100.0,100.0,0.0,1,43.24,0.11,2.7,10.52,100.0,45.34,
5742,05306360,Other OTC,BRAND,202612,2025-11-19,-0.39,94555.85,-22230.81,,23.51,14.34,85.54,27.65,63.11,81.21,100.0,100.0,0.0,1,89.74,0.22,7.69,53.98,100.0,31.73,
5743,05306360,Other OTC,BRAND,202612,2025-11-21,-0.5,46845.55,-28094.91,,59.97,12.87,77.09,19.53,88.62,99.82,100.0,100.0,0.0,1,34.29,0.14,5.71,68.31,100.0,41.06,
5744,05306360,Other OTC,BRAND,202612,2025-11-28,0.65,40766.42,36551.36,,89.66,13.97,56.23,22.38,90.54,99.01,100.0,100.0,0.0,1,31.58,0.08,2.63,50.91,100.0,42.08,
5745,05306360,Other OTC,BRAND,202612,2025-12-05,0.8,113853.14,45055.12,,39.57,14.07,43.02,43.63,88.91,99.21,76.25,100.0,0.0,1,28.95,0.08,2.63,38.25,100.0,41.45,
5746,05306360,Other OTC,BRAND,202612,2025-12-12,-0.05,88176.12,-2724.52,,3.09,14.44,51.89,29.55,65.26,85.74,100.0,100.0,0.0,1,69.23,0.12,0.0,33.86,100.0,32.28,
5747,05306360,Other OTC,BRAND,202612,2025-12-17,1.56,136283.67,87210.03,,63.99,14.81,86.24,19.84,56.67,80.5,80.16,100.0,0.0,1,92.5,0.26,10.0,48.87,100.0,29.45,
5748,05306360,Other OTC,BRAND,202612,2025-12-19,-0.1,5989.89,-5689.05,,94.98,11.48,36.71,61.1,96.39,100.0,100.0,100.0,0.0,1,16.13,0.06,0.0,35.38,100.0,43.33,
5749,05306360,Other OTC,BRAND,202612,2025-12-26,0.55,161975.22,31410.14,,19.39,15.56,51.01,48.99,79.92,91.27,100.0,100.0,0.0,1,78.57,0.13,0.0,40.76,100.0,38.61,
5750,05306360,Other OTC,BRAND,202612,2026-01-02,-3.64,429900.51,-208049.26,,48.39,9.96,70.45,49.77,93.36,96.71,50.23,100.0,0.0,1,65.22,0.16,0.0,65.77,100.01,41.85,
5751,05306360,Other OTC,BRAND,202612,2026-01-09,18.78,2068933.03,1034574.3,,50.01,9.63,9.9,74.66,89.19,95.82,100.0,100.0,0.0,1,57.69,0.11,3.85,8.83,100.0,39.91,
5752,05306360,Other OTC,BRAND,202612,2026-01-16,-33.65,2270656.21,-2202190.16,,96.98,9.63,12.68,68.03,85.53,94.81,100.0,100.0,0.0,1,53.85,0.2,0.0,10.85,100.0,38.73,
5753,05306360,Other OTC,BRAND,202612,2026-01-23,-24.37,1569880.11,-1387753.49,,88.4,8.15,46.97,15.81,55.92,80.59,86.37,100.0,0.0,1,90.91,0.31,0.0,26.27,100.0,26.68,
5754,05306360,Other OTC,BRAND,202612,2026-01-30,-0.5,22396.81,-21783.79,,97.26,7.78,9.41,88.54,99.14,100.0,100.0,100.0,0.0,1,14.29,0.07,9.52,9.33,100.0,42.99,
5755,05306360,Other OTC,BRAND,202612,2026-02-06,-0.23,28333.05,-9991.06,,35.26,15.56,100.0,52.11,97.89,99.81,100.0,100.0,0.0,1,42.86,0.1,0.0,97.89,100.0,45.71,
5756,05306363,UPSA GI,BRAND,202612,2025-07-18,,0.0,0.0,,,100.0,,,,,,,,,0.0,0.0,0.0,,,,
5757,05306363,UPSA GI,BRAND,202612,2025-07-25,,0.0,0.0,,,0.0,,,,,,,,,,0.0,,,,,
5758,05306363,UPSA GI,BRAND,202612,2025-08-01,,0.0,0.0,,,0.0,,,,,,,,,,0.0,,,,,
5759,05306363,UPSA GI,BRAND,202612,2025-08-08,,0.0,0.0,,,0.0,,,,,,,,,,0.0,,,,,
5760,05306363,UPSA GI,BRAND,202612,2025-08-15,,0.0,0.0,,,0.0,,,,,,,,,,0.0,,,,,
5761,05306363,UPSA GI,BRAND,202612,2025-08-22,,0.0,0.0,,,0.0,,,,,,,,,,0.0,,,,,
5762,05306363,UPSA GI,BRAND,202612,2025-08-26,,0.0,0.0,,,0.0,,,,,,,,,,0.0,,,,,
5763,05306363,UPSA GI,BRAND,202612,2025-08-29,,0.0,0.0,,,0.0,,,,,,,,,,0.0,,,,,
5764,05306363,UPSA GI,BRAND,202612,2025-09-05,,0.0,0.0,,,0.0,,,,,,,,,,0.0,,,,,
5765,05306363,UPSA GI,BRAND,202612,2025-09-12,,0.0,0.0,,,0.0,,,,,,,,,,0.0,,,,,
5766,05306363,UPSA GI,BRAND,202612,2025-09-18,,0.0,0.0,,,0.0,,,,,,,,,,0.0,,,,,
5767,05306363,UPSA GI,BRAND,202612,2025-09-19,,0.0,0.0,,,0.0,,,,,,,,,,0.0,,,,,
5768,05306363,UPSA GI,BRAND,202612,2025-10-03,,0.0,0.0,,,0.0,,,,,,,,,,0.0,,,,,
5769,05306363,UPSA GI,BRAND,202612,2025-10-10,,0.0,0.0,,,0.0,,,,,,,,,,0.0,,,,,
5770,05306363,UPSA GI,BRAND,202612,2025-10-17,,0.0,0.0,,,0.0,,,,,,,,,,0.0,,,,,
5771,05306363,UPSA GI,BRAND,202612,2025-10-24,,0.0,0.0,,,0.0,,,,,,,,,,0.0,,,,,
5772,05306363,UPSA GI,BRAND,202612,2025-10-31,,0.0,0.0,,,0.0,,,,,,,,,,0.0,,,,,
5773,05306363,UPSA GI,BRAND,202612,2025-11-07,,0.0,0.0,,,0.0,,,,,,,,,,0.0,,,,,
5774,05306363,UPSA GI,BRAND,202612,2025-11-14,,0.0,0.0,,,0.0,,,,,,,,,,0.0,,,,,
5775,05306363,UPSA GI,BRAND,202612,2025-11-19,,0.0,0.0,,,0.0,,,,,,,,,,0.0,,,,,
5776,05306363,UPSA GI,BRAND,202612,2025-11-21,,0.0,0.0,,,0.0,,,,,,,,,,0.0,,,,,
5777,05306363,UPSA GI,BRAND,202612,2025-11-28,,0.0,0.0,,,0.0,,,,,,,,,,0.0,,,,,
5778,05306363,UPSA GI,BRAND,202612,2025-12-05,,0.0,0.0,,,0.0,,,,,,,,,,0.0,,,,,
5779,05306363,UPSA GI,BRAND,202612,2025-12-12,,0.0,0.0,,,0.0,,,,,,,,,,0.0,,,,,
5780,05306363,UPSA GI,BRAND,202612,2025-12-17,,0.0,0.0,,,0.0,,,,,,,,,,0.0,,,,,
5781,05306363,UPSA GI,BRAND,202612,2025-12-19,,0.0,0.0,,,0.0,,,,,,,,,,0.0,,,,,
5782,05306363,UPSA GI,BRAND,202612,2025-12-26,,0.0,0.0,,,0.0,,,,,,,,,,0.0,,,,,
5783,05306363,UPSA GI,BRAND,202612,2026-01-02,,0.0,0.0,,,0.0,,,,,,,,,,0.0,,,,,
5784,05306363,UPSA GI,BRAND,202612,2026-01-09,,0.0,0.0,,,0.0,,,,,,,,,,0.0,,,,,
5785,05306363,UPSA GI,BRAND,202612,2026-01-16,,0.0,0.0,,,0.0,,,,,,,,,,0.0,,,,,
5786,05306363,UPSA GI,BRAND,202612,2026-01-23,,0.0,0.0,,,0.0,,,,,,,,,,0.0,,,,,
5787,05306363,UPSA GI,BRAND,202612,2026-01-30,,0.0,0.0,,,0.0,,,,,,,,,,0.0,,,,,
5788,05306363,UPSA GI,BRAND,202612,2026-02-06,,0.0,0.0,,,0.0,,,,,,,,,,0.0,,,,,
5789,05306365,Picot,BRAND,202612,2025-07-18,,0.0,0.0,,,100.0,,,,,,,,,0.0,0.0,0.0,,,,
5790,05306365,Picot,BRAND,202612,2025-07-25,,0.0,0.0,,,0.0,,,,,,,,,,0.0,,,,,
5791,05306365,Picot,BRAND,202612,2025-08-01,,0.0,0.0,,,0.0,,,,,,,,,,0.0,,,,,
5792,05306365,Picot,BRAND,202612,2025-08-08,,0.0,0.0,,,0.0,,,,,,,,,,0.0,,,,,
5793,05306365,Picot,BRAND,202612,2025-08-15,,0.0,0.0,,,0.0,,,,,,,,,,0.0,,,,,
5794,05306365,Picot,BRAND,202612,2025-08-22,,0.0,0.0,,,0.0,,,,,,,,,,0.0,,,,,
5795,05306365,Picot,BRAND,202612,2025-08-26,,0.0,0.0,,,0.0,,,,,,,,,,0.0,,,,,
5796,05306365,Picot,BRAND,202612,2025-08-29,,0.0,0.0,,,0.0,,,,,,,,,,0.0,,,,,
5797,05306365,Picot,BRAND,202612,2025-09-05,,0.0,0.0,,,0.0,,,,,,,,,,0.0,,,,,
5798,05306365,Picot,BRAND,202612,2025-09-12,,0.0,0.0,,,0.0,,,,,,,,,,0.0,,,,,
5799,05306365,Picot,BRAND,202612,2025-09-18,,0.0,0.0,,,0.0,,,,,,,,,,0.0,,,,,
5800,05306365,Picot,BRAND,202612,2025-09-19,,0.0,0.0,,,0.0,,,,,,,,,,0.0,,,,,
5801,05306365,Picot,BRAND,202612,2025-10-10,,0.0,0.0,,,0.0,,,,,,,,,,0.0,,,,,
5802,05306365,Picot,BRAND,202612,2025-10-17,,0.0,0.0,,,0.0,,,,,,,,,,0.0,,,,,
5803,05306365,Picot,BRAND,202612,2025-10-24,,0.0,0.0,,,0.0,,,,,,,,,,0.0,,,,,
5804,05306365,Picot,BRAND,202612,2025-10-31,,0.0,0.0,,,0.0,,,,,,,,,,0.0,,,,,
5805,05306365,Picot,BRAND,202612,2025-11-07,,0.0,0.0,,,0.0,,,,,,,,,,0.0,,,,,
5806,05306365,Picot,BRAND,202612,2025-11-14,,0.0,0.0,,,0.0,,,,,,,,,,0.0,,,,,
5807,05306365,Picot,BRAND,202612,2025-11-19,,0.0,0.0,,,0.0,,,,,,,,,,0.0,,,,,
5808,05306365,Picot,BRAND,202612,2025-11-21,,0.0,0.0,,,0.0,,,,,,,,,,0.0,,,,,
5809,05306365,Picot,BRAND,202612,2025-11-28,,0.0,0.0,,,0.0,,,,,,,,,,0.0,,,,,
5810,05306365,Picot,BRAND,202612,2025-12-05,,0.0,0.0,,,0.0,,,,,,,,,,0.0,,,,,
5811,05306365,Picot,BRAND,202612,2025-12-12,,0.0,0.0,,,0.0,,,,,,,,,,0.0,,,,,
5812,05306365,Picot,BRAND,202612,2025-12-17,,0.0,0.0,,,0.0,,,,,,,,,,0.0,,,,,
5813,05306365,Picot,BRAND,202612,2025-12-19,,0.0,0.0,,,0.0,,,,,,,,,,0.0,,,,,
5814,05306365,Picot,BRAND,202612,2025-12-26,,0.0,0.0,,,0.0,,,,,,,,,,0.0,,,,,
5815,05306365,Picot,BRAND,202612,2026-01-09,,0.0,0.0,,,0.0,,,,,,,,,,0.0,,,,,
5816,05306365,Picot,BRAND,202612,2026-01-16,,0.0,0.0,,,0.0,,,,,,,,,,0.0,,,,,
5817,05306365,Picot,BRAND,202612,2026-01-23,,0.0,0.0,,,0.0,,,,,,,,,,0.0,,,,,
5818,05306365,Picot,BRAND,202612,2026-01-30,,0.0,0.0,,,0.0,,,,,,,,,,0.0,,,,,
5819,05306365,Picot,BRAND,202612,2026-02-06,,0.0,0.0,,,0.0,,,,,,,,,,0.0,,,,,
5820,05306366,OTC/Consumer Medic,BRAND,202612,2025-07-18,,0.0,0.0,,,100.0,,,,,,,,,0.0,0.0,0.0,,,,
5821,05306366,OTC/Consumer Medic,BRAND,202612,2025-07-25,,0.0,0.0,,,0.0,,,,,,,,,,0.0,,,,,
5822,05306366,OTC/Consumer Medic,BRAND,202612,2025-08-01,,0.0,0.0,,,0.0,,,,,,,,,,0.0,,,,,
5823,05306366,OTC/Consumer Medic,BRAND,202612,2025-08-08,,0.0,0.0,,,0.0,,,,,,,,,,0.0,,,,,
5824,05306366,OTC/Consumer Medic,BRAND,202612,2025-08-15,,0.0,0.0,,,0.0,,,,,,,,,,0.0,,,,,
5825,05306366,OTC/Consumer Medic,BRAND,202612,2025-08-22,,0.0,0.0,,,0.0,,,,,,,,,,0.0,,,,,
5826,05306366,OTC/Consumer Medic,BRAND,202612,2025-08-26,,0.0,0.0,,,0.0,,,,,,,,,,0.0,,,,,
5827,05306366,OTC/Consumer Medic,BRAND,202612,2025-08-29,,0.0,0.0,,,0.0,,,,,,,,,,0.0,,,,,
5828,05306366,OTC/Consumer Medic,BRAND,202612,2025-09-05,,0.0,0.0,,,0.0,,,,,,,,,,0.0,,,,,
5829,05306366,OTC/Consumer Medic,BRAND,202612,2025-09-12,,0.0,0.0,,,0.0,,,,,,,,,,0.0,,,,,
5830,05306366,OTC/Consumer Medic,BRAND,202612,2025-09-18,,0.0,0.0,,,0.0,,,,,,,,,,0.0,,,,,
5831,05306366,OTC/Consumer Medic,BRAND,202612,2025-09-19,,0.0,0.0,,,0.0,,,,,,,,,,0.0,,,,,
5832,05306366,OTC/Consumer Medic,BRAND,202612,2025-10-03,,0.0,0.0,,,0.0,,,,,,,,,,0.0,,,,,
5833,05306366,OTC/Consumer Medic,BRAND,202612,2025-10-10,,0.0,0.0,,,0.0,,,,,,,,,,0.0,,,,,
5834,05306366,OTC/Consumer Medic,BRAND,202612,2025-10-17,,0.0,0.0,,,0.0,,,,,,,,,,0.0,,,,,
5835,05306366,OTC/Consumer Medic,BRAND,202612,2025-10-24,,0.0,0.0,,,0.0,,,,,,,,,,0.0,,,,,
5836,05306366,OTC/Consumer Medic,BRAND,202612,2025-10-31,,0.0,0.0,,,0.0,,,,,,,,,,0.0,,,,,
5837,05306366,OTC/Consumer Medic,BRAND,202612,2025-11-07,,0.0,0.0,,,0.0,,,,,,,,,,0.0,,,,,
5838,05306366,OTC/Consumer Medic,BRAND,202612,2025-11-14,,0.0,0.0,,,0.0,,,,,,,,,,0.0,,,,,
5839,05306366,OTC/Consumer Medic,BRAND,202612,2025-11-19,,0.0,0.0,,,0.0,,,,,,,,,,0.0,,,,,
5840,05306366,OTC/Consumer Medic,BRAND,202612,2025-11-21,,0.0,0.0,,,0.0,,,,,,,,,,0.0,,,,,
5841,05306366,OTC/Consumer Medic,BRAND,202612,2025-11-28,,0.0,0.0,,,0.0,,,,,,,,,,0.0,,,,,
5842,05306366,OTC/Consumer Medic,BRAND,202612,2025-12-05,,0.0,0.0,,,0.0,,,,,,,,,,0.0,,,,,
5843,05306366,OTC/Consumer Medic,BRAND,202612,2025-12-12,,0.0,0.0,,,0.0,,,,,,,,,,0.0,,,,,
5844,05306366,OTC/Consumer Medic,BRAND,202612,2025-12-17,,0.0,0.0,,,0.0,,,,,,,,,,0.0,,,,,
5845,05306366,OTC/Consumer Medic,BRAND,202612,2025-12-19,,0.0,0.0,,,0.0,,,,,,,,,,0.0,,,,,
5846,05306366,OTC/Consumer Medic,BRAND,202612,2025-12-26,,0.0,0.0,,,0.0,,,,,,,,,,0.0,,,,,
5847,05306366,OTC/Consumer Medic,BRAND,202612,2026-01-02,,0.0,0.0,,,0.0,,,,,,,,,,0.0,,,,,
5848,05306366,OTC/Consumer Medic,BRAND,202612,2026-01-09,,0.0,0.0,,,0.0,,,,,,,,,,0.0,,,,,
5849,05306366,OTC/Consumer Medic,BRAND,202612,2026-01-16,,0.0,0.0,,,0.0,,,,,,,,,,0.0,,,,,
5850,05306366,OTC/Consumer Medic,BRAND,202612,2026-01-23,,0.0,0.0,,,0.0,,,,,,,,,,0.0,,,,,
5851,05306366,OTC/Consumer Medic,BRAND,202612,2026-01-30,,0.0,0.0,,,0.0,,,,,,,,,,0.0,,,,,
5852,05306366,OTC/Consumer Medic,BRAND,202612,2026-02-06,,0.0,0.0,,,0.0,,,,,,,,,,0.0,,,,,
5853,05601134,MODURETIC,BRAND,202612,2025-07-18,,0.0,0.0,,,100.0,,,,,,,,,0.0,0.0,0.0,,,,
5854,05601134,MODURETIC,BRAND,202612,2025-07-25,,0.0,0.0,,,0.0,,,,,,,,,,0.0,,,,,
5855,05601134,MODURETIC,BRAND,202612,2025-08-01,,0.0,0.0,,,0.0,,,,,,,,,,0.0,,,,,
5856,05601134,MODURETIC,BRAND,202612,2025-08-08,,0.0,0.0,,,0.0,,,,,,,,,,0.0,,,,,
5857,05601134,MODURETIC,BRAND,202612,2025-08-15,,0.0,0.0,,,0.0,,,,,,,,,,0.0,,,,,
5858,05601134,MODURETIC,BRAND,202612,2025-08-22,,0.0,0.0,,,0.0,,,,,,,,,,0.0,,,,,
5859,05601134,MODURETIC,BRAND,202612,2025-08-26,,0.0,0.0,,,0.0,,,,,,,,,,0.0,,,,,
5860,05601134,MODURETIC,BRAND,202612,2025-08-29,,0.0,0.0,,,0.0,,,,,,,,,,0.0,,,,,
5861,05601134,MODURETIC,BRAND,202612,2025-09-05,,0.0,0.0,,,0.0,,,,,,,,,,0.0,,,,,
5862,05601134,MODURETIC,BRAND,202612,2025-09-12,,0.0,0.0,,,0.0,,,,,,,,,,0.0,,,,,
5863,05601134,MODURETIC,BRAND,202612,2025-09-18,,0.0,0.0,,,0.0,,,,,,,,,,0.0,,,,,
5864,05601134,MODURETIC,BRAND,202612,2025-09-19,,0.0,0.0,,,0.0,,,,,,,,,,0.0,,,,,
5865,05601134,MODURETIC,BRAND,202612,2025-10-03,,0.0,0.0,,,0.0,,,,,,,,,,0.0,,,,,
5866,05601134,MODURETIC,BRAND,202612,2025-10-10,,0.0,0.0,,,0.0,,,,,,,,,,0.0,,,,,
5867,05601134,MODURETIC,BRAND,202612,2025-10-17,,0.0,0.0,,,0.0,,,,,,,,,,0.0,,,,,
5868,05601134,MODURETIC,BRAND,202612,2025-10-24,,0.0,0.0,,,0.0,,,,,,,,,,0.0,,,,,
5869,05601134,MODURETIC,BRAND,202612,2025-10-31,,0.0,0.0,,,0.0,,,,,,,,,,0.0,,,,,
5870,05601134,MODURETIC,BRAND,202612,2025-11-07,,0.0,0.0,,,0.0,,,,,,,,,,0.0,,,,,
5871,05601134,MODURETIC,BRAND,202612,2025-11-14,,0.0,0.0,,,0.0,,,,,,,,,,0.0,,,,,
5872,05601134,MODURETIC,BRAND,202612,2025-11-19,,0.0,0.0,,,0.0,,,,,,,,,,0.0,,,,,
5873,05601134,MODURETIC,BRAND,202612,2025-11-21,,0.0,0.0,,,0.0,,,,,,,,,,0.0,,,,,
5874,05601134,MODURETIC,BRAND,202612,2025-11-28,,0.0,0.0,,,0.0,,,,,,,,,,0.0,,,,,
5875,05601134,MODURETIC,BRAND,202612,2025-12-05,,0.0,0.0,,,0.0,,,,,,,,,,0.0,,,,,
5876,05601134,MODURETIC,BRAND,202612,2025-12-12,,0.0,0.0,,,0.0,,,,,,,,,,0.0,,,,,
5877,05601134,MODURETIC,BRAND,202612,2025-12-17,,0.0,0.0,,,0.0,,,,,,,,,,0.0,,,,,
5878,05601134,MODURETIC,BRAND,202612,2025-12-19,,0.0,0.0,,,0.0,,,,,,,,,,0.0,,,,,
5879,05601134,MODURETIC,BRAND,202612,2025-12-26,,0.0,0.0,,,0.0,,,,,,,,,,0.0,,,,,
5880,05601134,MODURETIC,BRAND,202612,2026-01-02,,0.0,0.0,,,0.0,,,,,,,,,,0.0,,,,,
5881,05601134,MODURETIC,BRAND,202612,2026-01-09,,0.0,0.0,,,0.0,,,,,,,,,,0.0,,,,,
5882,05601134,MODURETIC,BRAND,202612,2026-01-16,,0.0,0.0,,,0.0,,,,,,,,,,0.0,,,,,
5883,05601134,MODURETIC,BRAND,202612,2026-01-23,,0.0,0.0,,,0.0,,,,,,,,,,0.0,,,,,
5884,05601134,MODURETIC,BRAND,202612,2026-01-30,,0.0,0.0,,,0.0,,,,,,,,,,0.0,,,,,
5885,05601134,MODURETIC,BRAND,202612,2026-02-06,,0.0,0.0,,,0.0,,,,,,,,,,0.0,,,,,
5886,05601753,Viaspan,BRAND,202612,2025-07-18,,0.0,0.0,,,100.0,,,,,,,,,0.0,0.0,0.0,,,,
5887,05601753,Viaspan,BRAND,202612,2025-07-25,,0.0,0.0,,,0.0,,,,,,,,,,0.0,,,,,
5888,05601753,Viaspan,BRAND,202612,2025-08-01,,0.0,0.0,,,0.0,,,,,,,,,,0.0,,,,,
5889,05601753,Viaspan,BRAND,202612,2025-08-08,,0.0,0.0,,,0.0,,,,,,,,,,0.0,,,,,
5890,05601753,Viaspan,BRAND,202612,2025-08-15,,0.0,0.0,,,0.0,,,,,,,,,,0.0,,,,,
5891,05601753,Viaspan,BRAND,202612,2025-08-22,,0.0,0.0,,,0.0,,,,,,,,,,0.0,,,,,
5892,05601753,Viaspan,BRAND,202612,2025-08-26,,0.0,0.0,,,0.0,,,,,,,,,,0.0,,,,,
5893,05601753,Viaspan,BRAND,202612,2025-08-29,,0.0,0.0,,,0.0,,,,,,,,,,0.0,,,,,
5894,05601753,Viaspan,BRAND,202612,2025-09-05,,0.0,0.0,,,0.0,,,,,,,,,,0.0,,,,,
5895,05601753,Viaspan,BRAND,202612,2025-09-12,,0.0,0.0,,,0.0,,,,,,,,,,0.0,,,,,
5896,05601753,Viaspan,BRAND,202612,2025-09-18,,0.0,0.0,,,0.0,,,,,,,,,,0.0,,,,,
5897,05601753,Viaspan,BRAND,202612,2025-09-19,,0.0,0.0,,,0.0,,,,,,,,,,0.0,,,,,
5898,05601753,Viaspan,BRAND,202612,2025-10-03,,0.0,0.0,,,0.0,,,,,,,,,,0.0,,,,,
5899,05601753,Viaspan,BRAND,202612,2025-10-10,,0.0,0.0,,,0.0,,,,,,,,,,0.0,,,,,
5900,05601753,Viaspan,BRAND,202612,2025-10-17,,0.0,0.0,,,0.0,,,,,,,,,,0.0,,,,,
5901,05601753,Viaspan,BRAND,202612,2025-10-24,,0.0,0.0,,,0.0,,,,,,,,,,0.0,,,,,
5902,05601753,Viaspan,BRAND,202612,2025-10-31,,0.0,0.0,,,0.0,,,,,,,,,,0.0,,,,,
5903,05601753,Viaspan,BRAND,202612,2025-11-07,,0.0,0.0,,,0.0,,,,,,,,,,0.0,,,,,
5904,05601753,Viaspan,BRAND,202612,2025-11-14,,0.0,0.0,,,0.0,,,,,,,,,,0.0,,,,,
5905,05601753,Viaspan,BRAND,202612,2025-11-19,,0.0,0.0,,,0.0,,,,,,,,,,0.0,,,,,
5906,05601753,Viaspan,BRAND,202612,2025-11-21,,0.0,0.0,,,0.0,,,,,,,,,,0.0,,,,,
5907,05601753,Viaspan,BRAND,202612,2025-11-28,,0.0,0.0,,,0.0,,,,,,,,,,0.0,,,,,
5908,05601753,Viaspan,BRAND,202612,2025-12-05,,0.0,0.0,,,0.0,,,,,,,,,,0.0,,,,,
5909,05601753,Viaspan,BRAND,202612,2025-12-12,,0.0,0.0,,,0.0,,,,,,,,,,0.0,,,,,
5910,05601753,Viaspan,BRAND,202612,2025-12-17,,0.0,0.0,,,0.0,,,,,,,,,,0.0,,,,,
5911,05601753,Viaspan,BRAND,202612,2025-12-19,,0.0,0.0,,,0.0,,,,,,,,,,0.0,,,,,
5912,05601753,Viaspan,BRAND,202612,2025-12-26,,0.0,0.0,,,0.0,,,,,,,,,,0.0,,,,,
5913,05601753,Viaspan,BRAND,202612,2026-01-02,,0.0,0.0,,,0.0,,,,,,,,,,0.0,,,,,
5914,05601753,Viaspan,BRAND,202612,2026-01-09,,0.0,0.0,,,0.0,,,,,,,,,,0.0,,,,,
5915,05601753,Viaspan,BRAND,202612,2026-01-16,,0.0,0.0,,,0.0,,,,,,,,,,0.0,,,,,
5916,05601753,Viaspan,BRAND,202612,2026-01-23,,0.0,0.0,,,0.0,,,,,,,,,,0.0,,,,,
5917,05601753,Viaspan,BRAND,202612,2026-01-30,,0.0,0.0,,,0.0,,,,,,,,,,0.0,,,,,
5918,05601753,Viaspan,BRAND,202612,2026-02-06,,0.0,0.0,,,0.0,,,,,,,,,,0.0,,,,,
5919,05803026,Other Dupont 3rd party,BRAND,202612,2025-07-18,,0.0,0.0,,,100.0,,,,,,,,,0.0,0.0,0.0,,,,
5920,05803026,Other Dupont 3rd party,BRAND,202612,2025-07-25,,0.0,0.0,,,0.0,,,,,,,,,,0.0,,,,,
5921,05803026,Other Dupont 3rd party,BRAND,202612,2025-08-01,,0.0,0.0,,,0.0,,,,,,,,,,0.0,,,,,
5922,05803026,Other Dupont 3rd party,BRAND,202612,2025-08-08,,0.0,0.0,,,0.0,,,,,,,,,,0.0,,,,,
5923,05803026,Other Dupont 3rd party,BRAND,202612,2025-08-15,,0.0,0.0,,,0.0,,,,,,,,,,0.0,,,,,
5924,05803026,Other Dupont 3rd party,BRAND,202612,2025-08-22,,0.0,0.0,,,0.0,,,,,,,,,,0.0,,,,,
5925,05803026,Other Dupont 3rd party,BRAND,202612,2025-08-26,,0.0,0.0,,,0.0,,,,,,,,,,0.0,,,,,
5926,05803026,Other Dupont 3rd party,BRAND,202612,2025-08-29,,0.0,0.0,,,0.0,,,,,,,,,,0.0,,,,,
5927,05803026,Other Dupont 3rd party,BRAND,202612,2025-09-05,,0.0,0.0,,,0.0,,,,,,,,,,0.0,,,,,
5928,05803026,Other Dupont 3rd party,BRAND,202612,2025-09-12,,0.0,0.0,,,0.0,,,,,,,,,,0.0,,,,,
5929,05803026,Other Dupont 3rd party,BRAND,202612,2025-09-18,,0.0,0.0,,,0.0,,,,,,,,,,0.0,,,,,
5930,05803026,Other Dupont 3rd party,BRAND,202612,2025-09-19,,0.0,0.0,,,0.0,,,,,,,,,,0.0,,,,,
5931,05803026,Other Dupont 3rd party,BRAND,202612,2025-10-03,,0.0,0.0,,,0.0,,,,,,,,,,0.0,,,,,
5932,05803026,Other Dupont 3rd party,BRAND,202612,2025-10-10,,0.0,0.0,,,0.0,,,,,,,,,,0.0,,,,,
5933,05803026,Other Dupont 3rd party,BRAND,202612,2025-10-17,,0.0,0.0,,,0.0,,,,,,,,,,0.0,,,,,
5934,05803026,Other Dupont 3rd party,BRAND,202612,2025-10-24,,0.0,0.0,,,0.0,,,,,,,,,,0.0,,,,,
5935,05803026,Other Dupont 3rd party,BRAND,202612,2025-10-31,,0.0,0.0,,,0.0,,,,,,,,,,0.0,,,,,
5936,05803026,Other Dupont 3rd party,BRAND,202612,2025-11-07,,0.0,0.0,,,0.0,,,,,,,,,,0.0,,,,,
5937,05803026,Other Dupont 3rd party,BRAND,202612,2025-11-14,,0.0,0.0,,,0.0,,,,,,,,,,0.0,,,,,
5938,05803026,Other Dupont 3rd party,BRAND,202612,2025-11-19,,0.0,0.0,,,0.0,,,,,,,,,,0.0,,,,,
5939,05803026,Other Dupont 3rd party,BRAND,202612,2025-11-21,,0.0,0.0,,,0.0,,,,,,,,,,0.0,,,,,
5940,05803026,Other Dupont 3rd party,BRAND,202612,2025-11-28,,0.0,0.0,,,0.0,,,,,,,,,,0.0,,,,,
5941,05803026,Other Dupont 3rd party,BRAND,202612,2025-12-05,,0.0,0.0,,,0.0,,,,,,,,,,0.0,,,,,
5942,05803026,Other Dupont 3rd party,BRAND,202612,2025-12-12,,0.0,0.0,,,0.0,,,,,,,,,,0.0,,,,,
5943,05803026,Other Dupont 3rd party,BRAND,202612,2025-12-17,,0.0,0.0,,,0.0,,,,,,,,,,0.0,,,,,
5944,05803026,Other Dupont 3rd party,BRAND,202612,2025-12-19,,0.0,0.0,,,0.0,,,,,,,,,,0.0,,,,,
5945,05803026,Other Dupont 3rd party,BRAND,202612,2025-12-26,,0.0,0.0,,,0.0,,,,,,,,,,0.0,,,,,
5946,05803026,Other Dupont 3rd party,BRAND,202612,2026-01-02,,0.0,0.0,,,0.0,,,,,,,,,,0.0,,,,,
5947,05803026,Other Dupont 3rd party,BRAND,202612,2026-01-09,,0.0,0.0,,,0.0,,,,,,,,,,0.0,,,,,
5948,05803026,Other Dupont 3rd party,BRAND,202612,2026-01-16,,0.0,0.0,,,0.0,,,,,,,,,,0.0,,,,,
5949,05803026,Other Dupont 3rd party,BRAND,202612,2026-01-23,,0.0,0.0,,,0.0,,,,,,,,,,0.0,,,,,
5950,05803026,Other Dupont 3rd party,BRAND,202612,2026-01-30,,0.0,0.0,,,0.0,,,,,,,,,,0.0,,,,,
5951,05803026,Other Dupont 3rd party,BRAND,202612,2026-02-06,,0.0,0.0,,,0.0,,,,,,,,,,0.0,,,,,
5952,08003500,CAMZYOS (mavacamten),BRAND,202612,2025-07-18,,0.0,0.0,,,100.0,,,,,,,,,0.0,0.0,0.0,,,,
5953,08003500,CAMZYOS (mavacamten),BRAND,202612,2025-07-25,1.4,3298058.46,909611.41,,27.58,91.9,100.0,8.82,29.65,47.39,64.39,100.0,0.0,1,23.37,0.22,0.0,29.65,100.0,49.34,
5954,08003500,CAMZYOS (mavacamten),BRAND,202612,2025-08-01,2.51,8827111.83,1650272.25,,18.7,91.9,100.0,31.61,46.06,57.33,41.81,100.0,0.0,1,31.61,0.34,0.0,46.06,100.0,56.31,
5955,08003500,CAMZYOS (mavacamten),BRAND,202612,2025-08-08,3.38,13795601.85,2279587.91,,16.52,91.8,100.0,21.45,53.7,64.41,47.73,100.0,0.0,1,48.93,0.57,0.0,53.7,100.0,60.11,
5956,08003500,CAMZYOS (mavacamten),BRAND,202612,2025-08-15,-5.94,10556015.39,-4129538.82,,39.12,91.77,100.0,28.04,55.6,68.05,48.76,100.0,0.0,1,27.49,0.31,0.0,55.6,100.0,60.0,
5957,08003500,CAMZYOS (mavacamten),BRAND,202612,2025-08-22,0.34,2743016.36,221906.43,,8.09,91.77,100.0,20.38,58.45,77.12,51.66,100.0,0.0,1,16.37,0.2,0.0,58.45,100.0,60.75,
5958,08003500,CAMZYOS (mavacamten),BRAND,202612,2025-08-26,,0.0,0.0,,,91.79,,,,,,,,,0.0,0.0,0.0,,,,
5959,08003500,CAMZYOS (mavacamten),BRAND,202612,2025-08-29,-0.04,4279661.76,-28599.42,,0.67,88.39,49.61,17.62,54.83,74.13,33.05,100.0,0.0,1,18.99,0.2,0.0,27.2,100.0,57.97,
5960,08003500,CAMZYOS (mavacamten),BRAND,202612,2025-09-05,-0.05,5448137.07,-35661.06,,0.65,82.11,56.34,7.08,30.37,46.72,23.33,100.0,0.0,1,41.83,0.52,0.65,17.11,100.0,46.72,
5961,08003500,CAMZYOS (mavacamten),BRAND,202612,2025-09-12,0.64,2533224.36,421414.09,,16.64,84.71,83.83,11.77,42.6,63.22,64.15,100.0,0.0,1,15.5,0.25,0.64,35.71,100.0,51.76,
5962,08003500,CAMZYOS (mavacamten),BRAND,202612,2025-09-18,0.01,10112592.07,5015.19,,0.05,77.92,56.8,7.46,23.94,37.56,33.94,-1883.64,1938.55,1,48.71,0.74,1.17,13.6,3822.19,43.2,
5963,08003500,CAMZYOS (mavacamten),BRAND,202612,2025-09-19,-0.77,2834524.38,-504289.0,,17.79,81.35,50.33,9.13,36.46,51.08,54.17,119.73,-19.73,1,20.45,0.47,2.02,18.35,139.45,48.7,
5964,08003500,CAMZYOS (mavacamten),BRAND,202612,2025-09-26,1.23,2492826.03,800035.33,,32.09,89.43,60.66,12.19,33.15,53.07,48.64,100.0,0.0,1,22.95,0.33,0.68,20.11,100.0,50.14,
5965,08003500,CAMZYOS (mavacamten),BRAND,202612,2025-10-03,-0.98,7562886.29,-647244.58,,8.56,80.61,56.59,12.85,31.76,42.06,39.35,100.0,0.0,1,48.62,0.72,1.5,17.97,100.0,47.34,
5966,08003500,CAMZYOS (mavacamten),BRAND,202612,2025-10-10,0.0,0.0,0.0,,,84.96,,,,,,,,,0.0,0.0,0.0,,,,
5967,08003500,CAMZYOS (mavacamten),BRAND,202612,2025-10-17,-3.88,11714856.35,-2523008.51,,21.54,77.38,71.69,6.99,24.19,36.3,35.27,100.0,0.0,1,50.72,0.57,0.0,17.34,100.0,42.52,
5968,08003500,CAMZYOS (mavacamten),BRAND,202612,2025-10-24,-4.12,8174753.49,-2689850.48,,32.9,75.52,22.37,11.89,37.18,54.71,46.41,99.19,0.75,1,27.93,0.66,3.74,8.32,98.43,47.26,
5969,08003500,CAMZYOS (mavacamten),BRAND,202612,2025-10-31,-0.14,4311281.57,-86297.37,,2.0,84.62,57.95,24.04,61.19,73.23,45.79,100.0,0.0,1,18.85,0.39,1.55,35.46,100.0,59.64,
5970,08003500,CAMZYOS (mavacamten),BRAND,202612,2025-11-07,-2.62,8926101.25,-1649612.7,,18.48,82.16,64.7,24.35,37.3,45.9,41.59,102.68,-1.93,1,44.57,0.67,2.08,24.13,104.62,50.01,
5971,08003500,CAMZYOS (mavacamten),BRAND,202612,2025-11-14,3.59,3963096.77,2204158.59,,55.62,82.12,29.15,55.06,66.05,75.77,84.49,98.93,1.07,1,17.33,0.31,1.41,19.25,97.86,60.28,
5972,08003500,CAMZYOS (mavacamten),BRAND,202612,2025-11-19,1.03,11444778.5,651333.42,,5.69,79.58,69.84,9.06,26.9,37.21,31.1,95.31,4.18,1,51.82,0.79,1.94,18.79,91.13,45.23,
5973,08003500,CAMZYOS (mavacamten),BRAND,202612,2025-11-21,0.87,10316257.31,550347.66,,5.33,77.59,54.25,24.56,60.02,74.4,51.14,100.0,0.0,1,17.04,0.47,2.96,32.56,100.0,56.59,
5974,08003500,CAMZYOS (mavacamten),BRAND,202612,2025-11-28,-0.33,2587228.74,-213013.3,,8.23,86.27,53.29,12.89,33.31,47.8,46.01,100.0,0.0,1,21.75,0.44,1.57,17.75,100.0,49.31,
5975,08003500,CAMZYOS (mavacamten),BRAND,202612,2025-12-05,0.34,8158946.4,217002.24,,2.66,82.68,54.95,11.58,34.87,46.19,33.49,100.0,0.0,1,38.59,0.6,2.12,19.16,100.0,49.02,
5976,08003500,CAMZYOS (mavacamten),BRAND,202612,2025-12-12,-14.11,16989508.28,-9173071.21,,53.99,77.32,49.21,16.32,58.22,67.72,51.4,100.0,0.0,1,20.92,0.4,0.77,28.65,100.0,55.54,
5977,08003500,CAMZYOS (mavacamten),BRAND,202612,2025-12-17,-11.41,16111307.14,-7235561.91,,44.91,73.82,42.8,9.19,30.24,40.93,35.37,100.0,0.0,1,47.47,0.88,1.87,12.94,100.0,44.56,
5978,08003500,CAMZYOS (mavacamten),BRAND,202612,2025-12-19,8.21,6910816.49,4582914.71,,66.32,76.13,37.56,5.46,21.63,36.33,23.72,100.0,0.0,1,19.95,0.48,1.55,8.13,100.0,40.71,
5979,08003500,CAMZYOS (mavacamten),BRAND,202612,2025-12-26,2.79,5105660.91,1687198.22,,33.05,86.39,65.45,40.22,62.53,78.64,57.62,100.0,0.0,1,19.41,0.31,0.68,40.92,100.0,60.61,
5980,08003500,CAMZYOS (mavacamten),BRAND,202612,2026-01-02,3.95,17202110.55,2449203.83,,14.24,89.35,83.99,10.22,23.26,32.37,23.8,-27.91,120.99,-1,49.67,0.51,1.32,19.54,148.9,46.73,
5981,08003500,CAMZYOS (mavacamten),BRAND,202612,2026-01-09,-4.28,3921408.48,-2763423.48,,70.47,86.88,24.05,68.5,79.84,86.63,74.72,100.0,0.0,1,11.44,0.21,0.69,19.2,100.0,67.38,
5982,08003500,CAMZYOS (mavacamten),BRAND,202612,2026-01-16,0.2,1508830.61,121021.38,,8.02,91.93,67.95,11.61,47.21,69.81,42.76,100.0,0.0,1,15.99,0.26,0.23,32.08,100.0,56.52,
5983,08003500,CAMZYOS (mavacamten),BRAND,202612,2026-01-23,5.93,20982616.25,3319133.75,,15.82,82.06,79.74,9.97,28.62,35.96,28.47,52.22,78.89,0,44.97,0.78,2.51,22.82,26.67,46.87,
5984,08003500,CAMZYOS (mavacamten),BRAND,202612,2026-01-30,-1.83,12493520.25,-1126447.74,,9.02,76.65,41.42,21.5,60.27,71.14,44.86,100.0,0.0,1,22.64,0.55,2.43,24.97,100.0,56.61,
5985,08003500,CAMZYOS (mavacamten),BRAND,202612,2026-02-06,1.34,10188211.66,808580.19,,7.94,79.87,33.55,9.62,34.45,46.07,34.5,100.0,0.0,1,46.38,0.76,0.0,11.56,100.0,48.27,
5986,08101516, CM BCM Golcadomide,BRAND,202612,2025-07-18,,0.0,0.0,,,100.0,,,,,,,,,0.0,0.0,0.0,,,,
5987,08101516, CM BCM Golcadomide,BRAND,202612,2025-07-25,0.0,0.0,0.0,,,100.0,,,,,,,,,0.0,0.0,0.0,,,,
5988,08101516, CM BCM Golcadomide,BRAND,202612,2025-08-01,0.0,0.0,0.0,,,100.0,,,,,,,,,0.0,0.0,0.0,,,,
5989,08101516, CM BCM Golcadomide,BRAND,202612,2025-08-08,0.0,0.0,0.0,,,100.0,,,,,,,,,0.0,0.0,0.0,,,,
5990,08101516, CM BCM Golcadomide,BRAND,202612,2025-08-15,0.0,0.0,0.0,,,100.0,,,,,,,,,0.0,0.0,0.0,,,,
5991,08101516, CM BCM Golcadomide,BRAND,202612,2025-08-22,0.0,0.0,0.0,,,100.0,,,,,,,,,0.0,0.0,0.0,,,,
5992,08101516, CM BCM Golcadomide,BRAND,202612,2025-08-26,,0.0,0.0,,,100.0,,,,,,,,,0.0,0.0,0.0,,,,
5993,08101516, CM BCM Golcadomide,BRAND,202612,2025-08-29,0.0,0.0,0.0,,,100.0,,,,,,,,,0.0,0.0,0.0,,,,
5994,08101516, CM BCM Golcadomide,BRAND,202612,2025-09-05,0.0,0.0,0.0,,,100.0,,,,,,,,,0.0,0.0,0.0,,,,
5995,08101516, CM BCM Golcadomide,BRAND,202612,2025-09-12,0.0,0.0,0.0,,,100.0,,,,,,,,,0.0,0.0,0.0,,,,
5996,08101516, CM BCM Golcadomide,BRAND,202612,2025-09-18,0.0,0.0,0.0,,,100.0,,,,,,,,,0.0,0.0,0.0,,,,
5997,08101516, CM BCM Golcadomide,BRAND,202612,2025-09-19,0.0,0.0,0.0,,,100.0,,,,,,,,,0.0,0.0,0.0,,,,
5998,08101516, CM BCM Golcadomide,BRAND,202612,2025-09-26,0.0,0.0,0.0,,,100.0,,,,,,,,,0.0,0.0,0.0,,,,
5999,08101516, CM BCM Golcadomide,BRAND,202612,2025-10-03,0.0,0.0,0.0,,,100.0,,,,,,,,,0.0,0.0,0.0,,,,
6000,08101516, CM BCM Golcadomide,BRAND,202612,2025-10-10,0.0,0.0,0.0,,,100.0,,,,,,,,,0.0,0.0,0.0,,,,
6001,08101516, CM BCM Golcadomide,BRAND,202612,2025-10-17,0.0,0.0,0.0,,,100.0,,,,,,,,,0.0,0.0,0.0,,,,
6002,08101516, CM BCM Golcadomide,BRAND,202612,2025-10-24,0.0,0.0,0.0,,,100.0,,,,,,,,,0.0,0.0,0.0,,,,
6003,08101516, CM BCM Golcadomide,BRAND,202612,2025-10-31,0.0,0.0,0.0,,,100.0,,,,,,,,,0.0,0.0,0.0,,,,
6004,08101516, CM BCM Golcadomide,BRAND,202612,2025-11-07,0.0,0.0,0.0,,,100.0,,,,,,,,,0.0,0.0,0.0,,,,
6005,08101516, CM BCM Golcadomide,BRAND,202612,2025-11-14,-1.36,35603.79,-35603.79,,100.0,100.0,100.0,100.0,100.0,100.0,100.0,100.0,0.0,1,50.0,0.5,0.0,100.0,100.0,81.67,
6006,08101516, CM BCM Golcadomide,BRAND,202612,2025-11-19,-1.36,35603.79,-35603.79,,100.0,100.0,100.0,100.0,100.0,100.0,100.0,100.0,0.0,1,50.0,1.0,0.0,100.0,100.0,83.33,
6007,08101516, CM BCM Golcadomide,BRAND,202612,2025-11-21,0.0,0.0,0.0,,,100.0,,,,,,,,,0.0,0.0,0.0,,,,
6008,08101516, CM BCM Golcadomide,BRAND,202612,2025-11-28,0.0,0.0,0.0,,,100.0,,,,,,,,,0.0,0.0,0.0,,,,
6009,08101516, CM BCM Golcadomide,BRAND,202612,2025-12-05,0.0,0.0,0.0,,,100.0,,,,,,,,,0.0,0.0,0.0,,,,
6010,08101516, CM BCM Golcadomide,BRAND,202612,2025-12-12,-10.35,266998.67,-266998.67,,100.0,100.0,100.0,100.0,100.0,100.0,100.0,100.0,0.0,1,50.0,0.5,0.0,100.0,100.0,81.67,
6011,08101516, CM BCM Golcadomide,BRAND,202612,2025-12-17,-10.35,266998.67,-266998.67,,100.0,100.0,100.0,100.0,100.0,100.0,100.0,100.0,0.0,1,50.0,1.0,0.0,100.0,100.0,83.33,
6012,08101516, CM BCM Golcadomide,BRAND,202612,2025-12-19,0.0,0.0,0.0,,,100.0,,,,,,,,,0.0,0.0,0.0,,,,
6013,08101516, CM BCM Golcadomide,BRAND,202612,2025-12-26,0.0,0.0,0.0,,,100.0,,,,,,,,,0.0,0.0,0.0,,,,
6014,08101516, CM BCM Golcadomide,BRAND,202612,2026-01-02,0.0,0.0,0.0,,,100.0,,,,,,,,,0.0,0.0,0.0,,,,
6015,08101516, CM BCM Golcadomide,BRAND,202612,2026-01-09,0.0,0.0,0.0,,,100.0,,,,,,,,,0.0,0.0,0.0,,,,
6016,08101516, CM BCM Golcadomide,BRAND,202612,2026-01-16,0.0,0.0,0.0,,,100.0,,,,,,,,,0.0,0.0,0.0,,,,
6017,08101516, CM BCM Golcadomide,BRAND,202612,2026-01-23,-69.77,1613316.05,-1613316.05,,100.0,50.0,0.0,100.0,100.0,100.0,100.0,100.0,0.0,1,0.0,0.5,0.0,0.0,100.0,61.67,
6018,08101516, CM BCM Golcadomide,BRAND,202612,2026-01-30,-56.18,1299184.75,-1299184.75,,100.0,50.0,0.0,100.0,100.0,100.0,100.0,100.0,0.0,1,0.0,1.0,0.0,0.0,100.0,63.33,
6019,08101516, CM BCM Golcadomide,BRAND,202612,2026-02-06,0.0,0.0,0.0,,,100.0,,,,,,,,,0.0,0.0,0.0,,,,
6020,08101534, GPRC5D CAR-T,BRAND,202612,2025-10-03,,0.0,0.0,,,100.0,,,,,,,,,0.0,0.0,0.0,,,,
6021,08101534, GPRC5D CAR-T,BRAND,202612,2025-12-05,,0.0,0.0,,,100.0,,,,,,,,,0.0,0.0,0.0,,,,
6022,08101534, GPRC5D CAR-T,BRAND,202612,2025-12-12,-4.17,0.01,-0.01,,100.0,100.0,100.0,100.0,100.0,100.0,100.0,100.0,0.0,1,100.0,1.0,0.0,100.0,100.0,83.33,
6023,08101534, GPRC5D CAR-T,BRAND,202612,2025-12-17,,0.0,0.0,,,100.0,,,,,,,,,0.0,0.0,0.0,,,,
6024,08101534, GPRC5D CAR-T,BRAND,202612,2025-12-19,-4.35,0.01,-0.01,,100.0,100.0,100.0,100.0,100.0,100.0,100.0,100.0,0.0,1,100.0,1.0,0.0,100.0,100.0,83.33,
6025,08101534, GPRC5D CAR-T,BRAND,202612,2025-12-26,-13.64,0.03,-0.03,,100.0,100.0,100.0,100.0,100.0,100.0,100.0,100.0,0.0,1,100.0,2.0,0.0,100.0,100.0,86.67,
6026,08101534, GPRC5D CAR-T,BRAND,202612,2026-01-02,-21.05,0.04,-0.04,,100.0,100.0,100.0,100.0,100.0,100.0,100.0,100.0,0.0,1,100.0,3.0,0.0,100.0,100.0,90.0,
6027,08101534, GPRC5D CAR-T,BRAND,202612,2026-01-09,13.33,0.02,0.02,,100.0,100.0,100.0,100.0,100.0,100.0,100.0,100.0,0.0,1,100.0,1.0,0.0,100.0,100.0,83.33,
6028,08101534, GPRC5D CAR-T,BRAND,202612,2026-01-16,-29.41,0.05,-0.05,,100.0,100.0,100.0,100.0,100.0,100.0,100.0,100.0,0.0,1,100.0,1.0,0.0,100.0,100.0,83.33,
6029,08101534, GPRC5D CAR-T,BRAND,202612,2026-01-23,45.45,0.1,0.1,,100.0,100.0,100.0,100.0,100.0,100.0,100.0,100.0,0.0,1,100.0,1.0,0.0,100.0,100.0,83.33,
6030,08101534, GPRC5D CAR-T,BRAND,202612,2026-01-30,0.0,0.0,0.0,,,100.0,,,,,,,,,0.0,0.0,0.0,,,,
6031,08101534, GPRC5D CAR-T,BRAND,202612,2026-02-06,183.33,0.22,0.22,,100.0,100.0,100.0,100.0,100.0,100.0,100.0,100.0,0.0,1,100.0,1.0,0.0,100.0,100.0,83.33,
6032,08101588,CD19 NEX-T,BRAND,202612,2025-07-18,,0.0,0.0,,,100.0,,,,,,,,,0.0,0.0,0.0,,,,
6033,08101588,CD19 NEX-T,BRAND,202612,2025-07-25,,0.0,0.0,,,0.0,,,,,,,,,,0.0,,,,,
6034,08101588,CD19 NEX-T,BRAND,202612,2025-08-01,,0.0,0.0,,,0.0,,,,,,,,,,0.0,,,,,
6035,08101588,CD19 NEX-T,BRAND,202612,2025-08-08,,0.0,0.0,,,0.0,,,,,,,,,,0.0,,,,,
6036,08101588,CD19 NEX-T,BRAND,202612,2025-08-15,,0.0,0.0,,,0.0,,,,,,,,,,0.0,,,,,
6037,08101588,CD19 NEX-T,BRAND,202612,2025-08-22,,0.0,0.0,,,0.0,,,,,,,,,,0.0,,,,,
6038,08101588,CD19 NEX-T,BRAND,202612,2025-08-26,,0.0,0.0,,,0.0,,,,,,,,,,0.0,,,,,
6039,08101588,CD19 NEX-T,BRAND,202612,2025-08-29,,0.0,0.0,,,0.0,,,,,,,,,,0.0,,,,,
6040,08101588,CD19 NEX-T,BRAND,202612,2025-09-05,,0.0,0.0,,,0.0,,,,,,,,,,0.0,,,,,
6041,08101588,CD19 NEX-T,BRAND,202612,2025-09-12,,0.0,0.0,,,0.0,,,,,,,,,,0.0,,,,,
6042,08101588,CD19 NEX-T,BRAND,202612,2025-09-18,,0.0,0.0,,,50.0,,,,,,,,,0.0,0.33,0.0,,,,
6043,08101588,CD19 NEX-T,BRAND,202612,2025-09-19,,0.0,0.0,,,50.0,,,,,,,,,0.0,0.67,0.0,,,,
6044,08101588,CD19 NEX-T,BRAND,202612,2025-10-03,,0.0,0.0,,,93.1,,,,,,,,,0.0,0.0,0.0,,,,
6045,08101588,CD19 NEX-T,BRAND,202612,2025-10-10,,0.0,0.0,,,0.0,,,,,,,,,,0.0,,,,,
6046,08101588,CD19 NEX-T,BRAND,202612,2025-10-17,,0.0,0.0,,,0.0,,,,,,,,,,0.0,,,,,
6047,08101588,CD19 NEX-T,BRAND,202612,2025-10-24,,0.0,0.0,,,33.33,,,,,,,,,0.0,0.0,0.0,,,,
6048,08101588,CD19 NEX-T,BRAND,202612,2025-10-31,,0.0,0.0,,,0.0,,,,,,,,,,0.0,,,,,
6049,08101588,CD19 NEX-T,BRAND,202612,2025-11-07,,0.0,0.0,,,0.0,,,,,,,,,,0.0,,,,,
6050,08101588,CD19 NEX-T,BRAND,202612,2025-11-14,,0.0,0.0,,,0.0,,,,,,,,,,0.0,,,,,
6051,08101588,CD19 NEX-T,BRAND,202612,2025-11-19,,0.0,0.0,,,0.0,,,,,,,,,,0.0,,,,,
6052,08101588,CD19 NEX-T,BRAND,202612,2025-11-21,,0.0,0.0,,,0.0,,,,,,,,,,0.0,,,,,
6053,08101588,CD19 NEX-T,BRAND,202612,2025-11-28,,0.0,0.0,,,0.0,,,,,,,,,,0.25,,,,,
6054,08101588,CD19 NEX-T,BRAND,202612,2025-12-05,,0.0,0.0,,,93.75,,,,,,,,,0.0,0.0,0.0,,,,
6055,08101588,CD19 NEX-T,BRAND,202612,2025-12-12,2790.06,563679.58,563673.46,,100.0,94.12,100.0,33.53,100.0,100.0,100.0,100.0,0.0,1,81.25,0.76,0.0,100.0,100.0,80.2,
6056,08101588,CD19 NEX-T,BRAND,202612,2025-12-17,,0.0,0.0,,,94.12,,,,,,,,,0.0,0.0,0.0,,,,
6057,08101588,CD19 NEX-T,BRAND,202612,2025-12-19,-3.45,20165.94,-20165.94,,100.0,94.12,100.0,100.0,100.0,100.0,100.0,100.0,0.0,1,37.5,0.35,0.0,100.0,100.0,78.82,
6058,08101588,CD19 NEX-T,BRAND,202612,2025-12-26,0.0,0.94,0.94,,99.91,93.1,89.37,89.32,100.0,100.0,89.32,100.0,0.0,1,11.11,0.17,0.0,89.37,100.0,77.82,
6059,08101588,CD19 NEX-T,BRAND,202612,2026-01-02,25.49,340044.07,143686.91,,42.26,96.67,100.0,33.68,97.46,100.0,57.07,0.0,101.08,-1,44.83,0.33,0.0,97.46,101.09,78.76,
6060,08101588,CD19 NEX-T,BRAND,202612,2026-01-09,0.0,0.0,0.0,,,100.0,,,,,,,,,0.0,0.0,0.0,,,,
6061,08101588,CD19 NEX-T,BRAND,202612,2026-01-16,0.92,37037.62,6486.26,,17.51,90.91,100.0,58.76,100.0,100.0,58.76,100.0,0.0,1,50.0,0.52,0.0,100.0,100.0,78.08,
6062,08101588,CD19 NEX-T,BRAND,202612,2026-01-23,20.75,337405.24,116963.08,,34.67,78.79,85.43,33.95,97.54,100.0,51.48,-21.59,115.7,-1,92.31,1.15,0.0,83.33,137.28,74.37,
6063,08101588,CD19 NEX-T,BRAND,202612,2026-01-30,-1.94,13870.48,-13870.02,,100.0,84.85,0.0,100.0,100.0,100.0,100.0,100.0,0.0,1,28.57,0.55,0.0,0.0,100.0,75.76,
6064,08101588,CD19 NEX-T,BRAND,202612,2026-02-06,25.1,206113.42,175801.18,,85.29,84.38,6.31,92.65,100.0,100.0,92.65,100.0,0.0,1,29.63,0.47,0.0,6.31,100.0,75.31,
6065,19621962,COBENFY (Xano-Trosp),BRAND,202612,2025-07-18,,0.0,0.0,,,100.0,,,,,,,,,0.0,0.0,0.0,,,,
6066,19621962,COBENFY (Xano-Trosp),BRAND,202612,2025-07-25,-5.41,12806903.39,-9484072.27,,74.05,97.92,100.0,81.25,99.87,100.0,87.24,100.0,0.0,1,25.53,0.25,0.0,99.87,100.0,79.95,
6067,19621962,COBENFY (Xano-Trosp),BRAND,202612,2025-08-01,1.37,5347138.96,2279118.7,,42.62,97.92,100.0,20.84,70.48,97.97,79.44,100.0,0.0,1,40.43,0.56,0.0,70.48,100.0,69.24,
6068,19621962,COBENFY (Xano-Trosp),BRAND,202612,2025-08-08,3.88,14208342.02,6518326.64,,45.88,97.87,100.0,25.68,85.84,96.57,50.37,100.0,0.0,1,67.39,0.89,0.0,85.84,100.0,76.47,
6069,19621962,COBENFY (Xano-Trosp),BRAND,202612,2025-08-15,-2.98,35000478.8,-5200473.93,,14.86,98.0,100.0,19.3,68.2,95.75,60.79,100.0,0.0,1,57.14,0.82,0.0,68.2,100.0,69.21,
6070,19621962,COBENFY (Xano-Trosp),BRAND,202612,2025-08-22,1.82,36202976.46,3078246.36,,8.5,90.2,100.0,19.45,82.17,99.59,66.24,100.0,0.0,1,34.78,0.47,0.0,82.17,100.0,70.52,
6071,19621962,COBENFY (Xano-Trosp),BRAND,202612,2025-08-26,,0.0,0.0,,,88.24,,,,,,,,,0.0,0.0,0.0,,,,
6072,19621962,COBENFY (Xano-Trosp),BRAND,202612,2025-08-29,6.92,18438732.97,11952212.69,,64.82,86.27,25.63,74.37,97.98,99.77,95.04,100.0,0.0,1,34.09,0.33,0.0,25.12,100.0,74.81,
6073,19621962,COBENFY (Xano-Trosp),BRAND,202612,2025-09-05,6.94,15163668.21,12800708.18,,84.42,87.93,13.44,86.56,98.08,99.92,99.86,100.0,0.0,1,39.22,0.47,0.0,13.18,100.0,75.96,
6074,19621962,COBENFY (Xano-Trosp),BRAND,202612,2025-09-12,-6.78,18058163.61,-13390035.81,,74.15,68.97,14.63,75.81,95.47,99.15,99.61,100.0,0.0,1,40.0,0.48,0.0,13.97,100.0,67.38,
6075,19621962,COBENFY (Xano-Trosp),BRAND,202612,2025-09-18,-0.57,7839838.96,-1011409.6,,12.9,86.44,87.38,26.22,75.93,93.78,68.47,100.0,0.0,1,50.98,0.83,0.0,66.34,100.0,67.72,
6076,19621962,COBENFY (Xano-Trosp),BRAND,202612,2025-09-19,-4.85,18048498.98,-8918003.51,,49.41,83.05,82.12,49.84,89.48,98.12,86.51,100.0,0.0,1,36.73,0.69,0.0,73.48,100.0,71.33,
6077,19621962,COBENFY (Xano-Trosp),BRAND,202612,2025-09-26,0.79,13457857.7,1387752.51,,10.31,84.0,100.0,17.38,71.44,95.54,66.72,100.0,0.0,1,40.48,0.56,0.0,71.44,100.0,64.04,
6078,19621962,COBENFY (Xano-Trosp),BRAND,202612,2025-10-03,0.6,27620610.02,1065472.64,,3.86,83.67,96.89,42.33,83.25,95.33,53.31,100.0,0.0,1,56.1,1.02,0.0,80.67,100.0,70.17,
6079,19621962,COBENFY (Xano-Trosp),BRAND,202612,2025-10-10,0.0,0.0,0.0,,,85.96,,,,,,,,,0.0,0.0,0.0,,,,
6080,19621962,COBENFY (Xano-Trosp),BRAND,202612,2025-10-17,4.98,55823068.07,8758313.97,,15.69,76.79,85.2,25.13,65.31,92.05,63.43,100.0,0.0,1,58.14,0.59,0.0,55.65,100.0,58.8,
6081,19621962,COBENFY (Xano-Trosp),BRAND,202612,2025-10-24,3.12,35592331.9,5568363.93,,15.64,61.67,11.28,27.3,74.6,96.68,89.51,100.0,0.0,1,40.54,0.9,0.0,8.42,100.0,57.51,
6082,19621962,COBENFY (Xano-Trosp),BRAND,202612,2025-10-31,-2.51,9197428.14,-4617703.06,,50.21,62.9,60.98,35.79,71.0,88.99,66.37,100.0,0.0,1,25.64,0.6,0.0,43.3,100.0,55.55,
6083,19621962,COBENFY (Xano-Trosp),BRAND,202612,2025-11-07,3.76,44002518.61,6737081.16,,15.31,72.58,92.83,19.51,62.42,89.22,79.98,100.0,0.0,1,42.22,0.71,2.22,57.95,100.0,56.37,
6084,19621962,COBENFY (Xano-Trosp),BRAND,202612,2025-11-14,-5.94,25772701.66,-11054005.11,,42.89,62.3,28.43,12.84,53.11,80.58,66.94,100.0,0.0,1,28.95,0.49,0.0,15.1,100.0,47.8,
6085,19621962,COBENFY (Xano-Trosp),BRAND,202612,2025-11-19,-18.76,48687401.61,-34668231.77,,71.21,62.3,86.97,45.74,85.32,96.29,50.18,100.0,0.0,1,42.11,0.7,0.0,74.21,100.0,61.4,
6086,19621962,COBENFY (Xano-Trosp),BRAND,202612,2025-11-21,-17.43,41616281.54,-30520242.12,,73.34,62.3,38.18,53.51,89.55,99.16,62.51,100.0,0.0,1,26.32,0.75,0.0,34.19,100.0,63.25,
6087,19621962,COBENFY (Xano-Trosp),BRAND,202612,2025-11-28,6.82,16694537.03,9864213.55,,59.09,77.05,27.76,70.36,96.03,99.89,88.3,100.0,0.0,1,25.53,0.46,0.0,26.66,100.0,70.76,
6088,19621962,COBENFY (Xano-Trosp),BRAND,202612,2025-12-05,-3.24,24405248.64,-5006511.27,,20.51,81.97,51.99,48.01,79.36,95.95,59.95,100.0,0.0,1,46.0,0.69,0.0,41.26,100.0,66.82,
6089,19621962,COBENFY (Xano-Trosp),BRAND,202612,2025-12-12,0.05,5649604.01,73901.51,,1.31,72.58,93.57,24.46,82.89,99.7,89.18,100.0,0.0,1,24.44,0.42,0.0,77.56,100.0,63.59,
6090,19621962,COBENFY (Xano-Trosp),BRAND,202612,2025-12-17,-0.39,12067239.03,-579338.98,,4.8,82.26,99.99,19.73,77.54,94.36,80.93,100.0,0.0,1,54.9,0.85,0.0,77.54,100.0,66.77,
6091,19621962,COBENFY (Xano-Trosp),BRAND,202612,2025-12-19,-1.38,6810205.28,-2063031.62,,30.29,72.58,82.37,23.78,84.91,99.67,78.83,100.0,0.0,1,28.89,0.73,0.0,69.94,100.0,65.42,
6092,19621962,COBENFY (Xano-Trosp),BRAND,202612,2025-12-26,0.84,1413601.35,1235680.27,,87.41,82.26,100.0,79.53,96.41,99.86,79.53,100.0,0.0,1,33.33,0.55,0.0,96.41,100.0,73.29,
6093,19621962,COBENFY (Xano-Trosp),BRAND,202612,2026-01-02,-18.32,38302976.82,-27228857.77,,71.09,74.19,94.28,43.86,85.21,94.74,72.46,-5.72,106.9,-1,50.0,0.68,0.0,80.33,112.62,66.02,
6094,19621962,COBENFY (Xano-Trosp),BRAND,202612,2026-01-09,2.56,17742469.58,3108546.67,,17.52,80.65,100.0,19.78,77.4,100.0,94.52,100.0,0.0,1,20.0,0.26,0.0,77.4,100.0,64.08,
6095,19621962,COBENFY (Xano-Trosp),BRAND,202612,2026-01-16,1.17,12773616.03,1461483.78,,11.44,80.95,59.67,28.88,79.23,96.11,90.45,100.0,0.0,1,23.53,0.48,0.0,47.28,100.0,65.66,
6096,19621962,COBENFY (Xano-Trosp),BRAND,202612,2026-01-23,-19.06,62159660.09,-28481346.1,,45.82,65.62,82.56,29.85,68.33,88.36,78.89,-15.86,104.85,0,33.33,1.02,2.38,56.41,120.7,56.97,
6097,19621962,COBENFY (Xano-Trosp),BRAND,202612,2026-01-30,-5.49,13523440.26,-6927854.57,,51.23,57.14,34.32,18.9,75.23,97.0,70.46,100.0,0.0,1,50.0,1.0,0.0,25.82,100.0,56.28,
6098,19621962,COBENFY (Xano-Trosp),BRAND,202612,2026-02-06,1.82,8013092.05,2166728.55,,27.04,69.35,98.62,35.81,96.18,99.65,63.48,100.0,0.0,1,51.16,0.69,0.0,94.85,100.0,68.53,
6099,19951995,Opdivo SC,BRAND,202612,2025-07-18,,0.0,0.0,,,100.0,,,,,,,,,0.0,0.0,0.0,,,,
6100,19951995,Opdivo SC,BRAND,202612,2025-07-25,-3.02,43613856.04,-9410034.62,,21.58,65.07,100.0,29.94,88.59,99.97,49.04,100.0,0.0,1,17.89,0.12,0.0,88.59,100.0,61.85,
6101,19951995,Opdivo SC,BRAND,202612,2025-08-01,-6.35,82335095.8,-19184625.56,,23.3,65.07,100.0,45.94,79.14,94.9,46.23,100.0,0.0,1,26.32,0.24,0.0,79.14,100.0,58.48,
6102,19951995,Opdivo SC,BRAND,202612,2025-08-08,38.48,194629989.47,108875947.11,,55.94,66.0,100.0,41.5,73.01,85.92,41.67,100.0,0.0,1,46.46,0.49,0.0,73.01,100.0,57.23,
6103,19951995,Opdivo SC,BRAND,202612,2025-08-15,-32.26,184519094.66,-126389803.01,,68.5,63.33,100.0,43.78,74.17,89.44,44.02,100.0,0.0,1,38.95,0.31,0.0,74.17,100.0,56.05,
6104,19951995,Opdivo SC,BRAND,202612,2025-08-22,-0.81,24022760.33,-2140568.03,,8.91,63.58,100.0,22.49,94.67,99.37,46.75,100.0,0.0,1,22.92,0.23,0.0,94.67,100.0,64.07,
6105,19951995,Opdivo SC,BRAND,202612,2025-08-26,,0.0,0.0,,,62.25,,,,,,,,,0.0,0.0,0.0,,,,
6106,19951995,Opdivo SC,BRAND,202612,2025-08-29,-0.49,39560854.39,-1294284.99,,3.27,60.26,82.54,17.73,79.75,98.17,32.54,100.0,0.0,1,25.27,0.17,0.0,65.82,100.0,56.58,
6107,19951995,Opdivo SC,BRAND,202612,2025-09-05,-0.26,65243226.81,-685665.37,,1.05,51.97,43.5,10.33,47.03,76.85,36.68,100.0,0.0,1,32.91,0.38,0.0,20.46,100.0,40.85,
6108,19951995,Opdivo SC,BRAND,202612,2025-09-12,-0.02,80478128.16,-59063.12,,0.07,55.06,69.55,28.33,65.33,85.41,30.76,100.0,0.0,1,28.74,0.34,1.15,45.44,100.0,49.3,
6109,19951995,Opdivo SC,BRAND,202612,2025-09-18,-1.44,82346345.55,-3783248.56,,4.59,52.83,20.91,35.95,67.87,82.81,38.82,113.01,-13.19,1,39.29,0.6,1.19,14.19,126.2,50.29,
6110,19951995,Opdivo SC,BRAND,202612,2025-09-19,-0.34,25019260.53,-887267.21,,3.55,59.12,89.84,26.44,77.89,96.86,48.89,155.47,-40.72,1,24.47,0.36,2.13,69.97,196.19,56.0,
6111,19951995,Opdivo SC,BRAND,202612,2025-09-26,0.99,24744033.72,2583565.84,,10.44,64.44,61.13,21.84,68.4,91.8,36.55,100.0,0.0,1,24.14,0.29,0.0,41.82,100.0,54.1,
6112,19951995,Opdivo SC,BRAND,202612,2025-10-03,-6.01,42937450.88,-15903893.36,,37.04,67.33,66.54,23.59,76.61,92.17,31.4,100.0,0.0,1,29.7,0.38,0.99,50.98,100.0,58.85,
6113,19951995,Opdivo SC,BRAND,202612,2025-10-10,0.0,0.0,0.0,,,63.47,,,,,,,,,0.0,0.0,0.0,,,,
6114,19951995,Opdivo SC,BRAND,202612,2025-10-17,-0.95,97532413.38,-2483295.38,,2.55,59.06,78.72,12.74,49.86,75.53,30.76,100.0,0.0,1,45.54,0.42,0.0,39.25,100.0,44.95,
6115,19951995,Opdivo SC,BRAND,202612,2025-10-24,2.88,92572281.6,7168929.42,,7.74,52.66,49.84,10.39,44.72,69.19,28.89,100.0,0.0,1,34.34,0.62,2.02,22.29,100.0,41.03,
6116,19951995,Opdivo SC,BRAND,202612,2025-10-31,0.52,25538992.85,1326371.78,,5.19,51.06,59.55,11.39,50.13,81.86,30.77,100.0,0.0,1,25.0,0.35,0.0,29.85,100.0,41.65,
6117,19951995,Opdivo SC,BRAND,202612,2025-11-07,5.49,36118646.26,14208867.34,,39.34,55.32,73.88,18.61,65.43,84.44,41.21,100.0,0.0,1,37.5,0.43,0.0,48.34,100.0,49.74,
6118,19951995,Opdivo SC,BRAND,202612,2025-11-14,-2.77,111592863.95,-7566603.1,,6.78,53.23,73.75,17.8,50.87,73.04,34.19,100.0,0.0,1,44.44,0.58,0.0,37.51,100.0,43.55,
6119,19951995,Opdivo SC,BRAND,202612,2025-11-19,-0.3,117706113.07,-785088.11,,0.67,47.57,47.07,18.89,50.47,71.6,34.49,100.0,0.0,1,48.86,0.92,3.41,23.76,100.0,42.28,
6120,19951995,Opdivo SC,BRAND,202612,2025-11-21,-3.49,50060204.45,-9905044.17,,19.79,50.81,52.95,24.4,68.24,92.4,47.48,100.0,0.0,1,20.21,0.35,1.06,36.13,100.0,48.79,
6121,19951995,Opdivo SC,BRAND,202612,2025-11-28,0.49,30701774.38,1346692.94,,4.39,57.53,84.64,14.44,53.35,79.29,23.47,100.0,0.0,1,31.78,0.33,0.93,45.16,100.0,45.45,
6122,19951995,Opdivo SC,BRAND,202612,2025-12-05,-9.31,61748174.47,-25644881.82,,41.53,54.3,29.36,40.33,67.75,82.83,46.34,100.0,0.0,1,27.72,0.41,1.98,19.89,100.0,50.18,
6123,19951995,Opdivo SC,BRAND,202612,2025-12-12,-2.09,12747596.77,-5223516.94,,40.98,58.06,70.92,24.79,74.49,90.4,38.14,100.0,0.0,1,26.85,0.31,1.85,52.83,100.0,54.04,
6124,19951995,Opdivo SC,BRAND,202612,2025-12-17,-0.53,102949508.0,-1490888.47,,1.45,55.14,80.44,21.59,50.78,70.99,26.1,100.0,0.0,1,49.02,0.52,2.94,40.85,100.0,44.09,
6125,19951995,Opdivo SC,BRAND,202612,2025-12-19,13.54,98462927.01,33129350.95,,33.65,48.11,39.12,17.88,55.84,79.42,23.24,100.0,0.0,1,30.34,0.57,2.25,21.85,100.0,43.49,
6126,19951995,Opdivo SC,BRAND,202612,2025-12-26,0.87,17682196.26,2403585.25,,13.59,52.97,41.84,18.95,76.14,94.67,36.87,100.0,0.0,1,24.49,0.39,2.04,31.86,100.0,52.96,
6127,19951995,Opdivo SC,BRAND,202612,2026-01-02,-15.84,61416826.03,-44376756.98,,72.26,65.78,94.52,17.44,58.63,75.62,36.18,-0.49,101.43,-1,39.02,0.37,0.81,55.42,101.92,51.01,
6128,19951995,Opdivo SC,BRAND,202612,2026-01-09,-2.61,60296004.67,-6163736.76,,10.22,63.64,82.96,15.01,45.11,68.84,29.63,100.0,0.0,1,34.45,0.47,1.68,37.42,100.0,45.07,
6129,19951995,Opdivo SC,BRAND,202612,2026-01-16,0.24,24696882.81,549053.95,,2.22,56.83,57.23,11.72,44.69,72.67,30.7,179.45,0.0,1,23.08,0.5,2.88,25.57,179.45,42.28,
6130,19951995,Opdivo SC,BRAND,202612,2026-01-23,-18.96,101514522.42,-52651212.91,,51.87,55.43,80.34,20.08,48.81,69.22,36.44,20.39,78.14,0,28.43,0.84,2.94,39.22,57.75,44.49,
6131,19951995,Opdivo SC,BRAND,202612,2026-01-30,-2.26,63092084.35,-4770737.2,,7.56,57.84,75.08,28.32,62.67,79.03,51.96,100.0,0.0,1,27.1,0.72,0.93,47.05,100.0,50.6,
6132,19951995,Opdivo SC,BRAND,202612,2026-02-06,5.76,77995498.52,13255866.21,,17.0,56.76,55.56,14.25,56.38,75.17,34.9,100.0,0.0,1,36.19,0.51,0.0,31.32,100.0,46.95,
6143,00101940,ELIQUIS (apixaban)_External,BRAND_PLANT_TYPE,202612,2025-07-25,,29046724.29,-26790476.16,130.9,,93.6,100.0,,,,,100.0,0.0,1,,0.28,0.0,,100.0,,Single
6144,00101940,ELIQUIS (apixaban)_Internal,BRAND_PLANT_TYPE,202612,2025-08-01,,6720592.72,-3615168.86,478.48,,54.32,100.0,,,,,100.0,0.0,1,,0.34,0.0,,100.0,,Single
6145,00101940,ELIQUIS (apixaban)_External,BRAND_PLANT_TYPE,202612,2025-08-08,,148103461.34,139362932.74,99.66,,90.17,100.0,,,,,100.0,0.0,1,,0.65,0.0,,100.0,,Single
6146,00101940,ELIQUIS (apixaban)_External,BRAND_PLANT_TYPE,202612,2025-08-15,,120726040.86,-110324082.22,99.82,,90.23,100.0,,,,,100.0,0.0,1,,0.51,0.0,,100.0,,Single
6147,00101940,ELIQUIS (apixaban)_External,BRAND_PLANT_TYPE,202612,2025-08-22,,49526880.83,-28996796.66,94.69,,90.23,100.0,,,,,100.0,0.0,1,,0.55,0.0,,100.0,,Single
6148,00101940,ELIQUIS (apixaban)_External,BRAND_PLANT_TYPE,202612,2025-08-29,,115021278.91,63100631.32,98.25,,84.48,67.23,,,,,100.0,0.0,1,,0.31,0.0,,100.0,,Single
6149,00101940,ELIQUIS (apixaban)_TABLET,BRAND_DOSAGE_FORM_PARENT,202612,2025-09-05,,103755562.25,85499162.64,195.11,,82.88,79.72,,,,,100.0,0.0,1,,0.81,2.48,,100.0,,Single
6150,00101940,ELIQUIS (apixaban)_1300380_1718,BRAND_MATERIAL_PLANT,202612,2025-09-12,,7881282.96,7881282.96,115.84,,0.0,0.0,,,,,100.0,0.0,1,,1.0,,,100.0,,Single
6151,00101940,ELIQUIS (apixaban)_DRUG PRODUCT,BRAND_ENTERPRISE_CATEGORY,202612,2025-09-18,,100960671.28,92258261.08,263.63,,84.91,85.1,,,,,100.0,0.0,1,,1.23,6.67,,100.0,,Single
6152,00101940,ELIQUIS (apixaban)_HALB,BRAND_MATERIAL_TYPE,202612,2025-09-19,,58727084.92,-24208491.14,85.43,,62.16,39.79,,,,,100.0,0.0,1,,1.09,0.0,,100.0,,Single
6153,00101940,ELIQUIS (apixaban)_1396183_1718,BRAND_MATERIAL_PLANT,202612,2025-09-26,,10985778.57,-10985778.57,10318.17,,0.0,0.0,,,,,100.0,0.0,1,,5.0,,,100.0,,Single
6154,00101940,ELIQUIS (apixaban)_1408417_1651,BRAND_MATERIAL_PLANT,202612,2025-10-03,,14459729.4,14459729.4,2352.09,,0.0,0.0,,,,,100.0,0.0,1,,1.0,,,100.0,,Single
6155,00101940,ELIQUIS (apixaban)_1408417_1007,BRAND_MATERIAL_PLANT,202612,2025-10-17,,4741711.1,-4741711.1,226.29,,100.0,100.0,,,,,100.0,0.0,1,,1.0,0.0,,100.0,,Single
6156,00101940,ELIQUIS (apixaban)_1408417_1651,BRAND_MATERIAL_PLANT,202612,2025-10-24,,16340203.34,-16340203.34,2247.19,,100.0,100.0,,,,,100.0,0.0,1,,2.0,0.0,,100.0,,Single
6157,00101940,ELIQUIS (apixaban)_1408417_1007,BRAND_MATERIAL_PLANT,202612,2025-10-31,,6040312.81,-6040312.81,349.83,,100.0,100.0,,,,,100.0,0.0,1,,1.0,0.0,,100.0,,Single
6158,00101940,ELIQUIS (apixaban)_HALB,BRAND_MATERIAL_TYPE,202612,2025-11-07,,25985226.07,-15261468.73,212.87,,80.28,59.03,,,,,100.0,0.0,1,,0.94,0.0,,100.0,,Single
6159,00101940,ELIQUIS (apixaban)_1396183_1718,BRAND_MATERIAL_PLANT,202612,2025-11-14,,17152881.14,17152881.14,67.01,,100.0,100.0,,,,,100.0,0.0,1,,1.0,0.0,,100.0,,Single
6160,00101940,ELIQUIS (apixaban)_HALB,BRAND_MATERIAL_TYPE,202612,2025-11-19,,64816576.37,-31179232.71,431.83,,63.38,42.92,,,,,100.0,0.0,1,,1.41,0.0,,100.0,,Single
6161,00101940,ELIQUIS (apixaban)_1396183_1718,BRAND_MATERIAL_PLANT,202612,2025-11-21,,17117798.91,-17117798.91,216.05,,0.0,0.0,,,,,100.0,0.0,1,,2.0,,,100.0,,Single
6162,00101940,ELIQUIS (apixaban)_1161128,BRAND_MATERIAL,202612,2025-11-28,,10234511.35,-10234511.35,137.3,,0.0,0.0,,,,,100.0,0.0,1,,1.0,,,100.0,,Single
6163,00101940,ELIQUIS (apixaban)_1300438_1718,BRAND_MATERIAL_PLANT,202612,2025-12-05,,14107174.15,14107174.15,90.09,,0.0,0.0,,,,,100.0,0.0,1,,2.0,,,100.0,,Single
6164,00101940,ELIQUIS (apixaban)_HALB,BRAND_MATERIAL_TYPE,202612,2025-12-12,,9671683.15,8135040.64,118.93,,82.67,95.8,,,,,100.0,0.0,1,,1.08,0.0,,100.0,,Single
6165,00101940,ELIQUIS (apixaban)_HALB,BRAND_MATERIAL_TYPE,202612,2025-12-17,,35838785.75,19110631.24,115.89,,82.89,79.88,,,,,100.0,0.0,1,,1.22,0.0,,100.0,,Single
6166,00101940,ELIQUIS (apixaban)_1300438_1718,BRAND_MATERIAL_PLANT,202612,2025-12-19,,16196612.34,-16196612.34,417.88,,0.0,0.0,,,,,100.0,0.0,1,,2.0,,,100.0,,Single
6167,00101940,ELIQUIS (apixaban)_1300438_1718,BRAND_MATERIAL_PLANT,202612,2025-12-26,,13240545.4,13240545.4,60.72,,0.0,0.0,,,,,100.0,0.0,1,,1.0,,,100.0,,Single
6168,00101940,ELIQUIS (apixaban)_1718,BRAND_PLANT,202612,2026-01-02,,9548327.62,3561607.48,73.87,,92.16,72.0,,,,,15.08,82.99,-1,,0.42,0.0,,67.9,,Single
6169,00101940,ELIQUIS (apixaban)_1300438_1718,BRAND_MATERIAL_PLANT,202612,2026-01-09,,14508937.1,-14508937.1,180.59,,0.0,0.0,,,,,100.0,0.0,1,,1.0,,,100.0,,Single
6170,00101940,ELIQUIS (apixaban)_DC,BRAND_NODETYPE,202612,2026-01-16,,77096948.72,-74117528.16,166.06,,84.82,67.04,,,,,100.0,0.0,1,,0.69,2.63,,100.0,,Single
6171,00101940,ELIQUIS (apixaban)_DC,BRAND_NODETYPE,202612,2026-01-23,,101264132.97,-51185231.98,545.68,,80.09,16.06,,,,,105.62,-6.22,1,,1.21,6.63,,111.84,,Single
6172,00101940,ELIQUIS (apixaban)_1408417,BRAND_MATERIAL,202612,2026-01-30,,9710899.53,-9710899.53,333.09,,25.0,0.0,,,,,100.0,0.0,1,,3.0,0.0,,100.0,,Single
6173,00101940,ELIQUIS (apixaban)_API,BRAND_ENTERPRISE_CATEGORY,202612,2026-02-06,,13441951.24,13438688.7,464.33,,75.0,50.51,,,,,100.0,0.0,1,,0.69,0.0,,100.0,,Single
6174,00151399,Efavirenz_PACK,BRAND_MATERIAL_TYPE,202612,2025-08-15,,106.87,-106.87,100.0,,7.69,100.0,,,,,100.0,0.0,1,,0.08,0.0,,100.0,,Single
6175,00151399,Efavirenz_PACK,BRAND_MATERIAL_TYPE,202612,2025-08-22,,490.51,-490.51,100.0,,7.69,100.0,,,,,100.0,0.0,1,,0.15,0.0,,100.0,,Single
6176,00151399,Efavirenz_PACK,BRAND_MATERIAL_TYPE,202612,2025-09-05,,27.43,27.43,100.0,,7.69,100.0,,,,,100.0,0.0,1,,0.08,0.0,,100.0,,Single
6177,00151399,Efavirenz_PACK,BRAND_MATERIAL_TYPE,202612,2025-09-12,,5218.23,5218.23,100.0,,7.69,100.0,,,,,100.0,0.0,1,,0.15,0.0,,100.0,,Single
6178,00151399,Efavirenz_PACK,BRAND_MATERIAL_TYPE,202612,2025-09-18,,1267.89,-1267.89,100.0,,0.0,0.0,,,,,100.0,0.0,1,,0.08,,,100.0,,Single
6179,00151399,Efavirenz_PACK,BRAND_MATERIAL_TYPE,202612,2025-09-19,,7621.39,-7621.39,100.0,,7.69,100.0,,,,,100.0,0.0,1,,0.15,100.0,,100.0,,Single
6180,00151399,Efavirenz_PACK,BRAND_MATERIAL_TYPE,202612,2025-09-26,,62.16,62.16,100.0,,0.0,0.0,,,,,100.0,0.0,1,,1.0,,,100.0,,Single
6181,00151399,Efavirenz_PACK,BRAND_MATERIAL_TYPE,202612,2025-10-03,,35.98,-35.98,100.0,,7.69,100.0,,,,,100.0,0.0,1,,0.08,0.0,,100.0,,Single
6182,00151399,Efavirenz_PACK,BRAND_MATERIAL_TYPE,202612,2025-10-17,,1229.31,-1229.31,100.0,,8.33,100.0,,,,,100.0,0.0,1,,0.08,0.0,,100.0,,Single
6183,00151399,Efavirenz_PACK,BRAND_MATERIAL_TYPE,202612,2025-10-24,,157.21,-157.21,100.0,,8.33,100.0,,,,,100.0,0.0,1,,0.17,100.0,,100.0,,Single
6184,00151399,Efavirenz_PACK,BRAND_MATERIAL_TYPE,202612,2025-10-31,,592.43,-592.43,100.0,,8.33,100.0,,,,,100.0,0.0,1,,0.25,100.0,,100.0,,Single
6185,00151399,Efavirenz_PACK,BRAND_MATERIAL_TYPE,202612,2025-11-07,,91.96,91.96,100.0,,8.33,100.0,,,,,100.0,0.0,1,,0.08,0.0,,100.0,,Single
6186,00151399,Efavirenz_PACK,BRAND_MATERIAL_TYPE,202612,2025-11-14,,152.46,-152.46,100.0,,8.33,100.0,,,,,100.0,0.0,1,,0.08,0.0,,100.0,,Single
6187,00151399,Efavirenz_PACK,BRAND_MATERIAL_TYPE,202612,2025-11-19,,520.0,-520.0,100.0,,8.33,100.0,,,,,100.0,0.0,1,,0.17,0.0,,100.0,,Single
6188,00151399,Efavirenz_PACK,BRAND_MATERIAL_TYPE,202612,2025-11-21,,124.68,124.68,100.0,,8.33,100.0,,,,,100.0,0.0,1,,0.08,0.0,,100.0,,Single
6189,00151399,Efavirenz_PACK,BRAND_MATERIAL_TYPE,202612,2025-11-28,,737.55,-737.55,100.0,,8.33,100.0,,,,,100.0,0.0,1,,0.08,0.0,,100.0,,Single
6190,00151399,Efavirenz_PACK,BRAND_MATERIAL_TYPE,202612,2025-12-05,,482.85,482.85,100.0,,8.33,100.0,,,,,100.0,0.0,1,,0.08,0.0,,100.0,,Single
6191,00151399,Efavirenz_PACK,BRAND_MATERIAL_TYPE,202612,2025-12-12,,117.73,-117.73,100.0,,8.33,100.0,,,,,100.0,0.0,1,,0.08,0.0,,100.0,,Single
6192,00151399,Efavirenz_PACK,BRAND_MATERIAL_TYPE,202612,2025-12-17,,372.43,-372.43,100.0,,8.33,100.0,,,,,100.0,0.0,1,,0.17,0.0,,100.0,,Single
6193,00151399,Efavirenz_PACK,BRAND_MATERIAL_TYPE,202612,2025-12-19,,17.81,17.81,100.0,,8.33,100.0,,,,,100.0,0.0,1,,0.08,0.0,,100.0,,Single
6194,00151399,Efavirenz_PACK,BRAND_MATERIAL_TYPE,202612,2026-01-02,,6437.49,6437.49,100.0,,8.33,100.0,,,,,2.82,96.82,-1,,0.08,0.0,,94.0,,Single
6195,00151399,Efavirenz_PACK,BRAND_MATERIAL_TYPE,202612,2026-01-09,,1234.71,-1234.71,100.0,,8.33,100.0,,,,,100.0,0.0,1,,0.08,0.0,,100.0,,Single
6196,00151399,Efavirenz_PACK,BRAND_MATERIAL_TYPE,202612,2026-01-16,,12431.49,-12431.49,100.0,,7.69,100.0,,,,,100.0,0.0,1,,0.15,0.0,,100.0,,Single
6197,00151399,Efavirenz_PACK,BRAND_MATERIAL_TYPE,202612,2026-01-23,,5426.56,-5426.56,100.0,,0.0,0.0,,,,,190.51,-114.85,0,,0.23,,,305.37,,Single
6198,00151399,Efavirenz_PACK,BRAND_MATERIAL_TYPE,202612,2026-01-30,,817.12,-817.12,100.0,,7.69,100.0,,,,,100.0,0.0,1,,0.31,100.0,,100.0,,Single
6199,00151399,Efavirenz_PACK,BRAND_MATERIAL_TYPE,202612,2026-02-06,,1981.32,1981.32,100.0,,7.69,100.0,,,,,100.0,0.0,1,,0.08,0.0,,100.0,,Single
6200,00201790,All Other Pharmaceut_External,BRAND_PLANT_TYPE,202612,2025-07-25,,864040.62,-864040.62,748.74,,36.52,100.0,,,,,100.0,0.0,1,,0.17,0.0,,100.0,,Single
6201,00201790,All Other Pharmaceut_PACKAGE COMPONENT,BRAND_ENTERPRISE_CATEGORY,202612,2025-08-01,,498108.63,-469979.6,213.11,,40.79,100.0,,,,,100.0,0.0,1,,0.03,0.0,,100.0,,Single
6202,00201790,All Other Pharmaceut_nan,BRAND_DOSAGE_FORM_PARENT,202612,2025-08-08,,26733370.42,19040996.65,100.0,,44.36,100.0,,,,,100.0,0.0,1,,0.22,0.0,,100.0,,Single
6203,00201790,All Other Pharmaceut_nan,BRAND_DOSAGE_FORM_PARENT,202612,2025-08-15,,9201404.04,-6052805.51,100.0,,44.64,100.0,,,,,100.0,0.0,1,,0.23,0.0,,100.0,,Single
6204,00201790,All Other Pharmaceut_PL,BRAND_NODETYPE,202612,2025-08-22,,2727219.1,-1809041.69,112.33,,56.5,100.0,,,,,100.0,0.0,1,,0.33,0.0,,100.0,,Single
6205,00201790,All Other Pharmaceut_nan,BRAND_DOSAGE_FORM_PARENT,202612,2025-08-29,,6200958.34,3444627.78,100.0,,43.27,91.7,,,,,100.0,0.0,1,,0.15,0.0,,100.0,,Single
6206,00201790,All Other Pharmaceut_1513,BRAND_PLANT,202612,2025-09-05,,3690335.44,-3684100.69,103.74,,42.77,43.43,,,,,100.0,0.0,1,,0.18,2.88,,100.0,,Single
6207,00201790,All Other Pharmaceut_OPERATING SUPPLY,BRAND_ENTERPRISE_CATEGORY,202612,2025-09-12,,2116273.96,-1952313.53,125.15,,85.23,78.02,,,,,100.0,0.0,1,,0.44,0.79,,100.0,,Single
6208,00201790,All Other Pharmaceut_1375560_1708,BRAND_MATERIAL_PLANT,202612,2025-09-18,,17072354.96,17072354.96,158.6,,100.0,100.0,,,,,100.0,0.0,1,,2.0,0.0,,100.0,,Single
6209,00201790,All Other Pharmaceut_1708,BRAND_PLANT,202612,2025-09-19,,2837259.28,-1281190.66,276.26,,70.26,69.98,,,,,100.0,0.0,1,,0.59,0.82,,100.0,,Single
6210,00201790,All Other Pharmaceut_RAW,BRAND_MATERIAL_TYPE,202612,2025-09-26,,3042362.19,-1830011.04,830.45,,83.93,64.68,,,,,100.0,0.0,1,,1.0,3.19,,100.0,,Single
6211,00201790,All Other Pharmaceut_1419112,BRAND_MATERIAL,202612,2025-10-03,,892011.38,-892011.38,299.32,,100.0,100.0,,,,,100.0,0.0,1,,1.0,0.0,,100.0,,Single
6212,00201790,All Other Pharmaceut_1037,BRAND_PLANT,202612,2025-10-17,,2397330.37,-1696577.97,313.09,,49.09,71.06,,,,,100.0,0.0,1,,0.46,0.0,,100.0,,Single
6213,00201790,All Other Pharmaceut_OTHER PROCESS MATERIALS,BRAND_ENTERPRISE_CATEGORY,202612,2025-10-24,,1315358.24,-1252030.12,254.44,,72.89,94.25,,,,,100.0,0.0,1,,0.3,0.34,,100.0,,Single
6214,00201790,All Other Pharmaceut_1176143,BRAND_MATERIAL,202612,2025-10-31,,1311004.82,1311004.82,63.9,,100.0,100.0,,,,,100.0,0.0,1,,1.33,0.0,,100.0,,Single
6215,00201790,All Other Pharmaceut_nan,BRAND_DOSAGE_FORM_PARENT,202612,2025-11-07,,7020527.16,2743518.89,100.0,,42.16,69.61,,,,,100.0,0.0,1,,0.32,1.16,,100.0,,Single
6216,00201790,All Other Pharmaceut_External,BRAND_PLANT_TYPE,202612,2025-11-14,,2214593.33,-1793211.71,102.68,,28.57,75.28,,,,,100.0,0.0,1,,0.21,0.0,,100.0,,Single
6217,00201790,All Other Pharmaceut_nan,BRAND_DOSAGE_FORM_PARENT,202612,2025-11-19,,104214026.87,96523871.13,100.0,,40.51,8.93,,,,,100.0,0.0,1,,0.49,3.27,,100.0,,Single
6218,00201790,All Other Pharmaceut_1760,BRAND_PLANT,202612,2025-11-21,,94849166.57,94666671.63,101.67,,58.33,1.88,,,,,100.0,0.0,1,,1.08,0.0,,100.0,,Single
6219,00201790,All Other Pharmaceut_nan,BRAND_DOSAGE_FORM_PARENT,202612,2025-11-28,,111143056.09,-109168474.58,100.0,,42.72,99.56,,,,,100.0,0.0,1,,0.36,1.37,,100.0,,Single
6220,00201790,All Other Pharmaceut_RAW,BRAND_MATERIAL_TYPE,202612,2025-12-05,,3536111.02,-2663204.8,188.85,,48.66,39.96,,,,,100.0,0.0,1,,0.47,2.75,,100.0,,Single
6221,00201790,All Other Pharmaceut_RAW MATERIAL,BRAND_ENTERPRISE_CATEGORY,202612,2025-12-12,,1474626.61,749610.76,78.96,,53.68,81.28,,,,,100.0,0.0,1,,0.62,2.35,,100.0,,Single
6222,00201790,All Other Pharmaceut_RAW,BRAND_MATERIAL_TYPE,202612,2025-12-17,,114201271.27,-109794448.92,100.45,,48.59,83.42,,,,,100.0,0.0,1,,0.65,4.26,,100.0,,Single
6223,00201790,All Other Pharmaceut_Internal,BRAND_PLANT_TYPE,202612,2025-12-19,,885481406.27,882188721.62,100.22,,43.62,99.76,,,,,100.0,0.0,1,,0.43,1.32,,100.0,,Single
6224,00201790,All Other Pharmaceut_nan,BRAND_DOSAGE_FORM_PARENT,202612,2025-12-26,,21524961.6,16100890.27,100.0,,45.92,78.37,,,,,100.0,0.0,1,,0.31,0.7,,100.0,,Single
6225,00201790,All Other Pharmaceut_nan,BRAND_DOSAGE_FORM_PARENT,202612,2026-01-02,,10561953.89,5989305.34,100.0,,53.98,85.62,,,,,24.1,77.17,0,,0.27,0.87,,53.08,,Single
6226,00201790,All Other Pharmaceut_nan,BRAND_DOSAGE_FORM_PARENT,202612,2026-01-09,,13721299.41,-11894762.54,100.0,,49.07,99.14,,,,,100.0,0.0,1,,0.24,0.09,,100.0,,Single
6227,00201790,All Other Pharmaceut_nan,BRAND_DOSAGE_FORM_PARENT,202612,2026-01-16,,34811342.85,-19207936.72,100.0,,46.23,59.73,,,,,100.0,0.0,1,,0.4,0.64,,100.0,,Single
6228,00201790,All Other Pharmaceut_nan,BRAND_DOSAGE_FORM_PARENT,202612,2026-01-23,,354439937.01,-333720665.82,100.0,,40.04,90.64,,,,,-137.17,92.43,0,,0.63,3.65,,229.6,,Single
6229,00201790,All Other Pharmaceut_1455479,BRAND_MATERIAL,202612,2026-01-30,,4858865.51,-4858865.51,130.75,,0.0,0.0,,,,,100.0,0.0,1,,1.0,,,100.0,,Single
6230,00201790,All Other Pharmaceut_Internal,BRAND_PLANT_TYPE,202612,2026-02-06,,10362359.03,6211886.1,302.98,,51.96,57.04,,,,,111.96,-11.96,1,,0.35,0.0,,123.92,,Single
6231,00211787,TYK2 INHIBITOR_TABLET,BRAND_DOSAGE_FORM_PARENT,202612,2025-07-25,,3385921.0,2586553.79,148.14,,93.88,100.0,,,,,100.0,0.0,1,,0.2,0.0,,100.0,,Single
6232,00211787,TYK2 INHIBITOR_External,BRAND_PLANT_TYPE,202612,2025-08-01,,5563869.33,-3514214.07,106.36,,96.43,100.0,,,,,100.0,0.0,1,,0.23,0.0,,100.0,,Single
6233,00211787,TYK2 INHIBITOR_T,BRAND_NODETYPE,202612,2025-08-08,,10906318.93,10357741.66,111.14,,95.24,100.0,,,,,100.0,0.0,1,,0.55,0.0,,100.0,,Single
6234,00211787,TYK2 INHIBITOR_External,BRAND_PLANT_TYPE,202612,2025-08-15,,9469855.09,-8422111.92,99.29,,96.49,100.0,,,,,100.0,0.0,1,,0.44,0.0,,100.0,,Single
6235,00211787,TYK2 INHIBITOR_DC,BRAND_NODETYPE,202612,2025-08-22,,3058985.47,1745563.74,503.63,,95.45,100.0,,,,,100.0,0.0,1,,0.15,0.0,,100.0,,Single
6236,00211787,TYK2 INHIBITOR_TABLET,BRAND_DOSAGE_FORM_PARENT,202612,2025-08-29,,1056381.2,536652.52,256.45,,91.84,66.8,,,,,100.0,0.0,1,,0.16,0.0,,100.0,,Single
6237,00211787,TYK2 INHIBITOR_TABLET,BRAND_DOSAGE_FORM_PARENT,202612,2025-09-05,,3064296.76,-1845329.1,107.61,,84.85,58.34,,,,,100.0,0.0,1,,0.53,1.19,,100.0,,Single
6238,00211787,TYK2 INHIBITOR_TABLET,BRAND_DOSAGE_FORM_PARENT,202612,2025-09-12,,2030262.76,1831107.45,131.56,,82.83,86.4,,,,,100.0,0.0,1,,0.15,0.0,,100.0,,Single
6239,00211787,TYK2 INHIBITOR_1459621,BRAND_MATERIAL,202612,2025-09-18,,1097052.11,-1097052.11,112.66,,0.0,0.0,,,,,100.0,0.0,1,,1.0,,,100.0,,Single
6240,00211787,TYK2 INHIBITOR_DC,BRAND_NODETYPE,202612,2025-09-19,,2669805.01,-1333557.06,130.69,,79.1,43.13,,,,,100.0,0.0,1,,0.64,5.66,,100.0,,Single
6241,00211787,TYK2 INHIBITOR_FIN,BRAND_MATERIAL_TYPE,202612,2025-09-26,,3598411.59,3055486.42,262.34,,85.54,91.96,,,,,100.0,0.0,1,,0.34,2.82,,100.0,,Single
6242,00211787,TYK2 INHIBITOR_External,BRAND_PLANT_TYPE,202612,2025-10-03,,8276316.95,5437692.79,87.1,,80.7,94.88,,,,,100.0,0.0,1,,0.7,4.35,,100.0,,Single
6243,00211787,TYK2 INHIBITOR_1418713,BRAND_MATERIAL,202612,2025-10-17,,2652276.21,2652276.21,115.38,,100.0,100.0,,,,,100.0,0.0,1,,1.0,0.0,,100.0,,Single
6244,00211787,TYK2 INHIBITOR_TABLET,BRAND_DOSAGE_FORM_PARENT,202612,2025-10-24,,8942409.64,-6058577.19,125.12,,73.96,6.21,,,,,100.0,0.0,1,,0.61,1.41,,100.0,,Single
6245,00211787,TYK2 INHIBITOR_1418713_1718,BRAND_MATERIAL_PLANT,202612,2025-10-31,,2332136.5,2332136.5,188.35,,0.0,0.0,,,,,100.0,0.0,1,,1.0,,,100.0,,Single
6246,00211787,TYK2 INHIBITOR_DC,BRAND_NODETYPE,202612,2025-11-07,,4766135.8,3405184.76,133.87,,79.69,41.02,,,,,100.0,0.0,1,,0.98,3.92,,100.0,,Single
6247,00211787,TYK2 INHIBITOR_1418713_1718,BRAND_MATERIAL_PLANT,202612,2025-11-14,,1166068.25,1166068.25,103.4,,100.0,100.0,,,,,100.0,0.0,1,,1.0,0.0,,100.0,,Single
6248,00211787,TYK2 INHIBITOR_1418713_1718,BRAND_MATERIAL_PLANT,202612,2025-11-19,,1166132.32,1166132.32,980.11,,100.0,100.0,,,,,100.0,0.0,1,,2.0,0.0,,100.0,,Single
6249,00211787,TYK2 INHIBITOR_1718,BRAND_PLANT,202612,2025-11-21,,15653494.64,-15482310.36,102.82,,87.5,95.29,,,,,100.0,0.0,1,,0.3,0.0,,100.0,,Single
6250,00211787,TYK2 INHIBITOR_External,BRAND_PLANT_TYPE,202612,2025-11-28,,16650965.32,15866929.48,112.94,,87.93,7.71,,,,,100.0,0.0,1,,0.29,0.0,,100.0,,Single
6251,00211787,TYK2 INHIBITOR_1418713,BRAND_MATERIAL,202612,2025-12-05,,1079057.79,1079057.79,329.65,,100.0,100.0,,,,,100.0,0.0,1,,1.5,0.0,,100.0,,Single
6252,00211787,TYK2 INHIBITOR_FIN,BRAND_MATERIAL_TYPE,202612,2025-12-12,,1526061.62,-1040197.44,259.37,,80.25,63.95,,,,,100.0,0.0,1,,0.2,0.0,,100.0,,Single
6253,00211787,TYK2 INHIBITOR_Internal,BRAND_PLANT_TYPE,202612,2025-12-17,,3082492.85,-2671114.34,323.41,,88.52,82.96,,,,,100.0,0.0,1,,0.85,3.7,,100.0,,Single
6254,00211787,TYK2 INHIBITOR_DC,BRAND_NODETYPE,202612,2025-12-19,,169624.31,-74522.02,98.44,,77.05,71.18,,,,,100.0,0.0,1,,0.59,8.51,,100.0,,Single
6255,00211787,TYK2 INHIBITOR_DC,BRAND_NODETYPE,202612,2025-12-26,,2723924.51,-2713509.99,193.59,,96.72,66.87,,,,,100.0,0.0,1,,0.41,3.39,,100.0,,Single
6256,00211787,TYK2 INHIBITOR_External,BRAND_PLANT_TYPE,202612,2026-01-02,,8991273.02,8418232.33,69.75,,91.67,96.46,,,,,-0.13,100.4,-1,,0.23,0.0,,100.52,,Dual
6257,00211787,TYK2 INHIBITOR_Internal,BRAND_PLANT_TYPE,202612,2026-01-02,,5389654.21,3651655.93,30.25,,95.0,96.41,,,,,8.73,90.38,-1,,0.68,0.0,,81.65,,Dual
6258,00211787,TYK2 INHIBITOR_1418713_1007,BRAND_MATERIAL_PLANT,202612,2026-01-09,,713815.77,713815.77,6742.58,,100.0,100.0,,,,,100.0,0.0,1,,1.0,0.0,,100.0,,Single
6259,00211787,TYK2 INHIBITOR_FIN,BRAND_MATERIAL_TYPE,202612,2026-01-16,,85956.49,-67531.02,191.98,,95.0,100.0,,,,,100.0,0.0,1,,0.24,1.32,,100.0,,Single
6260,00211787,TYK2 INHIBITOR_TABLET,BRAND_DOSAGE_FORM_PARENT,202612,2026-01-23,,8774661.67,6469602.79,281.03,,88.17,90.2,,,,,-3.06,104.05,-1,,0.65,3.66,,107.11,,Single
6261,00211787,TYK2 INHIBITOR_DRUG PRODUCT,BRAND_ENTERPRISE_CATEGORY,202612,2026-01-30,,10476390.82,-10476390.82,117.74,,78.95,42.64,,,,,100.0,0.0,1,,0.63,0.0,,100.0,,Single
6262,00211787,TYK2 INHIBITOR_1441739_2051,BRAND_MATERIAL_PLANT,202612,2026-02-06,,200359.29,-200359.29,129.77,,0.0,0.0,,,,,100.0,0.0,1,,4.0,,,100.0,,Single
6263,00211791,Belatacept (Nulojix)_HALB,BRAND_MATERIAL_TYPE,202612,2025-07-25,,29118762.74,28289307.8,101.09,,75.0,100.0,,,,,100.0,0.0,1,,0.23,0.0,,100.0,,Single
6264,00211791,Belatacept (Nulojix)_1429789_1761,BRAND_MATERIAL_PLANT,202612,2025-08-01,,2670907.82,2670907.82,640.98,,100.0,100.0,,,,,100.0,0.0,1,,2.0,0.0,,100.0,,Single
6265,00211791,Belatacept (Nulojix)_External,BRAND_PLANT_TYPE,202612,2025-08-08,,25526454.44,15219739.64,85.17,,83.05,100.0,,,,,100.0,0.0,1,,0.49,0.0,,100.0,,Single
6266,00211791,Belatacept (Nulojix)_1429795_1761,BRAND_MATERIAL_PLANT,202612,2025-08-15,,17676773.97,17676773.97,887.54,,100.0,100.0,,,,,100.0,0.0,1,,1.0,0.0,,100.0,,Single
6267,00211791,Belatacept (Nulojix)_MARKET UNIT,BRAND_ENTERPRISE_CATEGORY,202612,2025-08-22,,6538421.36,-6475211.46,1835.67,,92.86,100.0,,,,,100.0,0.0,1,,0.46,0.0,,100.0,,Single
6268,00211791,Belatacept (Nulojix)_DC,BRAND_NODETYPE,202612,2025-08-29,,10294942.89,9561113.2,398.41,,85.11,47.93,,,,,100.0,0.0,1,,0.4,0.0,,100.0,,Single
6269,00211791,Belatacept (Nulojix)_1422195,BRAND_MATERIAL,202612,2025-09-05,,6382945.74,-6382945.74,73.84,,33.33,0.0,,,,,100.0,0.0,1,,0.33,0.0,,100.0,,Single
6270,00211791,Belatacept (Nulojix)_1413863,BRAND_MATERIAL,202612,2025-09-12,,2643238.24,2643238.24,2555.26,,100.0,100.0,,,,,100.0,0.0,1,,3.0,0.0,,100.0,,Single
6271,00211791,Belatacept (Nulojix)_1761,BRAND_PLANT,202612,2025-09-18,,25412665.9,-18578163.52,169.6,,64.29,62.74,,,,,100.0,0.0,1,,0.64,5.56,,100.0,,Single
6272,00211791,Belatacept (Nulojix)_1413873_1761,BRAND_MATERIAL_PLANT,202612,2025-09-19,,5823359.56,-5823359.56,506.89,,100.0,100.0,,,,,100.0,0.0,1,,3.0,0.0,,100.0,,Single
6273,00211791,Belatacept (Nulojix)_OTHER PROCESS MATERIALS,BRAND_ENTERPRISE_CATEGORY,202612,2025-09-26,,16432209.89,16297348.58,111.49,,70.0,0.42,,,,,100.0,0.0,1,,1.2,28.57,,100.0,,Single
6274,00211791,Belatacept (Nulojix)_1254476_1007,BRAND_MATERIAL_PLANT,202612,2025-10-03,,839917.01,-839917.01,114.54,,100.0,100.0,,,,,100.0,0.0,1,,1.0,0.0,,100.0,,Single
6275,00211791,Belatacept (Nulojix)_T,BRAND_NODETYPE,202612,2025-10-17,,35585616.03,24506703.09,177.97,,63.64,49.06,,,,,100.0,0.0,1,,0.55,0.0,,100.0,,Single
6276,00211791,Belatacept (Nulojix)_1429710_1760,BRAND_MATERIAL_PLANT,202612,2025-10-24,,17336066.41,17336066.41,3591.46,,100.0,100.0,,,,,100.0,0.0,1,,2.0,100.0,,100.0,,Single
6277,00211791,Belatacept (Nulojix)_HALB,BRAND_MATERIAL_TYPE,202612,2025-10-31,,10684960.59,-10230400.21,873.26,,74.47,96.71,,,,,100.0,0.0,1,,0.55,0.0,,100.0,,Single
6278,00211791,Belatacept (Nulojix)_External,BRAND_PLANT_TYPE,202612,2025-11-07,,19595576.75,16065868.11,105.54,,75.93,91.14,,,,,100.0,0.0,1,,0.78,2.44,,100.0,,Single
6279,00211791,Belatacept (Nulojix)_HALB,BRAND_MATERIAL_TYPE,202612,2025-11-14,,21287263.4,21120420.43,214.91,,76.6,99.31,,,,,100.0,0.0,1,,0.64,0.0,,100.0,,Single
6280,00211791,Belatacept (Nulojix)_External,BRAND_PLANT_TYPE,202612,2025-11-19,,80279459.88,29038808.66,106.2,,62.26,62.02,,,,,100.0,0.0,1,,0.94,3.03,,100.0,,Single
6281,00211791,Belatacept (Nulojix)_1322454,BRAND_MATERIAL,202612,2025-11-21,,9012472.2,9012472.2,351.21,,100.0,100.0,,,,,100.0,0.0,1,,4.0,100.0,,100.0,,Single
6282,00211791,Belatacept (Nulojix)_DC,BRAND_NODETYPE,202612,2025-11-28,,7792835.3,7686743.62,118.72,,83.72,92.28,,,,,100.0,0.0,1,,0.49,0.0,,100.0,,Single
6283,00211791,Belatacept (Nulojix)_1254476_1007,BRAND_MATERIAL_PLANT,202612,2025-12-05,,6505274.84,-6505274.84,304.58,,100.0,100.0,,,,,100.0,0.0,1,,1.0,0.0,,100.0,,Single
6284,00211791,Belatacept (Nulojix)_MARKET UNIT,BRAND_ENTERPRISE_CATEGORY,202612,2025-12-12,,35539371.13,-18082653.84,182.88,,65.57,60.51,,,,,100.0,0.0,1,,0.61,2.5,,100.0,,Single
6285,00211791,Belatacept (Nulojix)_DC,BRAND_NODETYPE,202612,2025-12-17,,24028243.43,-19957947.56,132.45,,85.0,72.34,,,,,100.0,0.0,1,,1.12,2.94,,100.0,,Single
6286,00211791,Belatacept (Nulojix)_MARKET UNIT,BRAND_ENTERPRISE_CATEGORY,202612,2025-12-19,,12511637.87,5099093.28,398.52,,68.85,49.44,,,,,100.0,0.0,1,,0.84,2.38,,100.0,,Single
6287,00211791,Belatacept (Nulojix)_DC,BRAND_NODETYPE,202612,2025-12-26,,1531501.94,-1483021.16,132.49,,85.0,60.15,,,,,100.0,0.0,1,,0.5,0.0,,100.0,,Single
6288,00211791,Belatacept (Nulojix)_External,BRAND_PLANT_TYPE,202612,2026-01-02,,33540121.58,23999047.06,98.26,,84.91,98.78,,,,,11.87,85.87,0,,0.58,0.0,,74.0,,Single
6289,00211791,Belatacept (Nulojix)_DC,BRAND_NODETYPE,202612,2026-01-09,,23194136.19,15224861.7,730.68,,66.67,95.09,,,,,100.0,0.0,1,,0.44,0.0,,100.0,,Single
6290,00211791,Belatacept (Nulojix)_1007,BRAND_PLANT,202612,2026-01-16,,16574695.39,-14398124.81,124.02,,66.67,93.32,,,,,100.0,0.0,1,,0.44,0.0,,100.0,,Single
6291,00211791,Belatacept (Nulojix)_External,BRAND_PLANT_TYPE,202612,2026-01-23,,103536821.36,29859104.36,109.38,,68.63,65.44,,,,,26.83,67.1,1,,1.16,8.57,,40.27,,Single
6292,00211791,Belatacept (Nulojix)_DC,BRAND_NODETYPE,202612,2026-01-30,,27581086.05,19393223.64,264.51,,70.0,53.2,,,,,100.0,0.0,1,,0.8,7.14,,100.0,,Single
6293,00211791,Belatacept (Nulojix)_1761,BRAND_PLANT,202612,2026-02-06,,15900304.15,8443777.51,560.88,,56.0,21.42,,,,,100.0,0.0,1,,0.68,0.0,,100.0,,Single
6294,00211794,Orencia IV_1007,BRAND_PLANT,202612,2025-07-25,,7268418.37,-7268418.37,117.28,,41.18,100.0,,,,,100.0,0.0,1,,0.12,0.0,,100.0,,Single
6295,00211794,Orencia IV_HALB,BRAND_MATERIAL_TYPE,202612,2025-08-01,,21302737.8,16982167.04,103.35,,90.08,100.0,,,,,100.0,0.0,1,,0.36,0.0,,100.0,,Single
6296,00211794,Orencia IV_HALB,BRAND_MATERIAL_TYPE,202612,2025-08-08,,108758156.21,101047031.83,86.89,,90.08,100.0,,,,,100.0,0.0,1,,0.68,0.0,,100.0,,Single
6297,00211794,Orencia IV_Internal,BRAND_PLANT_TYPE,202612,2025-08-15,,115404089.79,-101940076.6,90.84,,43.02,100.0,,,,,100.0,0.0,1,,0.27,0.0,,100.0,,Single
6298,00211794,Orencia IV_1376701,BRAND_MATERIAL,202612,2025-08-22,,9395420.03,9395420.03,186.37,,100.0,100.0,,,,,100.0,0.0,1,,1.67,0.0,,100.0,,Single
6299,00211794,Orencia IV_1381353,BRAND_MATERIAL,202612,2025-08-29,,13445763.14,13445763.14,256.8,,100.0,100.0,,,,,100.0,0.0,1,,1.0,0.0,,100.0,,Single
6300,00211794,Orencia IV_1708,BRAND_PLANT,202612,2025-09-05,,30104171.08,-22466813.82,253.97,,70.21,46.8,,,,,100.0,0.0,1,,0.62,0.0,,100.0,,Single
6301,00211794,Orencia IV_Internal,BRAND_PLANT_TYPE,202612,2025-09-12,,31936530.96,16497777.22,91.1,,37.9,61.4,,,,,100.0,0.0,1,,0.3,2.03,,100.0,,Single
6302,00211794,Orencia IV_nan,BRAND_DOSAGE_FORM_PARENT,202612,2025-09-18,,63702712.54,-47222556.46,126.15,,29.39,66.46,,,,,100.0,0.0,1,,0.44,2.91,,100.0,,Single
6303,00211794,Orencia IV_HALB,BRAND_MATERIAL_TYPE,202612,2025-09-19,,65421303.57,-45344749.49,90.58,,64.1,83.75,,,,,100.0,0.0,1,,1.1,0.0,,100.0,,Single
6304,00211794,Orencia IV_nan,BRAND_DOSAGE_FORM_PARENT,202612,2025-09-26,,26339705.15,-24123060.2,133.1,,88.89,81.87,,,,,100.0,0.0,1,,1.1,2.72,,100.0,,Single
6305,00211794,Orencia IV_PL,BRAND_NODETYPE,202612,2025-10-03,,26933643.01,-21725342.28,449.28,,38.3,65.47,,,,,100.0,0.0,1,,0.36,1.23,,100.0,,Single
6306,00211794,Orencia IV_HALB,BRAND_MATERIAL_TYPE,202612,2025-10-17,,59564612.91,-28577684.75,231.69,,78.38,60.59,,,,,100.0,0.0,1,,0.59,0.0,,100.0,,Single
6307,00211794,Orencia IV_1376701,BRAND_MATERIAL,202612,2025-10-24,,101511716.83,97500588.91,126.48,,100.0,100.0,,,,,100.0,0.0,1,,1.67,33.33,,100.0,,Single
6308,00211794,Orencia IV_PL,BRAND_NODETYPE,202612,2025-10-31,,26683396.46,-22950524.88,152.38,,33.23,14.33,,,,,100.0,0.0,1,,0.36,1.42,,100.0,,Single
6309,00211794,Orencia IV_INJECTION,BRAND_DOSAGE_FORM_PARENT,202612,2025-11-07,,30735879.78,22207451.19,186.79,,66.91,53.59,,,,,100.0,0.0,1,,0.78,4.3,,100.0,,Single
6310,00211794,Orencia IV_nan,BRAND_DOSAGE_FORM_PARENT,202612,2025-11-14,,44628145.65,-38418449.83,131.98,,31.06,87.97,,,,,100.0,0.0,1,,0.32,3.27,,100.0,,Single
6311,00211794,Orencia IV_HALB,BRAND_MATERIAL_TYPE,202612,2025-11-19,,83399126.95,56103588.19,108.45,,70.27,86.61,,,,,100.0,0.0,1,,0.97,0.0,,100.0,,Single
6312,00211794,Orencia IV_nan,BRAND_DOSAGE_FORM_PARENT,202612,2025-11-21,,41958041.13,38086096.56,148.21,,27.29,16.15,,,,,100.0,0.0,1,,0.46,1.6,,100.0,,Single
6313,00211794,Orencia IV_HALB,BRAND_MATERIAL_TYPE,202612,2025-11-28,,24032659.3,19646925.9,137.9,,78.38,91.61,,,,,100.0,0.0,1,,0.91,1.15,,100.0,,Single
6314,00211794,Orencia IV_MARKET UNIT,BRAND_ENTERPRISE_CATEGORY,202612,2025-12-05,,38490682.13,-15167038.73,1730.26,,64.06,51.25,,,,,100.0,0.0,1,,0.69,1.22,,100.0,,Single
6315,00211794,Orencia IV_1381353,BRAND_MATERIAL,202612,2025-12-12,,15825425.23,-15825425.23,253.44,,100.0,100.0,,,,,100.0,0.0,1,,2.0,0.0,,100.0,,Single
6316,00211794,Orencia IV_1708,BRAND_PLANT,202612,2025-12-17,,40526595.97,31826678.03,116.8,,72.92,56.21,,,,,100.0,0.0,1,,1.48,5.71,,100.0,,Single
6317,00211794,Orencia IV_MARKET UNIT,BRAND_ENTERPRISE_CATEGORY,202612,2025-12-19,,36187683.43,25302945.24,86.1,,66.67,56.12,,,,,100.0,0.0,1,,0.52,3.57,,100.0,,Single
6318,00211794,Orencia IV_1007,BRAND_PLANT,202612,2025-12-26,,37428615.03,-37428615.03,111.65,,35.71,23.12,,,,,100.0,0.0,1,,0.29,0.0,,100.0,,Single
6319,00211794,Orencia IV_INJECTION,BRAND_DOSAGE_FORM_PARENT,202612,2026-01-02,,17890405.4,11913017.34,77.75,,76.12,39.17,,,,,18.71,79.28,0,,0.48,0.0,,60.57,,Dual
6320,00211794,Orencia IV_nan,BRAND_DOSAGE_FORM_PARENT,202612,2026-01-02,,11715613.49,3408619.33,22.25,,34.25,89.21,,,,,-125.09,234.68,0,,0.26,1.69,,359.77,,Dual
6321,00211794,Orencia IV_INJECTION,BRAND_DOSAGE_FORM_PARENT,202612,2026-01-09,,16138614.15,-8878962.94,99.74,,69.34,37.84,,,,,100.0,0.0,1,,0.27,0.0,,100.0,,Single
6322,00211794,Orencia IV_PL,BRAND_NODETYPE,202612,2026-01-16,,40010668.42,-20901738.58,153.48,,32.95,71.84,,,,,100.0,0.0,1,,0.35,0.5,,100.0,,Single
6323,00211794,Orencia IV_Internal,BRAND_PLANT_TYPE,202612,2026-01-23,,72009722.86,-37441965.38,202.76,,24.13,17.02,,,,,125.34,-34.23,1,,0.55,4.42,,159.57,,Single
6324,00211794,Orencia IV_1708,BRAND_PLANT,202612,2026-01-30,,33913822.44,-26850641.21,2923.71,,52.75,23.5,,,,,100.0,0.0,1,,1.08,0.0,,100.0,,Single
6325,00211794,Orencia IV_1708,BRAND_PLANT,202612,2026-02-06,,19342276.38,11808640.39,124.56,,62.64,86.06,,,,,100.0,0.0,1,,0.82,0.0,,100.0,,Single
6326,00211795,Orencia Subcutaneous_FIN,BRAND_MATERIAL_TYPE,202612,2025-07-25,,8717513.37,-5683406.79,173.89,,89.06,100.0,,,,,100.0,0.0,1,,0.24,0.0,,100.0,,Single
6327,00211795,Orencia Subcutaneous_FIN,BRAND_MATERIAL_TYPE,202612,2025-08-01,,17083259.77,-9474223.41,131.72,,89.18,100.0,,,,,100.0,0.0,1,,0.32,0.0,,100.0,,Single
6328,00211795,Orencia Subcutaneous_Internal,BRAND_PLANT_TYPE,202612,2025-08-08,,95085695.52,82934985.47,110.4,,33.25,100.0,,,,,100.0,0.0,1,,0.17,0.0,,100.0,,Single
6329,00211795,Orencia Subcutaneous_Internal,BRAND_PLANT_TYPE,202612,2025-08-15,,98426747.85,-78900206.85,107.1,,33.25,100.0,,,,,100.0,0.0,1,,0.16,0.0,,100.0,,Single
6330,00211795,Orencia Subcutaneous_MARKET UNIT,BRAND_ENTERPRISE_CATEGORY,202612,2025-08-22,,32282097.76,29347949.12,102.95,,89.33,100.0,,,,,100.0,0.0,1,,0.39,0.0,,100.0,,Single
6331,00211795,Orencia Subcutaneous_HALB,BRAND_MATERIAL_TYPE,202612,2025-08-29,,47305153.23,29566829.52,121.94,,83.64,37.91,,,,,100.0,0.0,1,,0.36,0.0,,100.0,,Single
6332,00211795,Orencia Subcutaneous_External,BRAND_PLANT_TYPE,202612,2025-09-05,,16350302.85,-12775634.22,239.85,,64.18,48.17,,,,,100.0,0.0,1,,0.55,0.0,,100.0,,Single
6333,00211795,Orencia Subcutaneous_Internal,BRAND_PLANT_TYPE,202612,2025-09-12,,21326261.06,-8423239.69,287.55,,28.46,58.24,,,,,100.0,0.0,1,,0.15,2.06,,100.0,,Single
6334,00211795,Orencia Subcutaneous_PL,BRAND_NODETYPE,202612,2025-09-18,,35544655.45,-13706324.71,231.79,,23.07,39.03,,,,,100.0,0.0,1,,0.26,2.36,,100.0,,Single
6335,00211795,Orencia Subcutaneous_INJECTION,BRAND_DOSAGE_FORM_PARENT,202612,2025-09-19,,29134191.61,-18409749.41,102.01,,69.75,75.62,,,,,100.0,0.0,1,,0.56,2.41,,100.0,,Single
6336,00211795,Orencia Subcutaneous_MARKET UNIT,BRAND_ENTERPRISE_CATEGORY,202612,2025-09-26,,47179708.55,-37403187.83,108.25,,85.65,70.7,,,,,100.0,0.0,1,,0.44,0.0,,100.0,,Single
6337,00211795,Orencia Subcutaneous_External,BRAND_PLANT_TYPE,202612,2025-10-03,,16633018.36,11424484.32,137.36,,67.65,87.94,,,,,100.0,0.0,1,,0.5,0.0,,100.0,,Single
6338,00211795,Orencia Subcutaneous_INJECTION,BRAND_DOSAGE_FORM_PARENT,202612,2025-10-17,,71757173.09,-26046654.45,102.02,,76.05,63.2,,,,,100.0,0.0,1,,0.61,0.0,,100.0,,Single
6339,00211795,Orencia Subcutaneous_MARKET UNIT,BRAND_ENTERPRISE_CATEGORY,202612,2025-10-24,,71806667.61,-37789593.89,97.44,,60.0,31.45,,,,,100.0,0.0,1,,0.77,3.7,,100.0,,Single
6340,00211795,Orencia Subcutaneous_MARKET UNIT,BRAND_ENTERPRISE_CATEGORY,202612,2025-10-31,,51520833.54,39469683.75,98.12,,71.11,57.3,,,,,100.0,0.0,1,,0.54,1.25,,100.0,,Single
6341,00211795,Orencia Subcutaneous_MARKET UNIT,BRAND_ENTERPRISE_CATEGORY,202612,2025-11-07,,61364126.9,-31306155.83,111.86,,72.05,66.7,,,,,100.0,0.0,1,,0.7,2.42,,100.0,,Single
6342,00211795,Orencia Subcutaneous_FIN,BRAND_MATERIAL_TYPE,202612,2025-11-14,,45628506.1,-24137734.26,114.23,,63.54,49.07,,,,,100.0,0.0,1,,0.55,0.0,,100.0,,Single
6343,00211795,Orencia Subcutaneous_FIN,BRAND_MATERIAL_TYPE,202612,2025-11-19,,93278221.89,-78474384.41,426.86,,55.73,37.7,,,,,100.0,0.0,1,,0.97,2.8,,100.0,,Single
6344,00211795,Orencia Subcutaneous_HALB,BRAND_MATERIAL_TYPE,202612,2025-11-21,,91558952.3,75108976.91,192.95,,73.77,26.1,,,,,100.0,0.0,1,,0.8,0.0,,100.0,,Single
6345,00211795,Orencia Subcutaneous_1307012,BRAND_MATERIAL,202612,2025-11-28,,8500443.73,-8500443.73,218.74,,100.0,100.0,,,,,100.0,0.0,1,,1.0,0.0,,100.0,,Single
6346,00211795,Orencia Subcutaneous_FIN,BRAND_MATERIAL_TYPE,202612,2025-12-05,,90333322.6,69192596.04,348.39,,69.95,78.48,,,,,100.0,0.0,1,,0.73,2.22,,100.0,,Single
6347,00211795,Orencia Subcutaneous_HALB,BRAND_MATERIAL_TYPE,202612,2025-12-12,,19494697.38,-17904141.21,129.53,,77.59,28.27,,,,,100.0,0.0,1,,0.93,0.0,,100.0,,Single
6348,00211795,Orencia Subcutaneous_FIN,BRAND_MATERIAL_TYPE,202612,2025-12-17,,90892480.12,85429567.62,568.57,,71.73,84.72,,,,,100.0,0.0,1,,0.91,2.19,,100.0,,Single
6349,00211795,Orencia Subcutaneous_1465454,BRAND_MATERIAL,202612,2025-12-19,,4729492.98,-4729492.98,116.53,,50.0,100.0,,,,,100.0,0.0,1,,1.0,0.0,,100.0,,Single
6350,00211795,Orencia Subcutaneous_INJECTION,BRAND_DOSAGE_FORM_PARENT,202612,2025-12-26,,26852479.7,-20121500.22,100.23,,75.52,66.26,,,,,100.0,0.0,1,,0.41,0.55,,100.0,,Single
6351,00211795,Orencia Subcutaneous_INJECTION,BRAND_DOSAGE_FORM_PARENT,202612,2026-01-02,,22249401.17,14272375.07,103.32,,89.67,82.87,,,,,-5.98,106.68,0,,0.42,1.84,,112.66,,Single
6352,00211795,Orencia Subcutaneous_1465454,BRAND_MATERIAL,202612,2026-01-09,,6187502.6,-6187502.6,484.47,,100.0,100.0,,,,,100.0,0.0,1,,1.0,0.0,,100.0,,Single
6353,00211795,Orencia Subcutaneous_MARKET UNIT,BRAND_ENTERPRISE_CATEGORY,202612,2026-01-16,,72913066.29,42269060.26,133.76,,80.0,37.94,,,,,99.98,0.0,1,,0.44,1.14,,99.98,,Single
6354,00211795,Orencia Subcutaneous_FIN,BRAND_MATERIAL_TYPE,202612,2026-01-23,,31306797.75,16533930.04,230.4,,73.16,65.43,,,,,48.12,51.08,0,,0.84,1.44,,2.95,,Single
6355,00211795,Orencia Subcutaneous_1465408_1761,BRAND_MATERIAL_PLANT,202612,2026-01-30,,5947552.24,-5947552.24,290.92,,0.0,0.0,,,,,100.0,0.0,1,,3.0,,,100.0,,Single
6356,00211795,Orencia Subcutaneous_INJECTION,BRAND_DOSAGE_FORM_PARENT,202612,2026-02-06,,50750446.53,14866577.42,108.78,,75.32,64.75,,,,,100.0,0.0,1,,0.86,0.0,,100.0,,Single
6357,00212057,ZEPOSIA (ozanimod)_MARKET UNIT,BRAND_ENTERPRISE_CATEGORY,202612,2025-07-25,,507142.4,289011.95,104.54,,100.0,100.0,,,,,100.0,0.0,1,,0.18,0.0,,100.0,,Single
6358,00212057,ZEPOSIA (ozanimod)_2021,BRAND_PLANT,202612,2025-08-01,,633051.34,-571493.54,122.89,,100.0,100.0,,,,,100.0,0.0,1,,0.5,0.0,,100.0,,Single
6359,00212057,ZEPOSIA (ozanimod)_2061,BRAND_PLANT,202612,2025-08-08,,2498026.67,1558942.17,97.22,,99.6,100.0,,,,,100.0,0.0,1,,0.19,0.0,,100.0,,Single
6360,00212057,ZEPOSIA (ozanimod)_PACK,BRAND_MATERIAL_TYPE,202612,2025-08-15,,5870960.34,5849815.14,173.05,,99.34,100.0,,,,,100.0,0.0,1,,0.21,0.0,,100.0,,Single
6361,00212057,ZEPOSIA (ozanimod)_CAPSULE,BRAND_DOSAGE_FORM_PARENT,202612,2025-08-22,,1009565.84,868442.48,150.06,,100.0,100.0,,,,,100.0,0.0,1,,0.18,0.0,,100.0,,Single
6362,00212057,ZEPOSIA (ozanimod)_MARKET UNIT,BRAND_ENTERPRISE_CATEGORY,202612,2025-08-29,,242607.15,-191670.72,229.92,,100.0,100.0,,,,,100.0,0.0,1,,0.15,0.0,,100.0,,Single
6363,00212057,ZEPOSIA (ozanimod)_CAPSULE,BRAND_DOSAGE_FORM_PARENT,202612,2025-09-05,,2344432.51,-969196.67,117.34,,95.65,72.22,,,,,100.0,0.0,1,,0.58,0.91,,100.0,,Single
6364,00212057,ZEPOSIA (ozanimod)_PL,BRAND_NODETYPE,202612,2025-09-12,,1234315.26,1174155.61,106.69,,95.63,80.7,,,,,100.0,0.0,1,,0.17,0.0,,100.0,,Single
6365,00212057,ZEPOSIA (ozanimod)_FIN,BRAND_MATERIAL_TYPE,202612,2025-09-18,,1531571.95,-1118778.22,1433.22,,89.94,51.14,,,,,100.0,0.0,1,,0.91,2.8,,100.0,,Single
6366,00212057,ZEPOSIA (ozanimod)_HALB,BRAND_MATERIAL_TYPE,202612,2025-09-19,,1419627.41,-898719.4,270.45,,93.67,71.73,,,,,100.0,0.0,1,,0.42,0.0,,100.0,,Single
6367,00212057,ZEPOSIA (ozanimod)_1424872_2093,BRAND_MATERIAL_PLANT,202612,2025-09-26,,464655.29,-464655.29,411.7,,100.0,100.0,,,,,100.0,0.0,1,,1.0,0.0,,100.0,,Single
6368,00212057,ZEPOSIA (ozanimod)_PL,BRAND_NODETYPE,202612,2025-10-03,,7950901.68,-6470351.14,114.51,,88.7,95.56,,,,,13.38,86.62,0,,0.33,0.47,,73.25,,Single
6369,00212057,ZEPOSIA (ozanimod)_Internal,BRAND_PLANT_TYPE,202612,2025-10-17,,11748596.25,-7576774.34,102.05,,84.66,90.59,,,,,16.44,85.67,0,,0.59,0.0,,69.23,,Single
6370,00212057,ZEPOSIA (ozanimod)_FIN,BRAND_MATERIAL_TYPE,202612,2025-10-24,,1768766.42,-1074444.88,96.48,,78.06,10.74,,,,,100.0,0.0,1,,0.7,3.31,,100.0,,Single
6371,00212057,ZEPOSIA (ozanimod)_FIN,BRAND_MATERIAL_TYPE,202612,2025-10-31,,951339.34,-804727.62,491.37,,93.17,79.55,,,,,100.0,0.0,1,,0.34,1.33,,100.0,,Single
6372,00212057,ZEPOSIA (ozanimod)_DC,BRAND_NODETYPE,202612,2025-11-07,,1548924.22,-1176380.14,185.89,,90.77,55.55,,,,,100.0,0.0,1,,0.94,2.54,,100.0,,Single
6373,00212057,ZEPOSIA (ozanimod)_1455624_2061,BRAND_MATERIAL_PLANT,202612,2025-11-14,,589563.92,589563.92,127.7,,100.0,100.0,,,,,100.0,0.0,1,,1.0,0.0,,100.0,,Single
6374,00212057,ZEPOSIA (ozanimod)_FIN,BRAND_MATERIAL_TYPE,202612,2025-11-19,,3268480.53,-2123227.01,205.41,,84.43,46.32,,,,,100.0,0.0,1,,0.96,2.13,,100.0,,Single
6375,00212057,ZEPOSIA (ozanimod)_1428537,BRAND_MATERIAL,202612,2025-11-21,,964657.0,-964657.0,278.37,,66.67,58.93,,,,,100.0,0.0,1,,1.33,0.0,,100.0,,Single
6376,00212057,ZEPOSIA (ozanimod)_FIN,BRAND_MATERIAL_TYPE,202612,2025-11-28,,1862842.66,1338586.97,128.78,,90.36,47.84,,,,,100.0,0.0,1,,0.3,0.67,,100.0,,Single
6377,00212057,ZEPOSIA (ozanimod)_MARKET UNIT,BRAND_ENTERPRISE_CATEGORY,202612,2025-12-05,,2476641.62,-1427177.92,144.06,,84.91,58.38,,,,,100.0,0.0,1,,0.63,0.0,,100.0,,Single
6378,00212057,ZEPOSIA (ozanimod)_1465808,BRAND_MATERIAL,202612,2025-12-12,,12543809.9,12543809.9,104.02,,0.0,0.0,,,,,100.0,0.0,1,,1.0,,,100.0,,Single
6379,00212057,ZEPOSIA (ozanimod)_MARKET UNIT,BRAND_ENTERPRISE_CATEGORY,202612,2025-12-17,,17309193.18,12681458.71,100.99,,88.68,17.73,,,,,100.0,0.0,1,,0.77,0.53,,100.0,,Single
6380,00212057,ZEPOSIA (ozanimod)_1431957,BRAND_MATERIAL,202612,2025-12-19,,2917218.16,2917218.16,135.98,,66.67,53.81,,,,,100.0,0.0,1,,1.33,0.0,,100.0,,Single
6381,00212057,ZEPOSIA (ozanimod)_2052,BRAND_PLANT,202612,2025-12-26,,167758.51,-167758.51,457.43,,75.0,0.0,,,,,100.0,0.0,1,,0.25,0.0,,100.0,,Single
6382,00212057,ZEPOSIA (ozanimod)_1465808,BRAND_MATERIAL,202612,2026-01-02,,12547145.24,-12547145.24,454.11,,0.0,0.0,,,,,99.94,93.89,0,,1.0,,,6.05,,Single
6383,00212057,ZEPOSIA (ozanimod)_1433934_2061,BRAND_MATERIAL_PLANT,202612,2026-01-09,,203644.4,-203644.4,1198.7,,0.0,0.0,,,,,100.0,0.0,1,,1.0,,,100.0,,Single
6384,00212057,ZEPOSIA (ozanimod)_1449864_1610,BRAND_MATERIAL_PLANT,202612,2026-01-16,,1115921.29,1115921.29,4393.47,,0.0,0.0,,,,,100.0,0.0,1,,1.0,,,100.0,,Single
6385,00212057,ZEPOSIA (ozanimod)_1465808,BRAND_MATERIAL,202612,2026-01-23,,12546680.58,-12546680.58,986.41,,0.0,0.0,,,,,99.89,93.89,0,,1.0,,,5.99,,Single
6386,00212057,ZEPOSIA (ozanimod)_2021,BRAND_PLANT,202612,2026-01-30,,3037136.62,-2402286.88,176.87,,41.67,7.31,,,,,100.0,0.0,1,,1.33,0.0,,100.0,,Single
6387,00212057,ZEPOSIA (ozanimod)_HALB,BRAND_MATERIAL_TYPE,202612,2026-02-06,,2641530.61,-1589941.35,170.97,,85.14,16.62,,,,,100.0,0.0,1,,0.23,0.0,,100.0,,Single
6388,00212085,Cendakimab_RAW,BRAND_MATERIAL_TYPE,202612,2025-07-25,,10.15,-10.15,100.0,,100.0,100.0,,,,,100.0,0.0,1,,0.5,0.0,,100.0,,Single
6389,00212085,Cendakimab_HALB,BRAND_MATERIAL_TYPE,202612,2025-08-01,,327875.03,-327875.03,100.0,,80.0,100.0,,,,,100.0,0.0,1,,0.07,0.0,,100.0,,Single
6390,00212085,Cendakimab_RAW,BRAND_MATERIAL_TYPE,202612,2025-08-08,,7376.7,7376.7,100.0,,100.0,100.0,,,,,100.0,0.0,1,,1.0,0.0,,100.0,,Single
6391,00212085,Cendakimab_RAW,BRAND_MATERIAL_TYPE,202612,2025-08-15,,7554.94,-7554.94,100.0,,100.0,100.0,,,,,100.0,0.0,1,,0.5,0.0,,100.0,,Single
6392,00212085,Cendakimab_RAW,BRAND_MATERIAL_TYPE,202612,2025-08-22,,178.26,178.26,100.0,,100.0,100.0,,,,,100.0,0.0,1,,0.5,0.0,,100.0,,Single
6393,00212085,Cendakimab_HALB,BRAND_MATERIAL_TYPE,202612,2025-09-12,,0.17,0.17,100.0,,66.67,0.0,,,,,100.0,0.0,1,,0.27,0.0,,100.0,,Single
6394,00212085,Cendakimab_HALB,BRAND_MATERIAL_TYPE,202612,2025-09-18,,0.17,0.17,100.0,,64.29,0.0,,,,,100.0,0.0,1,,0.57,0.0,,100.0,,Single
6395,00212085,Cendakimab_RAW,BRAND_MATERIAL_TYPE,202612,2025-09-26,,76.61,-76.61,100.0,,100.0,100.0,,,,,100.0,0.0,1,,0.5,0.0,,100.0,,Single
6396,00212085,Cendakimab_RAW,BRAND_MATERIAL_TYPE,202612,2025-10-03,,43.75,43.75,100.0,,100.0,100.0,,,,,100.0,0.0,1,,0.5,0.0,,100.0,,Single
6397,00212085,Cendakimab_RAW,BRAND_MATERIAL_TYPE,202612,2025-10-17,,9865.35,9865.35,100.02,,50.0,0.0,,,,,100.0,0.0,1,,0.5,0.0,,100.0,,Single
6398,00212085,Cendakimab_RAW,BRAND_MATERIAL_TYPE,202612,2025-10-24,,7748.45,7748.45,100.03,,50.0,0.0,,,,,100.0,0.0,1,,1.0,0.0,,100.0,,Single
6399,00212085,Cendakimab_1435837,BRAND_MATERIAL,202612,2025-10-31,,2.16,-2.16,135.05,,0.0,0.0,,,,,100.0,0.0,1,,3.0,,,100.0,,Single
6400,00212085,Cendakimab_RAW,BRAND_MATERIAL_TYPE,202612,2025-11-07,,2149.75,-2149.75,100.13,,100.0,100.0,,,,,100.0,0.0,1,,0.5,0.0,,100.0,,Single
6401,00212085,Cendakimab_HIBE,BRAND_MATERIAL_TYPE,202612,2025-11-14,,557.82,-557.82,100.0,,100.0,100.0,,,,,100.0,0.0,1,,0.5,0.0,,100.0,,Single
6402,00212085,Cendakimab_nan,BRAND_DOSAGE_FORM_PARENT,202612,2025-11-19,,2706.41,-2706.41,100.0,,88.24,100.0,,,,,100.0,0.0,1,,0.24,0.0,,100.0,,Single
6403,00212085,Cendakimab_nan,BRAND_DOSAGE_FORM_PARENT,202612,2025-11-21,,1.08,-1.08,100.0,,81.25,99.52,,,,,100.0,0.0,1,,0.19,0.0,,100.0,,Single
6404,00212085,Cendakimab_RAW,BRAND_MATERIAL_TYPE,202612,2025-11-28,,7760.61,7760.61,100.0,,50.0,0.0,,,,,100.0,0.0,1,,0.5,0.0,,100.0,,Single
6405,00212085,Cendakimab_RAW,BRAND_MATERIAL_TYPE,202612,2025-12-05,,7760.61,-7760.61,100.01,,50.0,0.0,,,,,100.0,0.0,1,,0.5,0.0,,100.0,,Single
6406,00212085,Cendakimab_nan,BRAND_DOSAGE_FORM_PARENT,202612,2025-12-12,,2150.83,2150.83,100.0,,86.67,0.05,,,,,100.0,0.0,1,,0.2,0.0,,100.0,,Single
6407,00212085,Cendakimab_HIBE,BRAND_MATERIAL_TYPE,202612,2025-12-17,,2.16,2.16,100.24,,100.0,100.0,,,,,100.0,0.0,1,,1.5,0.0,,100.0,,Single
6408,00212085,Cendakimab_RAW,BRAND_MATERIAL_TYPE,202612,2025-12-19,,2149.75,-2149.75,100.0,,100.0,100.0,,,,,100.0,0.0,1,,0.5,0.0,,100.0,,Single
6409,00212085,Cendakimab_nan,BRAND_DOSAGE_FORM_PARENT,202612,2025-12-26,,4300.58,4300.58,100.0,,87.5,0.03,,,,,100.0,0.0,1,,0.12,0.0,,100.0,,Single
6410,00212085,Cendakimab_nan,BRAND_DOSAGE_FORM_PARENT,202612,2026-01-02,,9944.77,9944.68,100.0,,81.25,43.06,,,,,0.0,100.0,-1,,0.0,0.0,,100.0,,Single
6411,00212085,Cendakimab_RAW,BRAND_MATERIAL_TYPE,202612,2026-01-09,,3360.69,-3360.69,100.0,,100.0,100.0,,,,,100.0,0.0,1,,0.5,0.0,,100.0,,Single
6412,00212085,Cendakimab_RAW,BRAND_MATERIAL_TYPE,202612,2026-01-16,,1855.11,1855.11,138.16,,50.0,0.0,,,,,100.0,0.0,1,,0.5,0.0,,100.0,,Single
6413,00212085,Cendakimab_nan,BRAND_DOSAGE_FORM_PARENT,202612,2026-01-23,,9268.49,9268.29,100.0,,81.82,31.96,,,,,7.48,85.51,-1,,0.36,0.0,,78.03,,Single
6414,00221118,Metformin_TABLET,BRAND_DOSAGE_FORM_PARENT,202612,2026-01-02,,3.12,-3.12,100.0,,66.67,25.23,,,,,3.08,96.92,-1,,0.33,0.0,,93.84,,Single
6415,00221118,Metformin_TABLET,BRAND_DOSAGE_FORM_PARENT,202612,2026-01-23,,3.12,-3.12,100.0,,66.67,25.23,,,,,3.08,96.92,-1,,0.33,0.0,,93.84,,Single
6416,00231950,Anti-Myostatin_1365164,BRAND_MATERIAL,202612,2025-07-25,,734.98,-734.98,103.91,,100.0,100.0,,,,,100.0,0.0,1,,1.0,0.0,,100.0,,Single
6417,00231950,Anti-Myostatin_nan,BRAND_DOSAGE_FORM_PARENT,202612,2025-08-01,,762.66,-761.93,100.0,,75.56,100.0,,,,,100.0,0.0,1,,0.56,0.0,,100.0,,Single
6418,00231950,Anti-Myostatin_1367135_1037,BRAND_MATERIAL_PLANT,202612,2025-08-08,,16315.65,16315.65,100.02,,100.0,100.0,,,,,100.0,0.0,1,,1.0,0.0,,100.0,,Single
6419,00231950,Anti-Myostatin_1037,BRAND_PLANT,202612,2025-08-15,,16315.65,-16315.65,103.55,,100.0,100.0,,,,,100.0,0.0,1,,1.0,0.0,,100.0,,Single
6420,00231950,Anti-Myostatin_nan,BRAND_DOSAGE_FORM_PARENT,202612,2025-08-22,,6117.75,-6115.91,100.0,,75.56,100.0,,,,,100.0,0.0,1,,0.96,0.0,,100.0,,Single
6421,00231950,Anti-Myostatin_nan,BRAND_DOSAGE_FORM_PARENT,202612,2025-08-29,,5379.37,5379.1,100.0,,73.33,99.95,,,,,100.0,0.0,1,,0.36,0.0,,100.0,,Single
6422,00231950,Anti-Myostatin_nan,BRAND_DOSAGE_FORM_PARENT,202612,2025-09-05,,13.58,-12.8,100.0,,68.89,99.01,,,,,100.0,0.0,1,,0.4,0.0,,100.0,,Single
6423,00231950,Anti-Myostatin_nan,BRAND_DOSAGE_FORM_PARENT,202612,2025-09-12,,3917.66,-3915.21,100.0,,68.89,99.98,,,,,100.0,0.0,1,,0.58,3.23,,100.0,,Single
6424,00231950,Anti-Myostatin_1367135_1037,BRAND_MATERIAL_PLANT,202612,2025-09-18,,5368.27,5368.27,125.9,,100.0,100.0,,,,,100.0,0.0,1,,1.0,0.0,,100.0,,Single
6425,00231950,Anti-Myostatin_HALB,BRAND_MATERIAL_TYPE,202612,2025-09-19,,2953.22,2953.22,102.39,,80.0,100.0,,,,,100.0,0.0,1,,0.4,0.0,,100.0,,Single
6426,00231950,Anti-Myostatin_nan,BRAND_DOSAGE_FORM_PARENT,202612,2025-09-26,,2747.9,-2745.67,100.0,,94.12,100.0,,,,,100.0,0.0,1,,1.09,0.0,,100.0,,Single
6427,00231950,Anti-Myostatin_HALB,BRAND_MATERIAL_TYPE,202612,2025-10-03,,1338.91,-1338.91,184.97,,80.0,100.0,,,,,100.0,0.0,1,,0.4,0.0,,100.0,,Single
6428,00231950,Anti-Myostatin_1365164,BRAND_MATERIAL,202612,2025-10-17,,2667.2,-2667.2,116.8,,100.0,100.0,,,,,100.0,0.0,1,,1.0,0.0,,100.0,,Single
6429,00231950,Anti-Myostatin_nan,BRAND_DOSAGE_FORM_PARENT,202612,2025-10-24,,141.61,-137.13,100.0,,57.78,96.11,,,,,100.0,0.0,1,,0.91,3.85,,100.0,,Single
6430,00231950,Anti-Myostatin_HALB,BRAND_MATERIAL_TYPE,202612,2025-10-31,,2214.41,2214.41,124.08,,80.0,100.0,,,,,100.0,0.0,1,,0.4,0.0,,100.0,,Single
6431,00231950,Anti-Myostatin_nan,BRAND_DOSAGE_FORM_PARENT,202612,2025-11-07,,1552.48,-1540.7,100.0,,66.67,99.66,,,,,100.0,0.0,1,,0.76,0.0,,100.0,,Single
6432,00231950,Anti-Myostatin_1365164,BRAND_MATERIAL,202612,2025-11-14,,2199.86,2199.86,100.67,,100.0,100.0,,,,,100.0,0.0,1,,1.0,0.0,,100.0,,Single
6433,00231950,Anti-Myostatin_HALB,BRAND_MATERIAL_TYPE,202612,2025-11-19,,1757.3,1757.3,149.57,,80.0,100.0,,,,,100.0,0.0,1,,0.6,0.0,,100.0,,Single
6434,00231950,Anti-Myostatin_nan,BRAND_DOSAGE_FORM_PARENT,202612,2025-11-21,,6.34,-6.2,100.0,,66.67,91.64,,,,,100.0,0.0,1,,0.93,6.67,,100.0,,Single
6435,00231950,Anti-Myostatin_nan,BRAND_DOSAGE_FORM_PARENT,202612,2025-11-28,,1685.09,-1682.75,100.0,,73.33,99.99,,,,,100.0,0.0,1,,1.07,6.06,,100.0,,Single
6436,00231950,Anti-Myostatin_nan,BRAND_DOSAGE_FORM_PARENT,202612,2025-12-05,,5876.23,-5835.12,100.0,,73.33,100.0,,,,,100.0,0.0,1,,1.07,9.09,,100.0,,Single
6437,00231950,Anti-Myostatin_RAW,BRAND_MATERIAL_TYPE,202612,2025-12-12,,6075.31,-6075.31,100.07,,16.67,100.0,,,,,100.0,0.0,1,,0.25,0.0,,100.0,,Single
6438,00231950,Anti-Myostatin_1367135,BRAND_MATERIAL,202612,2025-12-17,,12036.05,-12036.05,126.18,,100.0,100.0,,,,,100.0,0.0,1,,2.5,0.0,,100.0,,Single
6439,00231950,Anti-Myostatin_1365164,BRAND_MATERIAL,202612,2025-12-19,,4268.17,4268.17,107.08,,100.0,100.0,,,,,100.0,0.0,1,,2.0,0.0,,100.0,,Single
6440,00231950,Anti-Myostatin_1365102_1708,BRAND_MATERIAL_PLANT,202612,2025-12-26,,1209.28,-1209.28,127.42,,0.0,0.0,,,,,100.0,0.0,1,,1.0,,,100.0,,Single
6441,00231950,Anti-Myostatin_1365164_1708,BRAND_MATERIAL_PLANT,202612,2026-01-02,,4291.28,-4291.28,119.9,,100.0,100.0,,,,,102.56,-8.93,1,,1.0,0.0,,111.49,,Single
6442,00231950,Anti-Myostatin_nan,BRAND_DOSAGE_FORM_PARENT,202612,2026-01-09,,6400.72,-6400.17,100.0,,69.57,85.53,,,,,100.0,0.0,1,,0.65,0.0,,100.0,,Single
6443,00231950,Anti-Myostatin_RAW,BRAND_MATERIAL_TYPE,202612,2026-01-16,,40801.92,-40801.92,113.3,,8.33,20.21,,,,,100.0,0.0,1,,0.75,0.0,,100.0,,Single
6444,00231950,Anti-Myostatin_1367135,BRAND_MATERIAL,202612,2026-01-23,,29056.16,-29056.16,103.8,,50.0,75.33,,,,,100.0,0.0,1,,5.5,0.0,,100.0,,Single
6445,00231950,Anti-Myostatin_1708,BRAND_PLANT,202612,2026-01-30,,3345.8,3345.8,101.65,,20.0,98.39,,,,,100.0,0.0,1,,0.27,0.0,,100.0,,Single
6446,00231950,Anti-Myostatin_1365164_1708,BRAND_MATERIAL_PLANT,202612,2026-02-06,,2833.47,-2833.47,217.55,,100.0,100.0,,,,,100.0,0.0,1,,1.0,0.0,,100.0,,Single
6447,00951026,Warfarin_RAW,BRAND_MATERIAL_TYPE,202612,2025-08-08,,669.43,669.43,100.0,,5.56,100.0,,,,,100.0,0.0,1,,0.06,0.0,,100.0,,Single
6448,00951026,Warfarin_RAW,BRAND_MATERIAL_TYPE,202612,2025-08-15,,1051.96,-1051.96,100.0,,5.56,100.0,,,,,100.0,0.0,1,,0.06,0.0,,100.0,,Single
6449,00951026,Warfarin_RAW,BRAND_MATERIAL_TYPE,202612,2025-08-22,,221.84,221.84,100.0,,5.56,100.0,,,,,100.0,0.0,1,,0.06,0.0,,100.0,,Single
6450,00951026,Warfarin_RAW,BRAND_MATERIAL_TYPE,202612,2025-08-29,,10.69,-10.69,100.0,,5.56,100.0,,,,,100.0,0.0,1,,0.06,0.0,,100.0,,Single
6451,00951026,Warfarin_RAW,BRAND_MATERIAL_TYPE,202612,2025-09-05,,115.52,115.52,100.0,,5.56,100.0,,,,,100.0,0.0,1,,0.06,0.0,,100.0,,Single
6452,00951026,Warfarin_RAW,BRAND_MATERIAL_TYPE,202612,2025-09-12,,333.1,-333.1,100.0,,5.56,100.0,,,,,100.0,0.0,1,,0.06,0.0,,100.0,,Single
6453,00951026,Warfarin_RAW,BRAND_MATERIAL_TYPE,202612,2025-09-18,,351.09,-351.09,100.0,,5.56,100.0,,,,,100.0,0.0,1,,0.11,0.0,,100.0,,Single
6454,00951026,Warfarin_RAW,BRAND_MATERIAL_TYPE,202612,2025-09-26,,109.02,109.02,100.0,,100.0,100.0,,,,,100.0,0.0,1,,1.0,0.0,,100.0,,Single
6455,00951026,Warfarin_RAW,BRAND_MATERIAL_TYPE,202612,2025-10-03,,19.88,19.88,100.0,,5.56,100.0,,,,,100.0,0.0,1,,0.11,0.0,,100.0,,Single
6456,00951026,Warfarin_RAW,BRAND_MATERIAL_TYPE,202612,2025-10-24,,1796.71,-1796.71,100.0,,0.0,0.0,,,,,100.0,0.0,1,,0.06,,,100.0,,Single
6457,00951026,Warfarin_RAW,BRAND_MATERIAL_TYPE,202612,2025-10-31,,19.88,19.88,100.0,,0.0,0.0,,,,,100.0,0.0,1,,0.06,,,100.0,,Single
6458,00951026,Warfarin_RAW,BRAND_MATERIAL_TYPE,202612,2025-11-07,,115.52,115.52,100.0,,5.56,100.0,,,,,100.0,0.0,1,,0.11,0.0,,100.0,,Single
6459,00951026,Warfarin_RAW,BRAND_MATERIAL_TYPE,202612,2025-11-14,,95.63,95.63,100.0,,5.56,100.0,,,,,100.0,0.0,1,,0.17,0.0,,100.0,,Single
6460,00951026,Warfarin_RAW,BRAND_MATERIAL_TYPE,202612,2025-11-19,,1436.78,-1436.78,100.0,,5.56,100.0,,,,,100.0,0.0,1,,0.06,0.0,,100.0,,Single
6461,00951026,Warfarin_RAW,BRAND_MATERIAL_TYPE,202612,2026-01-02,,14.09,-14.09,100.0,,5.56,100.0,,,,,0.0,100.0,-1,,0.0,0.0,,100.0,,Single
6462,00951026,Warfarin_RAW,BRAND_MATERIAL_TYPE,202612,2026-01-23,,14.09,-14.09,100.0,,5.56,100.0,,,,,0.0,100.0,-1,,0.0,0.0,,100.0,,Single
6463,01101050,Pravastatin_RAW,BRAND_MATERIAL_TYPE,202612,2025-08-15,,29.95,-29.95,100.0,,40.0,100.0,,,,,100.0,0.0,1,,0.2,0.0,,100.0,,Single
6464,01101050,Pravastatin_RAW,BRAND_MATERIAL_TYPE,202612,2025-08-22,,196.94,-196.94,100.0,,40.0,100.0,,,,,100.0,0.0,1,,0.4,0.0,,100.0,,Single
6465,01101050,Pravastatin_RAW,BRAND_MATERIAL_TYPE,202612,2025-08-29,,40.32,40.32,100.0,,40.0,100.0,,,,,100.0,0.0,1,,0.2,0.0,,100.0,,Single
6466,01101050,Pravastatin_1278476X0,BRAND_MATERIAL,202612,2025-09-05,,2998.4,2998.4,294.14,,0.0,0.0,,,,,100.0,0.0,1,,1.0,,,100.0,,Single
6467,01101050,Pravastatin_RAW,BRAND_MATERIAL_TYPE,202612,2025-09-12,,5522.46,-5522.46,100.0,,40.0,100.0,,,,,100.0,0.0,1,,0.6,50.0,,100.0,,Single
6468,01101050,Pravastatin_1278476,BRAND_MATERIAL,202612,2025-09-18,,6857.93,-6857.93,157.32,,50.0,100.0,,,,,100.0,0.0,1,,1.5,100.0,,100.0,,Single
6469,01101050,Pravastatin_RAW,BRAND_MATERIAL_TYPE,202612,2025-09-19,,143.95,143.95,100.0,,20.0,0.0,,,,,100.0,0.0,1,,0.2,0.0,,100.0,,Single
6470,01101050,Pravastatin_RAW,BRAND_MATERIAL_TYPE,202612,2025-09-26,,1.57,1.57,100.0,,100.0,100.0,,,,,100.0,0.0,1,,1.0,50.0,,100.0,,Single
6471,01101050,Pravastatin_RAW,BRAND_MATERIAL_TYPE,202612,2025-10-03,,230.7,-230.7,100.0,,50.0,100.0,,,,,100.0,0.0,1,,0.25,0.0,,100.0,,Single
6472,01101050,Pravastatin_RAW,BRAND_MATERIAL_TYPE,202612,2025-10-17,,229.14,-229.14,100.0,,50.0,100.0,,,,,100.0,0.0,1,,0.25,0.0,,100.0,,Single
6473,01101050,Pravastatin_RAW,BRAND_MATERIAL_TYPE,202612,2025-10-31,,379.31,-379.31,100.0,,50.0,100.0,,,,,100.0,0.0,1,,0.25,0.0,,100.0,,Single
6474,01101050,Pravastatin_RAW,BRAND_MATERIAL_TYPE,202612,2025-11-07,,1950.3,-1950.3,100.0,,50.0,100.0,,,,,100.0,0.0,1,,0.5,50.0,,100.0,,Single
6475,01101050,Pravastatin_RAW,BRAND_MATERIAL_TYPE,202612,2025-11-14,,0.88,0.88,100.0,,25.0,0.0,,,,,100.0,0.0,1,,0.25,0.0,,100.0,,Single
6476,01101050,Pravastatin_RAW,BRAND_MATERIAL_TYPE,202612,2025-11-19,,2278.04,-2278.04,100.0,,50.0,100.0,,,,,100.0,0.0,1,,0.25,0.0,,100.0,,Single
6477,01101050,Pravastatin_RAW,BRAND_MATERIAL_TYPE,202612,2025-11-21,,51.08,51.08,100.0,,25.0,0.0,,,,,100.0,0.0,1,,0.25,0.0,,100.0,,Single
6478,01101050,Pravastatin_RAW,BRAND_MATERIAL_TYPE,202612,2025-11-28,,45.04,-45.04,100.0,,50.0,100.0,,,,,100.0,0.0,1,,0.5,0.0,,100.0,,Single
6479,01101050,Pravastatin_RAW,BRAND_MATERIAL_TYPE,202612,2025-12-05,,53.38,-53.38,100.0,,50.0,100.0,,,,,100.0,0.0,1,,0.5,50.0,,100.0,,Single
6480,01101050,Pravastatin_RAW,BRAND_MATERIAL_TYPE,202612,2025-12-12,,126.92,126.92,100.0,,50.0,100.0,,,,,100.0,0.0,1,,0.25,0.0,,100.0,,Single
6481,01101050,Pravastatin_1278476,BRAND_MATERIAL,202612,2025-12-17,,39.78,39.78,100.3,,100.0,100.0,,,,,100.0,0.0,1,,2.0,0.0,,100.0,,Single
6482,01101050,Pravastatin_RAW,BRAND_MATERIAL_TYPE,202612,2025-12-19,,14689.76,14689.76,100.0,,50.0,100.0,,,,,100.0,0.0,1,,0.75,0.0,,100.0,,Single
6483,01101050,Pravastatin_RAW,BRAND_MATERIAL_TYPE,202612,2026-01-02,,3984.28,3984.28,100.0,,50.0,100.0,,,,,0.0,100.0,-1,,0.0,0.0,,100.0,,Single
6484,01101050,Pravastatin_1278476,BRAND_MATERIAL,202612,2026-01-09,,31226.96,31226.96,100.12,,100.0,100.0,,,,,100.0,0.0,1,,1.0,0.0,,100.0,,Single
6485,01101050,Pravastatin_RAW,BRAND_MATERIAL_TYPE,202612,2026-01-16,,81413.58,-81413.58,100.0,,20.0,0.09,,,,,100.0,0.0,1,,0.6,0.0,,100.0,,Single
6486,01101050,Pravastatin_1278476,BRAND_MATERIAL,202612,2026-01-23,,40412.15,40412.15,101.53,,50.0,100.0,,,,,86.01,6.84,1,,0.5,0.0,,79.17,,Single
6487,01101050,Pravastatin_RAW,BRAND_MATERIAL_TYPE,202612,2026-01-30,,47717.16,47717.16,100.0,,20.0,0.0,,,,,100.0,0.0,1,,0.4,0.0,,100.0,,Single
6488,01101050,Pravastatin_RAW,BRAND_MATERIAL_TYPE,202612,2026-02-06,,24426.14,24426.14,100.0,,20.0,0.0,,,,,100.0,0.0,1,,0.6,0.0,,100.0,,Single
6489,01506870,All Other Consumer P_PACK,BRAND_MATERIAL_TYPE,202612,2025-09-18,,30886.78,30886.78,100.0,,50.0,100.0,,,,,100.0,0.0,1,,0.5,0.0,,100.0,,Single
6490,01506870,All Other Consumer P_PACK,BRAND_MATERIAL_TYPE,202612,2025-09-19,,30886.78,30886.78,100.0,,50.0,100.0,,,,,100.0,0.0,1,,1.0,0.0,,100.0,,Single
6491,01506870,All Other Consumer P_PACK,BRAND_MATERIAL_TYPE,202612,2025-10-17,,30895.37,-30895.37,100.0,,0.0,0.0,,,,,100.0,0.0,1,,0.5,,,100.0,,Single
6492,01506870,All Other Consumer P_PACK,BRAND_MATERIAL_TYPE,202612,2025-10-31,,6178.62,-6178.62,100.0,,50.0,100.0,,,,,100.0,0.0,1,,0.5,0.0,,100.0,,Single
6493,01506870,All Other Consumer P_PACK,BRAND_MATERIAL_TYPE,202612,2025-11-19,,12358.38,-12358.38,100.0,,50.0,100.0,,,,,100.0,0.0,1,,0.5,0.0,,100.0,,Single
6494,01506870,All Other Consumer P_PACK,BRAND_MATERIAL_TYPE,202612,2025-11-21,,6179.76,-6179.76,100.0,,50.0,100.0,,,,,100.0,0.0,1,,1.0,0.0,,100.0,,Single
6495,01506870,All Other Consumer P_PACK,BRAND_MATERIAL_TYPE,202612,2025-12-17,,5462.79,5462.79,100.0,,50.0,100.0,,,,,100.0,0.0,1,,0.5,0.0,,100.0,,Single
6496,01506870,All Other Consumer P_PACK,BRAND_MATERIAL_TYPE,202612,2025-12-19,,5462.79,5462.79,100.0,,50.0,100.0,,,,,100.0,0.0,1,,1.0,0.0,,100.0,,Single
6497,01506870,All Other Consumer P_PACK,BRAND_MATERIAL_TYPE,202612,2026-01-02,,8337.83,8337.83,100.0,,50.0,100.0,,,,,0.0,100.0,-1,,0.0,0.0,,100.0,,Single
6498,01506870,All Other Consumer P_PACK,BRAND_MATERIAL_TYPE,202612,2026-01-16,,6778.98,6778.98,100.0,,50.0,100.0,,,,,100.0,0.0,1,,0.5,0.0,,100.0,,Single
6499,01506870,All Other Consumer P_PACK,BRAND_MATERIAL_TYPE,202612,2026-01-23,,21897.06,21897.06,100.0,,50.0,100.0,,,,,56.44,38.08,0,,1.0,0.0,,18.36,,Single
6500,01506870,All Other Consumer P_PACK,BRAND_MATERIAL_TYPE,202612,2026-01-30,,6780.24,6780.24,100.0,,50.0,100.0,,,,,100.0,0.0,1,,1.5,0.0,,100.0,,Single
6501,02200812,COVID 19 Therapy_HALB,BRAND_MATERIAL_TYPE,202612,2025-12-26,,9.91,9.91,100.0,,66.67,0.0,,,,,100.0,0.0,1,,0.33,0.0,,100.0,,Single
6502,02200812,COVID 19 Therapy_HALB,BRAND_MATERIAL_TYPE,202612,2026-01-02,,4.73,4.73,100.0,,100.0,100.0,,,,,0.0,100.0,-1,,0.0,0.0,,100.0,,Single
6503,02200812,COVID 19 Therapy_HALB,BRAND_MATERIAL_TYPE,202612,2026-01-23,,14.65,14.65,100.0,,66.67,19.65,,,,,67.7,30.32,0,,0.33,0.0,,37.37,,Single
6504,02201386,Atazanavir_1007,BRAND_PLANT,202612,2025-07-25,,639759.42,-628710.27,633.25,,100.0,100.0,,,,,100.0,0.0,1,,0.22,0.0,,100.0,,Single
6505,02201386,Atazanavir_CAPSULE,BRAND_DOSAGE_FORM_PARENT,202612,2025-08-01,,97486.46,-97486.46,301.29,,100.0,100.0,,,,,100.0,0.0,1,,0.18,0.0,,100.0,,Single
6506,02201386,Atazanavir_CAPSULE,BRAND_DOSAGE_FORM_PARENT,202612,2025-08-08,,864243.27,742244.67,124.55,,100.0,100.0,,,,,100.0,0.0,1,,0.65,0.0,,100.0,,Single
6507,02201386,Atazanavir_1420641,BRAND_MATERIAL,202612,2025-08-15,,147138.09,-147138.09,89.89,,100.0,100.0,,,,,100.0,0.0,1,,1.0,0.0,,100.0,,Single
6508,02201386,Atazanavir_MARKET UNIT,BRAND_ENTERPRISE_CATEGORY,202612,2025-08-22,,337178.83,-333071.9,164.29,,100.0,100.0,,,,,100.0,0.0,1,,0.4,0.0,,100.0,,Single
6509,02201386,Atazanavir_DC,BRAND_NODETYPE,202612,2025-08-29,,291763.27,-290922.13,100.0,,67.74,100.0,,,,,100.0,0.0,1,,0.15,0.0,,100.0,,Single
6510,02201386,Atazanavir_1223653_1735,BRAND_MATERIAL_PLANT,202612,2025-09-05,,84859.2,-84859.2,190.86,,100.0,100.0,,,,,100.0,0.0,1,,1.0,0.0,,100.0,,Single
6511,02201386,Atazanavir_1420641,BRAND_MATERIAL,202612,2025-09-12,,49897.55,-49897.55,106.35,,33.33,0.0,,,,,100.0,0.0,1,,1.0,0.0,,100.0,,Single
6512,02201386,Atazanavir_1223653_1735,BRAND_MATERIAL_PLANT,202612,2025-09-18,,84413.94,-84413.94,77.94,,100.0,100.0,,,,,100.0,0.0,1,,1.0,0.0,,100.0,,Single
6513,02201386,Atazanavir_External,BRAND_PLANT_TYPE,202612,2025-09-19,,21012.74,-20088.09,136.68,,73.68,29.04,,,,,100.0,0.0,1,,0.42,0.0,,100.0,,Single
6514,02201386,Atazanavir_CAPSULE,BRAND_DOSAGE_FORM_PARENT,202612,2025-09-26,,14155.53,10933.81,100.0,,93.02,61.09,,,,,100.0,0.0,1,,0.35,0.0,,100.0,,Single
6515,02201386,Atazanavir_DC,BRAND_NODETYPE,202612,2025-10-03,,1054536.59,856313.95,99.66,,61.67,42.65,,,,,100.0,0.0,1,,0.53,0.0,,100.0,,Single
6516,02201386,Atazanavir_API,BRAND_ENTERPRISE_CATEGORY,202612,2025-10-17,,631628.92,631628.92,145.16,,85.71,25.29,,,,,100.0,0.0,1,,0.43,0.0,,100.0,,Single
6517,02201386,Atazanavir_DC,BRAND_NODETYPE,202612,2025-10-24,,805549.48,-443299.9,122.94,,44.26,33.49,,,,,100.0,0.0,1,,0.54,0.0,,100.0,,Single
6518,02201386,Atazanavir_1239290,BRAND_MATERIAL,202612,2025-10-31,,77825.62,77825.62,222.1,,100.0,100.0,,,,,100.0,0.0,1,,1.0,0.0,,100.0,,Single
6519,02201386,Atazanavir_FIN,BRAND_MATERIAL_TYPE,202612,2025-11-07,,515045.23,493885.07,100.0,,62.75,99.58,,,,,100.0,0.0,1,,0.51,0.0,,100.0,,Single
6520,02201386,Atazanavir_1239290,BRAND_MATERIAL,202612,2025-11-14,,66194.36,-66194.36,892.09,,50.0,0.0,,,,,100.0,0.0,1,,0.5,0.0,,100.0,,Single
6521,02201386,Atazanavir_DC,BRAND_NODETYPE,202612,2025-11-19,,765812.5,581551.11,102.02,,58.62,86.51,,,,,100.0,0.0,1,,0.45,0.0,,100.0,,Single
6522,02201386,Atazanavir_CAPSULE,BRAND_DOSAGE_FORM_PARENT,202612,2025-11-21,,43180.53,-42345.9,103.75,,82.5,100.0,,,,,100.0,0.0,1,,0.12,0.0,,100.0,,Single
6523,02201386,Atazanavir_FIN,BRAND_MATERIAL_TYPE,202612,2025-11-28,,554624.0,-553994.38,100.0,,57.14,0.14,,,,,100.0,0.0,1,,0.16,0.0,,100.0,,Single
6524,02201386,Atazanavir_2122,BRAND_PLANT,202612,2025-12-05,,147986.22,-147986.22,224.53,,100.0,100.0,,,,,100.0,0.0,1,,1.0,0.0,,100.0,,Single
6525,02201386,Atazanavir_FIN,BRAND_MATERIAL_TYPE,202612,2025-12-12,,304230.25,258451.13,747.34,,48.98,90.58,,,,,100.0,0.0,1,,0.33,4.17,,100.0,,Single
6526,02201386,Atazanavir_Internal,BRAND_PLANT_TYPE,202612,2025-12-17,,952921.11,-629695.25,101.17,,14.95,47.9,,,,,100.0,0.0,1,,0.27,0.0,,100.0,,Single
6527,02201386,Atazanavir_1162229,BRAND_MATERIAL,202612,2025-12-19,,164183.88,-164183.88,176.78,,33.33,0.0,,,,,100.0,0.0,1,,0.67,0.0,,100.0,,Single
6528,02201386,Atazanavir_1007,BRAND_PLANT,202612,2025-12-26,,159257.5,-159257.5,100.17,,93.75,99.83,,,,,100.0,0.0,1,,0.19,0.0,,100.0,,Single
6529,02201386,Atazanavir_POWDER,BRAND_DOSAGE_FORM_PARENT,202612,2026-01-02,,286467.17,-286467.17,859.17,,100.0,100.0,,,,,0.31,99.8,-1,,0.4,0.0,,99.49,,Single
6530,02201386,Atazanavir_1718,BRAND_PLANT,202612,2026-01-09,,46964.46,46964.46,996.09,,80.0,100.0,,,,,100.0,0.0,1,,0.07,0.0,,100.0,,Single
6531,02201386,Atazanavir_Internal,BRAND_PLANT_TYPE,202612,2026-01-16,,81221.98,-81221.98,100.22,,18.35,10.07,,,,,100.0,0.0,1,,0.05,0.0,,100.0,,Single
6532,02201386,Atazanavir_External,BRAND_PLANT_TYPE,202612,2026-01-23,,5776593.4,-5358181.32,100.19,,77.42,19.8,,,,,96.96,3.37,1,,0.58,4.17,,93.59,,Single
6533,02201386,Atazanavir_External,BRAND_PLANT_TYPE,202612,2026-01-30,,5083732.48,-5076572.94,100.22,,61.29,7.36,,,,,100.0,0.0,1,,0.81,5.26,,100.0,,Single
6534,02201386,Atazanavir_External,BRAND_PLANT_TYPE,202612,2026-02-06,,1038153.95,-871209.87,98.36,,64.52,17.24,,,,,100.0,0.0,1,,0.65,0.0,,100.0,,Single
6535,02201390,Triamcinolone_Internal,BRAND_PLANT_TYPE,202612,2025-07-25,,301577.04,297599.85,286.46,,35.26,100.0,,,,,100.0,0.0,1,,0.04,0.0,,100.0,,Single
6536,02201390,Triamcinolone_Internal,BRAND_PLANT_TYPE,202612,2025-08-01,,858618.24,-838353.29,2866.77,,35.26,100.0,,,,,100.0,0.0,1,,0.11,0.0,,100.0,,Single
6537,02201390,Triamcinolone_FIN,BRAND_MATERIAL_TYPE,202612,2025-08-08,,4342506.2,-1465188.82,260.61,,90.14,100.0,,,,,100.0,0.0,1,,0.76,0.0,,100.0,,Single
6538,02201390,Triamcinolone_1147,BRAND_PLANT,202612,2025-08-15,,537413.97,409684.96,212.33,,94.44,100.0,,,,,100.0,0.0,1,,0.33,0.0,,100.0,,Single
6539,02201390,Triamcinolone_External,BRAND_PLANT_TYPE,202612,2025-08-22,,935418.47,-715826.15,191.81,,96.67,100.0,,,,,100.0,0.0,1,,0.47,0.0,,100.0,,Single
6540,02201390,Triamcinolone_1131267_1147,BRAND_MATERIAL_PLANT,202612,2025-08-29,,387681.28,387681.28,133.66,,100.0,100.0,,,,,100.0,0.0,1,,1.0,0.0,,100.0,,Single
6541,02201390,Triamcinolone_1147,BRAND_PLANT,202612,2025-09-05,,1985650.82,1079516.42,194.7,,44.44,36.13,,,,,100.0,0.0,1,,0.72,0.0,,100.0,,Single
6542,02201390,Triamcinolone_1432912_2051,BRAND_MATERIAL_PLANT,202612,2025-09-12,,464395.22,-464395.22,97.48,,100.0,100.0,,,,,100.0,0.0,1,,1.0,0.0,,100.0,,Single
6543,02201390,Triamcinolone_1147,BRAND_PLANT,202612,2025-09-18,,1447387.61,792056.57,2043.11,,61.11,46.36,,,,,100.0,0.0,1,,0.61,0.0,,100.0,,Single
6544,02201390,Triamcinolone_1188779_1748,BRAND_MATERIAL_PLANT,202612,2025-09-19,,143845.21,143845.21,337.89,,100.0,100.0,,,,,100.0,0.0,1,,2.0,0.0,,100.0,,Single
6545,02201390,Triamcinolone_FIN,BRAND_MATERIAL_TYPE,202612,2025-09-26,,13076653.49,11901170.07,113.46,,82.14,66.48,,,,,100.0,0.0,1,,0.61,0.0,,100.0,,Single
6546,02201390,Triamcinolone_FIN,BRAND_MATERIAL_TYPE,202612,2025-10-03,,3224525.83,2774494.35,104.12,,66.67,14.36,,,,,100.0,0.0,1,,1.03,0.0,,100.0,,Single
6547,02201390,Triamcinolone_INJECTION,BRAND_DOSAGE_FORM_PARENT,202612,2025-10-17,,18665534.14,15957240.25,108.97,,76.12,69.03,,,,,100.0,0.0,1,,0.69,0.0,,100.0,,Single
6548,02201390,Triamcinolone_Internal,BRAND_PLANT_TYPE,202612,2025-10-24,,2025265.22,1558487.8,126.03,,25.49,17.51,,,,,100.0,0.0,1,,0.33,2.56,,100.0,,Single
6549,02201390,Triamcinolone_1188779_1748,BRAND_MATERIAL_PLANT,202612,2025-10-31,,230751.94,-230751.94,88.36,,0.0,0.0,,,,,100.0,0.0,1,,2.0,,,100.0,,Single
6550,02201390,Triamcinolone_2052,BRAND_PLANT,202612,2025-11-07,,1207551.84,-1207551.84,951.86,,100.0,100.0,,,,,100.0,0.0,1,,1.5,50.0,,100.0,,Single
6551,02201390,Triamcinolone_1147,BRAND_PLANT,202612,2025-11-14,,151823.28,149219.84,258.12,,94.44,100.0,,,,,100.0,0.0,1,,0.39,5.88,,100.0,,Single
6552,02201390,Triamcinolone_1115718_2052,BRAND_MATERIAL_PLANT,202612,2025-11-19,,1319718.89,-1319718.89,210.95,,100.0,100.0,,,,,100.0,0.0,1,,1.0,0.0,,100.0,,Single
6553,02201390,Triamcinolone_FIN,BRAND_MATERIAL_TYPE,202612,2025-11-21,,463208.17,-451498.0,124.63,,73.13,28.36,,,,,100.0,0.0,1,,0.66,8.16,,100.0,,Single
6554,02201390,Triamcinolone_MARKET UNIT,BRAND_ENTERPRISE_CATEGORY,202612,2025-11-28,,319617.07,-263896.49,90.54,,98.48,78.53,,,,,100.0,0.0,1,,0.76,3.08,,100.0,,Single
6555,02201390,Triamcinolone_MARKET UNIT,BRAND_ENTERPRISE_CATEGORY,202612,2025-12-05,,2098704.9,1730372.82,100.04,,96.97,96.95,,,,,100.0,0.0,1,,0.85,1.56,,100.0,,Single
6556,02201390,Triamcinolone_2023,BRAND_PLANT,202612,2025-12-12,,449843.1,449843.1,200.58,,66.67,0.0,,,,,100.0,0.0,1,,0.33,0.0,,100.0,,Single
6557,02201390,Triamcinolone_Internal,BRAND_PLANT_TYPE,202612,2025-12-17,,2136191.36,1826703.53,110.81,,30.26,74.6,,,,,100.0,0.0,1,,0.39,4.35,,100.0,,Single
6558,02201390,Triamcinolone_DC,BRAND_NODETYPE,202612,2025-12-19,,1302106.49,-1268288.81,99.72,,75.32,99.11,,,,,100.0,0.0,1,,0.53,6.9,,100.0,,Single
6559,02201390,Triamcinolone_Internal,BRAND_PLANT_TYPE,202612,2025-12-26,,91749.78,80332.91,192.8,,30.92,99.9,,,,,100.0,0.0,1,,0.16,0.0,,100.0,,Single
6560,02201390,Triamcinolone_INJECTION,BRAND_DOSAGE_FORM_PARENT,202612,2026-01-02,,5540501.77,5033303.31,96.29,,96.97,97.12,,,,,32.43,65.72,0,,0.92,1.56,,33.3,,Single
6561,02201390,Triamcinolone_1610,BRAND_PLANT,202612,2026-01-09,,130512.39,130512.39,102.61,,12.75,97.35,,,,,100.0,0.0,1,,0.04,0.0,,100.0,,Single
6562,02201390,Triamcinolone_HALB,BRAND_MATERIAL_TYPE,202612,2026-01-16,,295781.46,-295781.46,107.66,,72.73,100.0,,,,,100.0,0.0,1,,0.27,12.5,,100.0,,Single
6563,02201390,Triamcinolone_MARKET UNIT,BRAND_ENTERPRISE_CATEGORY,202612,2026-01-23,,5991738.4,5628904.99,129.61,,86.36,94.9,,,,,36.21,58.95,0,,0.74,1.75,,22.74,,Single
6564,02201390,Triamcinolone_1007,BRAND_PLANT,202612,2026-01-30,,753453.34,753453.34,176.88,,50.0,4.0,,,,,100.0,0.0,1,,1.67,0.0,,100.0,,Single
6565,02201390,Triamcinolone_MARKET UNIT,BRAND_ENTERPRISE_CATEGORY,202612,2026-02-06,,4135280.2,2461570.47,96.8,,83.33,81.72,,,,,100.0,0.0,1,,0.94,0.0,,100.0,,Single
6566,02201397,Entecavir_1191737_1007,BRAND_MATERIAL_PLANT,202612,2025-07-25,,355550.58,355550.58,207.34,,100.0,100.0,,,,,100.0,0.0,1,,1.0,0.0,,100.0,,Single
6567,02201397,Entecavir_1199117_1721,BRAND_MATERIAL_PLANT,202612,2025-08-01,,358700.32,358700.32,518.94,,100.0,100.0,,,,,100.0,0.0,1,,1.0,0.0,,100.0,,Single
6568,02201397,Entecavir_1718,BRAND_PLANT,202612,2025-08-08,,17317660.08,17157266.92,82.12,,100.0,100.0,,,,,100.0,0.0,1,,0.57,0.0,,100.0,,Single
6569,02201397,Entecavir_1718,BRAND_PLANT,202612,2025-08-15,,17245672.18,-17117521.48,79.15,,100.0,100.0,,,,,100.0,0.0,1,,0.45,0.0,,100.0,,Dual
6570,02201397,Entecavir_1731,BRAND_PLANT,202612,2025-08-15,,5597176.42,-5597176.42,25.88,,100.0,100.0,,,,,100.0,0.0,1,,0.83,0.0,,100.0,,Dual
6571,02201397,Entecavir_1298413_1718,BRAND_MATERIAL_PLANT,202612,2025-08-22,,1358262.13,1358262.13,213.65,,100.0,100.0,,,,,100.0,0.0,1,,1.0,0.0,,100.0,,Single
6572,02201397,Entecavir_1298413_1007,BRAND_MATERIAL_PLANT,202612,2025-08-29,,1415242.85,1415242.85,1563.41,,100.0,100.0,,,,,100.0,0.0,1,,1.0,0.0,,100.0,,Single
6573,02201397,Entecavir_1298413_1718,BRAND_MATERIAL_PLANT,202612,2025-09-05,,1358262.13,1358262.13,430.84,,100.0,100.0,,,,,100.0,0.0,1,,1.0,0.0,,100.0,,Single
6574,02201397,Entecavir_nan,BRAND_DOSAGE_FORM_PARENT,202612,2025-09-12,,695234.37,-553188.36,763.62,,18.12,70.3,,,,,100.0,0.0,1,,0.12,6.9,,100.0,,Single
6575,02201397,Entecavir_1413905_1007,BRAND_MATERIAL_PLANT,202612,2025-09-18,,1412259.06,1412259.06,1749.53,,0.0,0.0,,,,,100.0,0.0,1,,1.0,,,100.0,,Single
6576,02201397,Entecavir_1298413_1718,BRAND_MATERIAL_PLANT,202612,2025-09-19,,1358262.13,-1358262.13,4051.29,,0.0,0.0,,,,,100.0,0.0,1,,2.0,,,100.0,,Single
6577,02201397,Entecavir_Internal,BRAND_PLANT_TYPE,202612,2025-09-26,,11209676.66,-11101359.66,85.09,,82.11,38.67,,,,,100.0,0.0,1,,0.8,7.69,,100.0,,Single
6578,02201397,Entecavir_FIN,BRAND_MATERIAL_TYPE,202612,2025-10-03,,1627967.65,-1161231.67,122.93,,90.98,24.57,,,,,100.0,0.0,1,,0.78,1.65,,100.0,,Single
6579,02201397,Entecavir_1007,BRAND_PLANT,202612,2025-10-17,,2598904.47,-2553650.47,307.5,,43.33,71.75,,,,,100.0,0.0,1,,0.37,0.0,,100.0,,Single
6580,02201397,Entecavir_MARKET UNIT,BRAND_ENTERPRISE_CATEGORY,202612,2025-10-24,,12861616.94,12182186.74,91.25,,69.06,23.05,,,,,100.0,0.0,1,,0.62,3.12,,100.0,,Single
6581,02201397,Entecavir_1199117,BRAND_MATERIAL,202612,2025-10-31,,1098008.31,1098008.31,114.15,,66.67,37.73,,,,,100.0,0.0,1,,1.67,0.0,,100.0,,Single
6582,02201397,Entecavir_1298413,BRAND_MATERIAL,202612,2025-11-07,,3651605.66,3651605.66,174.32,,100.0,100.0,,,,,100.0,0.0,1,,1.0,0.0,,100.0,,Single
6583,02201397,Entecavir_SOLUTION,BRAND_DOSAGE_FORM_PARENT,202612,2025-11-14,,2315131.33,-2005724.99,194.76,,45.83,4.59,,,,,100.0,0.0,1,,0.83,0.0,,100.0,,Single
6584,02201397,Entecavir_1298413,BRAND_MATERIAL,202612,2025-11-19,,3798451.61,3798451.61,187.02,,100.0,100.0,,,,,100.0,0.0,1,,2.0,0.0,,100.0,,Single
6585,02201397,Entecavir_1278517_1721,BRAND_MATERIAL_PLANT,202612,2025-11-21,,397154.57,397154.57,1625.59,,100.0,100.0,,,,,100.0,0.0,1,,1.0,0.0,,100.0,,Single
6586,02201397,Entecavir_DC,BRAND_NODETYPE,202612,2025-11-28,,1779126.76,-1662617.0,1801.08,,77.17,88.15,,,,,100.0,0.0,1,,0.38,4.08,,100.0,,Single
6587,02201397,Entecavir_1298413_1007,BRAND_MATERIAL_PLANT,202612,2025-12-05,,282681.67,-282681.67,76.35,,100.0,100.0,,,,,100.0,0.0,1,,2.0,0.0,,100.0,,Single
6588,02201397,Entecavir_HALB,BRAND_MATERIAL_TYPE,202612,2025-12-12,,1873981.59,-1662784.98,96.63,,47.92,22.63,,,,,100.0,0.0,1,,0.46,4.35,,100.0,,Single
6589,02201397,Entecavir_1298413,BRAND_MATERIAL,202612,2025-12-17,,2377602.98,-2377602.98,203.4,,50.0,47.61,,,,,100.0,0.0,1,,3.0,0.0,,100.0,,Single
6590,02201397,Entecavir_1191737_1007,BRAND_MATERIAL_PLANT,202612,2025-12-19,,355550.58,355550.58,499.45,,100.0,100.0,,,,,100.0,0.0,1,,2.0,0.0,,100.0,,Single
6591,02201397,Entecavir_T,BRAND_NODETYPE,202612,2025-12-26,,251713.38,245591.27,209.45,,91.49,100.0,,,,,100.0,0.0,1,,0.23,2.33,,100.0,,Single
6592,02201397,Entecavir_DC,BRAND_NODETYPE,202612,2026-01-02,,5158873.89,3228216.26,83.16,,67.46,84.96,,,,,31.77,66.97,0,,0.7,2.35,,35.2,,Single
6593,02201397,Entecavir_T,BRAND_NODETYPE,202612,2026-01-09,,216794.48,153675.13,226.25,,80.85,61.71,,,,,100.0,0.0,1,,0.23,0.0,,100.0,,Single
6594,02201397,Entecavir_nan,BRAND_DOSAGE_FORM_PARENT,202612,2026-01-16,,1731444.43,1584374.65,110.83,,18.35,97.27,,,,,100.0,0.0,1,,0.21,0.0,,100.0,,Single
6595,02201397,Entecavir_DC,BRAND_NODETYPE,202612,2026-01-23,,5232589.78,3016675.61,82.38,,62.9,77.2,,,,,25.46,71.99,0,,1.02,6.41,,46.53,,Single
6596,02201397,Entecavir_HALB,BRAND_MATERIAL_TYPE,202612,2026-01-30,,4149758.83,-2776919.03,93.02,,38.3,82.88,,,,,100.0,0.0,1,,0.62,0.0,,100.0,,Single
6597,02201397,Entecavir_1199117,BRAND_MATERIAL,202612,2026-02-06,,1458922.24,1458922.24,207.14,,33.33,0.0,,,,,100.0,0.0,1,,0.67,0.0,,100.0,,Single
6598,02301320,Aztreonam_1394119,BRAND_MATERIAL,202612,2025-07-25,,33254.54,33254.54,801.83,,100.0,100.0,,,,,100.0,0.0,1,,0.67,0.0,,100.0,,Single
6599,02301320,Aztreonam_1265832_1651,BRAND_MATERIAL_PLANT,202612,2025-08-01,,148559.96,148559.96,135.28,,100.0,100.0,,,,,100.0,0.0,1,,1.0,0.0,,100.0,,Single
6600,02301320,Aztreonam_FIN,BRAND_MATERIAL_TYPE,202612,2025-08-08,,390517.83,215819.43,100.0,,86.49,100.0,,,,,100.0,0.0,1,,0.68,0.0,,100.0,,Single
6601,02301320,Aztreonam_FIN,BRAND_MATERIAL_TYPE,202612,2025-08-15,,90425.44,-90214.3,100.0,,86.49,100.0,,,,,100.0,0.0,1,,0.27,0.0,,100.0,,Single
6602,02301320,Aztreonam_2032,BRAND_PLANT,202612,2025-08-22,,8557.32,8557.32,274.31,,100.0,100.0,,,,,100.0,0.0,1,,1.0,0.0,,100.0,,Single
6603,02301320,Aztreonam_Internal,BRAND_PLANT_TYPE,202612,2025-08-29,,343026.91,-342122.47,101.88,,62.79,27.83,,,,,100.0,0.0,1,,0.16,0.0,,100.0,,Single
6604,02301320,Aztreonam_FIN,BRAND_MATERIAL_TYPE,202612,2025-09-05,,481540.62,286353.27,100.0,,70.59,53.59,,,,,100.0,0.0,1,,0.56,0.0,,100.0,,Single
6605,02301320,Aztreonam_1265844,BRAND_MATERIAL,202612,2025-09-12,,1693.18,1693.18,135.56,,66.67,100.0,,,,,100.0,0.0,1,,0.33,0.0,,100.0,,Single
6606,02301320,Aztreonam_1007,BRAND_PLANT,202612,2025-09-18,,173473.59,173473.59,73.51,,28.57,100.0,,,,,100.0,0.0,1,,0.14,0.0,,100.0,,Single
6607,02301320,Aztreonam_1651,BRAND_PLANT,202612,2025-09-19,,60492.56,-60492.56,120.55,,0.0,0.0,,,,,100.0,0.0,1,,2.0,,,100.0,,Single
6608,02301320,Aztreonam_FIN,BRAND_MATERIAL_TYPE,202612,2025-09-26,,41015.74,-41015.74,100.0,,96.43,100.0,,,,,100.0,0.0,1,,0.39,7.41,,100.0,,Single
6609,02301320,Aztreonam_2122,BRAND_PLANT,202612,2025-10-03,,770225.57,770225.57,138.38,,0.0,0.0,,,,,100.0,0.0,1,,1.0,,,100.0,,Single
6610,02301320,Aztreonam_2122,BRAND_PLANT,202612,2025-10-17,,770225.57,770225.57,137.7,,0.0,0.0,,,,,100.0,0.0,1,,1.0,,,100.0,,Single
6611,02301320,Aztreonam_External,BRAND_PLANT_TYPE,202612,2025-10-24,,28333.91,28002.68,165.18,,38.46,0.58,,,,,100.0,0.0,1,,0.23,0.0,,100.0,,Single
6612,02301320,Aztreonam_FIN,BRAND_MATERIAL_TYPE,202612,2025-10-31,,22330.55,-21968.78,100.0,,82.35,95.75,,,,,100.0,0.0,1,,0.38,0.0,,100.0,,Single
6613,02301320,Aztreonam_1265844,BRAND_MATERIAL,202612,2025-11-07,,166546.96,165007.71,336.78,,100.0,100.0,,,,,100.0,0.0,1,,1.0,0.0,,100.0,,Single
6614,02301320,Aztreonam_FIN,BRAND_MATERIAL_TYPE,202612,2025-11-14,,277989.07,-277989.07,100.0,,67.65,73.8,,,,,100.0,0.0,1,,0.21,0.0,,100.0,,Single
6615,02301320,Aztreonam_Internal,BRAND_PLANT_TYPE,202612,2025-11-19,,481359.95,-428218.31,157.26,,53.66,51.72,,,,,100.0,0.0,1,,0.54,4.55,,100.0,,Single
6616,02301320,Aztreonam_FIN,BRAND_MATERIAL_TYPE,202612,2025-11-21,,19054.9,-18994.24,100.0,,64.71,23.62,,,,,100.0,0.0,1,,0.41,0.0,,100.0,,Single
6617,02301320,Aztreonam_FIN,BRAND_MATERIAL_TYPE,202612,2025-11-28,,576181.66,-568986.67,100.0,,79.41,99.35,,,,,100.0,0.0,1,,0.56,0.0,,100.0,,Single
6618,02301320,Aztreonam_2058,BRAND_PLANT,202612,2025-12-05,,204778.22,204778.22,107.03,,100.0,100.0,,,,,100.0,0.0,1,,1.0,0.0,,100.0,,Single
6619,02301320,Aztreonam_DC,BRAND_NODETYPE,202612,2025-12-12,,429780.9,-429780.9,100.0,,51.16,5.65,,,,,100.0,0.0,1,,0.37,0.0,,100.0,,Single
6620,02301320,Aztreonam_DC,BRAND_NODETYPE,202612,2025-12-17,,1012178.1,-686114.69,100.27,,52.38,64.72,,,,,100.0,0.0,1,,0.76,4.55,,100.0,,Single
6621,02301320,Aztreonam_2053,BRAND_PLANT,202612,2025-12-19,,145739.86,145739.86,2233.74,,50.0,21.92,,,,,100.0,0.0,1,,2.0,0.0,,100.0,,Single
6622,02301320,Aztreonam_FIN,BRAND_MATERIAL_TYPE,202612,2025-12-26,,173348.99,-173309.3,100.0,,80.65,2.07,,,,,100.0,0.0,1,,0.52,4.0,,100.0,,Single
6623,02301320,Aztreonam_FIN,BRAND_MATERIAL_TYPE,202612,2026-01-02,,3182657.96,3169502.01,100.49,,68.97,0.3,,,,,100.46,-0.09,1,,0.59,10.0,,100.55,,Single
6624,02301320,Aztreonam_FIN,BRAND_MATERIAL_TYPE,202612,2026-01-09,,131874.72,-131874.72,100.0,,75.86,26.06,,,,,100.0,0.0,1,,0.45,4.55,,100.0,,Single
6625,02301320,Aztreonam_FIN,BRAND_MATERIAL_TYPE,202612,2026-01-16,,2202809.59,-2202614.81,100.0,,60.71,0.34,,,,,100.0,0.0,1,,0.79,5.88,,100.0,,Single
6626,02301320,Aztreonam_FIN,BRAND_MATERIAL_TYPE,202612,2026-01-23,,88086.93,-86574.48,84.85,,78.57,97.93,,,,,98.36,2.13,1,,0.89,4.55,,96.24,,Single
6627,02301320,Aztreonam_Internal,BRAND_PLANT_TYPE,202612,2026-01-30,,960033.0,-955267.06,100.67,,41.18,0.25,,,,,100.0,0.0,1,,0.29,0.0,,100.0,,Single
6628,02301320,Aztreonam_2055,BRAND_PLANT,202612,2026-02-06,,158460.61,158460.61,121.68,,0.0,0.0,,,,,100.0,0.0,1,,2.0,,,100.0,,Single
6629,02601220,Cephradine_PL,BRAND_NODETYPE,202612,2025-07-25,,365145.92,365145.92,240.18,,35.21,100.0,,,,,100.0,0.0,1,,0.04,0.0,,100.0,,Single
6630,02601220,Cephradine_Internal,BRAND_PLANT_TYPE,202612,2025-08-01,,31326.21,-31129.8,100.0,,28.87,100.0,,,,,100.0,0.0,1,,0.07,0.0,,100.0,,Single
6631,02601220,Cephradine_PL,BRAND_NODETYPE,202612,2025-08-08,,94320.9,89710.01,121.47,,35.21,100.0,,,,,100.0,0.0,1,,0.08,0.0,,100.0,,Single
6632,02601220,Cephradine_PL,BRAND_NODETYPE,202612,2025-08-15,,90723.01,-90524.16,120.92,,35.21,100.0,,,,,100.0,0.0,1,,0.13,0.0,,100.0,,Single
6633,02601220,Cephradine_PL,BRAND_NODETYPE,202612,2025-08-22,,232825.07,228121.6,107.39,,36.11,100.0,,,,,100.0,0.0,1,,0.15,0.0,,100.0,,Single
6634,02601220,Cephradine_PL,BRAND_NODETYPE,202612,2025-08-29,,589713.71,-583513.9,120.19,,34.72,86.44,,,,,100.0,0.0,1,,0.12,0.0,,100.0,,Single
6635,02601220,Cephradine_Internal,BRAND_PLANT_TYPE,202612,2025-09-05,,229285.93,225412.52,100.0,,23.47,64.35,,,,,100.0,0.0,1,,0.15,0.0,,100.0,,Single
6636,02601220,Cephradine_DRUG PRODUCT,BRAND_ENTERPRISE_CATEGORY,202612,2025-09-12,,108092.13,108092.13,214.84,,0.0,0.0,,,,,100.0,0.0,1,,1.0,,,100.0,,Single
6637,02601220,Cephradine_1165801_1721,BRAND_MATERIAL_PLANT,202612,2025-09-18,,332723.38,-332723.38,498203.33,,100.0,100.0,,,,,100.0,0.0,1,,1.0,0.0,,100.0,,Single
6638,02601220,Cephradine_PL,BRAND_NODETYPE,202612,2025-09-19,,106422.73,88788.39,100.0,,27.78,90.67,,,,,100.0,0.0,1,,0.6,10.0,,100.0,,Single
6639,02601220,Cephradine_CAPSULE,BRAND_DOSAGE_FORM_PARENT,202612,2025-09-26,,150323.17,-119581.73,100.01,,100.0,100.0,,,,,100.0,0.0,1,,1.57,0.0,,100.0,,Single
6640,02601220,Cephradine_PL,BRAND_NODETYPE,202612,2025-10-03,,356355.76,356318.38,177.85,,34.72,99.94,,,,,100.0,0.0,1,,0.04,0.0,,100.0,,Single
6641,02601220,Cephradine_1165801_1721,BRAND_MATERIAL_PLANT,202612,2025-10-17,,324569.12,324569.12,396.24,,100.0,100.0,,,,,100.0,0.0,1,,1.0,0.0,,100.0,,Single
6642,02601220,Cephradine_1279106,BRAND_MATERIAL,202612,2025-10-24,,132730.78,-132730.78,88.31,,100.0,100.0,,,,,100.0,0.0,1,,2.0,0.0,,100.0,,Single
6643,02601220,Cephradine_OTHER PROCESS MATERIALS,BRAND_ENTERPRISE_CATEGORY,202612,2025-10-31,,79996.24,79990.14,126.52,,100.0,100.0,,,,,100.0,0.0,1,,1.0,0.0,,100.0,,Single
6644,02601220,Cephradine_CAPSULE,BRAND_DOSAGE_FORM_PARENT,202612,2025-11-07,,256317.11,-230372.24,284.06,,75.0,59.2,,,,,100.0,0.0,1,,1.0,0.0,,100.0,,Single
6645,02601220,Cephradine_Internal,BRAND_PLANT_TYPE,202612,2025-11-14,,19866.07,-16057.57,100.0,,19.39,47.09,,,,,100.0,0.0,1,,0.29,0.0,,100.0,,Single
6646,02601220,Cephradine_1279106,BRAND_MATERIAL,202612,2025-11-19,,123299.87,123299.87,404.01,,100.0,100.0,,,,,100.0,0.0,1,,3.0,100.0,,100.0,,Single
6647,02601220,Cephradine_DC,BRAND_NODETYPE,202612,2025-11-21,,32529.63,-32529.63,272.5,,6.67,100.0,,,,,100.0,0.0,1,,0.13,50.0,,100.0,,Single
6648,02601220,Cephradine_FIN,BRAND_MATERIAL_TYPE,202612,2025-11-28,,23746.82,-23746.82,150.46,,20.0,100.0,,,,,100.0,0.0,1,,0.28,0.0,,100.0,,Single
6649,02601220,Cephradine_RAW,BRAND_MATERIAL_TYPE,202612,2025-12-05,,2905.23,2801.43,242.04,,50.0,100.0,,,,,100.0,0.0,1,,1.0,25.0,,100.0,,Single
6650,02601220,Cephradine_HALB,BRAND_MATERIAL_TYPE,202612,2025-12-12,,155415.18,155415.18,2802.29,,66.67,0.0,,,,,100.0,0.0,1,,0.33,0.0,,100.0,,Single
6651,02601220,Cephradine_1165801_1721,BRAND_MATERIAL_PLANT,202612,2025-12-17,,334025.49,-334025.49,512.65,,100.0,100.0,,,,,100.0,0.0,1,,1.0,0.0,,100.0,,Single
6652,02601220,Cephradine_1165801_1721,BRAND_MATERIAL_PLANT,202612,2025-12-19,,351593.42,-351593.42,108.53,,0.0,0.0,,,,,100.0,0.0,1,,2.0,,,100.0,,Single
6653,02601220,Cephradine_1165801_1721,BRAND_MATERIAL_PLANT,202612,2025-12-26,,373131.75,373131.75,284.89,,0.0,0.0,,,,,100.0,0.0,1,,1.0,,,100.0,,Single
6654,02601220,Cephradine_1165801_1721,BRAND_MATERIAL_PLANT,202612,2026-01-02,,345808.45,-345808.45,114.28,,0.0,0.0,,,,,100.0,0.0,1,,1.0,,,100.0,,Single
6655,02601220,Cephradine_RAW,BRAND_MATERIAL_TYPE,202612,2026-01-09,,138512.57,-138512.57,236.98,,37.5,99.98,,,,,100.0,0.0,1,,0.38,0.0,,100.0,,Single
6656,02601220,Cephradine_PL,BRAND_NODETYPE,202612,2026-01-16,,349794.62,-349782.31,100.0,,31.94,57.38,,,,,100.0,0.0,1,,0.38,0.0,,100.0,,Single
6657,02601220,Cephradine_Internal,BRAND_PLANT_TYPE,202612,2026-01-23,,503772.82,-445976.91,100.0,,17.53,45.32,,,,,100.0,0.0,1,,0.52,0.0,,100.0,,Single
6658,02601220,Cephradine_CAPSULE,BRAND_DOSAGE_FORM_PARENT,202612,2026-01-30,,700723.73,435781.82,169.37,,57.14,57.49,,,,,100.0,0.0,1,,1.43,0.0,,100.0,,Single
6659,02601220,Cephradine_PL,BRAND_NODETYPE,202612,2026-02-06,,671522.98,-483338.71,154.22,,23.61,47.95,,,,,100.0,0.0,1,,0.29,0.0,,100.0,,Single
6660,02701391,Atazanavir Cobicista_DC,BRAND_NODETYPE,202612,2025-07-25,,688236.65,-673954.35,100.0,,100.0,100.0,,,,,100.0,0.0,1,,0.53,0.0,,100.0,,Single
6661,02701391,Atazanavir Cobicista_1007,BRAND_PLANT,202612,2025-08-01,,714554.54,714554.54,115.35,,100.0,100.0,,,,,100.0,0.0,1,,0.8,0.0,,100.0,,Single
6662,02701391,Atazanavir Cobicista_1007,BRAND_PLANT,202612,2025-08-08,,387135.86,-319667.29,913.35,,100.0,100.0,,,,,100.0,0.0,1,,1.4,0.0,,100.0,,Single
6663,02701391,Atazanavir Cobicista_FIN,BRAND_MATERIAL_TYPE,202612,2025-08-15,,428854.94,-407931.91,114.65,,100.0,100.0,,,,,100.0,0.0,1,,0.76,0.0,,100.0,,Single
6664,02701391,Atazanavir Cobicista_1007,BRAND_PLANT,202612,2025-08-22,,122173.17,122173.17,101.9,,100.0,100.0,,,,,100.0,0.0,1,,0.8,0.0,,100.0,,Single
6665,02701391,Atazanavir Cobicista_TABLET,BRAND_DOSAGE_FORM_PARENT,202612,2025-08-29,,1114393.17,730980.69,148.28,,90.0,75.34,,,,,100.0,0.0,1,,0.5,0.0,,100.0,,Single
6666,02701391,Atazanavir Cobicista_DC,BRAND_NODETYPE,202612,2025-09-05,,632612.28,437639.11,184.3,,66.67,14.9,,,,,100.0,0.0,1,,0.73,10.0,,100.0,,Single
6667,02701391,Atazanavir Cobicista_1340896_2052,BRAND_MATERIAL_PLANT,202612,2025-09-12,,72756.28,72756.28,294.45,,100.0,100.0,,,,,100.0,0.0,1,,2.0,0.0,,100.0,,Single
6668,02701391,Atazanavir Cobicista_1322803_1007,BRAND_MATERIAL_PLANT,202612,2025-09-18,,238301.92,238301.92,126.29,,100.0,100.0,,,,,100.0,0.0,1,,4.0,0.0,,100.0,,Single
6669,02701391,Atazanavir Cobicista_FIN,BRAND_MATERIAL_TYPE,202612,2025-09-19,,247134.08,-247134.08,372.71,,70.59,0.0,,,,,100.0,0.0,1,,0.12,0.0,,100.0,,Single
6670,02701391,Atazanavir Cobicista_1372674,BRAND_MATERIAL,202612,2025-09-26,,194467.5,194467.5,2907.67,,100.0,100.0,,,,,100.0,0.0,1,,2.5,0.0,,100.0,,Single
6671,02701391,Atazanavir Cobicista_MARKET UNIT,BRAND_ENTERPRISE_CATEGORY,202612,2025-10-03,,385097.0,-341508.83,211.02,,77.78,50.63,,,,,100.0,0.0,1,,0.83,0.0,,100.0,,Single
6672,02701391,Atazanavir Cobicista_TABLET,BRAND_DOSAGE_FORM_PARENT,202612,2025-10-17,,682075.47,-553040.01,100.35,,90.0,96.04,,,,,100.0,0.0,1,,0.65,0.0,,100.0,,Single
6673,02701391,Atazanavir Cobicista_1352347_1007,BRAND_MATERIAL_PLANT,202612,2025-10-24,,1019695.22,-1019695.22,195.69,,0.0,0.0,,,,,100.0,0.0,1,,2.0,,,100.0,,Single
6674,02701391,Atazanavir Cobicista_FIN,BRAND_MATERIAL_TYPE,202612,2025-10-31,,6542.73,-6542.73,100.0,,82.35,20.29,,,,,100.0,0.0,1,,0.41,0.0,,100.0,,Single
6675,02701391,Atazanavir Cobicista_Internal,BRAND_PLANT_TYPE,202612,2025-11-07,,21491.6,21100.5,119.39,,100.0,100.0,,,,,100.0,0.0,1,,1.0,0.0,,100.0,,Single
6676,02701391,Atazanavir Cobicista_FIN,BRAND_MATERIAL_TYPE,202612,2025-11-14,,9489.9,9489.9,100.0,,100.0,100.0,,,,,100.0,0.0,1,,0.06,0.0,,100.0,,Single
6677,02701391,Atazanavir Cobicista_DRUG PRODUCT,BRAND_ENTERPRISE_CATEGORY,202612,2025-11-19,,693802.2,-693802.2,445.48,,100.0,100.0,,,,,100.0,0.0,1,,1.0,0.0,,100.0,,Single
6678,02701391,Atazanavir Cobicista_1322803_1007,BRAND_MATERIAL_PLANT,202612,2025-11-21,,38750.42,-38750.42,118.75,,0.0,0.0,,,,,100.0,0.0,1,,1.0,,,100.0,,Single
6679,02701391,Atazanavir Cobicista_FIN,BRAND_MATERIAL_TYPE,202612,2025-11-28,,4336.68,-4336.68,111.62,,88.24,95.44,,,,,100.0,0.0,1,,0.35,6.67,,100.0,,Single
6680,02701391,Atazanavir Cobicista_Internal,BRAND_PLANT_TYPE,202612,2025-12-05,,39197.33,38801.91,115.5,,90.0,20.3,,,,,100.0,0.0,1,,0.6,0.0,,100.0,,Single
6681,02701391,Atazanavir Cobicista_1007,BRAND_PLANT,202612,2025-12-12,,36239.03,36239.03,128.29,,100.0,100.0,,,,,100.0,0.0,1,,0.4,0.0,,100.0,,Single
6682,02701391,Atazanavir Cobicista_DC,BRAND_NODETYPE,202612,2025-12-17,,76898.63,52974.92,100.0,,92.86,96.14,,,,,100.0,0.0,1,,1.21,23.08,,100.0,,Single
6683,02701391,Atazanavir Cobicista_FIN,BRAND_MATERIAL_TYPE,202612,2025-12-19,,33940.35,-33940.35,100.0,,87.5,99.81,,,,,100.0,0.0,1,,0.75,7.14,,100.0,,Single
6684,02701391,Atazanavir Cobicista_1007,BRAND_PLANT,202612,2025-12-26,,6458.4,6458.4,2381.41,,100.0,100.0,,,,,100.0,0.0,1,,0.2,0.0,,100.0,,Single
6685,02701391,Atazanavir Cobicista_TABLET,BRAND_DOSAGE_FORM_PARENT,202612,2026-01-02,,5770872.02,5689515.7,100.0,,94.74,99.75,,,,,-1.18,101.88,-1,,0.95,0.0,,103.06,,Single
6686,02701391,Atazanavir Cobicista_1393934_2052,BRAND_MATERIAL_PLANT,202612,2026-01-09,,16180.56,16180.56,1210.96,,100.0,100.0,,,,,100.0,0.0,1,,1.0,0.0,,100.0,,Single
6687,02701391,Atazanavir Cobicista_1322803_1007,BRAND_MATERIAL_PLANT,202612,2026-01-16,,1201224.56,1201224.56,8198.96,,100.0,100.0,,,,,100.0,0.0,1,,2.0,0.0,,100.0,,Single
6688,02701391,Atazanavir Cobicista_TABLET,BRAND_DOSAGE_FORM_PARENT,202612,2026-01-23,,2291015.13,2179726.65,107.68,,68.42,19.14,,,,,-33.6,266.24,-1,,1.26,0.0,,299.84,,Single
6689,02701391,Atazanavir Cobicista_T,BRAND_NODETYPE,202612,2026-01-30,,573338.5,573338.5,139.49,,80.0,0.0,,,,,100.0,0.0,1,,0.2,0.0,,100.0,,Single
6690,02701391,Atazanavir Cobicista_1297924,BRAND_MATERIAL,202612,2026-02-06,,119009.87,-119009.87,108.32,,0.0,0.0,,,,,100.0,0.0,1,,3.0,,,100.0,,Single
6691,03101080,Fosinopril_Internal,BRAND_PLANT_TYPE,202612,2025-07-25,,17719.47,-17657.28,100.0,,9.46,100.0,,,,,100.0,0.0,1,,0.06,0.0,,100.0,,Single
6692,03101080,Fosinopril_PL,BRAND_NODETYPE,202612,2025-08-01,,358447.33,-358395.23,100.0,,28.57,100.0,,,,,100.0,0.0,1,,0.38,0.0,,100.0,,Single
6693,03101080,Fosinopril_TABLET,BRAND_DOSAGE_FORM_PARENT,202612,2025-08-08,,1491289.29,1457373.56,100.09,,100.0,100.0,,,,,100.0,0.0,1,,1.6,0.0,,100.0,,Single
6694,03101080,Fosinopril_Internal,BRAND_PLANT_TYPE,202612,2025-08-15,,1247684.12,-1247593.26,100.0,,9.46,100.0,,,,,100.0,0.0,1,,0.16,0.0,,100.0,,Single
6695,03101080,Fosinopril_Internal,BRAND_PLANT_TYPE,202612,2025-08-22,,633555.03,-633497.71,100.0,,9.46,100.0,,,,,100.0,0.0,1,,0.18,0.0,,100.0,,Single
6696,03101080,Fosinopril_DC,BRAND_NODETYPE,202612,2025-08-29,,199046.02,199046.02,132.58,,12.5,100.0,,,,,100.0,0.0,1,,0.06,0.0,,100.0,,Single
6697,03101080,Fosinopril_PL,BRAND_NODETYPE,202612,2025-09-05,,207572.16,169504.21,112.89,,21.43,51.43,,,,,100.0,0.0,1,,0.26,11.11,,100.0,,Single
6698,03101080,Fosinopril_DRUG PRODUCT,BRAND_ENTERPRISE_CATEGORY,202612,2025-09-12,,119481.13,-119481.13,145.56,,0.0,0.0,,,,,100.0,0.0,1,,1.0,,,100.0,,Single
6699,03101080,Fosinopril_1165795,BRAND_MATERIAL,202612,2025-09-18,,237331.55,237331.55,115.08,,100.0,100.0,,,,,100.0,0.0,1,,2.0,50.0,,100.0,,Single
6700,03101080,Fosinopril_TABLET,BRAND_DOSAGE_FORM_PARENT,202612,2025-09-19,,121715.19,116588.86,154.66,,80.0,99.03,,,,,100.0,0.0,1,,0.8,0.0,,100.0,,Single
6701,03101080,Fosinopril_nan,BRAND_DOSAGE_FORM_PARENT,202612,2025-09-26,,114426.29,114426.29,105.85,,87.5,98.85,,,,,100.0,0.0,1,,0.62,0.0,,100.0,,Single
6702,03101080,Fosinopril_FIN,BRAND_MATERIAL_TYPE,202612,2025-10-03,,190427.36,190427.36,88.85,,21.43,100.0,,,,,100.0,0.0,1,,0.07,0.0,,100.0,,Single
6703,03101080,Fosinopril_MARKET UNIT,BRAND_ENTERPRISE_CATEGORY,202612,2025-10-17,,515292.88,515292.88,96.85,,100.0,100.0,,,,,100.0,0.0,1,,1.0,0.0,,100.0,,Single
6704,03101080,Fosinopril_Internal,BRAND_PLANT_TYPE,202612,2025-10-24,,58562.22,-54550.24,100.0,,5.52,2.05,,,,,100.0,0.0,1,,0.05,0.0,,100.0,,Single
6705,03101080,Fosinopril_TABLET,BRAND_DOSAGE_FORM_PARENT,202612,2025-10-31,,184548.1,-184548.1,105.25,,100.0,100.0,,,,,100.0,0.0,1,,1.0,0.0,,100.0,,Single
6706,03101080,Fosinopril_FIN,BRAND_MATERIAL_TYPE,202612,2025-11-07,,184548.1,184548.1,100.34,,6.67,100.0,,,,,100.0,0.0,1,,0.07,0.0,,100.0,,Single
6707,03101080,Fosinopril_FIN,BRAND_MATERIAL_TYPE,202612,2025-11-14,,105102.7,-105102.7,100.0,,6.67,100.0,,,,,100.0,0.0,1,,0.07,0.0,,100.0,,Single
6708,03101080,Fosinopril_FIN,BRAND_MATERIAL_TYPE,202612,2025-11-19,,481322.9,-481322.9,100.68,,6.67,100.0,,,,,100.0,0.0,1,,0.13,0.0,,100.0,,Single
6709,03101080,Fosinopril_RAW,BRAND_MATERIAL_TYPE,202612,2025-11-21,,2588.21,-2588.21,100.0,,15.38,0.0,,,,,100.0,0.0,1,,0.15,0.0,,100.0,,Single
6710,03101080,Fosinopril_Internal,BRAND_PLANT_TYPE,202612,2025-12-05,,189773.97,-189773.97,100.0,,6.99,100.0,,,,,100.0,0.0,1,,0.01,0.0,,100.0,,Single
6711,03101080,Fosinopril_FIN,BRAND_MATERIAL_TYPE,202612,2025-12-12,,576.71,-576.71,100.0,,6.67,100.0,,,,,100.0,0.0,1,,0.13,0.0,,100.0,,Single
6712,03101080,Fosinopril_Internal,BRAND_PLANT_TYPE,202612,2025-12-17,,192974.33,-192974.33,100.0,,6.99,100.0,,,,,100.0,0.0,1,,0.03,0.0,,100.0,,Single
6713,03101080,Fosinopril_RAW,BRAND_MATERIAL_TYPE,202612,2025-12-26,,35.45,-35.45,122.06,,25.0,100.0,,,,,100.0,0.0,1,,0.08,0.0,,100.0,,Single
6714,03101080,Fosinopril_API,BRAND_ENTERPRISE_CATEGORY,202612,2026-01-02,,2145002.41,2145002.13,87.7,,66.67,80.0,,,,,100.0,0.0,1,,0.5,0.0,,100.0,,Single
6715,03101080,Fosinopril_RAW,BRAND_MATERIAL_TYPE,202612,2026-01-09,,531.8,-531.8,100.0,,25.0,100.0,,,,,100.0,0.0,1,,0.08,0.0,,100.0,,Single
6716,03101080,Fosinopril_nan,BRAND_DOSAGE_FORM_PARENT,202612,2026-01-16,,815.72,-815.72,100.0,,7.38,0.01,,,,,100.0,0.0,1,,0.03,0.0,,100.0,,Single
6717,03101080,Fosinopril_nan,BRAND_DOSAGE_FORM_PARENT,202612,2026-01-23,,1294628.26,-1285251.44,130.6,,4.03,0.77,,,,,100.0,0.0,1,,0.08,0.0,,100.0,,Single
6718,03101080,Fosinopril_HALB,BRAND_MATERIAL_TYPE,202612,2026-01-30,,3362072.99,-3362072.99,95.89,,37.5,0.0,,,,,100.0,0.0,1,,0.62,0.0,,100.0,,Single
6719,03101080,Fosinopril_FIN,BRAND_MATERIAL_TYPE,202612,2026-02-06,,521035.99,-521035.99,100.39,,6.25,0.0,,,,,100.0,0.0,1,,0.12,0.0,,100.0,,Single
6720,03301412,EMPLICITI elotuzumab_DC,BRAND_NODETYPE,202612,2025-07-25,,7308354.49,5901653.71,546.21,,93.24,100.0,,,,,100.0,0.0,1,,0.32,0.0,,100.0,,Single
6721,03301412,EMPLICITI elotuzumab_1513,BRAND_PLANT,202612,2025-08-01,,1776074.63,1776074.63,170.9,,38.89,100.0,,,,,100.0,0.0,1,,0.06,0.0,,100.0,,Single
6722,03301412,EMPLICITI elotuzumab_Internal,BRAND_PLANT_TYPE,202612,2025-08-08,,163657184.48,155766243.33,271.84,,65.56,100.0,,,,,100.0,0.0,1,,0.45,0.0,,100.0,,Single
6723,03301412,EMPLICITI elotuzumab_INJECTION,BRAND_DOSAGE_FORM_PARENT,202612,2025-08-15,,215320036.23,-187257046.12,106.56,,94.59,100.0,,,,,100.0,0.0,1,,0.53,0.0,,100.0,,Single
6724,03301412,EMPLICITI elotuzumab_HALB,BRAND_MATERIAL_TYPE,202612,2025-08-22,,130640902.67,107318689.69,93.87,,94.34,100.0,,,,,100.0,0.0,1,,0.55,0.0,,100.0,,Single
6725,03301412,EMPLICITI elotuzumab_1273805_1513,BRAND_MATERIAL_PLANT,202612,2025-08-29,,9229880.57,-9229880.57,11320.91,,0.0,0.0,,,,,100.0,0.0,1,,1.0,,,100.0,,Single
6726,03301412,EMPLICITI elotuzumab_INJECTION,BRAND_DOSAGE_FORM_PARENT,202612,2025-09-05,,45236331.5,-19788848.26,989.47,,84.55,56.77,,,,,100.0,0.0,1,,0.62,2.15,,100.0,,Single
6727,03301412,EMPLICITI elotuzumab_HALB,BRAND_MATERIAL_TYPE,202612,2025-09-12,,34014596.89,33691854.09,100.14,,77.36,3.63,,,,,100.0,0.0,1,,0.42,0.0,,100.0,,Single
6728,03301412,EMPLICITI elotuzumab_nan,BRAND_DOSAGE_FORM_PARENT,202612,2025-09-18,,50638188.64,50512602.74,163.04,,40.87,67.63,,,,,100.0,0.0,1,,0.41,2.13,,100.0,,Single
6729,03301412,EMPLICITI elotuzumab_1513,BRAND_PLANT,202612,2025-09-19,,1147478.85,-1138079.68,171.86,,35.62,99.61,,,,,100.0,0.0,1,,0.19,0.0,,100.0,,Single
6730,03301412,EMPLICITI elotuzumab_1513,BRAND_PLANT,202612,2025-09-26,,24545249.22,-24545223.85,132.58,,88.89,12.63,,,,,87.39,12.61,1,,0.48,4.17,,74.78,,Single
6731,03301412,EMPLICITI elotuzumab_nan,BRAND_DOSAGE_FORM_PARENT,202612,2025-10-03,,50097587.11,-49254393.94,132.59,,44.17,91.01,,,,,100.0,0.0,1,,0.2,0.0,,100.0,,Single
6732,03301412,EMPLICITI elotuzumab_1273805,BRAND_MATERIAL,202612,2025-10-17,,45304018.64,-45304018.64,114.02,,66.67,43.66,,,,,100.0,0.0,1,,1.0,0.0,,100.0,,Single
6733,03301412,EMPLICITI elotuzumab_External,BRAND_PLANT_TYPE,202612,2025-10-24,,6664729.27,5177710.35,750.22,,73.33,44.19,,,,,100.0,0.0,1,,0.36,0.0,,100.0,,Single
6734,03301412,EMPLICITI elotuzumab_1424403_1761,BRAND_MATERIAL_PLANT,202612,2025-10-31,,1229450.28,-1229450.28,892.12,,100.0,100.0,,,,,100.0,0.0,1,,2.0,100.0,,100.0,,Single
6735,03301412,EMPLICITI elotuzumab_External,BRAND_PLANT_TYPE,202612,2025-11-07,,13013909.38,-6587329.81,506.96,,66.67,57.51,,,,,100.0,0.0,1,,0.64,0.0,,100.0,,Single
6736,03301412,EMPLICITI elotuzumab_1355214_1513,BRAND_MATERIAL_PLANT,202612,2025-11-14,,1787608.25,1787608.25,292.32,,0.0,0.0,,,,,100.0,0.0,1,,1.0,,,100.0,,Single
6737,03301412,EMPLICITI elotuzumab_External,BRAND_PLANT_TYPE,202612,2025-11-19,,16537391.77,-8810613.28,485.65,,68.89,75.17,,,,,100.0,0.0,1,,0.47,0.0,,100.0,,Single
6738,03301412,EMPLICITI elotuzumab_1424403_1610,BRAND_MATERIAL_PLANT,202612,2025-11-21,,1776048.32,1776048.32,1714.23,,100.0,100.0,,,,,100.0,0.0,1,,2.0,0.0,,100.0,,Single
6739,03301412,EMPLICITI elotuzumab_1372357_1513,BRAND_MATERIAL_PLANT,202612,2025-11-28,,9189466.55,-9189466.55,330.85,,100.0,100.0,,,,,100.0,0.0,1,,1.0,0.0,,100.0,,Single
6740,03301412,EMPLICITI elotuzumab_1372357_1513,BRAND_MATERIAL_PLANT,202612,2025-12-05,,9189466.55,9189466.55,2167.92,,0.0,0.0,,,,,100.0,0.0,1,,1.0,,,100.0,,Single
6741,03301412,EMPLICITI elotuzumab_HALB,BRAND_MATERIAL_TYPE,202612,2025-12-12,,2561175.01,-2548441.69,258.8,,81.82,91.21,,,,,100.0,0.0,1,,0.53,2.22,,100.0,,Single
6742,03301412,EMPLICITI elotuzumab_INJECTION,BRAND_DOSAGE_FORM_PARENT,202612,2025-12-17,,20620573.17,-13316164.34,249.58,,82.88,87.26,,,,,100.0,0.0,1,,0.79,2.17,,100.0,,Single
6743,03301412,EMPLICITI elotuzumab_INJECTION,BRAND_DOSAGE_FORM_PARENT,202612,2025-12-19,,13648420.36,-10361580.45,785.07,,77.88,23.22,,,,,100.0,0.0,1,,0.54,3.41,,100.0,,Single
6744,03301412,EMPLICITI elotuzumab_External,BRAND_PLANT_TYPE,202612,2025-12-26,,3146699.26,-2462167.3,356.14,,85.71,41.39,,,,,100.0,0.0,1,,0.48,0.0,,100.0,,Single
6745,03301412,EMPLICITI elotuzumab_1424374_1610,BRAND_MATERIAL_PLANT,202612,2026-01-02,,1951262.78,1951262.78,139.48,,0.0,0.0,,,,,106.99,-0.06,1,,1.0,,,107.05,,Single
6746,03301412,EMPLICITI elotuzumab_INJECTION,BRAND_DOSAGE_FORM_PARENT,202612,2026-01-09,,6479817.65,-5288797.94,1002.97,,83.49,96.4,,,,,100.0,0.0,1,,0.2,0.0,,100.0,,Single
6747,03301412,EMPLICITI elotuzumab_1761,BRAND_PLANT,202612,2026-01-16,,9028661.87,-8837030.02,435.36,,95.24,98.94,,,,,100.0,0.0,1,,0.24,0.0,,100.0,,Single
6748,03301412,EMPLICITI elotuzumab_PL,BRAND_NODETYPE,202612,2026-01-23,,24649549.26,18952596.58,167.05,,39.18,28.1,,,,,93.59,3.77,1,,0.43,0.0,,89.82,,Single
6749,03301412,EMPLICITI elotuzumab_1761,BRAND_PLANT,202612,2026-01-30,,8378371.02,-7824947.8,120.26,,85.71,35.62,,,,,100.0,0.0,1,,0.9,0.0,,100.0,,Single
6750,03301412,EMPLICITI elotuzumab_T,BRAND_NODETYPE,202612,2026-02-06,,7052112.21,6963621.49,232.48,,80.95,70.21,,,,,100.0,0.0,1,,0.29,0.0,,100.0,,Single
6751,03301422,OPDUALAG (nivolumab)_1395593_1749,BRAND_MATERIAL_PLANT,202612,2025-07-25,,6537034.36,-6537034.36,830.91,,100.0,100.0,,,,,100.0,0.0,1,,1.0,0.0,,100.0,,Single
6752,03301422,OPDUALAG (nivolumab)_1446018_1708,BRAND_MATERIAL_PLANT,202612,2025-08-01,,1760103.14,-1760103.14,95.74,,100.0,100.0,,,,,100.0,0.0,1,,1.0,0.0,,100.0,,Single
6753,03301422,OPDUALAG (nivolumab)_1423576,BRAND_MATERIAL,202612,2025-08-08,,3499204.18,3494634.04,64.67,,100.0,100.0,,,,,100.0,0.0,1,,0.67,0.0,,100.0,,Single
6754,03301422,OPDUALAG (nivolumab)_DC,BRAND_NODETYPE,202612,2025-08-15,,7264043.48,-7244299.44,132.27,,91.23,100.0,,,,,100.0,0.0,1,,0.26,0.0,,100.0,,Single
6755,03301422,OPDUALAG (nivolumab)_1374115_1708,BRAND_MATERIAL_PLANT,202612,2025-08-22,,7115133.75,-7115133.75,1360.27,,100.0,100.0,,,,,100.0,0.0,1,,2.0,0.0,,100.0,,Single
6756,03301422,OPDUALAG (nivolumab)_1446018_1708,BRAND_MATERIAL_PLANT,202612,2025-08-29,,10560618.84,-10560618.84,95.2,,0.0,0.0,,,,,100.0,0.0,1,,1.0,,,100.0,,Single
6757,03301422,OPDUALAG (nivolumab)_1423576,BRAND_MATERIAL,202612,2025-09-05,,4792046.13,4792046.13,896.9,,60.0,0.01,,,,,100.0,0.0,1,,0.8,0.0,,100.0,,Single
6758,03301422,OPDUALAG (nivolumab)_1395593_1749,BRAND_MATERIAL_PLANT,202612,2025-09-12,,3288269.76,3288269.76,93.94,,100.0,100.0,,,,,100.0,0.0,1,,1.0,0.0,,100.0,,Single
6759,03301422,OPDUALAG (nivolumab)_nan,BRAND_DOSAGE_FORM_PARENT,202612,2025-09-18,,10560618.84,-10560618.84,121.5,,100.0,100.0,,,,,100.0,0.0,1,,0.5,0.0,,100.0,,Single
6760,03301422,OPDUALAG (nivolumab)_HALB,BRAND_MATERIAL_TYPE,202612,2025-09-19,,6751636.58,-4052529.27,785.64,,81.82,84.58,,,,,100.0,0.0,1,,1.18,11.11,,100.0,,Single
6761,03301422,OPDUALAG (nivolumab)_1395593_1749,BRAND_MATERIAL_PLANT,202612,2025-09-26,,3134427.48,-3134427.48,120.7,,100.0,100.0,,,,,100.0,0.0,1,,2.0,0.0,,100.0,,Single
6762,03301422,OPDUALAG (nivolumab)_T,BRAND_NODETYPE,202612,2025-10-03,,3288953.56,-2768428.67,1528.17,,78.95,41.11,,,,,100.0,0.0,1,,0.32,0.0,,100.0,,Single
6763,03301422,OPDUALAG (nivolumab)_1374115_1749,BRAND_MATERIAL_PLANT,202612,2025-10-17,,3566819.4,3566819.4,166.87,,100.0,100.0,,,,,100.0,0.0,1,,1.0,0.0,,100.0,,Single
6764,03301422,OPDUALAG (nivolumab)_1446018_1708,BRAND_MATERIAL_PLANT,202612,2025-10-24,,3698956.29,3698956.29,91.13,,100.0,100.0,,,,,100.0,0.0,1,,2.0,100.0,,100.0,,Single
6765,03301422,OPDUALAG (nivolumab)_HALB,BRAND_MATERIAL_TYPE,202612,2025-10-31,,879687.22,797292.48,1017.64,,63.64,25.83,,,,,100.0,0.0,1,,0.82,0.0,,100.0,,Single
6766,03301422,OPDUALAG (nivolumab)_Internal,BRAND_PLANT_TYPE,202612,2025-11-07,,11121758.44,-10348373.72,123.29,,72.0,10.2,,,,,100.0,0.0,1,,0.7,0.0,,100.0,,Single
6767,03301422,OPDUALAG (nivolumab)_DC,BRAND_NODETYPE,202612,2025-11-14,,27478847.16,25645313.57,131.21,,71.67,93.39,,,,,100.0,0.0,1,,0.3,0.0,,100.0,,Single
6768,03301422,OPDUALAG (nivolumab)_External,BRAND_PLANT_TYPE,202612,2025-11-19,,30583024.24,27560366.7,226.83,,55.88,62.51,,,,,100.0,0.0,1,,0.85,0.0,,100.0,,Single
6769,03301422,OPDUALAG (nivolumab)_1761,BRAND_PLANT,202612,2025-11-21,,1484679.12,-1237763.26,7518.89,,81.82,65.49,,,,,100.0,0.0,1,,0.23,0.0,,100.0,,Single
6770,03301422,OPDUALAG (nivolumab)_DC,BRAND_NODETYPE,202612,2025-11-28,,3027542.64,-1636252.08,14969.37,,79.03,61.54,,,,,100.0,0.0,1,,0.48,0.0,,100.0,,Single
6771,03301422,OPDUALAG (nivolumab)_DC,BRAND_NODETYPE,202612,2025-12-05,,2595264.65,2415700.51,349.92,,70.49,47.1,,,,,100.0,0.0,1,,0.84,2.33,,100.0,,Single
6772,03301422,OPDUALAG (nivolumab)_External,BRAND_PLANT_TYPE,202612,2025-12-12,,144748.84,144748.84,102.06,,82.86,100.0,,,,,100.0,0.0,1,,0.29,0.0,,100.0,,Single
6773,03301422,OPDUALAG (nivolumab)_Internal,BRAND_PLANT_TYPE,202612,2025-12-17,,5199964.08,3101484.1,871.09,,71.15,54.77,,,,,100.0,0.0,1,,0.77,2.7,,100.0,,Single
6774,03301422,OPDUALAG (nivolumab)_1395593_1749,BRAND_MATERIAL_PLANT,202612,2025-12-19,,5411184.06,5411184.06,195.0,,100.0,100.0,,,,,100.0,0.0,1,,2.0,100.0,,100.0,,Single
6775,03301422,OPDUALAG (nivolumab)_INJECTION,BRAND_DOSAGE_FORM_PARENT,202612,2025-12-26,,4436382.68,-4421511.67,511.78,,78.31,99.99,,,,,100.0,0.0,1,,0.14,0.0,,100.0,,Single
6776,03301422,OPDUALAG (nivolumab)_HALB,BRAND_MATERIAL_TYPE,202612,2026-01-02,,42886241.32,40804629.02,80.97,,72.73,87.12,,,,,-0.49,100.66,-1,,0.45,0.0,,101.14,,Dual
6777,03301422,OPDUALAG (nivolumab)_FIN,BRAND_MATERIAL_TYPE,202612,2026-01-02,,11945064.12,9587600.96,19.03,,85.53,99.84,,,,,3.63,96.03,-1,,0.57,3.08,,92.4,,Dual
6778,03301422,OPDUALAG (nivolumab)_HALB,BRAND_MATERIAL_TYPE,202612,2026-01-09,,2655874.35,-2651241.37,92.25,,81.82,100.0,,,,,100.0,0.0,1,,0.55,0.0,,100.0,,Single
6779,03301422,OPDUALAG (nivolumab)_1395593_1749,BRAND_MATERIAL_PLANT,202612,2026-01-16,,10819664.45,10819664.45,316.57,,100.0,100.0,,,,,100.0,0.0,1,,1.0,0.0,,100.0,,Single
6780,03301422,OPDUALAG (nivolumab)_HALB,BRAND_MATERIAL_TYPE,202612,2026-01-23,,61593850.29,48140378.19,90.97,,63.64,45.3,,,,,12.32,83.7,0,,0.91,0.0,,71.38,,Single
6781,03301422,OPDUALAG (nivolumab)_1423992_1749,BRAND_MATERIAL_PLANT,202612,2026-01-30,,835602.81,835602.81,204.24,,100.0,100.0,,,,,100.0,0.0,1,,3.0,0.0,,100.0,,Single
6782,03301422,OPDUALAG (nivolumab)_1395593_1749,BRAND_MATERIAL_PLANT,202612,2026-02-06,,637530.99,637530.99,58.03,,100.0,100.0,,,,,100.0,0.0,1,,1.0,0.0,,100.0,,Single
6783,03301425,ANTI-LAG3_HALB,BRAND_MATERIAL_TYPE,202612,2025-07-25,,714836.94,714836.94,100.0,,100.0,100.0,,,,,100.0,0.0,1,,0.5,0.0,,100.0,,Single
6784,03301425,ANTI-LAG3_HALB,BRAND_MATERIAL_TYPE,202612,2025-08-01,,49109.42,49109.42,100.0,,100.0,100.0,,,,,100.0,0.0,1,,1.0,0.0,,100.0,,Single
6785,03301425,ANTI-LAG3_HALB,BRAND_MATERIAL_TYPE,202612,2025-08-08,,44169.01,44169.01,100.0,,100.0,100.0,,,,,100.0,0.0,1,,1.5,0.0,,100.0,,Single
6786,03301425,ANTI-LAG3_PL,BRAND_NODETYPE,202612,2025-08-22,,1429673.88,-1429673.88,200.86,,100.0,100.0,,,,,100.0,0.0,1,,1.0,0.0,,100.0,,Single
6787,03301425,ANTI-LAG3_HALB,BRAND_MATERIAL_TYPE,202612,2025-08-29,,85780.43,85780.43,100.0,,100.0,100.0,,,,,100.0,0.0,1,,0.5,0.0,,100.0,,Single
6788,03301425,ANTI-LAG3_PL,BRAND_NODETYPE,202612,2025-09-26,,85780.43,85780.43,100.0,,100.0,100.0,,,,,100.0,0.0,1,,0.5,0.0,,100.0,,Single
6789,03301425,ANTI-LAG3_DC,BRAND_NODETYPE,202612,2025-10-17,,717885.72,717885.72,808.16,,100.0,100.0,,,,,100.0,0.0,1,,1.0,0.0,,100.0,,Single
6790,03301425,ANTI-LAG3_PL,BRAND_NODETYPE,202612,2025-10-24,,883023.77,-883023.77,534.72,,100.0,100.0,,,,,100.0,0.0,1,,1.0,0.0,,100.0,,Single
6791,03301425,ANTI-LAG3_HALB,BRAND_MATERIAL_TYPE,202612,2025-10-31,,85780.43,85780.43,100.0,,100.0,100.0,,,,,100.0,0.0,1,,0.33,0.0,,100.0,,Single
6792,03301425,ANTI-LAG3_DC,BRAND_NODETYPE,202612,2025-11-07,,717885.72,717885.72,23546.64,,100.0,100.0,,,,,100.0,0.0,1,,1.0,0.0,,100.0,,Single
6793,03301425,ANTI-LAG3_PL,BRAND_NODETYPE,202612,2025-11-14,,276340.27,276340.27,100.0,,50.0,0.0,,,,,100.0,0.0,1,,0.5,0.0,,100.0,,Single
6794,03301425,ANTI-LAG3_DC,BRAND_NODETYPE,202612,2025-11-19,,717885.72,717885.72,364.44,,100.0,100.0,,,,,100.0,0.0,1,,1.0,0.0,,100.0,,Single
6795,03301425,ANTI-LAG3_1381243,BRAND_MATERIAL,202612,2025-12-19,,1104896.39,1104896.39,100.0,,100.0,100.0,,,,,100.0,0.0,1,,1.0,0.0,,100.0,,Single
6796,03301425,ANTI-LAG3_PL,BRAND_NODETYPE,202612,2025-12-26,,714836.94,714836.94,100.0,,50.0,0.0,,,,,100.0,0.0,1,,1.0,0.0,,100.0,,Single
6797,03301425,ANTI-LAG3_1381243,BRAND_MATERIAL,202612,2026-01-02,,2456918.88,2456918.88,100.0,,50.0,61.35,,,,,0.0,100.0,-1,,0.5,0.0,,100.0,,Single
6798,03301425,ANTI-LAG3_PL,BRAND_NODETYPE,202612,2026-01-09,,2158011.18,2158011.18,1861.44,,100.0,100.0,,,,,100.0,0.0,1,,0.5,0.0,,100.0,,Single
6799,03301425,ANTI-LAG3_DC,BRAND_NODETYPE,202612,2026-01-16,,2042079.12,-2042079.12,199.39,,100.0,100.0,,,,,100.0,0.0,1,,2.0,0.0,,100.0,,Single
6800,03301425,ANTI-LAG3_PL,BRAND_NODETYPE,202612,2026-01-23,,5227430.41,5227430.41,155.19,,0.0,0.0,,,,,63.74,9.23,1,,3.0,,,54.51,,Single
6801,03301425,ANTI-LAG3_HALB,BRAND_MATERIAL_TYPE,202612,2026-01-30,,228481.72,-228481.72,100.0,,50.0,0.0,,,,,100.0,0.0,1,,0.5,0.0,,100.0,,Single
6802,03301490,Taxol_FIN,BRAND_MATERIAL_TYPE,202612,2026-01-02,,0.0,0.0,100.0,,2.5,100.0,,,,,0.0,100.0,-1,,0.0,0.0,,100.0,,Single
6803,03301490,Taxol_FIN,BRAND_MATERIAL_TYPE,202612,2026-01-23,,0.0,0.0,100.0,,2.5,100.0,,,,,0.0,100.0,-1,,0.0,0.0,,100.0,,Single
6804,03301502,SPRYCEL (dasatinib)_1294053_1763,BRAND_MATERIAL_PLANT,202612,2025-07-25,,145035.04,145035.04,863.92,,100.0,100.0,,,,,100.0,0.0,1,,1.0,0.0,,100.0,,Single
6805,03301502,SPRYCEL (dasatinib)_External,BRAND_PLANT_TYPE,202612,2025-08-01,,381294.54,201420.29,341.49,,94.8,100.0,,,,,100.0,0.0,1,,0.19,0.0,,100.0,,Single
6806,03301502,SPRYCEL (dasatinib)_External,BRAND_PLANT_TYPE,202612,2025-08-08,,4365855.2,2527843.17,79.78,,94.77,100.0,,,,,100.0,0.0,1,,0.52,0.0,,100.0,,Dual
6807,03301502,SPRYCEL (dasatinib)_Internal,BRAND_PLANT_TYPE,202612,2025-08-08,,2425546.81,640837.95,20.22,,80.14,100.0,,,,,100.0,0.0,1,,0.55,0.0,,100.0,,Dual
6808,03301502,SPRYCEL (dasatinib)_FIN,BRAND_MATERIAL_TYPE,202612,2025-08-15,,2964976.13,-1901129.1,65.26,,95.24,100.0,,,,,100.0,0.0,1,,0.31,0.0,,100.0,,Dual
6809,03301502,SPRYCEL (dasatinib)_HALB,BRAND_MATERIAL_TYPE,202612,2025-08-15,,3601591.01,-1012239.33,34.74,,98.25,100.0,,,,,100.0,0.0,1,,0.65,0.0,,100.0,,Dual
6810,03301502,SPRYCEL (dasatinib)_1318918_1718,BRAND_MATERIAL_PLANT,202612,2025-08-22,,339796.8,-339796.8,822.39,,100.0,100.0,,,,,100.0,0.0,1,,1.0,0.0,,100.0,,Single
6811,03301502,SPRYCEL (dasatinib)_External,BRAND_PLANT_TYPE,202612,2025-08-29,,538886.53,-382161.67,134.56,,91.76,73.43,,,,,100.0,0.0,1,,0.21,0.0,,100.0,,Single
6812,03301502,SPRYCEL (dasatinib)_TABLET,BRAND_DOSAGE_FORM_PARENT,202612,2025-09-05,,2602844.82,520599.19,129.39,,85.15,52.47,,,,,100.0,0.0,1,,0.58,0.66,,100.0,,Single
6813,03301502,SPRYCEL (dasatinib)_1007,BRAND_PLANT,202612,2025-09-12,,476633.37,301800.92,395.54,,85.71,86.67,,,,,100.0,0.0,1,,0.41,2.38,,100.0,,Single
6814,03301502,SPRYCEL (dasatinib)_Internal,BRAND_PLANT_TYPE,202612,2025-09-18,,2241261.6,766149.49,140.57,,64.86,43.95,,,,,100.0,0.0,1,,0.7,0.56,,100.0,,Single
6815,03301502,SPRYCEL (dasatinib)_DC,BRAND_NODETYPE,202612,2025-09-19,,1427553.18,496396.56,110.53,,76.8,24.96,,,,,100.0,0.0,1,,0.62,2.08,,100.0,,Single
6816,03301502,SPRYCEL (dasatinib)_1416274,BRAND_MATERIAL,202612,2025-09-26,,173706.28,173706.28,1369.13,,100.0,100.0,,,,,100.0,0.0,1,,2.5,0.0,,100.0,,Single
6817,03301502,SPRYCEL (dasatinib)_T,BRAND_NODETYPE,202612,2025-10-03,,732622.33,651971.08,159.97,,92.38,82.03,,,,,100.0,0.0,1,,0.3,0.0,,100.0,,Single
6818,03301502,SPRYCEL (dasatinib)_External,BRAND_PLANT_TYPE,202612,2025-10-17,,2018878.35,908897.25,312.12,,80.36,60.72,,,,,100.0,0.0,1,,0.4,0.0,,100.0,,Single
6819,03301502,SPRYCEL (dasatinib)_FIN,BRAND_MATERIAL_TYPE,202612,2025-10-24,,6411389.47,5138268.42,129.19,,73.09,51.32,,,,,100.0,0.0,1,,0.59,2.93,,100.0,,Single
6820,03301502,SPRYCEL (dasatinib)_1254983_1748,BRAND_MATERIAL_PLANT,202612,2025-10-31,,108836.82,-108836.82,132.91,,0.0,0.0,,,,,100.0,0.0,1,,1.0,,,100.0,,Single
6821,03301502,SPRYCEL (dasatinib)_FIN,BRAND_MATERIAL_TYPE,202612,2025-11-07,,6191637.98,-5009563.67,131.23,,74.77,10.7,,,,,100.0,0.0,1,,0.63,2.03,,100.0,,Single
6822,03301502,SPRYCEL (dasatinib)_TABLET,BRAND_DOSAGE_FORM_PARENT,202612,2025-11-14,,1325708.16,339095.09,336.84,,89.11,77.44,,,,,100.0,0.0,1,,0.29,0.96,,100.0,,Single
6823,03301502,SPRYCEL (dasatinib)_DC,BRAND_NODETYPE,202612,2025-11-19,,2288047.44,615546.13,179.96,,82.04,72.8,,,,,100.0,0.0,1,,0.93,1.99,,100.0,,Single
6824,03301502,SPRYCEL (dasatinib)_1318918_1007,BRAND_MATERIAL_PLANT,202612,2025-11-21,,294412.98,294412.98,498.07,,100.0,100.0,,,,,100.0,0.0,1,,2.0,0.0,,100.0,,Single
6825,03301502,SPRYCEL (dasatinib)_DC,BRAND_NODETYPE,202612,2025-11-28,,1199540.48,-929205.76,164.64,,86.94,38.54,,,,,100.0,0.0,1,,0.42,1.88,,100.0,,Single
6826,03301502,SPRYCEL (dasatinib)_FIN,BRAND_MATERIAL_TYPE,202612,2025-12-05,,765740.15,241521.22,152.34,,86.42,69.31,,,,,100.0,0.0,1,,0.5,1.43,,100.0,,Single
6827,03301502,SPRYCEL (dasatinib)_1425498_1718,BRAND_MATERIAL_PLANT,202612,2025-12-12,,123574.25,-123574.25,209.39,,100.0,100.0,,,,,100.0,0.0,1,,1.0,0.0,,100.0,,Single
6828,03301502,SPRYCEL (dasatinib)_DC,BRAND_NODETYPE,202612,2025-12-17,,2470671.2,-658290.51,150.0,,85.02,64.89,,,,,100.0,0.0,1,,0.78,1.43,,100.0,,Single
6829,03301502,SPRYCEL (dasatinib)_1425498_1718,BRAND_MATERIAL_PLANT,202612,2025-12-19,,110347.73,-110347.73,71.35,,100.0,100.0,,,,,100.0,0.0,1,,1.0,0.0,,100.0,,Single
6830,03301502,SPRYCEL (dasatinib)_1318918_1718,BRAND_MATERIAL_PLANT,202612,2025-12-26,,298181.09,-298181.09,214.54,,100.0,100.0,,,,,100.0,0.0,1,,1.0,0.0,,100.0,,Single
6831,03301502,SPRYCEL (dasatinib)_External,BRAND_PLANT_TYPE,202612,2026-01-02,,6471600.07,6139334.05,81.39,,88.48,95.78,,,,,5.54,90.03,-1,,0.3,0.0,,84.49,,Dual
6832,03301502,SPRYCEL (dasatinib)_Internal,BRAND_PLANT_TYPE,202612,2026-01-02,,1999276.02,1403893.58,18.61,,74.63,87.05,,,,,-4.31,110.56,-1,,0.43,0.99,,114.87,,Dual
6833,03301502,SPRYCEL (dasatinib)_T,BRAND_NODETYPE,202612,2026-01-09,,741549.45,630745.5,151.25,,97.03,92.93,,,,,100.0,0.0,1,,0.19,1.02,,100.0,,Single
6834,03301502,SPRYCEL (dasatinib)_1447792_1610,BRAND_MATERIAL_PLANT,202612,2026-01-16,,160607.68,-160607.68,113.68,,0.0,0.0,,,,,100.0,0.0,1,,1.0,,,100.0,,Single
6835,03301502,SPRYCEL (dasatinib)_External,BRAND_PLANT_TYPE,202612,2026-01-23,,6637223.84,4021677.92,70.94,,84.57,92.31,,,,,-29.09,144.91,0,,0.49,0.73,,174.0,,Dual
6836,03301502,SPRYCEL (dasatinib)_Internal,BRAND_PLANT_TYPE,202612,2026-01-23,,2459850.18,1647788.8,29.06,,69.26,58.39,,,,,6.26,88.76,0,,0.64,1.6,,82.49,,Dual
6837,03301502,SPRYCEL (dasatinib)_HALB,BRAND_MATERIAL_TYPE,202612,2026-01-30,,3994223.13,-2758661.26,102.66,,72.55,32.55,,,,,100.0,0.0,1,,1.12,0.0,,100.0,,Single
6838,03301502,SPRYCEL (dasatinib)_DC,BRAND_NODETYPE,202612,2026-02-06,,3196180.57,907467.32,87.02,,75.1,44.45,,,,,100.0,0.0,1,,0.86,0.0,,100.0,,Single
6839,03301503,Ipilimumab (Yervoy)_External,BRAND_PLANT_TYPE,202612,2025-07-25,,25238595.55,22371995.93,92.84,,89.58,100.0,,,,,100.0,0.0,1,,0.25,0.0,,100.0,,Single
6840,03301503,Ipilimumab (Yervoy)_DC,BRAND_NODETYPE,202612,2025-08-01,,3887137.78,2679747.08,93.24,,88.97,100.0,,,,,100.0,0.0,1,,0.47,0.0,,100.0,,Single
6841,03301503,Ipilimumab (Yervoy)_MARKET UNIT,BRAND_ENTERPRISE_CATEGORY,202612,2025-08-08,,34099360.63,29162608.32,103.75,,95.95,100.0,,,,,100.0,0.0,1,,0.68,0.0,,100.0,,Single
6842,03301503,Ipilimumab (Yervoy)_MARKET UNIT,BRAND_ENTERPRISE_CATEGORY,202612,2025-08-15,,30187841.49,-26914744.04,95.58,,96.38,100.0,,,,,100.0,0.0,1,,0.38,0.0,,100.0,,Single
6843,03301503,Ipilimumab (Yervoy)_1459505,BRAND_MATERIAL,202612,2025-08-22,,9537296.96,-9537296.96,186.36,,100.0,100.0,,,,,100.0,0.0,1,,1.5,0.0,,100.0,,Single
6844,03301503,Ipilimumab (Yervoy)_External,BRAND_PLANT_TYPE,202612,2025-08-29,,17178354.29,-14661035.71,140.41,,83.33,8.75,,,,,100.0,0.0,1,,0.21,0.0,,100.0,,Single
6845,03301503,Ipilimumab (Yervoy)_HALB,BRAND_MATERIAL_TYPE,202612,2025-09-05,,4854918.93,2867271.24,84.12,,73.02,83.42,,,,,100.0,0.0,1,,0.52,0.0,,100.0,,Single
6846,03301503,Ipilimumab (Yervoy)_1341373,BRAND_MATERIAL,202612,2025-09-12,,1663059.66,-1663059.66,346.89,,50.0,64.36,,,,,100.0,0.0,1,,1.0,0.0,,100.0,,Single
6847,03301503,Ipilimumab (Yervoy)_PL,BRAND_NODETYPE,202612,2025-09-18,,18147513.6,10752829.87,147.84,,59.24,41.56,,,,,100.0,0.0,1,,0.55,3.2,,100.0,,Single
6848,03301503,"Ipilimumab (Yervoy)_INJECTION, SOLUTION, CONCENTRATE",BRAND_DOSAGE_FORM_PARENT,202612,2025-09-19,,9079167.93,-5570715.22,322.24,,80.39,24.92,,,,,100.0,0.0,1,,0.5,0.61,,100.0,,Single
6849,03301503,Ipilimumab (Yervoy)_MARKET UNIT,BRAND_ENTERPRISE_CATEGORY,202612,2025-09-26,,13739394.15,-6051421.28,156.93,,90.37,88.92,,,,,100.0,0.0,1,,0.4,1.02,,100.0,,Single
6850,03301503,Ipilimumab (Yervoy)_T,BRAND_NODETYPE,202612,2025-10-03,,6474562.81,2915268.27,170.27,,84.29,37.52,,,,,100.0,0.0,1,,0.31,1.69,,100.0,,Single
6851,03301503,Ipilimumab (Yervoy)_HALB,BRAND_MATERIAL_TYPE,202612,2025-10-17,,24427180.08,-13074856.22,99.83,,78.87,67.65,,,,,100.0,0.0,1,,0.48,0.0,,100.0,,Single
6852,03301503,Ipilimumab (Yervoy)_API,BRAND_ENTERPRISE_CATEGORY,202612,2025-10-24,,13806223.9,-13233675.88,267.11,,75.0,38.72,,,,,100.0,0.0,1,,0.83,0.0,,100.0,,Single
6853,03301503,Ipilimumab (Yervoy)_MARKET UNIT,BRAND_ENTERPRISE_CATEGORY,202612,2025-10-31,,24491099.84,-19978391.4,91.99,,74.34,33.79,,,,,100.0,0.0,1,,0.57,1.19,,100.0,,Single
6854,03301503,Ipilimumab (Yervoy)_MARKET UNIT,BRAND_ENTERPRISE_CATEGORY,202612,2025-11-07,,26446858.85,16565009.54,72.57,,79.3,67.35,,,,,99.79,0.24,1,,0.8,0.56,,99.55,,Dual
6855,03301503,Ipilimumab (Yervoy)_API,BRAND_ENTERPRISE_CATEGORY,202612,2025-11-07,,22625889.41,7362342.34,32.25,,91.67,91.4,,,,,100.0,0.0,1,,0.92,0.0,,100.0,,Dual
6856,03301503,Ipilimumab (Yervoy)_HALB,BRAND_MATERIAL_TYPE,202612,2025-11-14,,7779850.71,-6274736.25,93.8,,64.71,33.52,,,,,100.0,0.0,1,,0.57,0.0,,100.0,,Single
6857,03301503,Ipilimumab (Yervoy)_1513,BRAND_PLANT,202612,2025-11-19,,23151065.05,-10858946.23,116.77,,58.65,37.43,,,,,100.0,0.0,1,,0.58,1.64,,100.0,,Single
6858,03301503,Ipilimumab (Yervoy)_1241827,BRAND_MATERIAL,202612,2025-11-21,,6285735.96,-6285735.96,140.88,,66.67,30.99,,,,,100.0,0.0,1,,0.67,0.0,,100.0,,Single
6859,03301503,Ipilimumab (Yervoy)_1760,BRAND_PLANT,202612,2025-11-28,,10813157.45,-10580784.01,705.06,,75.0,37.51,,,,,100.0,0.0,1,,0.75,0.0,,100.0,,Single
6860,03301503,"Ipilimumab (Yervoy)_INJECTION, SOLUTION, CONCENTRATE",BRAND_DOSAGE_FORM_PARENT,202612,2025-12-05,,13146652.8,-8249023.1,287.9,,72.6,56.9,,,,,100.0,0.0,1,,0.83,1.32,,100.0,,Single
6861,03301503,Ipilimumab (Yervoy)_MARKET UNIT,BRAND_ENTERPRISE_CATEGORY,202612,2025-12-12,,15454472.18,13773333.44,152.54,,83.56,73.06,,,,,100.0,0.0,1,,0.42,1.06,,100.0,,Single
6862,03301503,Ipilimumab (Yervoy)_Internal,BRAND_PLANT_TYPE,202612,2025-12-17,,28312927.92,12856391.97,135.79,,59.29,65.45,,,,,100.0,0.0,1,,0.64,0.92,,100.0,,Single
6863,03301503,Ipilimumab (Yervoy)_MARKET UNIT,BRAND_ENTERPRISE_CATEGORY,202612,2025-12-19,,17008349.02,-8393389.87,2167.47,,66.22,49.61,,,,,100.0,0.0,1,,0.7,0.67,,100.0,,Single
6864,03301503,Ipilimumab (Yervoy)_Internal,BRAND_PLANT_TYPE,202612,2025-12-26,,5428198.63,4765097.36,72.33,,61.2,26.23,,,,,100.0,0.0,1,,0.28,0.0,,100.0,,Dual
6865,03301503,Ipilimumab (Yervoy)_External,BRAND_PLANT_TYPE,202612,2025-12-26,,2373509.69,1822856.37,27.67,,87.23,51.44,,,,,100.0,0.0,1,,0.38,0.0,,100.0,,Dual
6866,03301503,Ipilimumab (Yervoy)_Internal,BRAND_PLANT_TYPE,202612,2026-01-02,,9344946.04,-5045690.59,113.86,,66.58,77.9,,,,,38.3,65.35,0,,0.33,0.41,,27.06,,Single
6867,03301503,Ipilimumab (Yervoy)_FIN,BRAND_MATERIAL_TYPE,202612,2026-01-09,,6842589.62,-5825058.68,116.47,,80.11,40.4,,,,,100.0,0.0,1,,0.41,0.0,,100.0,,Single
6868,03301503,Ipilimumab (Yervoy)_nan,BRAND_DOSAGE_FORM_PARENT,202612,2026-01-16,,6497232.72,-5199490.61,848.34,,51.48,56.18,,,,,100.0,0.0,1,,0.41,0.0,,100.0,,Single
6869,03301503,Ipilimumab (Yervoy)_Internal,BRAND_PLANT_TYPE,202612,2026-01-23,,38879318.08,-14144210.59,90.98,,53.07,58.48,,,,,80.68,23.91,1,,0.77,3.02,,56.77,,Single
6870,03301503,Ipilimumab (Yervoy)_Internal,BRAND_PLANT_TYPE,202612,2026-01-30,,26955229.14,-11078431.6,80.91,,54.05,48.67,,,,,100.0,0.0,1,,0.55,0.5,,100.0,,Dual
6871,03301503,Ipilimumab (Yervoy)_External,BRAND_PLANT_TYPE,202612,2026-01-30,,32546264.76,-2613219.68,19.09,,72.63,62.41,,,,,100.0,0.0,1,,0.82,4.35,,100.0,,Dual
6872,03301503,Ipilimumab (Yervoy)_DC,BRAND_NODETYPE,202612,2026-02-06,,12735513.15,9784823.5,79.01,,70.0,46.34,,,,,100.0,0.0,1,,0.85,0.0,,100.0,,Single
6873,03301506,Nivolumab (Opdivo)_INJECTION,BRAND_DOSAGE_FORM_PARENT,202612,2025-07-25,,29661405.36,-26795865.53,269.45,,93.75,100.0,,,,,100.0,0.0,1,,0.56,0.0,,100.0,,Single
6874,03301506,Nivolumab (Opdivo)_API,BRAND_ENTERPRISE_CATEGORY,202612,2025-08-01,,6156840.84,-5466104.75,227.69,,84.21,100.0,,,,,100.0,0.0,1,,0.47,0.0,,100.0,,Single
6875,03301506,Nivolumab (Opdivo)_PL,BRAND_NODETYPE,202612,2025-08-08,,105476165.58,100186093.49,191.12,,58.81,100.0,,,,,100.0,0.0,1,,0.24,0.0,,100.0,,Single
6876,03301506,Nivolumab (Opdivo)_PL,BRAND_NODETYPE,202612,2025-08-15,,97464268.24,-93244783.37,232.47,,58.93,100.0,,,,,100.0,0.0,1,,0.27,0.0,,100.0,,Single
6877,03301506,Nivolumab (Opdivo)_DC,BRAND_NODETYPE,202612,2025-08-22,,11677509.2,-7584400.09,71.77,,80.51,100.0,,,,,100.0,0.0,1,,0.26,0.0,,100.0,,Dual
6878,03301506,Nivolumab (Opdivo)_PL,BRAND_NODETYPE,202612,2025-08-22,,8110599.35,-3449185.47,32.64,,59.08,100.0,,,,,100.0,0.0,1,,0.28,0.0,,100.0,,Dual
6879,03301506,Nivolumab (Opdivo)_API,BRAND_ENTERPRISE_CATEGORY,202612,2025-08-29,,6478401.14,6146046.42,426.76,,76.19,40.54,,,,,100.0,0.0,1,,0.48,0.0,,100.0,,Single
6880,03301506,Nivolumab (Opdivo)_INJECTION,BRAND_DOSAGE_FORM_PARENT,202612,2025-09-05,,13441427.95,11232983.79,1132.69,,86.89,71.05,,,,,100.0,0.0,1,,0.69,1.89,,100.0,,Single
6881,03301506,Nivolumab (Opdivo)_INJECTION,BRAND_DOSAGE_FORM_PARENT,202612,2025-09-12,,15055580.82,-8209675.78,399.41,,81.97,85.9,,,,,100.0,0.0,1,,0.82,0.0,,100.0,,Single
6882,03301506,Nivolumab (Opdivo)_1418369_1761,BRAND_MATERIAL_PLANT,202612,2025-09-18,,3291930.6,-3291930.6,116.14,,100.0,100.0,,,,,100.0,0.0,1,,1.0,0.0,,100.0,,Single
6883,03301506,Nivolumab (Opdivo)_1513,BRAND_PLANT,202612,2025-09-19,,20195129.17,10462446.11,1217.45,,38.17,44.2,,,,,100.0,0.0,1,,0.35,0.0,,100.0,,Single
6884,03301506,Nivolumab (Opdivo)_nan,BRAND_DOSAGE_FORM_PARENT,202612,2025-09-26,,26095464.57,-24125048.98,128.74,,91.69,30.99,,,,,100.0,0.0,1,,0.61,1.1,,100.0,,Single
6885,03301506,Nivolumab (Opdivo)_1440799_1513,BRAND_MATERIAL_PLANT,202612,2025-10-03,,5165849.56,5165849.56,338.57,,100.0,100.0,,,,,100.0,0.0,1,,1.0,0.0,,100.0,,Single
6886,03301506,Nivolumab (Opdivo)_1760,BRAND_PLANT,202612,2025-10-17,,23397905.93,-19852705.81,75.77,,61.9,39.95,,,,,100.0,0.0,1,,0.29,0.0,,100.0,,Single
6887,03301506,Nivolumab (Opdivo)_1418369_1761,BRAND_MATERIAL_PLANT,202612,2025-10-24,,4403864.11,4403864.11,118.68,,0.0,0.0,,,,,100.0,0.0,1,,2.0,,,100.0,,Single
6888,03301506,Nivolumab (Opdivo)_nan,BRAND_DOSAGE_FORM_PARENT,202612,2025-10-31,,16498343.31,14360584.15,381.0,,49.44,31.14,,,,,100.0,0.0,1,,0.39,2.28,,100.0,,Single
6889,03301506,Nivolumab (Opdivo)_Internal,BRAND_PLANT_TYPE,202612,2025-11-07,,29036116.04,8710417.19,70.6,,54.23,64.59,,,,,99.56,0.48,1,,0.51,2.52,,99.08,,Dual
6890,03301506,Nivolumab (Opdivo)_External,BRAND_PLANT_TYPE,202612,2025-11-07,,15988959.08,3628074.36,29.4,,57.0,70.08,,,,,100.0,0.0,1,,0.52,0.88,,100.0,,Dual
6891,03301506,Nivolumab (Opdivo)_INJECTION,BRAND_DOSAGE_FORM_PARENT,202612,2025-11-14,,20001857.8,8752481.36,147.5,,67.27,68.56,,,,,100.0,0.0,1,,0.78,2.7,,100.0,,Single
6892,03301506,Nivolumab (Opdivo)_1418859_1037,BRAND_MATERIAL_PLANT,202612,2025-11-19,,9362682.85,9362682.85,109.64,,0.0,0.0,,,,,100.0,0.0,1,,1.0,,,100.0,,Single
6893,03301506,Nivolumab (Opdivo)_1455557,BRAND_MATERIAL,202612,2025-11-21,,5675935.76,5675935.76,108.86,,0.0,0.0,,,,,100.0,0.0,1,,1.0,,,100.0,,Single
6894,03301506,Nivolumab (Opdivo)_MARKET UNIT,BRAND_ENTERPRISE_CATEGORY,202612,2025-11-28,,13407272.83,4025915.43,194.76,,77.47,85.64,,,,,100.0,0.0,1,,0.39,1.11,,100.0,,Single
6895,03301506,Nivolumab (Opdivo)_1760,BRAND_PLANT,202612,2025-12-05,,6315083.33,-6315083.33,89.44,,47.62,99.76,,,,,100.0,0.0,1,,0.52,0.0,,100.0,,Single
6896,03301506,Nivolumab (Opdivo)_DC,BRAND_NODETYPE,202612,2025-12-12,,22838268.58,10284695.87,116.93,,58.71,53.6,,,,,100.0,0.0,1,,0.67,2.58,,100.0,,Single
6897,03301506,Nivolumab (Opdivo)_MARKET UNIT,BRAND_ENTERPRISE_CATEGORY,202612,2025-12-17,,56083745.64,12364340.78,97.7,,56.77,58.09,,,,,100.0,0.0,1,,1.1,1.89,,100.0,,Single
6898,03301506,Nivolumab (Opdivo)_1417621_1037,BRAND_MATERIAL_PLANT,202612,2025-12-19,,6900661.44,6900661.44,124.65,,0.0,0.0,,,,,100.0,0.0,1,,2.0,,,100.0,,Single
6899,03301506,Nivolumab (Opdivo)_nan,BRAND_DOSAGE_FORM_PARENT,202612,2025-12-26,,12434025.37,5191493.39,124.54,,50.28,31.28,,,,,100.0,0.0,1,,0.35,0.67,,100.0,,Single
6900,03301506,Nivolumab (Opdivo)_MARKET UNIT,BRAND_ENTERPRISE_CATEGORY,202612,2026-01-02,,31039196.21,11329562.81,95.27,,75.27,79.65,,,,,40.35,82.41,0,,0.58,0.86,,42.06,,Single
6901,03301506,Nivolumab (Opdivo)_INJECTION,BRAND_DOSAGE_FORM_PARENT,202612,2026-01-09,,13338968.98,-7025210.38,208.57,,83.93,81.09,,,,,100.0,0.0,1,,0.8,2.13,,100.0,,Single
6902,03301506,Nivolumab (Opdivo)_nan,BRAND_DOSAGE_FORM_PARENT,202612,2026-01-16,,53345800.19,-27234506.19,83.98,,43.83,49.86,,,,,100.0,0.0,1,,0.42,0.55,,100.0,,Single
6903,03301506,Nivolumab (Opdivo)_HALB,BRAND_MATERIAL_TYPE,202612,2026-01-23,,82051236.95,-19920285.16,108.82,,66.83,54.21,,,,,116.18,-12.89,1,,1.05,0.74,,129.06,,Single
6904,03301506,Nivolumab (Opdivo)_1440799_1513,BRAND_MATERIAL_PLANT,202612,2026-01-30,,8000807.45,-8000807.45,138.75,,100.0,100.0,,,,,100.0,0.0,1,,1.0,0.0,,100.0,,Single
6905,03301506,Nivolumab (Opdivo)_1439735,BRAND_MATERIAL,202612,2026-02-06,,4180494.34,-4180494.34,774.58,,100.0,100.0,,,,,100.0,0.0,1,,1.5,0.0,,100.0,,Single
6906,03301509,Opdivo/Yervoy FDC_RAW,BRAND_MATERIAL_TYPE,202612,2025-07-25,,0.24,0.24,100.0,,100.0,100.0,,,,,100.0,0.0,1,,1.0,0.0,,100.0,,Single
6907,03301509,Opdivo/Yervoy FDC_RAW,BRAND_MATERIAL_TYPE,202612,2025-08-08,,0.19,-0.19,100.0,,100.0,100.0,,,,,100.0,0.0,1,,1.0,0.0,,100.0,,Single
6908,03301509,Opdivo/Yervoy FDC_RAW,BRAND_MATERIAL_TYPE,202612,2025-08-15,,0.43,0.43,100.0,,100.0,100.0,,,,,100.0,0.0,1,,1.0,0.0,,100.0,,Single
6909,03301509,Opdivo/Yervoy FDC_RAW,BRAND_MATERIAL_TYPE,202612,2025-08-22,,0.02,0.02,100.0,,100.0,100.0,,,,,100.0,0.0,1,,2.0,0.0,,100.0,,Single
6910,03301509,Opdivo/Yervoy FDC_RAW,BRAND_MATERIAL_TYPE,202612,2025-08-29,,0.43,0.43,100.0,,100.0,100.0,,,,,100.0,0.0,1,,1.0,0.0,,100.0,,Single
6911,03301509,Opdivo/Yervoy FDC_RAW,BRAND_MATERIAL_TYPE,202612,2025-09-18,,0.22,0.22,100.0,,100.0,100.0,,,,,100.0,0.0,1,,1.0,0.0,,100.0,,Single
6912,03301509,Opdivo/Yervoy FDC_RAW,BRAND_MATERIAL_TYPE,202612,2025-10-03,,7798.59,-7798.59,100.0,,100.0,100.0,,,,,100.0,0.0,1,,1.0,0.0,,100.0,,Single
6913,03301509,Opdivo/Yervoy FDC_RAW,BRAND_MATERIAL_TYPE,202612,2025-10-17,,13857.7,-13857.7,100.0,,100.0,100.0,,,,,100.0,0.0,1,,1.0,0.0,,100.0,,Single
6914,03301509,Opdivo/Yervoy FDC_RAW,BRAND_MATERIAL_TYPE,202612,2025-10-24,,6071.97,-6071.97,100.0,,0.0,0.0,,,,,100.0,0.0,1,,2.0,,,100.0,,Single
6915,03301509,Opdivo/Yervoy FDC_RAW,BRAND_MATERIAL_TYPE,202612,2025-10-31,,15457.8,15457.8,100.0,,0.0,0.0,,,,,100.0,0.0,1,,1.0,,,100.0,,Single
6916,03301509,Opdivo/Yervoy FDC_RAW,BRAND_MATERIAL_TYPE,202612,2025-11-07,,1944.3,1944.3,100.0,,0.0,0.0,,,,,100.0,0.0,1,,2.0,,,100.0,,Single
6917,03301509,Opdivo/Yervoy FDC_RAW,BRAND_MATERIAL_TYPE,202612,2025-11-14,,8878.32,-8878.32,100.0,,100.0,100.0,,,,,100.0,0.0,1,,1.0,0.0,,100.0,,Single
6918,03301509,Opdivo/Yervoy FDC_RAW,BRAND_MATERIAL_TYPE,202612,2025-11-19,,4402.88,4402.88,100.0,,0.0,0.0,,,,,100.0,0.0,1,,1.0,,,100.0,,Single
6919,03301509,Opdivo/Yervoy FDC_RAW,BRAND_MATERIAL_TYPE,202612,2025-11-21,,7137.6,-7137.6,100.0,,0.0,0.0,,,,,100.0,0.0,1,,1.0,,,100.0,,Single
6920,03301509,Opdivo/Yervoy FDC_RAW,BRAND_MATERIAL_TYPE,202612,2025-11-28,,6665.06,-6665.06,100.0,,0.0,0.0,,,,,100.0,0.0,1,,2.0,,,100.0,,Single
6921,03301509,Opdivo/Yervoy FDC_RAW,BRAND_MATERIAL_TYPE,202612,2025-12-05,,873.07,-873.07,100.0,,0.0,0.0,,,,,100.0,0.0,1,,3.0,,,100.0,,Single
6922,03301509,Opdivo/Yervoy FDC_RAW,BRAND_MATERIAL_TYPE,202612,2025-12-12,,7342.06,-7342.06,100.0,,100.0,100.0,,,,,100.0,0.0,1,,4.0,0.0,,100.0,,Single
6923,03301509,Opdivo/Yervoy FDC_RAW,BRAND_MATERIAL_TYPE,202612,2025-12-17,,23752.19,-23752.19,100.0,,0.0,0.0,,,,,100.0,0.0,1,,5.0,,,100.0,,Single
6924,03301509,Opdivo/Yervoy FDC_RAW,BRAND_MATERIAL_TYPE,202612,2025-12-19,,9787.98,-9787.98,100.0,,0.0,0.0,,,,,100.0,0.0,1,,6.0,,,100.0,,Single
6925,03301509,Opdivo/Yervoy FDC_RAW,BRAND_MATERIAL_TYPE,202612,2026-01-02,,9.75,9.75,100.0,,100.0,100.0,,,,,2.44,97.56,-1,,1.0,0.0,,95.12,,Single
6926,03301509,Opdivo/Yervoy FDC_RAW,BRAND_MATERIAL_TYPE,202612,2026-01-09,,562.04,-562.04,100.0,,100.0,100.0,,,,,100.0,0.0,1,,1.0,0.0,,100.0,,Single
6927,03301509,Opdivo/Yervoy FDC_RAW,BRAND_MATERIAL_TYPE,202612,2026-01-16,,16107.37,-16107.37,100.0,,100.0,100.0,,,,,100.0,0.0,1,,2.0,0.0,,100.0,,Single
6928,03301509,Opdivo/Yervoy FDC_RAW,BRAND_MATERIAL_TYPE,202612,2026-01-23,,20535.43,-20535.43,100.0,,0.0,0.0,,,,,100.03,-0.05,1,,3.0,,,100.08,,Single
6929,03301509,Opdivo/Yervoy FDC_RAW,BRAND_MATERIAL_TYPE,202612,2026-01-30,,0.71,-0.71,100.0,,0.0,0.0,,,,,100.0,0.0,1,,4.0,,,100.0,,Single
6930,03301509,Opdivo/Yervoy FDC_RAW,BRAND_MATERIAL_TYPE,202612,2026-02-06,,3125.28,-3125.28,100.0,,100.0,100.0,,,,,100.0,0.0,1,,5.0,0.0,,100.0,,Single
6931,03301510,Other Anti-Cancers_1624,BRAND_PLANT,202612,2025-07-25,,23027.64,23027.64,107.61,,100.0,100.0,,,,,100.0,0.0,1,,0.5,0.0,,100.0,,Single
6932,03301510,Other Anti-Cancers_FIN,BRAND_MATERIAL_TYPE,202612,2025-08-01,,733.01,-733.01,100.0,,24.66,100.0,,,,,100.0,0.0,1,,0.05,0.0,,100.0,,Single
6933,03301510,Other Anti-Cancers_1624,BRAND_PLANT,202612,2025-08-08,,281199.87,281199.87,3837.11,,100.0,100.0,,,,,100.0,0.0,1,,1.0,0.0,,100.0,,Single
6934,03301510,Other Anti-Cancers_FIN,BRAND_MATERIAL_TYPE,202612,2025-08-15,,994.8,-994.8,100.0,,25.35,100.0,,,,,100.0,0.0,1,,0.11,0.0,,100.0,,Single
6935,03301510,Other Anti-Cancers_FIN,BRAND_MATERIAL_TYPE,202612,2025-08-22,,2549.61,-2549.61,100.0,,25.35,100.0,,,,,100.0,0.0,1,,0.15,0.0,,100.0,,Single
6936,03301510,Other Anti-Cancers_FIN,BRAND_MATERIAL_TYPE,202612,2025-08-29,,1259.77,-1259.77,100.0,,25.35,100.0,,,,,100.0,0.0,1,,0.04,0.0,,100.0,,Single
6937,03301510,Other Anti-Cancers_1671,BRAND_PLANT,202612,2025-09-05,,145764.69,-145764.69,151.55,,0.0,0.0,,,,,100.0,0.0,1,,2.0,,,100.0,,Single
6938,03301510,Other Anti-Cancers_1671,BRAND_PLANT,202612,2025-09-12,,85163.11,85163.11,151.14,,0.0,0.0,,,,,100.0,0.0,1,,1.0,,,100.0,,Single
6939,03301510,Other Anti-Cancers_FIN,BRAND_MATERIAL_TYPE,202612,2025-09-18,,159935.37,-102286.19,100.0,,25.0,61.97,,,,,100.0,0.0,1,,0.14,0.0,,100.0,,Single
6940,03301510,Other Anti-Cancers_FIN,BRAND_MATERIAL_TYPE,202612,2025-09-19,,61192.48,-61192.48,100.0,,23.61,99.74,,,,,100.0,0.0,1,,0.15,5.88,,100.0,,Single
6941,03301510,Other Anti-Cancers_1015573,BRAND_MATERIAL,202612,2025-09-26,,161.83,-161.83,9572.62,,100.0,100.0,,,,,100.0,0.0,1,,6.0,0.0,,100.0,,Single
6942,03301510,Other Anti-Cancers_FIN,BRAND_MATERIAL_TYPE,202612,2025-10-03,,91033.04,90109.57,100.0,,27.94,100.0,,,,,100.0,0.0,1,,0.19,0.0,,100.0,,Single
6943,03301510,Other Anti-Cancers_1341707,BRAND_MATERIAL,202612,2025-10-17,,38480.82,38480.82,110.68,,100.0,100.0,,,,,100.0,0.0,1,,0.5,0.0,,100.0,,Single
6944,03301510,Other Anti-Cancers_FIN,BRAND_MATERIAL_TYPE,202612,2025-10-24,,127958.7,-127613.11,100.0,,16.42,91.14,,,,,100.0,0.0,1,,0.16,18.18,,100.0,,Single
6945,03301510,Other Anti-Cancers_FIN,BRAND_MATERIAL_TYPE,202612,2025-10-31,,880.57,-880.57,100.0,,20.9,100.0,,,,,100.0,0.0,1,,0.09,7.14,,100.0,,Single
6946,03301510,Other Anti-Cancers_1348543,BRAND_MATERIAL,202612,2025-11-07,,22919.99,-22919.99,1056.77,,50.0,78.46,,,,,100.0,0.0,1,,1.0,0.0,,100.0,,Single
6947,03301510,Other Anti-Cancers_1341707,BRAND_MATERIAL,202612,2025-11-14,,172146.85,172146.85,106.51,,100.0,100.0,,,,,100.0,0.0,1,,1.0,0.0,,100.0,,Single
6948,03301510,Other Anti-Cancers_1624,BRAND_PLANT,202612,2025-11-19,,622963.4,622963.4,108.03,,0.0,0.0,,,,,100.0,0.0,1,,2.0,,,100.0,,Single
6949,03301510,Other Anti-Cancers_1341749,BRAND_MATERIAL,202612,2025-11-21,,512437.12,512437.12,104.52,,50.0,0.0,,,,,100.0,0.0,1,,1.0,0.0,,100.0,,Single
6950,03301510,Other Anti-Cancers_1341707,BRAND_MATERIAL,202612,2025-11-28,,165533.2,-165533.2,103.3,,100.0,100.0,,,,,100.0,0.0,1,,0.5,0.0,,100.0,,Single
6951,03301510,Other Anti-Cancers_1624,BRAND_PLANT,202612,2025-12-05,,100645.85,100645.85,100.16,,50.0,28.64,,,,,100.0,0.0,1,,2.5,100.0,,100.0,,Single
6952,03301510,Other Anti-Cancers_1341707,BRAND_MATERIAL,202612,2025-12-12,,55407.26,55407.26,100.09,,100.0,100.0,,,,,100.0,0.0,1,,1.0,0.0,,100.0,,Single
6953,03301510,Other Anti-Cancers_1341707,BRAND_MATERIAL,202612,2025-12-17,,38304.67,-38304.67,241.48,,100.0,100.0,,,,,100.0,0.0,1,,0.5,0.0,,100.0,,Single
6954,03301510,Other Anti-Cancers_FIN,BRAND_MATERIAL_TYPE,202612,2025-12-19,,11418.23,-11418.23,100.0,,17.91,90.37,,,,,100.0,0.0,1,,0.16,8.33,,100.0,,Single
6955,03301510,Other Anti-Cancers_1557,BRAND_PLANT,202612,2025-12-26,,67883.64,67883.64,119.2,,0.0,0.0,,,,,100.0,0.0,1,,0.09,,,100.0,,Single
6956,03301510,Other Anti-Cancers_Internal,BRAND_PLANT_TYPE,202612,2026-01-02,,384085.01,384084.49,100.0,,9.63,100.0,,,,,102.56,-2.13,1,,0.06,0.0,,104.69,,Single
6957,03301510,Other Anti-Cancers_Internal,BRAND_PLANT_TYPE,202612,2026-01-09,,13990.66,-13990.66,100.0,,6.25,34.34,,,,,100.0,0.0,1,,0.02,0.0,,100.0,,Single
6958,03301510,Other Anti-Cancers_Internal,BRAND_PLANT_TYPE,202612,2026-01-16,,1054888.9,-1045294.62,100.0,,7.59,100.0,,,,,100.0,0.0,1,,0.03,0.0,,100.0,,Single
6959,03301510,Other Anti-Cancers_1341707,BRAND_MATERIAL,202612,2026-01-23,,305636.71,305636.71,214.5,,100.0,100.0,,,,,100.0,0.0,1,,0.5,0.0,,100.0,,Single
6960,03301510,Other Anti-Cancers_1624,BRAND_PLANT,202612,2026-02-06,,1142814.85,-1142814.85,276.51,,0.0,0.0,,,,,100.0,0.0,1,,1.0,,,100.0,,Single
6961,03301616,LENADEX_RAW,BRAND_MATERIAL_TYPE,202612,2025-07-25,,1.05,-1.05,100.0,,100.0,100.0,,,,,100.0,0.0,1,,0.17,0.0,,100.0,,Single
6962,03301616,LENADEX_HALB,BRAND_MATERIAL_TYPE,202612,2025-08-01,,19587.32,-19587.32,100.0,,96.15,100.0,,,,,100.0,0.0,1,,0.19,0.0,,100.0,,Single
6963,03301616,LENADEX_nan,BRAND_DOSAGE_FORM_PARENT,202612,2025-08-08,,9304.06,9304.06,100.05,,92.86,100.0,,,,,100.0,0.0,1,,0.36,0.0,,100.0,,Single
6964,03301616,LENADEX_HALB,BRAND_MATERIAL_TYPE,202612,2025-08-15,,151698.63,151698.63,100.01,,92.31,100.0,,,,,100.0,0.0,1,,0.19,0.0,,100.0,,Single
6965,03301616,LENADEX_MARKET UNIT,BRAND_ENTERPRISE_CATEGORY,202612,2025-08-22,,0.03,-0.03,99.57,,53.85,100.0,,,,,100.0,0.0,1,,0.12,0.0,,100.0,,Single
6966,03301616,LENADEX_CAPSULE,BRAND_DOSAGE_FORM_PARENT,202612,2025-08-29,,0.05,-0.05,100.0,,52.63,1.53,,,,,100.0,0.0,1,,0.18,0.0,,100.0,,Single
6967,03301616,LENADEX_HALB,BRAND_MATERIAL_TYPE,202612,2025-09-05,,45.0,45.0,100.02,,88.46,100.0,,,,,100.0,0.0,1,,0.23,0.0,,100.0,,Single
6968,03301616,LENADEX_nan,BRAND_DOSAGE_FORM_PARENT,202612,2025-09-12,,19589.87,19589.87,100.2,,92.86,100.0,,,,,100.0,0.0,1,,0.21,7.69,,100.0,,Single
6969,03301616,LENADEX_PL,BRAND_NODETYPE,202612,2025-09-18,,55725.45,-55725.45,100.0,,77.78,100.0,,,,,100.0,0.0,1,,0.58,0.0,,100.0,,Single
6970,03301616,LENADEX_nan,BRAND_DOSAGE_FORM_PARENT,202612,2025-09-19,,79822.85,-79822.85,100.05,,85.71,0.0,,,,,100.0,0.0,1,,0.29,0.0,,100.0,,Single
6971,03301616,LENADEX_1478402,BRAND_MATERIAL,202612,2025-10-17,,4985.04,4985.04,932.68,,100.0,100.0,,,,,100.0,0.0,1,,1.0,0.0,,100.0,,Single
6972,03301616,LENADEX_PL,BRAND_NODETYPE,202612,2025-10-24,,4997.04,4997.04,100.0,,86.11,99.76,,,,,100.0,0.0,1,,0.11,0.0,,100.0,,Single
6973,03301616,LENADEX_MARKET UNIT,BRAND_ENTERPRISE_CATEGORY,202612,2025-10-31,,28.0,28.0,100.0,,61.11,100.0,,,,,100.0,0.0,1,,0.03,0.0,,100.0,,Single
6974,03301616,LENADEX_nan,BRAND_DOSAGE_FORM_PARENT,202612,2025-11-07,,273138.54,-273138.54,100.03,,78.57,100.0,,,,,100.0,0.0,1,,0.29,0.0,,100.0,,Single
6975,03301616,LENADEX_1469719,BRAND_MATERIAL,202612,2025-11-14,,0.0,0.0,103.23,,100.0,100.0,,,,,100.0,0.0,1,,1.0,0.0,,100.0,,Single
6976,03301616,LENADEX_API,BRAND_ENTERPRISE_CATEGORY,202612,2025-11-19,,273138.54,-273138.54,100.04,,62.5,100.0,,,,,100.0,0.0,1,,0.88,0.0,,100.0,,Single
6977,03301616,LENADEX_HALB,BRAND_MATERIAL_TYPE,202612,2025-11-21,,0.0,0.0,100.0,,85.71,100.0,,,,,100.0,0.0,1,,0.11,0.0,,100.0,,Single
6978,03301616,LENADEX_HALB,BRAND_MATERIAL_TYPE,202612,2025-11-28,,563.62,-563.62,100.0,,89.29,100.0,,,,,100.0,0.0,1,,0.04,0.0,,100.0,,Single
6979,03301616,LENADEX_HALB,BRAND_MATERIAL_TYPE,202612,2025-12-05,,200982.89,-200982.89,100.0,,90.32,100.0,,,,,100.0,0.0,1,,0.1,0.0,,100.0,,Single
6980,03301616,LENADEX_HALB,BRAND_MATERIAL_TYPE,202612,2025-12-12,,166184.9,166184.9,100.0,,77.42,95.46,,,,,100.0,0.0,1,,0.13,0.0,,100.0,,Single
6981,03301616,LENADEX_nan,BRAND_DOSAGE_FORM_PARENT,202612,2025-12-17,,53441.63,-53441.63,116.45,,85.71,0.0,,,,,100.0,0.0,1,,0.29,0.0,,100.0,,Single
6982,03301616,LENADEX_HALB,BRAND_MATERIAL_TYPE,202612,2025-12-19,,158634.03,-158634.03,100.0,,80.65,100.0,,,,,100.0,0.0,1,,0.16,4.0,,100.0,,Single
6983,03301616,LENADEX_nan,BRAND_DOSAGE_FORM_PARENT,202612,2025-12-26,,151728.15,151728.15,100.04,,85.71,0.0,,,,,100.0,0.0,1,,0.14,0.0,,100.0,,Single
6984,03301616,LENADEX_PL,BRAND_NODETYPE,202612,2026-01-02,,166971.47,166325.2,100.0,,77.08,100.0,,,,,0.0,100.0,-1,,0.1,0.0,,100.0,,Single
6985,03301616,LENADEX_1478402,BRAND_MATERIAL,202612,2026-01-09,,6528.65,-6528.65,119.63,,100.0,100.0,,,,,100.0,0.0,1,,1.0,0.0,,100.0,,Single
6986,03301616,LENADEX_PL,BRAND_NODETYPE,202612,2026-01-16,,296807.97,194566.95,100.0,,55.88,17.22,,,,,100.0,0.0,1,,0.71,0.0,,100.0,,Single
6987,03301616,LENADEX_HALB,BRAND_MATERIAL_TYPE,202612,2026-01-23,,1164798.98,-1164798.84,131.96,,70.0,100.0,,,,,100.11,-0.2,1,,0.9,0.0,,100.31,,Single
6988,03301616,LENADEX_Internal,BRAND_PLANT_TYPE,202612,2026-01-30,,1202479.52,-1149919.62,100.54,,38.98,1.91,,,,,100.0,0.0,1,,1.22,0.0,,100.0,,Single
6989,03301616,LENADEX_PL,BRAND_NODETYPE,202612,2026-02-06,,48341.44,44886.08,110.32,,61.76,8.58,,,,,100.0,0.0,1,,0.35,0.0,,100.0,,Single
6990,03301914,Krazati_DRUG PRODUCT,BRAND_ENTERPRISE_CATEGORY,202612,2025-07-25,,3479380.25,3479380.25,4752.77,,60.0,100.0,,,,,100.0,0.0,1,,0.4,0.0,,100.0,,Single
6991,03301914,Krazati_1718,BRAND_PLANT,202612,2025-08-01,,26165594.59,-26165594.59,155.45,,82.61,100.0,,,,,100.0,0.0,1,,0.52,0.0,,100.0,,Single
6992,03301914,Krazati_nan,BRAND_DOSAGE_FORM_PARENT,202612,2025-08-08,,5831208.87,5831208.87,123.55,,94.44,100.0,,,,,100.0,0.0,1,,0.5,0.0,,100.0,,Single
6993,03301914,Krazati_HALB,BRAND_MATERIAL_TYPE,202612,2025-08-15,,14466927.44,-14393978.24,104.9,,86.96,100.0,,,,,100.0,0.0,1,,0.52,0.0,,100.0,,Single
6994,03301914,Krazati_HALB,BRAND_MATERIAL_TYPE,202612,2025-08-22,,5768299.67,5590152.35,110.07,,86.96,100.0,,,,,100.0,0.0,1,,0.48,0.0,,100.0,,Single
6995,03301914,Krazati_2501,BRAND_PLANT,202612,2025-08-29,,226830.64,-226830.64,402.81,,66.67,36.71,,,,,100.0,0.0,1,,0.13,0.0,,100.0,,Single
6996,03301914,Krazati_TABLET,BRAND_DOSAGE_FORM_PARENT,202612,2025-09-05,,3444569.47,-2882923.71,129.43,,54.76,68.14,,,,,100.0,0.0,1,,0.48,0.0,,100.0,,Single
6997,03301914,Krazati_1459156_2501,BRAND_MATERIAL_PLANT,202612,2025-09-12,,217304.1,217304.1,87.55,,100.0,100.0,,,,,100.0,0.0,1,,2.0,0.0,,100.0,,Single
6998,03301914,Krazati_1459264,BRAND_MATERIAL,202612,2025-09-18,,992257.91,-992257.91,120.97,,25.0,58.91,,,,,100.0,0.0,1,,0.5,0.0,,100.0,,Single
6999,03301914,Krazati_External,BRAND_PLANT_TYPE,202612,2025-09-19,,43648325.62,40942454.29,100.75,,71.79,99.2,,,,,100.0,0.0,1,,0.49,3.57,,100.0,,Single
7000,03301914,Krazati_nan,BRAND_DOSAGE_FORM_PARENT,202612,2025-09-26,,2250393.72,-2250393.72,269.93,,83.33,29.97,,,,,100.0,0.0,1,,0.28,0.0,,100.0,,Single
7001,03301914,Krazati_1459156_2501,BRAND_MATERIAL_PLANT,202612,2025-10-03,,1327553.81,1327553.81,605.92,,100.0,100.0,,,,,100.0,0.0,1,,1.0,0.0,,100.0,,Single
7002,03301914,Krazati_1459156,BRAND_MATERIAL,202612,2025-10-17,,38954914.34,38954914.34,101.3,,100.0,100.0,,,,,100.0,0.0,1,,1.0,0.0,,100.0,,Single
7003,03301914,Krazati_1460656_1718,BRAND_MATERIAL_PLANT,202612,2025-10-24,,1994069.71,1994069.71,282.85,,100.0,100.0,,,,,100.0,0.0,1,,2.0,0.0,,100.0,,Single
7004,03301914,Krazati_2501,BRAND_PLANT,202612,2025-10-31,,6120544.64,-4812104.62,175.58,,60.0,89.27,,,,,100.0,0.0,1,,0.67,0.0,,100.0,,Single
7005,03301914,Krazati_DC,BRAND_NODETYPE,202612,2025-11-07,,19779262.52,18150201.16,562.53,,55.88,60.44,,,,,100.0,0.0,1,,0.76,0.0,,100.0,,Single
7006,03301914,Krazati_External,BRAND_PLANT_TYPE,202612,2025-11-14,,2357094.66,2357094.66,150.4,,65.79,36.91,,,,,100.0,0.0,1,,0.39,4.0,,100.0,,Single
7007,03301914,Krazati_DC,BRAND_NODETYPE,202612,2025-11-19,,16570731.62,15089114.63,148.2,,61.76,73.04,,,,,100.0,0.0,1,,1.18,4.76,,100.0,,Single
7008,03301914,Krazati_nan,BRAND_DOSAGE_FORM_PARENT,202612,2025-11-21,,8493568.08,8493568.08,104.28,,82.35,99.58,,,,,100.0,0.0,1,,0.65,7.14,,100.0,,Single
7009,03301914,Krazati_TABLET,BRAND_DOSAGE_FORM_PARENT,202612,2025-11-28,,12884020.07,-12884020.07,1966.97,,68.75,92.99,,,,,100.0,0.0,1,,0.17,0.0,,100.0,,Single
7010,03301914,Krazati_HALB,BRAND_MATERIAL_TYPE,202612,2025-12-05,,8191758.97,-7714324.16,105.04,,87.5,66.07,,,,,100.0,0.0,1,,0.54,0.0,,100.0,,Single
7011,03301914,Krazati_nan,BRAND_DOSAGE_FORM_PARENT,202612,2025-12-12,,5731442.12,5731442.12,114.72,,87.5,79.34,,,,,100.0,0.0,1,,0.62,0.0,,100.0,,Single
7012,03301914,Krazati_TABLET,BRAND_DOSAGE_FORM_PARENT,202612,2025-12-17,,16974712.56,-14619502.37,226.69,,56.6,89.17,,,,,100.0,0.0,1,,0.58,3.33,,100.0,,Single
7013,03301914,Krazati_1459156,BRAND_MATERIAL,202612,2025-12-19,,4604074.91,-4604074.91,173.28,,100.0,100.0,,,,,100.0,0.0,1,,1.0,0.0,,100.0,,Single
7014,03301914,Krazati_API,BRAND_ENTERPRISE_CATEGORY,202612,2025-12-26,,3520227.57,3520227.57,130.62,,81.25,19.61,,,,,100.0,0.0,1,,0.12,0.0,,100.0,,Single
7015,03301914,Krazati_1460656_1718,BRAND_MATERIAL_PLANT,202612,2026-01-02,,4671618.16,4671618.16,100.22,,100.0,100.0,,,,,0.0,100.0,-1,,0.0,0.0,,100.0,,Single
7016,03301914,Krazati_External,BRAND_PLANT_TYPE,202612,2026-01-09,,21279326.95,-16754742.16,99.11,,55.81,60.7,,,,,100.0,0.0,1,,0.63,0.0,,100.0,,Single
7017,03301914,Krazati_HALB,BRAND_MATERIAL_TYPE,202612,2026-01-16,,10720146.01,-7136038.69,103.06,,77.27,65.19,,,,,100.0,0.0,1,,0.77,5.88,,100.0,,Single
7018,03301914,Krazati_External,BRAND_PLANT_TYPE,202612,2026-01-23,,20505664.72,-10811355.49,106.73,,51.22,77.25,,,,,143.92,-49.86,1,,1.05,4.76,,193.78,,Single
7019,03301914,Krazati_1459156,BRAND_MATERIAL,202612,2026-01-30,,5250327.53,5250327.53,224.94,,100.0,100.0,,,,,100.0,0.0,1,,1.0,0.0,,100.0,,Single
7020,03301914,Krazati_DC,BRAND_NODETYPE,202612,2026-02-06,,4410570.74,-3252503.81,126.92,,56.41,9.8,,,,,100.0,0.0,1,,0.82,0.0,,100.0,,Single
7021,03302007,REBLOZYL_1439545_2091,BRAND_MATERIAL_PLANT,202612,2025-07-25,,6662703958.42,6662703958.42,100.15,,100.0,100.0,,,,,100.0,0.0,1,,1.0,0.0,,100.0,,Single
7022,03302007,REBLOZYL_External,BRAND_PLANT_TYPE,202612,2025-08-01,,53867958.5,53867958.5,102.22,,100.0,100.0,,,,,100.0,0.0,1,,1.0,0.0,,100.0,,Single
7023,03302007,REBLOZYL_1439545_2091,BRAND_MATERIAL_PLANT,202612,2025-08-08,,6705491790.86,-6705491790.86,100.7,,100.0,100.0,,,,,100.0,0.0,1,,1.0,0.0,,100.0,,Single
7024,03302007,REBLOZYL_1439545_1037,BRAND_MATERIAL_PLANT,202612,2025-08-15,,49679829.43,-49679829.43,125.41,,100.0,100.0,,,,,100.0,0.0,1,,1.0,0.0,,100.0,,Single
7025,03302007,REBLOZYL_1439545_1760,BRAND_MATERIAL_PLANT,202612,2025-08-22,,10125106.65,10125106.65,271.58,,100.0,100.0,,,,,100.0,0.0,1,,1.0,0.0,,100.0,,Single
7026,03302007,REBLOZYL_1760,BRAND_PLANT,202612,2025-08-29,,1673004.98,1673004.98,146.04,,100.0,100.0,,,,,100.0,0.0,1,,1.0,0.0,,100.0,,Single
7027,03302007,REBLOZYL_External,BRAND_PLANT_TYPE,202612,2025-09-05,,6507901.75,-6507901.75,104.33,,100.0,100.0,,,,,100.0,0.0,1,,1.0,0.0,,100.0,,Single
7028,03302007,REBLOZYL_HALB,BRAND_MATERIAL_TYPE,202612,2025-09-12,,1471591.28,-1471591.28,100.0,,97.92,100.0,,,,,100.0,0.0,1,,0.1,0.0,,100.0,,Single
7029,03302007,REBLOZYL_HALB,BRAND_MATERIAL_TYPE,202612,2025-09-18,,16724281.66,-16495913.5,100.53,,81.25,70.07,,,,,100.0,0.0,1,,0.54,0.0,,100.0,,Single
7030,03302007,REBLOZYL_HALB,BRAND_MATERIAL_TYPE,202612,2025-09-19,,8252107.42,-8116259.81,100.0,,79.17,37.67,,,,,100.0,0.0,1,,0.88,0.0,,100.0,,Single
7031,03302007,REBLOZYL_API,BRAND_ENTERPRISE_CATEGORY,202612,2025-09-26,,32475841.1,-30702924.34,119.24,,66.67,5.46,,,,,100.0,0.0,1,,1.0,0.0,,100.0,,Single
7032,03302007,REBLOZYL_1760,BRAND_PLANT,202612,2025-10-03,,791899.43,-791899.43,103.96,,100.0,100.0,,,,,100.0,0.0,1,,2.0,0.0,,100.0,,Single
7033,03302007,REBLOZYL_nan,BRAND_DOSAGE_FORM_PARENT,202612,2025-10-17,,31751868.3,25671242.06,100.82,,85.71,99.05,,,,,100.0,0.0,1,,0.35,0.0,,100.0,,Single
7034,03302007,REBLOZYL_HALB,BRAND_MATERIAL_TYPE,202612,2025-10-24,,49031094.46,49031094.46,100.53,,95.83,61.71,,,,,100.0,0.0,1,,0.1,0.0,,100.0,,Single
7035,03302007,REBLOZYL_2091,BRAND_PLANT,202612,2025-10-31,,2789100.75,-2789100.75,3995038.18,,50.0,0.0,,,,,100.0,0.0,1,,0.5,0.0,,100.0,,Single
7036,03302007,REBLOZYL_1760,BRAND_PLANT,202612,2025-11-07,,9545525.57,9545525.57,251.9,,100.0,100.0,,,,,100.0,0.0,1,,4.0,0.0,,100.0,,Single
7037,03302007,REBLOZYL_1760,BRAND_PLANT,202612,2025-11-14,,11764546.98,-11764546.98,177.53,,100.0,100.0,,,,,100.0,0.0,1,,1.0,0.0,,100.0,,Single
7038,03302007,REBLOZYL_HALB,BRAND_MATERIAL_TYPE,202612,2025-11-19,,7655935.84,-7331621.8,102.94,,97.92,100.0,,,,,100.0,0.0,1,,0.17,0.0,,100.0,,Single
7039,03302007,REBLOZYL_1760,BRAND_PLANT,202612,2025-11-21,,10220426.15,10220426.15,427.15,,100.0,100.0,,,,,100.0,0.0,1,,1.0,0.0,,100.0,,Single
7040,03302007,REBLOZYL_1439545_1760,BRAND_MATERIAL_PLANT,202612,2025-11-28,,9465767.09,-9465767.09,18449.73,,100.0,100.0,,,,,100.0,0.0,1,,1.0,0.0,,100.0,,Single
7041,03302007,REBLOZYL_1439545_1037,BRAND_MATERIAL_PLANT,202612,2025-12-05,,9204517.87,-9204517.87,308.2,,0.0,0.0,,,,,100.0,0.0,1,,1.0,,,100.0,,Single
7042,03302007,REBLOZYL_1439545_1760,BRAND_MATERIAL_PLANT,202612,2025-12-12,,1439013.1,-1439013.1,166.76,,100.0,100.0,,,,,100.0,0.0,1,,1.0,0.0,,100.0,,Single
7043,03302007,REBLOZYL_HALB,BRAND_MATERIAL_TYPE,202612,2025-12-17,,3748542.32,3748542.32,110.0,,97.92,100.0,,,,,100.0,0.0,1,,0.15,0.0,,100.0,,Single
7044,03302007,REBLOZYL_2091,BRAND_PLANT,202612,2025-12-19,,6280881.92,-6280881.92,298.88,,100.0,100.0,,,,,100.0,0.0,1,,1.0,0.0,,100.0,,Single
7045,03302007,REBLOZYL_HALB,BRAND_MATERIAL_TYPE,202612,2025-12-26,,1550831.94,-1550831.94,100.02,,95.83,100.0,,,,,100.0,0.0,1,,0.02,0.0,,100.0,,Single
7046,03302007,REBLOZYL_nan,BRAND_DOSAGE_FORM_PARENT,202612,2026-01-02,,7480484.19,7474700.95,96.77,,98.08,100.0,,,,,0.0,100.0,-1,,0.0,0.0,,100.0,,Single
7047,03302007,REBLOZYL_1439564,BRAND_MATERIAL,202612,2026-01-09,,211380.0,211380.0,114.19,,100.0,100.0,,,,,100.0,0.0,1,,1.0,0.0,,100.0,,Single
7048,03302007,REBLOZYL_1439545_2091,BRAND_MATERIAL_PLANT,202612,2026-01-16,,7879477.48,7879477.48,203.42,,100.0,100.0,,,,,100.0,0.0,1,,1.0,0.0,,100.0,,Single
7049,03302007,REBLOZYL_1439545_1760,BRAND_MATERIAL_PLANT,202612,2026-01-23,,6819032.92,6819032.92,250.48,,100.0,100.0,,,,,46.58,51.33,0,,1.0,0.0,,4.75,,Single
7050,03302007,REBLOZYL_1439545_1760,BRAND_MATERIAL_PLANT,202612,2026-01-30,,3695421.46,3695421.46,186.3,,100.0,100.0,,,,,100.0,0.0,1,,2.0,0.0,,100.0,,Single
7051,03302007,REBLOZYL_1439545_1760,BRAND_MATERIAL_PLANT,202612,2026-02-06,,6944692.13,6944692.13,1603.77,,100.0,100.0,,,,,100.0,0.0,1,,3.0,0.0,,100.0,,Single
7052,03302009,Breyanzi_2070,BRAND_PLANT,202612,2025-12-12,,238330.26,238330.26,120.88,,100.0,100.0,,,,,100.0,0.0,1,,0.89,0.0,,100.0,,Single
7053,03302009,Breyanzi_2070,BRAND_PLANT,202612,2025-12-19,,94985.05,-66567.85,147.9,,100.0,100.0,,,,,100.0,0.0,1,,0.67,0.0,,100.0,,Single
7054,03302009,Breyanzi_1434877,BRAND_MATERIAL,202612,2025-12-26,,30847.08,-30847.08,100.1,,100.0,100.0,,,,,100.0,0.0,1,,0.5,0.0,,100.0,,Single
7055,03302009,Breyanzi_nan,BRAND_DOSAGE_FORM_PARENT,202612,2026-01-02,,206813.37,154153.57,100.0,,94.0,88.83,,,,,83.12,16.83,1,,1.32,0.0,,66.29,,Single
7056,03302009,Breyanzi_1435569_2070,BRAND_MATERIAL_PLANT,202612,2026-01-09,,34243.44,-34243.44,1083.97,,100.0,100.0,,,,,100.0,0.0,1,,1.0,0.0,,100.0,,Single
7057,03302009,Breyanzi_1435650_2074,BRAND_MATERIAL_PLANT,202612,2026-01-16,,53057.7,53057.7,86.33,,0.0,0.0,,,,,100.0,0.0,1,,1.0,,,100.0,,Single
7058,03302009,Breyanzi_nan,BRAND_DOSAGE_FORM_PARENT,202612,2026-01-23,,243870.81,142746.42,100.0,,90.62,84.12,,,,,92.14,16.18,1,,1.11,1.72,,75.96,,Single
7059,03302009,Breyanzi_2070,BRAND_PLANT,202612,2026-01-30,,83221.66,68923.64,102.89,,78.95,90.57,,,,,100.0,0.0,1,,1.63,0.0,,100.0,,Single
7060,03302009,Breyanzi_2074,BRAND_PLANT,202612,2026-02-06,,70808.85,-57212.29,115.66,,96.3,100.0,,,,,100.0,0.0,1,,1.52,0.0,,100.0,,Single
7061,03302012,Abecma_HALB,BRAND_MATERIAL_TYPE,202612,2025-12-12,,24347.18,-24347.18,118.41,,85.71,100.0,,,,,100.0,0.0,1,,0.71,0.0,,100.0,,Single
7062,03302012,Abecma_1445825_2071,BRAND_MATERIAL_PLANT,202612,2025-12-19,,811.75,-811.75,95.32,,100.0,100.0,,,,,100.0,0.0,1,,1.0,0.0,,100.0,,Single
7063,03302012,Abecma_PL,BRAND_NODETYPE,202612,2025-12-26,,14452.89,-14440.89,100.0,,95.45,100.0,,,,,100.0,0.0,1,,0.77,0.0,,100.0,,Single
7064,03302012,Abecma_PL,BRAND_NODETYPE,202612,2026-01-02,,21605.7,19039.28,100.0,,90.91,95.23,,,,,57.16,42.23,0,,0.86,0.0,,14.92,,Single
7065,03302012,Abecma_nan,BRAND_DOSAGE_FORM_PARENT,202612,2026-01-09,,237.37,237.37,100.0,,94.74,100.0,,,,,100.0,0.0,1,,0.47,0.0,,100.0,,Single
7066,03302012,Abecma_1445876_2071,BRAND_MATERIAL_PLANT,202612,2026-01-16,,4779.14,-4779.14,327.06,,100.0,100.0,,,,,100.0,0.0,1,,1.0,0.0,,100.0,,Single
7067,03302012,Abecma_1445876,BRAND_MATERIAL,202612,2026-01-23,,10153.53,10153.53,170.59,,100.0,100.0,,,,,100.26,-0.02,1,,1.0,0.0,,100.28,,Single
7068,03302012,Abecma_SUSPENSION,BRAND_DOSAGE_FORM_PARENT,202612,2026-01-30,,25763.15,25763.15,101.42,,75.0,71.54,,,,,100.0,0.0,1,,1.25,0.0,,100.0,,Single
7069,03302012,Abecma_PL,BRAND_NODETYPE,202612,2026-02-06,,18779.15,-18779.15,100.0,,95.65,100.0,,,,,100.0,0.0,1,,0.96,0.0,,100.0,,Single
7070,03302043,ABRAXANE_HALB,BRAND_MATERIAL_TYPE,202612,2025-07-25,,7489512.26,5339298.42,83.03,,94.74,100.0,,,,,100.0,0.0,1,,0.58,0.0,,100.0,,Single
7071,03302043,ABRAXANE_HALB,BRAND_MATERIAL_TYPE,202612,2025-08-01,,10331474.42,-5291259.1,120.14,,94.74,100.0,,,,,100.0,0.0,1,,0.84,0.0,,100.0,,Single
7072,03302043,ABRAXANE_1456044_2091,BRAND_MATERIAL_PLANT,202612,2025-08-08,,2788590.14,-2788590.14,101.2,,100.0,100.0,,,,,100.0,0.0,1,,1.0,0.0,,100.0,,Single
7073,03302043,ABRAXANE_HALB,BRAND_MATERIAL_TYPE,202612,2025-08-15,,7431676.47,5669329.35,169.5,,94.74,100.0,,,,,100.0,0.0,1,,1.21,0.0,,100.0,,Single
7074,03302043,ABRAXANE_1455865,BRAND_MATERIAL,202612,2025-08-22,,6222743.99,6222743.99,200.17,,100.0,100.0,,,,,100.0,0.0,1,,1.0,0.0,,100.0,,Single
7075,03302043,ABRAXANE_1455866,BRAND_MATERIAL,202612,2025-08-29,,6283200.0,6283200.0,223.96,,0.0,0.0,,,,,100.0,0.0,1,,1.0,,,100.0,,Single
7076,03302043,ABRAXANE_1434866_2018,BRAND_MATERIAL_PLANT,202612,2025-09-05,,1443801.05,1443801.05,57.44,,100.0,100.0,,,,,100.0,0.0,1,,1.0,0.0,,100.0,,Single
7077,03302043,ABRAXANE_1434866_2021,BRAND_MATERIAL_PLANT,202612,2025-09-12,,7234059.09,7234059.09,426.7,,100.0,100.0,,,,,100.0,0.0,1,,1.0,0.0,,100.0,,Single
7078,03302043,ABRAXANE_1455866_2091,BRAND_MATERIAL_PLANT,202612,2025-09-18,,6283200.0,-6283200.0,67.11,,0.0,0.0,,,,,100.0,0.0,1,,1.0,,,100.0,,Single
7079,03302043,ABRAXANE_DRUG PRODUCT,BRAND_ENTERPRISE_CATEGORY,202612,2025-09-19,,9638601.17,-6521085.73,77.4,,44.44,23.68,,,,,100.0,0.0,1,,1.78,0.0,,100.0,,Single
7080,03302043,ABRAXANE_2091,BRAND_PLANT,202612,2025-09-26,,5084962.82,2705302.11,99.92,,85.37,86.21,,,,,100.0,0.0,1,,0.76,0.0,,100.0,,Single
7081,03302043,ABRAXANE_2091,BRAND_PLANT,202612,2025-10-03,,12230348.32,-5262473.9,128.95,,84.09,74.42,,,,,100.0,0.0,1,,0.86,0.0,,100.0,,Single
7082,03302043,ABRAXANE_DRUG PRODUCT,BRAND_ENTERPRISE_CATEGORY,202612,2025-10-17,,8808573.88,-7449592.85,469.03,,81.82,82.3,,,,,100.0,0.0,1,,0.55,0.0,,100.0,,Single
7083,03302043,ABRAXANE_T,BRAND_NODETYPE,202612,2025-10-24,,16558538.43,10947950.91,148.03,,79.37,77.65,,,,,100.0,0.0,1,,1.05,6.0,,100.0,,Single
7084,03302043,ABRAXANE_1431327_2018,BRAND_MATERIAL_PLANT,202612,2025-10-31,,3124166.56,3124166.56,123.82,,0.0,0.0,,,,,100.0,0.0,1,,1.0,,,100.0,,Single
7085,03302043,ABRAXANE_1456043_2091,BRAND_MATERIAL_PLANT,202612,2025-11-07,,1706329.56,1706329.56,1012.13,,100.0,100.0,,,,,100.0,0.0,1,,1.0,0.0,,100.0,,Single
7086,03302043,ABRAXANE_1431327_2018,BRAND_MATERIAL_PLANT,202612,2025-11-14,,3082627.12,-3082627.12,87.2,,0.0,0.0,,,,,100.0,0.0,1,,1.0,,,100.0,,Single
7087,03302043,ABRAXANE_DC,BRAND_NODETYPE,202612,2025-11-19,,17747883.03,10413912.96,1382.19,,76.39,86.74,,,,,100.0,0.0,1,,1.01,3.64,,100.0,,Single
7088,03302043,ABRAXANE_INJECTION,BRAND_DOSAGE_FORM_PARENT,202612,2025-11-21,,91700471.25,72727759.62,97.56,,74.38,11.92,,,,,100.0,0.0,1,,0.57,1.11,,100.0,,Single
7089,03302043,ABRAXANE_1431322,BRAND_MATERIAL,202612,2025-11-28,,44775544.38,-44775544.38,105.72,,75.0,0.58,,,,,100.0,0.0,1,,0.75,0.0,,100.0,,Single
7090,03302043,ABRAXANE_HALB,BRAND_MATERIAL_TYPE,202612,2025-12-05,,28890412.69,-26955983.99,251.91,,84.21,68.63,,,,,100.0,0.0,1,,0.74,0.0,,100.0,,Single
7091,03302043,ABRAXANE_1456043_2091,BRAND_MATERIAL_PLANT,202612,2025-12-12,,5409516.77,5409516.77,2341.29,,100.0,100.0,,,,,100.0,0.0,1,,1.0,0.0,,100.0,,Single
7092,03302043,ABRAXANE_MARKET UNIT,BRAND_ENTERPRISE_CATEGORY,202612,2025-12-17,,40466834.0,22254129.95,92.39,,77.78,12.41,,,,,100.0,0.0,1,,0.99,0.0,,100.0,,Single
7093,03302043,ABRAXANE_1434866_2021,BRAND_MATERIAL_PLANT,202612,2025-12-19,,5935117.14,5935117.14,193.94,,0.0,0.0,,,,,100.0,0.0,1,,2.0,,,100.0,,Single
7094,03302043,ABRAXANE_T,BRAND_NODETYPE,202612,2025-12-26,,10634381.4,8142615.65,674.16,,88.71,39.17,,,,,100.0,0.0,1,,0.55,1.82,,100.0,,Single
7095,03302043,ABRAXANE_INJECTION,BRAND_DOSAGE_FORM_PARENT,202612,2026-01-02,,30439986.14,29474456.98,85.3,,84.17,85.12,,,,,10.64,86.24,-1,,0.79,0.99,,75.6,,Single
7096,03302043,ABRAXANE_1434866,BRAND_MATERIAL,202612,2026-01-09,,2612389.37,-2612389.37,341.29,,75.0,0.0,,,,,100.0,0.0,1,,0.25,0.0,,100.0,,Single
7097,03302043,ABRAXANE_HALB,BRAND_MATERIAL_TYPE,202612,2026-01-16,,3384403.67,2491351.26,1174.9,,100.0,100.0,,,,,100.0,0.0,1,,0.72,0.0,,100.0,,Single
7098,03302043,ABRAXANE_Internal,BRAND_PLANT_TYPE,202612,2026-01-23,,26756667.19,19366090.69,751.35,,77.42,71.57,,,,,4.37,88.2,0,,1.03,2.78,,83.84,,Single
7099,03302043,ABRAXANE_2091,BRAND_PLANT,202612,2026-01-30,,69152674.66,-38272455.67,114.61,,64.29,16.52,,,,,100.0,0.0,1,,0.83,0.0,,100.0,,Single
7100,03302043,ABRAXANE_INJECTION,BRAND_DOSAGE_FORM_PARENT,202612,2026-02-06,,19818077.31,9750467.97,93.88,,78.26,51.96,,,,,100.0,0.0,1,,0.92,0.0,,100.0,,Single
7101,03302101,REVLIMID_2091,BRAND_PLANT,202612,2025-07-25,,3425900.31,-3067711.77,108.93,,100.0,100.0,,,,,100.0,0.0,1,,0.3,0.0,,100.0,,Single
7102,03302101,REVLIMID_1423290_2026,BRAND_MATERIAL_PLANT,202612,2025-08-01,,487815.58,487815.58,208.66,,100.0,100.0,,,,,100.0,0.0,1,,2.0,0.0,,100.0,,Single
7103,03302101,REVLIMID_Internal,BRAND_PLANT_TYPE,202612,2025-08-08,,6341632.58,-2788312.35,201.66,,99.73,100.0,,,,,100.0,0.0,1,,0.62,0.0,,100.0,,Single
7104,03302101,REVLIMID_HALB,BRAND_MATERIAL_TYPE,202612,2025-08-15,,8166721.15,7632592.14,74.72,,98.15,100.0,,,,,100.0,0.0,1,,0.68,0.0,,100.0,,Dual
7105,03302101,REVLIMID_FIN,BRAND_MATERIAL_TYPE,202612,2025-08-15,,6772366.51,2607326.91,25.52,,100.0,100.0,,,,,100.0,0.0,1,,0.34,0.0,,100.0,,Dual
7106,03302101,REVLIMID_1456877_2091,BRAND_MATERIAL_PLANT,202612,2025-08-22,,1374438.59,1374438.59,168.73,,100.0,100.0,,,,,100.0,0.0,1,,2.0,0.0,,100.0,,Single
7107,03302101,REVLIMID_2026,BRAND_PLANT,202612,2025-08-29,,597370.03,597370.03,191.95,,80.0,85.8,,,,,100.0,0.0,1,,1.0,0.0,,100.0,,Single
7108,03302101,REVLIMID_HALB,BRAND_MATERIAL_TYPE,202612,2025-09-05,,6706536.34,-6343792.37,71.85,,73.83,68.64,,,,,100.0,0.0,1,,0.72,1.27,,100.0,,Dual
7109,03302101,REVLIMID_FIN,BRAND_MATERIAL_TYPE,202612,2025-09-05,,5088323.13,-2447389.08,27.72,,88.64,52.88,,,,,100.0,0.0,1,,0.54,1.42,,100.0,,Dual
7110,03302101,REVLIMID_HALB,BRAND_MATERIAL_TYPE,202612,2025-09-12,,2177757.38,-1980364.45,81.32,,82.24,5.17,,,,,100.0,0.0,1,,0.44,1.14,,100.0,,Dual
7111,03302101,REVLIMID_FIN,BRAND_MATERIAL_TYPE,202612,2025-09-12,,2183664.34,-447756.13,18.39,,89.55,58.72,,,,,100.0,0.0,1,,0.27,0.18,,100.0,,Dual
7112,03302101,REVLIMID_HALB,BRAND_MATERIAL_TYPE,202612,2025-09-18,,8674358.89,-8396225.78,70.78,,75.7,73.02,,,,,100.0,0.0,1,,0.82,1.23,,100.0,,Dual
7113,03302101,REVLIMID_FIN,BRAND_MATERIAL_TYPE,202612,2025-09-18,,6894700.13,-3506375.25,29.56,,86.63,62.6,,,,,100.0,0.0,1,,0.75,0.56,,100.0,,Dual
7114,03302101,REVLIMID_1443737_2027,BRAND_MATERIAL_PLANT,202612,2025-09-19,,517865.16,-517865.16,95.37,,0.0,0.0,,,,,100.0,0.0,1,,4.0,,,100.0,,Single
7115,03302101,REVLIMID_2061,BRAND_PLANT,202612,2025-09-26,,402227.06,230508.96,258.88,,91.86,77.5,,,,,100.0,0.0,1,,0.23,0.0,,100.0,,Single
7116,03302101,REVLIMID_1443692_2091,BRAND_MATERIAL_PLANT,202612,2025-10-03,,472373.53,-472373.53,116.38,,0.0,0.0,,,,,100.0,0.0,1,,2.0,,,100.0,,Single
7117,03302101,REVLIMID_Internal,BRAND_PLANT_TYPE,202612,2025-10-17,,5659685.41,1232076.66,109.3,,87.76,72.78,,,,,100.0,0.0,1,,0.59,0.0,,100.0,,Single
7118,03302101,REVLIMID_T,BRAND_NODETYPE,202612,2025-10-24,,1719831.07,1459383.6,70.12,,81.94,92.58,,,,,100.0,0.0,1,,0.63,2.36,,100.0,,Dual
7119,03302101,REVLIMID_DC,BRAND_NODETYPE,202612,2025-10-24,,3485196.71,873609.36,41.98,,82.47,40.12,,,,,100.0,0.0,1,,0.57,1.31,,100.0,,Dual
7120,03302101,REVLIMID_FIN,BRAND_MATERIAL_TYPE,202612,2025-10-31,,3504337.71,-1234682.82,109.73,,89.03,66.83,,,,,100.0,0.0,1,,0.36,0.71,,100.0,,Single
7121,03302101,REVLIMID_HALB,BRAND_MATERIAL_TYPE,202612,2025-11-07,,1210831.15,-1057360.7,479.68,,81.82,14.91,,,,,100.0,0.0,1,,0.49,0.0,,100.0,,Single
7122,03302101,REVLIMID_External,BRAND_PLANT_TYPE,202612,2025-11-14,,38808864.68,37835656.69,93.84,,91.06,6.4,,,,,100.0,0.0,1,,0.4,0.0,,100.0,,Single
7123,03302101,REVLIMID_CAPSULE,BRAND_DOSAGE_FORM_PARENT,202612,2025-11-19,,10529562.52,6084240.24,106.25,,78.19,49.29,,,,,100.0,0.0,1,,0.89,1.05,,100.0,,Single
7124,03302101,REVLIMID_HALB,BRAND_MATERIAL_TYPE,202612,2025-11-21,,27587503.33,27423598.71,95.09,,69.09,1.18,,,,,100.0,0.0,1,,1.01,3.95,,100.0,,Single
7125,03302101,REVLIMID_HALB,BRAND_MATERIAL_TYPE,202612,2025-11-28,,1706243.6,-1570565.63,104.96,,87.5,16.2,,,,,100.0,0.0,1,,0.54,1.02,,100.0,,Single
7126,03302101,REVLIMID_External,BRAND_PLANT_TYPE,202612,2025-12-05,,65237654.59,-64328767.63,99.12,,83.76,2.35,,,,,100.0,0.0,1,,0.74,0.0,,100.0,,Single
7127,03302101,REVLIMID_External,BRAND_PLANT_TYPE,202612,2025-12-12,,679128380.1,676535359.5,99.88,,75.42,0.27,,,,,100.0,0.0,1,,0.42,0.0,,100.0,,Single
7128,03302101,REVLIMID_HALB,BRAND_MATERIAL_TYPE,202612,2025-12-17,,676620155.25,675653714.92,100.17,,71.68,0.22,,,,,100.0,0.0,1,,0.93,2.47,,100.0,,Single
7129,03302101,REVLIMID_MARKET UNIT,BRAND_ENTERPRISE_CATEGORY,202612,2025-12-19,,1202986.97,657457.54,90.64,,86.45,29.12,,,,,100.0,0.0,1,,0.33,1.49,,100.0,,Single
7130,03302101,REVLIMID_CAPSULE,BRAND_DOSAGE_FORM_PARENT,202612,2025-12-26,,2556761.2,-1543704.34,100.91,,95.06,95.09,,,,,100.0,0.0,1,,0.2,0.74,,100.0,,Single
7131,03302101,REVLIMID_HALB,BRAND_MATERIAL_TYPE,202612,2026-01-02,,814419742.55,814217128.63,99.48,,92.04,99.95,,,,,0.03,99.92,-1,,0.57,0.0,,99.88,,Single
7132,03302101,REVLIMID_HALB,BRAND_MATERIAL_TYPE,202612,2026-01-09,,1486366613.42,-1485717060.45,99.58,,82.14,0.08,,,,,100.0,0.0,1,,0.5,0.0,,100.0,,Single
7133,03302101,REVLIMID_MARKET UNIT,BRAND_ENTERPRISE_CATEGORY,202612,2026-01-16,,7248993.35,5530297.1,59.49,,92.33,49.8,,,,,100.0,0.0,1,,0.25,0.0,,100.0,,Dual
7134,03302101,REVLIMID_API,BRAND_ENTERPRISE_CATEGORY,202612,2026-01-16,,4391355.23,4350833.4,46.8,,50.0,34.76,,,,,100.0,0.0,1,,0.83,0.0,,100.0,,Dual
7135,03302101,REVLIMID_1456877,BRAND_MATERIAL,202612,2026-01-23,,674404938.9,-674404938.9,101.55,,0.0,0.0,,,,,100.0,-119.81,0,,1.0,,,219.81,,Single
7136,03302101,REVLIMID_External,BRAND_PLANT_TYPE,202612,2026-01-30,,4917500.34,1823050.77,121122.02,,70.69,14.26,,,,,100.0,0.0,1,,0.88,0.0,,100.0,,Single
7137,03302101,REVLIMID_2061,BRAND_PLANT,202612,2026-02-06,,1467573.29,-813890.62,76.26,,85.15,21.17,,,,,100.0,0.0,1,,0.57,0.0,,100.0,,Single
7138,03302102,THALOMID_DC,BRAND_NODETYPE,202612,2025-07-25,,225482.25,128969.69,209.75,,92.96,100.0,,,,,100.0,0.0,1,,0.23,0.0,,100.0,,Single
7139,03302102,THALOMID_FIN,BRAND_MATERIAL_TYPE,202612,2025-08-01,,12856.38,-10208.33,144.37,,97.22,100.0,,,,,100.0,0.0,1,,0.17,0.0,,100.0,,Single
7140,03302102,THALOMID_HALB,BRAND_MATERIAL_TYPE,202612,2025-08-08,,1994723.32,1977372.33,91.81,,85.0,100.0,,,,,100.0,0.0,1,,0.7,0.0,,100.0,,Single
7141,03302102,THALOMID_1455952,BRAND_MATERIAL,202612,2025-08-15,,434908244.92,434908244.92,100.45,,100.0,100.0,,,,,100.0,0.0,1,,1.0,0.0,,100.0,,Single
7142,03302102,THALOMID_1443693_1238,BRAND_MATERIAL_PLANT,202612,2025-08-22,,26452.66,26452.66,198.84,,100.0,100.0,,,,,100.0,0.0,1,,1.0,0.0,,100.0,,Single
7143,03302102,THALOMID_HALB,BRAND_MATERIAL_TYPE,202612,2025-08-29,,434984431.59,-434927820.1,99.97,,75.0,0.01,,,,,100.0,0.0,1,,0.4,0.0,,100.0,,Single
7144,03302102,THALOMID_1465482,BRAND_MATERIAL,202612,2025-09-05,,206604.37,-206604.37,389.43,,0.0,0.0,,,,,100.0,0.0,1,,1.0,,,100.0,,Single
7145,03302102,THALOMID_1458472_2061,BRAND_MATERIAL_PLANT,202612,2025-09-12,,207283.22,-207283.22,202.96,,100.0,100.0,,,,,100.0,0.0,1,,1.0,0.0,,100.0,,Single
7146,03302102,THALOMID_HALB,BRAND_MATERIAL_TYPE,202612,2025-09-18,,435744145.88,-435248045.16,99.98,,55.56,0.06,,,,,100.0,0.0,1,,0.89,0.0,,100.0,,Single
7147,03302102,THALOMID_DRUG PRODUCT,BRAND_ENTERPRISE_CATEGORY,202612,2025-09-19,,307102.07,-307102.07,141.54,,66.67,36.7,,,,,100.0,0.0,1,,0.33,0.0,,100.0,,Single
7148,03302102,THALOMID_2054,BRAND_PLANT,202612,2025-09-26,,27047.07,-27047.07,193.45,,100.0,100.0,,,,,100.0,0.0,1,,1.0,0.0,,100.0,,Single
7149,03302102,THALOMID_nan,BRAND_DOSAGE_FORM_PARENT,202612,2025-10-03,,315237.04,-315237.04,102.32,,97.44,5.99,,,,,100.0,0.0,1,,0.1,0.0,,100.0,,Single
7150,03302102,THALOMID_1455663_2091,BRAND_MATERIAL_PLANT,202612,2025-10-17,,296356.08,-296356.08,74.69,,0.0,0.0,,,,,100.0,0.0,1,,1.0,,,100.0,,Single
7151,03302102,THALOMID_2021,BRAND_PLANT,202612,2025-10-24,,106217.31,91005.39,117.59,,66.67,74.19,,,,,100.0,0.0,1,,1.67,0.0,,100.0,,Single
7152,03302102,THALOMID_1742,BRAND_PLANT,202612,2025-10-31,,15475.96,15475.96,102.79,,100.0,100.0,,,,,100.0,0.0,1,,1.0,0.0,,100.0,,Single
7153,03302102,THALOMID_Internal,BRAND_PLANT_TYPE,202612,2025-11-07,,618470.53,294290.6,97.11,,82.46,44.62,,,,,100.0,0.0,1,,0.62,0.0,,100.0,,Single
7154,03302102,THALOMID_DC,BRAND_NODETYPE,202612,2025-11-14,,228385.17,181577.12,168.5,,84.06,99.57,,,,,100.0,0.0,1,,0.41,0.0,,100.0,,Single
7155,03302102,THALOMID_CAPSULE,BRAND_DOSAGE_FORM_PARENT,202612,2025-11-19,,1348197.58,797561.27,149.49,,80.9,61.32,,,,,100.0,0.0,1,,1.01,4.17,,100.0,,Single
7156,03302102,THALOMID_CAPSULE,BRAND_DOSAGE_FORM_PARENT,202612,2025-11-21,,610019.09,492929.97,214.78,,78.89,11.86,,,,,100.0,0.0,1,,0.29,0.0,,100.0,,Single
7157,03302102,THALOMID_1443693_2021,BRAND_MATERIAL_PLANT,202612,2025-11-28,,160588.33,160588.33,243.08,,100.0,100.0,,,,,100.0,0.0,1,,1.0,0.0,,100.0,,Single
7158,03302102,THALOMID_1455460_2061,BRAND_MATERIAL_PLANT,202612,2025-12-05,,110228.6,110228.6,143.26,,0.0,0.0,,,,,100.0,0.0,1,,1.0,,,100.0,,Single
7159,03302102,THALOMID_DC,BRAND_NODETYPE,202612,2025-12-12,,129243.71,104278.17,112.64,,82.35,72.24,,,,,100.0,0.0,1,,0.31,1.79,,100.0,,Single
7160,03302102,THALOMID_1443693_2021,BRAND_MATERIAL_PLANT,202612,2025-12-17,,213572.55,213572.55,227.47,,100.0,100.0,,,,,100.0,0.0,1,,2.0,0.0,,100.0,,Single
7161,03302102,THALOMID_1443627_2061,BRAND_MATERIAL_PLANT,202612,2025-12-19,,16796.84,-16796.84,63.3,,100.0,100.0,,,,,100.0,0.0,1,,1.0,0.0,,100.0,,Single
7162,03302102,THALOMID_Internal,BRAND_PLANT_TYPE,202612,2025-12-26,,85053.19,47477.24,111.28,,92.04,31.36,,,,,100.0,0.0,1,,0.22,0.96,,100.0,,Single
7163,03302102,THALOMID_Internal,BRAND_PLANT_TYPE,202612,2026-01-02,,2456836.96,2083249.15,126.11,,94.78,92.26,,,,,3.34,92.6,-1,,0.5,0.92,,89.26,,Single
7164,03302102,THALOMID_DC,BRAND_NODETYPE,202612,2026-01-09,,295422.51,-294987.33,1993.37,,91.43,28.24,,,,,100.0,0.0,1,,0.21,4.69,,100.0,,Single
7165,03302102,THALOMID_CAPSULE,BRAND_DOSAGE_FORM_PARENT,202612,2026-01-16,,366307.38,136857.0,90.96,,93.02,78.76,,,,,100.0,0.0,1,,0.31,2.5,,100.0,,Single
7166,03302102,THALOMID_Internal,BRAND_PLANT_TYPE,202612,2026-01-23,,2573398.33,2055000.12,110.15,,82.3,84.95,,,,,5.97,94.66,0,,0.96,1.08,,88.69,,Single
7167,03302102,THALOMID_1455663_2091,BRAND_MATERIAL_PLANT,202612,2026-01-30,,386481.88,386481.88,281.24,,100.0,100.0,,,,,100.0,0.0,1,,2.0,0.0,,100.0,,Single
7168,03302102,THALOMID_1455460_2061,BRAND_MATERIAL_PLANT,202612,2026-02-06,,195230.53,-195230.53,460.13,,100.0,100.0,,,,,100.0,0.0,1,,1.0,0.0,,100.0,,Single
7169,03302103,VIDAZA_2021,BRAND_PLANT,202612,2025-07-25,,369602.3,362214.43,1365.74,,95.83,100.0,,,,,100.0,0.0,1,,0.25,0.0,,100.0,,Single
7170,03302103,VIDAZA_1435051_2091,BRAND_MATERIAL_PLANT,202612,2025-08-01,,368860.11,-368860.11,92.57,,100.0,100.0,,,,,100.0,0.0,1,,1.0,0.0,,100.0,,Single
7171,03302103,VIDAZA_1431192_2021,BRAND_MATERIAL_PLANT,202612,2025-08-08,,550924.54,-550924.54,408.11,,100.0,100.0,,,,,100.0,0.0,1,,1.0,0.0,,100.0,,Single
7172,03302103,VIDAZA_T,BRAND_NODETYPE,202612,2025-08-15,,803308.41,655350.88,242.38,,97.62,100.0,,,,,100.0,0.0,1,,0.55,0.0,,100.0,,Single
7173,03302103,VIDAZA_External,BRAND_PLANT_TYPE,202612,2025-08-22,,614183.97,492056.48,372.1,,96.88,100.0,,,,,100.0,0.0,1,,0.62,0.0,,100.0,,Single
7174,03302103,VIDAZA_1435046_2091,BRAND_MATERIAL_PLANT,202612,2025-08-29,,188399.16,188399.16,148.56,,100.0,100.0,,,,,100.0,0.0,1,,1.0,0.0,,100.0,,Single
7175,03302103,VIDAZA_Internal,BRAND_PLANT_TYPE,202612,2025-09-05,,3266295.38,2793609.05,420.91,,86.76,88.19,,,,,100.0,0.0,1,,0.65,0.0,,100.0,,Single
7176,03302103,VIDAZA_DRUG PRODUCT,BRAND_ENTERPRISE_CATEGORY,202612,2025-09-12,,318032.57,318032.57,388.99,,75.0,100.0,,,,,100.0,0.0,1,,0.5,0.0,,100.0,,Single
7177,03302103,VIDAZA_1431192,BRAND_MATERIAL,202612,2025-09-18,,1625859.41,1544644.65,2200.04,,50.0,97.5,,,,,100.0,0.0,1,,1.0,0.0,,100.0,,Single
7178,03302103,VIDAZA_Internal,BRAND_PLANT_TYPE,202612,2025-09-19,,2273263.9,-2258068.4,234.23,,89.86,6.32,,,,,100.0,0.0,1,,0.65,0.0,,100.0,,Single
7179,03302103,VIDAZA_DRUG PRODUCT,BRAND_ENTERPRISE_CATEGORY,202612,2025-09-26,,1327893.43,1327893.43,108.1,,75.0,100.0,,,,,100.0,0.0,1,,0.75,0.0,,100.0,,Single
7180,03302103,VIDAZA_INJECTION,BRAND_DOSAGE_FORM_PARENT,202612,2025-10-03,,7929245.6,-7038706.01,88.79,,60.0,49.72,,,,,100.0,0.0,1,,0.87,1.75,,100.0,,Single
7181,03302103,VIDAZA_1435046_2091,BRAND_MATERIAL_PLANT,202612,2025-10-17,,1821693.1,-1821693.1,456.81,,100.0,100.0,,,,,100.0,0.0,1,,1.0,0.0,,100.0,,Single
7182,03302103,VIDAZA_INJECTION,BRAND_DOSAGE_FORM_PARENT,202612,2025-10-24,,6471383.91,5932939.68,85.24,,73.12,52.91,,,,,100.0,0.0,1,,0.92,1.47,,100.0,,Single
7183,03302103,VIDAZA_INJECTION,BRAND_DOSAGE_FORM_PARENT,202612,2025-10-31,,2031257.84,-1534522.55,99.99,,84.21,89.69,,,,,100.0,0.0,1,,0.27,0.0,,100.0,,Single
7184,03302103,VIDAZA_INJECTION,BRAND_DOSAGE_FORM_PARENT,202612,2025-11-07,,4257253.11,3524231.58,105.98,,89.47,93.75,,,,,100.0,0.0,1,,0.76,2.35,,100.0,,Single
7185,03302103,VIDAZA_INJECTION,BRAND_DOSAGE_FORM_PARENT,202612,2025-11-14,,3485109.87,3166855.69,106.71,,89.47,35.4,,,,,100.0,0.0,1,,0.22,0.0,,100.0,,Single
7186,03302103,VIDAZA_nan,BRAND_DOSAGE_FORM_PARENT,202612,2025-11-19,,1940345.05,1940001.11,531.91,,85.71,100.0,,,,,100.0,0.0,1,,0.57,0.0,,100.0,,Single
7187,03302103,VIDAZA_INJECTION,BRAND_DOSAGE_FORM_PARENT,202612,2025-11-21,,8032485.32,-7424108.01,148.26,,82.11,33.52,,,,,100.0,0.0,1,,0.67,3.85,,100.0,,Single
7188,03302103,VIDAZA_2091,BRAND_PLANT,202612,2025-11-28,,2084346.47,-2079247.11,105.0,,90.62,0.16,,,,,100.0,0.0,1,,0.41,0.0,,100.0,,Single
7189,03302103,VIDAZA_DRUG PRODUCT,BRAND_ENTERPRISE_CATEGORY,202612,2025-12-05,,3912378.54,3912378.54,108.06,,75.0,100.0,,,,,100.0,0.0,1,,0.5,0.0,,100.0,,Single
7190,03302103,VIDAZA_1435051_2091,BRAND_MATERIAL_PLANT,202612,2025-12-12,,1330874.64,1330874.64,103.87,,0.0,0.0,,,,,100.0,0.0,1,,2.0,,,100.0,,Single
7191,03302103,VIDAZA_DRUG PRODUCT,BRAND_ENTERPRISE_CATEGORY,202612,2025-12-17,,7203482.44,7203482.44,147.59,,75.0,100.0,,,,,100.0,0.0,1,,1.0,0.0,,100.0,,Single
7192,03302103,VIDAZA_DRUG PRODUCT,BRAND_ENTERPRISE_CATEGORY,202612,2025-12-19,,4690061.91,4690061.91,110.26,,50.0,28.15,,,,,100.0,0.0,1,,1.5,0.0,,100.0,,Single
7193,03302103,VIDAZA_DRUG PRODUCT,BRAND_ENTERPRISE_CATEGORY,202612,2025-12-26,,1318271.18,1318271.18,452.59,,50.0,100.0,,,,,100.0,0.0,1,,0.75,0.0,,100.0,,Single
7194,03302103,VIDAZA_T,BRAND_NODETYPE,202612,2026-01-02,,3308377.43,3082400.83,158.28,,79.07,78.06,,,,,61.74,34.75,0,,0.81,0.0,,26.98,,Single
7195,03302103,VIDAZA_INJECTION,BRAND_DOSAGE_FORM_PARENT,202612,2026-01-09,,12009499.7,-11719758.07,106.04,,86.17,99.25,,,,,100.0,0.0,1,,0.28,0.0,,100.0,,Single
7196,03302103,VIDAZA_INJECTION,BRAND_DOSAGE_FORM_PARENT,202612,2026-01-16,,2106122.38,-1567174.46,99.66,,90.32,47.57,,,,,100.0,0.0,1,,0.29,0.0,,100.0,,Single
7197,03302103,VIDAZA_INJECTION,BRAND_DOSAGE_FORM_PARENT,202612,2026-01-23,,11756884.37,-7734369.89,104.72,,80.65,73.89,,,,,102.35,-8.95,1,,0.94,0.0,,111.3,,Single
7198,03302103,VIDAZA_1434782_2091,BRAND_MATERIAL_PLANT,202612,2026-01-30,,205562.6,-205562.6,404.92,,0.0,0.0,,,,,100.0,0.0,1,,2.0,,,100.0,,Single
7199,03302103,VIDAZA_INJECTION,BRAND_DOSAGE_FORM_PARENT,202612,2026-02-06,,3458373.63,2348541.85,100.0,,80.65,85.43,,,,,100.0,0.0,1,,0.88,0.0,,100.0,,Single
7200,03302104,POMALYST (pomalide)_DC,BRAND_NODETYPE,202612,2025-07-25,,387218.48,200643.25,1120.66,,98.9,100.0,,,,,100.0,0.0,1,,0.23,0.0,,100.0,,Single
7201,03302104,POMALYST (pomalide)_CAPSULE,BRAND_DOSAGE_FORM_PARENT,202612,2025-08-01,,682250.61,237339.78,198.92,,99.28,100.0,,,,,100.0,0.0,1,,0.27,0.0,,100.0,,Single
7202,03302104,POMALYST (pomalide)_Internal,BRAND_PLANT_TYPE,202612,2025-08-08,,4503059.39,3381097.66,99.87,,99.87,100.0,,,,,100.0,0.0,1,,0.5,0.0,,100.0,,Single
7203,03302104,POMALYST (pomalide)_Internal,BRAND_PLANT_TYPE,202612,2025-08-15,,4003554.74,-3188335.77,97.0,,99.87,100.0,,,,,100.0,0.0,1,,0.27,0.0,,100.0,,Single
7204,03302104,POMALYST (pomalide)_CAPSULE,BRAND_DOSAGE_FORM_PARENT,202612,2025-08-22,,1414323.93,565789.91,132.55,,99.82,100.0,,,,,100.0,0.0,1,,0.31,0.0,,100.0,,Single
7205,03302104,POMALYST (pomalide)_CAPSULE,BRAND_DOSAGE_FORM_PARENT,202612,2025-08-29,,944980.27,-278495.06,108.55,,97.47,62.76,,,,,100.0,0.0,1,,0.18,0.0,,100.0,,Single
7206,03302104,POMALYST (pomalide)_External,BRAND_PLANT_TYPE,202612,2025-09-05,,563577.3,520608.57,774.99,,83.33,76.53,,,,,100.0,0.0,1,,0.83,0.0,,100.0,,Single
7207,03302104,POMALYST (pomalide)_CAPSULE,BRAND_DOSAGE_FORM_PARENT,202612,2025-09-12,,458953.62,-212326.57,138.18,,93.67,81.06,,,,,100.0,0.0,1,,0.27,0.39,,100.0,,Single
7208,03302104,POMALYST (pomalide)_2061,BRAND_PLANT,202612,2025-09-18,,1274914.72,728825.89,408.42,,90.11,89.29,,,,,100.0,0.0,1,,0.57,0.59,,100.0,,Single
7209,03302104,POMALYST (pomalide)_2061,BRAND_PLANT,202612,2025-09-19,,1096320.15,740356.88,747.43,,87.7,18.72,,,,,100.0,0.0,1,,0.42,0.0,,100.0,,Single
7210,03302104,POMALYST (pomalide)_DC,BRAND_NODETYPE,202612,2025-09-26,,1218914.67,-652593.84,860.14,,93.5,59.6,,,,,100.0,0.0,1,,0.4,0.3,,100.0,,Single
7211,03302104,POMALYST (pomalide)_2061,BRAND_PLANT,202612,2025-10-03,,1413800.17,630190.68,79.17,,86.61,39.16,,,,,100.0,0.0,1,,0.36,0.3,,100.0,,Single
7212,03302104,POMALYST (pomalide)_DC,BRAND_NODETYPE,202612,2025-10-17,,2367103.34,-1057993.51,540.77,,81.38,35.24,,,,,100.0,0.0,1,,0.69,0.0,,100.0,,Single
7213,03302104,POMALYST (pomalide)_CAPSULE,BRAND_DOSAGE_FORM_PARENT,202612,2025-10-24,,1843638.34,-936267.61,106.98,,83.7,24.09,,,,,100.0,0.0,1,,0.54,1.55,,100.0,,Single
7214,03302104,POMALYST (pomalide)_DC,BRAND_NODETYPE,202612,2025-10-31,,1874437.88,1288695.65,158.23,,90.83,39.37,,,,,100.0,0.0,1,,0.38,0.32,,100.0,,Single
7215,03302104,POMALYST (pomalide)_Internal,BRAND_PLANT_TYPE,202612,2025-11-07,,3390731.75,-1457776.1,150.86,,85.2,29.8,,,,,100.0,0.0,1,,0.59,0.75,,100.0,,Single
7216,03302104,POMALYST (pomalide)_Internal,BRAND_PLANT_TYPE,202612,2025-11-14,,1244828.11,-691143.11,108.53,,89.46,53.14,,,,,100.0,0.0,1,,0.28,0.29,,100.0,,Single
7217,03302104,POMALYST (pomalide)_External,BRAND_PLANT_TYPE,202612,2025-11-19,,989452.94,827063.29,2768.44,,100.0,100.0,,,,,100.0,0.0,1,,1.11,5.56,,100.0,,Single
7218,03302104,POMALYST (pomalide)_Internal,BRAND_PLANT_TYPE,202612,2025-11-21,,1953370.49,805851.23,117.05,,88.03,60.75,,,,,100.0,0.0,1,,0.49,0.58,,100.0,,Single
7219,03302104,POMALYST (pomalide)_CAPSULE,BRAND_DOSAGE_FORM_PARENT,202612,2025-11-28,,2277948.96,-983422.48,114.59,,84.13,33.82,,,,,100.0,0.0,1,,0.39,0.44,,100.0,,Single
7220,03302104,POMALYST (pomalide)_Internal,BRAND_PLANT_TYPE,202612,2025-12-05,,3880466.24,808432.25,153.56,,87.32,37.57,,,,,100.0,0.0,1,,0.55,0.44,,100.0,,Single
7221,03302104,POMALYST (pomalide)_CAPSULE,BRAND_DOSAGE_FORM_PARENT,202612,2025-12-12,,1992671.98,1648470.21,105.59,,88.45,47.65,,,,,100.0,0.0,1,,0.18,0.21,,100.0,,Single
7222,03302104,POMALYST (pomalide)_MARKET UNIT,BRAND_ENTERPRISE_CATEGORY,202612,2025-12-17,,3693227.92,1230308.32,121.65,,87.74,45.44,,,,,100.0,0.0,1,,0.75,0.89,,100.0,,Single
7223,03302104,POMALYST (pomalide)_1456046_2091,BRAND_MATERIAL_PLANT,202612,2025-12-19,,91994.92,-91994.92,41.0,,0.0,0.0,,,,,100.0,0.0,1,,2.0,,,100.0,,Single
7224,03302104,POMALYST (pomalide)_CAPSULE,BRAND_DOSAGE_FORM_PARENT,202612,2025-12-26,,1367830.85,-1101467.98,106.21,,92.55,44.38,,,,,100.0,0.0,1,,0.24,0.8,,100.0,,Single
7225,03302104,POMALYST (pomalide)_Internal,BRAND_PLANT_TYPE,202612,2026-01-02,,22571690.24,22129076.53,101.61,,93.78,86.02,,,,,3.31,94.57,-1,,0.41,0.28,,91.27,,Single
7226,03302104,POMALYST (pomalide)_CAPSULE,BRAND_DOSAGE_FORM_PARENT,202612,2026-01-09,,8180566.51,4771547.08,101.07,,86.76,66.74,,,,,100.0,0.0,1,,0.34,0.21,,100.0,,Single
7227,03302104,POMALYST (pomalide)_CAPSULE,BRAND_DOSAGE_FORM_PARENT,202612,2026-01-16,,4075684.79,1063838.36,132.32,,91.7,53.55,,,,,100.0,0.0,1,,0.25,0.0,,100.0,,Single
7228,03302104,POMALYST (pomalide)_Internal,BRAND_PLANT_TYPE,202612,2026-01-23,,30506987.66,27953265.51,101.81,,82.51,79.33,,,,,4.52,87.23,-1,,0.85,0.94,,82.71,,Single
7229,03302104,POMALYST (pomalide)_DC,BRAND_NODETYPE,202612,2026-01-30,,4845456.81,-1728871.44,116.33,,86.43,53.58,,,,,100.0,0.0,1,,0.47,1.02,,100.0,,Single
7230,03302104,POMALYST (pomalide)_1461990_2061,BRAND_MATERIAL_PLANT,202612,2026-02-06,,1147422.84,1147422.84,117.96,,0.0,0.0,,,,,100.0,0.0,1,,1.0,,,100.0,,Single
7231,03302105,ISTODAX_1428645_2021,BRAND_MATERIAL_PLANT,202612,2025-07-25,,342842.55,342842.55,2800.53,,100.0,100.0,,,,,100.0,0.0,1,,1.0,0.0,,100.0,,Single
7232,03302105,ISTODAX_1428645_2091,BRAND_MATERIAL_PLANT,202612,2025-08-01,,278264.81,278264.81,17509.61,,100.0,100.0,,,,,100.0,0.0,1,,1.0,0.0,,100.0,,Single
7233,03302105,ISTODAX_1456005_2091,BRAND_MATERIAL_PLANT,202612,2025-08-08,,336066.25,336066.25,181.12,,100.0,100.0,,,,,100.0,0.0,1,,1.0,0.0,,100.0,,Single
7234,03302105,ISTODAX_1423265,BRAND_MATERIAL,202612,2025-08-15,,970643.36,970643.36,355.5,,100.0,100.0,,,,,100.0,0.0,1,,2.0,0.0,,100.0,,Single
7235,03302105,ISTODAX_1428645,BRAND_MATERIAL,202612,2025-08-22,,669317.32,669317.32,141.52,,100.0,100.0,,,,,100.0,0.0,1,,0.57,0.0,,100.0,,Single
7236,03302105,ISTODAX_1423265_2026,BRAND_MATERIAL_PLANT,202612,2025-08-29,,289070.65,-289070.65,2642.84,,100.0,100.0,,,,,100.0,0.0,1,,1.0,0.0,,100.0,,Single
7237,03302105,ISTODAX_INJECTION,BRAND_DOSAGE_FORM_PARENT,202612,2025-09-05,,560309.94,290100.15,98.44,,84.21,75.62,,,,,100.0,0.0,1,,0.79,0.0,,100.0,,Single
7238,03302105,ISTODAX_INJECTION,BRAND_DOSAGE_FORM_PARENT,202612,2025-09-12,,5366373.26,-5312355.21,155.2,,73.68,86.06,,,,,100.0,0.0,1,,0.68,0.0,,100.0,,Single
7239,03302105,ISTODAX_1456005_2091,BRAND_MATERIAL_PLANT,202612,2025-09-18,,4852379.6,-4852379.6,163.05,,0.0,0.0,,,,,100.0,0.0,1,,2.0,,,100.0,,Single
7240,03302105,ISTODAX_2027,BRAND_PLANT,202612,2025-09-19,,765661.11,765661.11,458.38,,0.0,0.0,,,,,100.0,0.0,1,,1.0,,,100.0,,Single
7241,03302105,ISTODAX_Internal,BRAND_PLANT_TYPE,202612,2025-09-26,,259455.72,232640.03,1552.62,,84.62,80.55,,,,,100.0,0.0,1,,0.38,0.0,,100.0,,Single
7242,03302105,ISTODAX_HALB,BRAND_MATERIAL_TYPE,202612,2025-10-03,,538044.87,538044.87,211.66,,100.0,100.0,,,,,100.0,0.0,1,,0.25,0.0,,100.0,,Single
7243,03302105,ISTODAX_1423265_2027,BRAND_MATERIAL_PLANT,202612,2025-10-17,,778690.78,778690.78,295.01,,100.0,100.0,,,,,100.0,0.0,1,,1.0,0.0,,100.0,,Single
7244,03302105,ISTODAX_DC,BRAND_NODETYPE,202612,2025-10-24,,547094.1,530125.28,689.92,,64.29,97.72,,,,,100.0,0.0,1,,0.71,0.0,,100.0,,Single
7245,03302105,ISTODAX_External,BRAND_PLANT_TYPE,202612,2025-10-31,,27786.85,-26444.73,906.65,,90.0,83.04,,,,,100.0,0.0,1,,0.7,0.0,,100.0,,Single
7246,03302105,ISTODAX_HALB,BRAND_MATERIAL_TYPE,202612,2025-11-07,,289335.27,-289335.27,201.38,,100.0,100.0,,,,,100.0,0.0,1,,1.0,0.0,,100.0,,Single
7247,03302105,ISTODAX_2014,BRAND_PLANT,202612,2025-11-14,,24039.15,-24039.15,601.5,,100.0,100.0,,,,,100.0,0.0,1,,3.0,0.0,,100.0,,Single
7248,03302105,ISTODAX_INJECTION,BRAND_DOSAGE_FORM_PARENT,202612,2025-11-19,,3425223.87,3065630.91,260.51,,90.48,99.87,,,,,100.0,0.0,1,,0.76,0.0,,100.0,,Single
7249,03302105,ISTODAX_1456005,BRAND_MATERIAL,202612,2025-11-21,,3107195.04,3107195.04,247.55,,0.0,0.0,,,,,100.0,0.0,1,,3.0,,,100.0,,Single
7250,03302105,ISTODAX_2091,BRAND_PLANT,202612,2025-11-28,,509331.85,508417.13,95.65,,77.78,1.72,,,,,100.0,0.0,1,,1.0,0.0,,100.0,,Single
7251,03302105,ISTODAX_1456005_2091,BRAND_MATERIAL_PLANT,202612,2025-12-05,,201237.28,201237.28,112.15,,100.0,100.0,,,,,100.0,0.0,1,,5.0,0.0,,100.0,,Single
7252,03302105,ISTODAX_Internal,BRAND_PLANT_TYPE,202612,2025-12-12,,955220.47,-847941.57,128.11,,93.33,97.2,,,,,100.0,0.0,1,,0.93,0.0,,100.0,,Single
7253,03302105,ISTODAX_External,BRAND_PLANT_TYPE,202612,2025-12-17,,816242.73,777863.52,96.88,,90.0,71.27,,,,,100.0,0.0,1,,1.3,0.0,,100.0,,Single
7254,03302105,ISTODAX_DC,BRAND_NODETYPE,202612,2025-12-19,,240207.92,186453.23,627.5,,80.0,84.13,,,,,100.0,0.0,1,,0.87,0.0,,100.0,,Single
7255,03302105,ISTODAX_1423265,BRAND_MATERIAL,202612,2025-12-26,,727243.73,727243.73,102.92,,100.0,100.0,,,,,100.0,0.0,1,,1.0,0.0,,100.0,,Single
7256,03302105,ISTODAX_Internal,BRAND_PLANT_TYPE,202612,2026-01-02,,264286.91,251777.62,122.84,,80.0,20.03,,,,,86.42,13.48,1,,0.8,0.0,,72.95,,Single
7257,03302105,ISTODAX_Internal,BRAND_PLANT_TYPE,202612,2026-01-09,,278905.28,278236.79,575.15,,93.33,100.0,,,,,100.0,0.0,1,,0.4,7.14,,100.0,,Single
7258,03302105,ISTODAX_INJECTION,BRAND_DOSAGE_FORM_PARENT,202612,2026-01-16,,1624061.92,-1536648.6,253.12,,90.0,97.97,,,,,100.0,0.0,1,,0.75,0.0,,100.0,,Single
7259,03302105,ISTODAX_2026,BRAND_PLANT,202612,2026-01-23,,471414.38,471414.38,185.91,,100.0,100.0,,,,,93.68,4.73,1,,0.33,0.0,,88.94,,Single
7260,03302105,ISTODAX_INJECTION,BRAND_DOSAGE_FORM_PARENT,202612,2026-01-30,,1057938.24,784425.38,101.25,,80.0,88.57,,,,,100.0,0.0,1,,0.65,0.0,,100.0,,Single
7261,03302105,ISTODAX_1456005_2091,BRAND_MATERIAL_PLANT,202612,2026-02-06,,1633197.55,1633197.55,233.24,,100.0,100.0,,,,,100.0,0.0,1,,2.0,0.0,,100.0,,Single
7262,03302111,ONUREG (azacitidine)_HALB,BRAND_MATERIAL_TYPE,202612,2025-07-25,,11274094.64,-11260852.44,86.62,,94.74,100.0,,,,,100.0,0.0,1,,0.25,0.0,,100.0,,Single
7263,03302111,ONUREG (azacitidine)_HALB,BRAND_MATERIAL_TYPE,202612,2025-08-01,,10585057.36,10244686.24,68.66,,94.67,100.0,,,,,100.0,0.0,1,,0.45,0.0,,100.0,,Dual
7264,03302111,ONUREG (azacitidine)_FIN,BRAND_MATERIAL_TYPE,202612,2025-08-01,,4814999.57,4662432.59,31.25,,98.21,100.0,,,,,100.0,0.0,1,,0.41,0.0,,100.0,,Dual
7265,03302111,ONUREG (azacitidine)_HALB,BRAND_MATERIAL_TYPE,202612,2025-08-08,,3942464.38,2850498.53,116.19,,94.67,100.0,,,,,100.0,0.0,1,,0.53,0.0,,100.0,,Single
7266,03302111,ONUREG (azacitidine)_1455870_2091,BRAND_MATERIAL_PLANT,202612,2025-08-15,,2106000.0,2106000.0,163.1,,100.0,100.0,,,,,100.0,0.0,1,,1.0,0.0,,100.0,,Single
7267,03302111,ONUREG (azacitidine)_1455929_2091,BRAND_MATERIAL_PLANT,202612,2025-08-22,,1804315.38,-1804315.38,143.72,,100.0,100.0,,,,,100.0,0.0,1,,1.0,0.0,,100.0,,Single
7268,03302111,ONUREG (azacitidine)_1434721_2091,BRAND_MATERIAL_PLANT,202612,2025-08-29,,563963.35,563963.35,8645.83,,100.0,100.0,,,,,100.0,0.0,1,,1.0,0.0,,100.0,,Single
7269,03302111,ONUREG (azacitidine)_2051,BRAND_PLANT,202612,2025-09-05,,236712.95,236712.95,160.23,,100.0,100.0,,,,,100.0,0.0,1,,1.0,0.0,,100.0,,Single
7270,03302111,ONUREG (azacitidine)_API,BRAND_ENTERPRISE_CATEGORY,202612,2025-09-12,,2106000.0,-2106000.0,115.65,,57.14,100.0,,,,,100.0,0.0,1,,0.14,0.0,,100.0,,Single
7271,03302111,ONUREG (azacitidine)_HALB,BRAND_MATERIAL_TYPE,202612,2025-09-18,,5614054.08,-2814528.22,95.0,,89.04,91.53,,,,,100.0,0.0,1,,0.48,0.0,,100.0,,Single
7272,03302111,ONUREG (azacitidine)_TABLET,BRAND_DOSAGE_FORM_PARENT,202612,2025-09-19,,4246596.28,-1985351.81,166.3,,79.79,42.44,,,,,100.0,0.0,1,,0.72,0.0,,100.0,,Single
7273,03302111,ONUREG (azacitidine)_HALB,BRAND_MATERIAL_TYPE,202612,2025-09-26,,7659442.32,-7654075.12,72.66,,81.08,0.67,,,,,100.0,0.0,1,,0.55,1.67,,100.0,,Dual
7274,03302111,ONUREG (azacitidine)_FIN,BRAND_MATERIAL_TYPE,202612,2025-09-26,,3869633.16,-2880082.83,27.34,,73.54,41.18,,,,,100.0,0.0,1,,0.61,0.0,,100.0,,Dual
7275,03302111,ONUREG (azacitidine)_HALB,BRAND_MATERIAL_TYPE,202612,2025-10-03,,10207579.07,9921276.78,78.54,,95.89,98.74,,,,,100.0,0.0,1,,0.48,0.0,,100.0,,Dual
7276,03302111,ONUREG (azacitidine)_FIN,BRAND_MATERIAL_TYPE,202612,2025-10-03,,4358041.56,2722850.27,21.55,,78.92,43.95,,,,,100.0,0.0,1,,0.79,0.0,,100.0,,Dual
7277,03302111,ONUREG (azacitidine)_2061,BRAND_PLANT,202612,2025-10-17,,4257180.18,2303018.18,86.38,,87.33,69.59,,,,,100.0,0.0,1,,0.5,0.0,,100.0,,Single
7278,03302111,ONUREG (azacitidine)_2091,BRAND_PLANT,202612,2025-10-24,,1579507.75,-1535017.58,193.17,,72.73,28.59,,,,,100.0,0.0,1,,0.64,0.0,,100.0,,Single
7279,03302111,ONUREG (azacitidine)_2091,BRAND_PLANT,202612,2025-10-31,,2150443.95,-2150443.94,134.82,,81.82,100.0,,,,,100.0,0.0,1,,0.27,0.0,,100.0,,Single
7280,03302111,ONUREG (azacitidine)_TABLET,BRAND_DOSAGE_FORM_PARENT,202612,2025-11-07,,4092620.6,-1163486.84,180.51,,84.98,75.62,,,,,100.0,0.0,1,,0.74,0.8,,100.0,,Single
7281,03302111,ONUREG (azacitidine)_Internal,BRAND_PLANT_TYPE,202612,2025-11-14,,5271073.58,-4375595.89,106.8,,78.88,45.04,,,,,100.0,0.0,1,,0.52,0.0,,100.0,,Single
7282,03302111,ONUREG (azacitidine)_External,BRAND_PLANT_TYPE,202612,2025-11-19,,3351922.57,-3289521.31,72.96,,76.92,94.65,,,,,100.0,0.0,1,,0.62,0.0,,100.0,,Dual
7283,03302111,ONUREG (azacitidine)_Internal,BRAND_PLANT_TYPE,202612,2025-11-19,,4640866.61,-1219396.57,27.04,,76.28,50.28,,,,,100.0,0.0,1,,0.98,0.33,,100.0,,Dual
7284,03302111,ONUREG (azacitidine)_MARKET UNIT,BRAND_ENTERPRISE_CATEGORY,202612,2025-11-21,,3613064.57,1603941.59,81.83,,72.6,56.14,,,,,100.0,0.0,1,,0.78,0.98,,100.0,,Single
7285,03302111,ONUREG (azacitidine)_TABLET,BRAND_DOSAGE_FORM_PARENT,202612,2025-11-28,,5856088.37,3555588.97,137.64,,80.0,69.24,,,,,100.0,0.0,1,,0.49,0.0,,100.0,,Single
7286,03302111,ONUREG (azacitidine)_1443841_2021,BRAND_MATERIAL_PLANT,202612,2025-12-05,,519567.5,-519567.5,57.7,,100.0,100.0,,,,,100.0,0.0,1,,1.0,0.0,,100.0,,Single
7287,03302111,ONUREG (azacitidine)_TABLET,BRAND_DOSAGE_FORM_PARENT,202612,2025-12-12,,4890466.09,-3324562.78,117.93,,81.91,46.56,,,,,100.0,0.0,1,,0.41,0.42,,100.0,,Single
7288,03302111,ONUREG (azacitidine)_DRUG PRODUCT,BRAND_ENTERPRISE_CATEGORY,202612,2025-12-17,,1325188.75,-1325188.75,326.6,,50.0,52.38,,,,,100.0,0.0,1,,1.3,0.0,,100.0,,Single
7289,03302111,ONUREG (azacitidine)_TABLET,BRAND_DOSAGE_FORM_PARENT,202612,2025-12-19,,3039877.13,1877623.81,199.95,,77.32,41.79,,,,,100.0,0.0,1,,0.49,0.44,,100.0,,Single
7290,03302111,ONUREG (azacitidine)_TABLET,BRAND_DOSAGE_FORM_PARENT,202612,2025-12-26,,2683452.93,-1267524.15,157.01,,87.63,53.66,,,,,100.0,0.0,1,,0.43,0.39,,100.0,,Single
7291,03302111,ONUREG (azacitidine)_TABLET,BRAND_DOSAGE_FORM_PARENT,202612,2026-01-02,,9628115.08,7735814.92,99.65,,86.6,78.45,,,,,3.26,96.47,-1,,0.55,1.19,,93.21,,Single
7292,03302111,ONUREG (azacitidine)_PL,BRAND_NODETYPE,202612,2026-01-09,,1138711.27,-752353.93,360.74,,95.77,43.46,,,,,100.0,0.0,1,,0.21,0.49,,100.0,,Single
7293,03302111,ONUREG (azacitidine)_1478869_2061,BRAND_MATERIAL_PLANT,202612,2026-01-16,,657186.83,657186.83,451.63,,100.0,100.0,,,,,100.0,0.0,1,,5.0,0.0,,100.0,,Single
7294,03302111,ONUREG (azacitidine)_TABLET,BRAND_DOSAGE_FORM_PARENT,202612,2026-01-23,,12966653.67,8071722.85,103.95,,77.85,65.24,,,,,7.6,103.12,0,,0.78,0.44,,95.51,,Single
7295,03302111,ONUREG (azacitidine)_1434721_2061,BRAND_MATERIAL_PLANT,202612,2026-01-30,,1188205.55,1188205.55,393.6,,100.0,100.0,,,,,100.0,0.0,1,,2.0,0.0,,100.0,,Single
7296,03302111,ONUREG (azacitidine)_DC,BRAND_NODETYPE,202612,2026-02-06,,3345669.75,954145.33,126.69,,78.95,73.29,,,,,100.0,0.0,1,,0.92,0.0,,100.0,,Single
7297,03302112,Iberdomide (TBC)_HALB,BRAND_MATERIAL_TYPE,202612,2025-07-25,,0.01,-0.01,100.0,,66.67,100.0,,,,,100.0,0.0,1,,0.33,0.0,,100.0,,Single
7298,03302112,Iberdomide (TBC)_HALB,BRAND_MATERIAL_TYPE,202612,2025-08-01,,0.0,-0.0,100.0,,66.67,100.0,,,,,100.0,0.0,1,,0.67,0.0,,100.0,,Single
7299,03302112,Iberdomide (TBC)_HALB,BRAND_MATERIAL_TYPE,202612,2025-08-08,,0.01,0.01,100.0,,66.67,100.0,,,,,100.0,0.0,1,,0.33,0.0,,100.0,,Single
7300,03302112,Iberdomide (TBC)_HALB,BRAND_MATERIAL_TYPE,202612,2025-08-15,,0.06,0.06,100.0,,66.67,100.0,,,,,100.0,0.0,1,,0.67,0.0,,100.0,,Single
7301,03302112,Iberdomide (TBC)_HALB,BRAND_MATERIAL_TYPE,202612,2025-08-22,,0.01,-0.01,100.0,,80.0,100.0,,,,,100.0,0.0,1,,0.2,0.0,,100.0,,Single
7302,03302112,Iberdomide (TBC)_HALB,BRAND_MATERIAL_TYPE,202612,2025-08-29,,0.0,-0.0,100.0,,60.0,100.0,,,,,100.0,0.0,1,,0.2,0.0,,100.0,,Single
7303,03302112,Iberdomide (TBC)_HALB,BRAND_MATERIAL_TYPE,202612,2025-09-05,,0.0,-0.0,100.0,,60.0,100.0,,,,,100.0,0.0,1,,0.4,0.0,,100.0,,Single
7304,03302112,Iberdomide (TBC)_HALB,BRAND_MATERIAL_TYPE,202612,2025-09-12,,0.0,0.0,100.0,,60.0,100.0,,,,,100.0,0.0,1,,0.2,0.0,,100.0,,Single
7305,03302112,Iberdomide (TBC)_HALB,BRAND_MATERIAL_TYPE,202612,2025-09-18,,0.01,-0.01,100.0,,80.0,100.0,,,,,100.0,0.0,1,,0.2,0.0,,100.0,,Single
7306,03302112,Iberdomide (TBC)_HALB,BRAND_MATERIAL_TYPE,202612,2025-09-19,,0.0,-0.0,100.0,,80.0,100.0,,,,,100.0,0.0,1,,0.4,0.0,,100.0,,Single
7307,03302112,Iberdomide (TBC)_HALB,BRAND_MATERIAL_TYPE,202612,2025-10-03,,0.0,-0.0,100.0,,60.0,0.0,,,,,100.0,0.0,1,,0.2,0.0,,100.0,,Single
7308,03302112,Iberdomide (TBC)_HALB,BRAND_MATERIAL_TYPE,202612,2025-10-17,,0.01,-0.01,100.0,,60.0,36.65,,,,,100.0,0.0,1,,0.4,0.0,,100.0,,Single
7309,03302112,Iberdomide (TBC)_HALB,BRAND_MATERIAL_TYPE,202612,2025-10-24,,0.02,-0.02,100.0,,80.0,100.0,,,,,100.0,0.0,1,,0.8,0.0,,100.0,,Single
7310,03302112,Iberdomide (TBC)_HALB,BRAND_MATERIAL_TYPE,202612,2025-10-31,,0.06,-0.06,100.0,,87.5,100.0,,,,,100.0,0.0,1,,0.88,0.0,,100.0,,Single
7311,03302112,Iberdomide (TBC)_HALB,BRAND_MATERIAL_TYPE,202612,2025-11-07,,0.01,-0.01,100.0,,50.0,100.0,,,,,100.0,0.0,1,,1.38,0.0,,100.0,,Single
7312,03302112,Iberdomide (TBC)_HALB,BRAND_MATERIAL_TYPE,202612,2025-11-14,,0.0,0.0,100.0,,42.86,100.0,,,,,100.0,0.0,1,,0.29,0.0,,100.0,,Single
7313,03302112,Iberdomide (TBC)_HALB,BRAND_MATERIAL_TYPE,202612,2025-11-19,,0.08,-0.08,100.0,,42.86,100.0,,,,,100.0,0.0,1,,0.43,0.0,,100.0,,Single
7314,03302112,Iberdomide (TBC)_HALB,BRAND_MATERIAL_TYPE,202612,2025-11-21,,0.0,-0.0,100.0,,50.0,100.0,,,,,100.0,0.0,1,,0.25,0.0,,100.0,,Single
7315,03302112,Iberdomide (TBC)_HALB,BRAND_MATERIAL_TYPE,202612,2025-11-28,,0.01,-0.01,100.0,,50.0,100.0,,,,,100.0,0.0,1,,0.25,0.0,,100.0,,Single
7316,03302112,Iberdomide (TBC)_HALB,BRAND_MATERIAL_TYPE,202612,2025-12-05,,0.08,0.08,100.0,,25.0,6.12,,,,,100.0,0.0,1,,0.38,0.0,,100.0,,Single
7317,03302112,Iberdomide (TBC)_HALB,BRAND_MATERIAL_TYPE,202612,2025-12-12,,0.0,-0.0,100.0,,75.0,100.0,,,,,100.0,0.0,1,,0.12,0.0,,100.0,,Single
7318,03302112,Iberdomide (TBC)_CAPSULE,BRAND_DOSAGE_FORM_PARENT,202612,2025-12-17,,0.08,0.08,103.69,,23.08,100.0,,,,,100.0,0.0,1,,0.5,0.0,,100.0,,Single
7319,03302112,Iberdomide (TBC)_HALB,BRAND_MATERIAL_TYPE,202612,2025-12-26,,0.0,0.0,100.0,,75.0,100.0,,,,,100.0,0.0,1,,0.12,0.0,,100.0,,Single
7320,03302112,Iberdomide (TBC)_HALB,BRAND_MATERIAL_TYPE,202612,2026-01-02,,4729086.44,4729086.44,100.0,,87.5,100.0,,,,,0.0,99.0,-1,,0.25,0.0,,99.0,,Single
7321,03302112,Iberdomide (TBC)_HALB,BRAND_MATERIAL_TYPE,202612,2026-01-09,,64550.62,-64550.62,100.0,,87.5,100.0,,,,,100.0,0.0,1,,0.12,0.0,,100.0,,Single
7322,03302112,Iberdomide (TBC)_HALB,BRAND_MATERIAL_TYPE,202612,2026-01-16,,574484.16,-574484.16,100.0,,66.67,100.0,,,,,100.0,0.0,1,,1.0,0.0,,100.0,,Single
7323,03302112,Iberdomide (TBC)_HALB,BRAND_MATERIAL_TYPE,202612,2026-01-23,,2579804.58,2579804.58,100.0,,50.0,0.0,,,,,0.0,181.48,-1,,1.25,0.0,,181.48,,Single
7324,03302112,Iberdomide (TBC)_nan,BRAND_DOSAGE_FORM_PARENT,202612,2026-01-30,,1463016.75,-1463016.75,112.15,,66.67,0.0,,,,,100.0,0.0,1,,1.33,0.0,,100.0,,Single
7325,03302112,Iberdomide (TBC)_DC,BRAND_NODETYPE,202612,2026-02-06,,57267.0,57141.0,114.23,,0.0,0.0,,,,,100.0,0.0,1,,1.27,,,100.0,,Single
7326,03302114,INREBIC (fedratinib)_2061,BRAND_PLANT,202612,2025-07-25,,381851.5,-325155.84,329.3,,99.44,100.0,,,,,100.0,0.0,1,,0.07,0.0,,100.0,,Single
7327,03302114,INREBIC (fedratinib)_1435505_2061,BRAND_MATERIAL_PLANT,202612,2025-08-01,,297987.23,-297987.23,1111.68,,100.0,100.0,,,,,100.0,0.0,1,,2.0,0.0,,100.0,,Single
7328,03302114,INREBIC (fedratinib)_PL,BRAND_NODETYPE,202612,2025-08-08,,914145.28,846421.36,197.02,,99.44,100.0,,,,,100.0,0.0,1,,0.26,0.0,,100.0,,Single
7329,03302114,INREBIC (fedratinib)_FIN,BRAND_MATERIAL_TYPE,202612,2025-08-15,,1484883.12,-712543.95,118.56,,97.0,100.0,,,,,100.0,0.0,1,,0.62,0.0,,100.0,,Single
7330,03302114,INREBIC (fedratinib)_CAPSULE,BRAND_DOSAGE_FORM_PARENT,202612,2025-08-22,,235544.18,143785.85,407.1,,97.22,100.0,,,,,100.0,0.0,1,,0.2,0.0,,100.0,,Single
7331,03302114,INREBIC (fedratinib)_HALB,BRAND_MATERIAL_TYPE,202612,2025-08-29,,45622.16,-41238.19,278.29,,90.91,100.0,,,,,100.0,0.0,1,,0.27,0.0,,100.0,,Single
7332,03302114,INREBIC (fedratinib)_CAPSULE,BRAND_DOSAGE_FORM_PARENT,202612,2025-09-05,,1609485.31,762519.66,129.3,,84.26,67.71,,,,,100.0,0.0,1,,0.8,1.1,,100.0,,Single
7333,03302114,INREBIC (fedratinib)_DC,BRAND_NODETYPE,202612,2025-09-12,,732859.59,355532.12,440.22,,84.0,70.33,,,,,100.0,0.0,1,,0.56,0.0,,100.0,,Single
7334,03302114,INREBIC (fedratinib)_FIN,BRAND_MATERIAL_TYPE,202612,2025-09-18,,1621281.57,852266.82,155.37,,71.29,49.0,,,,,100.0,0.0,1,,1.14,1.39,,100.0,,Single
7335,03302114,INREBIC (fedratinib)_1469418_2061,BRAND_MATERIAL_PLANT,202612,2025-09-19,,270073.72,-270073.72,451.26,,0.0,0.0,,,,,100.0,0.0,1,,2.0,,,100.0,,Single
7336,03302114,INREBIC (fedratinib)_2021,BRAND_PLANT,202612,2025-09-26,,267188.2,-205494.79,425.06,,80.0,21.41,,,,,100.0,0.0,1,,0.4,0.0,,100.0,,Single
7337,03302114,INREBIC (fedratinib)_1431540_2021,BRAND_MATERIAL_PLANT,202612,2025-10-03,,223983.09,-223983.09,131.58,,0.0,0.0,,,,,100.0,0.0,1,,1.0,,,100.0,,Single
7338,03302114,INREBIC (fedratinib)_1469419_2061,BRAND_MATERIAL_PLANT,202612,2025-10-17,,142573.48,-142573.48,290.41,,100.0,100.0,,,,,100.0,0.0,1,,1.0,0.0,,100.0,,Single
7339,03302114,INREBIC (fedratinib)_1431540_2052,BRAND_MATERIAL_PLANT,202612,2025-10-24,,202544.11,-202544.11,46.28,,100.0,100.0,,,,,100.0,0.0,1,,1.0,0.0,,100.0,,Single
7340,03302114,INREBIC (fedratinib)_DC,BRAND_NODETYPE,202612,2025-10-31,,724622.2,-483411.89,141.7,,84.42,44.0,,,,,100.0,0.0,1,,0.49,0.0,,100.0,,Single
7341,03302114,INREBIC (fedratinib)_2061,BRAND_PLANT,202612,2025-11-07,,594433.05,-331005.76,8172.45,,88.52,48.21,,,,,100.0,0.0,1,,0.39,0.62,,100.0,,Single
7342,03302114,INREBIC (fedratinib)_2061,BRAND_PLANT,202612,2025-11-14,,1129881.04,-649265.77,177.49,,91.18,46.26,,,,,100.0,0.0,1,,0.32,0.0,,100.0,,Single
7343,03302114,INREBIC (fedratinib)_1434542_2061,BRAND_MATERIAL_PLANT,202612,2025-11-19,,323594.34,-323594.34,578.63,,100.0,100.0,,,,,100.0,0.0,1,,4.0,0.0,,100.0,,Single
7344,03302114,INREBIC (fedratinib)_CAPSULE,BRAND_DOSAGE_FORM_PARENT,202612,2025-11-21,,2053520.27,712470.79,165.05,,67.26,53.21,,,,,100.0,0.0,1,,0.92,1.32,,100.0,,Single
7345,03302114,INREBIC (fedratinib)_MARKET UNIT,BRAND_ENTERPRISE_CATEGORY,202612,2025-11-28,,1643833.89,662468.17,114.69,,78.7,34.68,,,,,100.0,0.0,1,,0.55,0.0,,100.0,,Single
7346,03302114,INREBIC (fedratinib)_2021,BRAND_PLANT,202612,2025-12-05,,784009.04,724963.06,218.21,,66.67,90.23,,,,,100.0,0.0,1,,1.33,0.0,,100.0,,Single
7347,03302114,INREBIC (fedratinib)_PL,BRAND_NODETYPE,202612,2025-12-12,,1030783.25,632312.46,252.59,,93.06,48.76,,,,,100.0,0.0,1,,0.32,0.62,,100.0,,Single
7348,03302114,INREBIC (fedratinib)_2061,BRAND_PLANT,202612,2025-12-17,,2840416.34,1007913.23,118.37,,86.88,62.81,,,,,100.0,0.0,1,,0.82,1.44,,100.0,,Single
7349,03302114,INREBIC (fedratinib)_1461787_2061,BRAND_MATERIAL_PLANT,202612,2025-12-19,,299304.88,-299304.88,89.64,,100.0,100.0,,,,,100.0,0.0,1,,1.0,0.0,,100.0,,Single
7350,03302114,INREBIC (fedratinib)_FIN,BRAND_MATERIAL_TYPE,202612,2025-12-26,,1810673.66,985974.72,492.92,,91.35,79.98,,,,,100.0,0.0,1,,0.41,0.0,,100.0,,Single
7351,03302114,INREBIC (fedratinib)_MARKET UNIT,BRAND_ENTERPRISE_CATEGORY,202612,2026-01-02,,8003936.88,5784109.15,94.01,,87.04,47.53,,,,,4.18,98.01,0,,0.69,1.06,,93.83,,Single
7352,03302114,INREBIC (fedratinib)_1431540_2061,BRAND_MATERIAL_PLANT,202612,2026-01-09,,111187.03,111187.03,76.81,,100.0,100.0,,,,,100.0,0.0,1,,2.0,0.0,,100.0,,Single
7353,03302114,INREBIC (fedratinib)_1434542_2091,BRAND_MATERIAL_PLANT,202612,2026-01-16,,606332.5,-606332.5,85.49,,0.0,0.0,,,,,100.0,0.0,1,,1.0,,,100.0,,Single
7354,03302114,INREBIC (fedratinib)_FIN,BRAND_MATERIAL_TYPE,202612,2026-01-23,,6554808.04,3502751.51,102.89,,72.12,56.01,,,,,-12.84,95.64,0,,0.99,0.0,,108.48,,Single
7355,03302114,INREBIC (fedratinib)_Internal,BRAND_PLANT_TYPE,202612,2026-01-30,,7008522.3,-3845771.49,118.98,,80.52,19.0,,,,,100.0,0.0,1,,0.68,0.0,,100.0,,Single
7356,03302114,INREBIC (fedratinib)_1469419_2061,BRAND_MATERIAL_PLANT,202612,2026-02-06,,224490.65,-224490.65,200.91,,100.0,100.0,,,,,100.0,0.0,1,,1.0,0.0,,100.0,,Single
7357,03302131,REBLOZYL (luspacept)_1462105_2091,BRAND_MATERIAL_PLANT,202612,2025-07-25,,1877086.59,-1877086.59,381.27,,100.0,100.0,,,,,100.0,0.0,1,,1.0,0.0,,100.0,,Single
7358,03302131,REBLOZYL (luspacept)_INJECTION,BRAND_DOSAGE_FORM_PARENT,202612,2025-08-01,,56035783.0,-45468003.79,94.16,,90.04,100.0,,,,,100.0,0.0,1,,0.47,0.0,,100.0,,Single
7359,03302131,REBLOZYL (luspacept)_INJECTION,BRAND_DOSAGE_FORM_PARENT,202612,2025-08-08,,53512471.96,43194095.0,80.33,,89.7,100.0,,,,,100.0,0.0,1,,0.68,0.0,,100.0,,Dual
7360,03302131,REBLOZYL (luspacept)_nan,BRAND_DOSAGE_FORM_PARENT,202612,2025-08-08,,10576939.52,10576939.52,19.67,,100.0,100.0,,,,,100.0,0.0,1,,0.94,0.0,,100.0,,Dual
7361,03302131,REBLOZYL (luspacept)_1456049_2091,BRAND_MATERIAL_PLANT,202612,2025-08-15,,7715353.69,-7715353.69,101.93,,100.0,100.0,,,,,100.0,0.0,1,,2.0,0.0,,100.0,,Single
7362,03302131,REBLOZYL (luspacept)_1462105_2014,BRAND_MATERIAL_PLANT,202612,2025-08-22,,4863219.53,-4863219.53,319.16,,100.0,100.0,,,,,100.0,0.0,1,,1.0,0.0,,100.0,,Single
7363,03302131,REBLOZYL (luspacept)_MARKET UNIT,BRAND_ENTERPRISE_CATEGORY,202612,2025-08-29,,10694594.89,6798049.41,1013.15,,87.5,33.91,,,,,100.0,0.0,1,,0.16,0.0,,100.0,,Single
7364,03302131,REBLOZYL (luspacept)_1456049_2091,BRAND_MATERIAL_PLANT,202612,2025-09-05,,6980872.34,6980872.34,172.31,,100.0,100.0,,,,,100.0,0.0,1,,2.0,0.0,,100.0,,Single
7365,03302131,REBLOZYL (luspacept)_1462105,BRAND_MATERIAL,202612,2025-09-12,,5031318.6,-5027510.28,98.77,,100.0,100.0,,,,,100.0,0.0,1,,1.33,0.0,,100.0,,Single
7366,03302131,REBLOZYL (luspacept)_1456050,BRAND_MATERIAL,202612,2025-09-18,,8810712.21,8810712.21,65.52,,100.0,100.0,,,,,100.0,0.0,1,,2.0,0.0,,100.0,,Single
7367,03302131,REBLOZYL (luspacept)_1456050,BRAND_MATERIAL,202612,2025-09-19,,4739897.48,4739897.48,272.13,,100.0,100.0,,,,,100.0,0.0,1,,3.0,0.0,,100.0,,Single
7368,03302131,REBLOZYL (luspacept)_1455881,BRAND_MATERIAL,202612,2025-09-26,,1217869.48,-1217869.48,67.67,,66.67,100.0,,,,,100.0,0.0,1,,2.0,0.0,,100.0,,Single
7369,03302131,REBLOZYL (luspacept)_2021,BRAND_PLANT,202612,2025-10-03,,6020399.64,4915560.36,523.33,,73.75,36.4,,,,,100.0,0.0,1,,0.55,1.69,,100.0,,Single
7370,03302131,REBLOZYL (luspacept)_2091,BRAND_PLANT,202612,2025-10-17,,30942691.02,-26680524.34,106.07,,72.22,99.8,,,,,100.0,0.0,1,,0.54,0.0,,100.0,,Single
7371,03302131,REBLOZYL (luspacept)_DRUG PRODUCT,BRAND_ENTERPRISE_CATEGORY,202612,2025-10-24,,30030727.46,-23216909.7,116.61,,50.0,17.87,,,,,100.0,0.0,1,,1.25,0.0,,100.0,,Single
7372,03302131,REBLOZYL (luspacept)_HALB,BRAND_MATERIAL_TYPE,202612,2025-10-31,,11276123.61,-4826022.64,92.89,,58.06,67.03,,,,,100.0,0.0,1,,0.61,0.0,,100.0,,Single
7373,03302131,REBLOZYL (luspacept)_INJECTION,BRAND_DOSAGE_FORM_PARENT,202612,2025-11-07,,54082387.69,20975134.1,100.0,,73.39,72.48,,,,,100.0,0.0,1,,0.69,0.0,,100.0,,Single
7374,03302131,REBLOZYL (luspacept)_INJECTION,BRAND_DOSAGE_FORM_PARENT,202612,2025-11-14,,64007707.21,-24101707.54,122.38,,70.63,45.34,,,,,100.0,0.0,1,,0.31,1.12,,100.0,,Single
7375,03302131,REBLOZYL (luspacept)_T,BRAND_NODETYPE,202612,2025-11-19,,13261059.67,12810888.95,122.08,,51.72,92.31,,,,,100.0,0.0,1,,0.78,0.0,,100.0,,Single
7376,03302131,REBLOZYL (luspacept)_1456050,BRAND_MATERIAL,202612,2025-11-21,,4469234.74,4469234.74,45137.12,,100.0,100.0,,,,,100.0,0.0,1,,1.67,0.0,,100.0,,Single
7377,03302131,REBLOZYL (luspacept)_1455881_2091,BRAND_MATERIAL_PLANT,202612,2025-11-28,,6925938.23,6925938.23,103.7,,100.0,100.0,,,,,100.0,0.0,1,,1.0,0.0,,100.0,,Single
7378,03302131,REBLOZYL (luspacept)_1455881_2014,BRAND_MATERIAL_PLANT,202612,2025-12-05,,2330163.53,2330163.53,898.32,,100.0,100.0,,,,,100.0,0.0,1,,1.0,0.0,,100.0,,Single
7379,03302131,REBLOZYL (luspacept)_1431093_2023,BRAND_MATERIAL_PLANT,202612,2025-12-12,,2011829.75,2011829.75,163.39,,100.0,100.0,,,,,100.0,0.0,1,,1.0,0.0,,100.0,,Single
7380,03302131,REBLOZYL (luspacept)_2021,BRAND_PLANT,202612,2025-12-17,,3421032.3,2485008.97,518.46,,75.64,89.22,,,,,100.0,0.0,1,,0.67,3.39,,100.0,,Single
7381,03302131,REBLOZYL (luspacept)_1423693_1037,BRAND_MATERIAL_PLANT,202612,2025-12-19,,5073877.8,5073877.8,58.01,,0.0,0.0,,,,,100.0,0.0,1,,1.0,,,100.0,,Single
7382,03302131,REBLOZYL (luspacept)_1455881_2014,BRAND_MATERIAL_PLANT,202612,2025-12-26,,2330480.18,2330480.18,731.06,,100.0,100.0,,,,,100.0,0.0,1,,1.0,0.0,,100.0,,Single
7383,03302131,REBLOZYL (luspacept)_INJECTION,BRAND_DOSAGE_FORM_PARENT,202612,2026-01-02,,35615914.2,34759769.42,99.03,,78.4,95.25,,,,,4.21,93.14,-1,,0.6,0.51,,88.93,,Single
7384,03302131,REBLOZYL (luspacept)_DRUG PRODUCT,BRAND_ENTERPRISE_CATEGORY,202612,2026-01-09,,5860382.6,-2958885.23,801.18,,75.0,77.62,,,,,100.0,0.0,1,,0.95,0.0,,100.0,,Single
7385,03302131,REBLOZYL (luspacept)_nan,BRAND_DOSAGE_FORM_PARENT,202612,2026-01-16,,14223425.46,-14217093.22,217.12,,77.78,15.22,,,,,100.0,0.0,1,,0.83,0.0,,100.0,,Single
7386,03302131,REBLOZYL (luspacept)_MARKET UNIT,BRAND_ENTERPRISE_CATEGORY,202612,2026-01-23,,39184717.64,33050342.12,146.82,,71.86,70.27,,,,,12.18,80.95,0,,0.79,1.81,,68.77,,Single
7387,03302131,REBLOZYL (luspacept)_HALB,BRAND_MATERIAL_TYPE,202612,2026-01-30,,26147977.14,-16253930.63,106.13,,65.62,96.68,,,,,100.0,0.0,1,,1.5,0.0,,100.0,,Single
7388,03302131,REBLOZYL (luspacept)_1456049_2091,BRAND_MATERIAL_PLANT,202612,2026-02-06,,4498846.1,4498846.1,369.63,,100.0,100.0,,,,,100.0,0.0,1,,2.0,0.0,,100.0,,Single
7389,03302151,IDHIFA_2015,BRAND_PLANT,202612,2025-07-25,,1632.03,-1632.03,119.37,,100.0,100.0,,,,,100.0,0.0,1,,0.5,0.0,,100.0,,Single
7390,03302151,IDHIFA_Internal,BRAND_PLANT_TYPE,202612,2025-08-01,,399297.81,395531.58,453.04,,100.0,100.0,,,,,100.0,0.0,1,,0.62,0.0,,100.0,,Single
7391,03302151,IDHIFA_DC,BRAND_NODETYPE,202612,2025-08-08,,226153.19,225867.6,201.42,,100.0,100.0,,,,,100.0,0.0,1,,1.14,0.0,,100.0,,Single
7392,03302151,IDHIFA_HALB,BRAND_MATERIAL_TYPE,202612,2025-08-15,,314830235.53,314830235.53,100.25,,83.33,100.0,,,,,100.0,0.0,1,,0.33,0.0,,100.0,,Single
7393,03302151,IDHIFA_TABLET,BRAND_DOSAGE_FORM_PARENT,202612,2025-08-22,,898652.17,630076.14,120.2,,95.24,100.0,,,,,100.0,0.0,1,,0.76,0.0,,100.0,,Single
7394,03302151,IDHIFA_MARKET UNIT,BRAND_ENTERPRISE_CATEGORY,202612,2025-08-29,,284721.94,-173360.85,185.84,,73.68,19.74,,,,,100.0,0.0,1,,0.47,0.0,,100.0,,Single
7395,03302151,IDHIFA_T,BRAND_NODETYPE,202612,2025-09-05,,315435074.6,-315109645.07,100.08,,50.0,0.13,,,,,100.0,0.0,1,,0.62,0.0,,100.0,,Single
7396,03302151,IDHIFA_FIN,BRAND_MATERIAL_TYPE,202612,2025-09-12,,692738.33,602107.58,206.77,,58.82,59.96,,,,,100.0,0.0,1,,0.94,0.0,,100.0,,Single
7397,03302151,IDHIFA_2091,BRAND_PLANT,202612,2025-09-18,,315445723.2,-315120293.67,100.07,,62.5,99.91,,,,,100.0,0.0,1,,1.12,0.0,,100.0,,Single
7398,03302151,IDHIFA_FIN,BRAND_MATERIAL_TYPE,202612,2025-09-19,,681976.76,-621214.84,193.55,,70.59,59.77,,,,,100.0,0.0,1,,1.06,8.33,,100.0,,Single
7399,03302151,IDHIFA_FIN,BRAND_MATERIAL_TYPE,202612,2025-09-26,,8028.0,-7004.47,100.0,,87.5,55.15,,,,,100.0,0.0,1,,0.62,0.0,,100.0,,Single
7400,03302151,IDHIFA_Internal,BRAND_PLANT_TYPE,202612,2025-10-03,,214523.54,175881.33,1176.07,,75.0,93.53,,,,,100.0,0.0,1,,1.33,0.0,,100.0,,Single
7401,03302151,IDHIFA_1424989_2023,BRAND_MATERIAL_PLANT,202612,2025-10-17,,578933.7,578933.7,137.89,,100.0,100.0,,,,,100.0,0.0,1,,1.0,0.0,,100.0,,Single
7402,03302151,IDHIFA_MARKET UNIT,BRAND_ENTERPRISE_CATEGORY,202612,2025-10-24,,652344.88,-652344.88,117.27,,72.22,58.23,,,,,100.0,0.0,1,,0.83,7.69,,100.0,,Single
7403,03302151,IDHIFA_FIN,BRAND_MATERIAL_TYPE,202612,2025-10-31,,1089215.58,1033899.44,118.68,,88.24,98.74,,,,,100.0,0.0,1,,0.47,0.0,,100.0,,Single
7404,03302151,IDHIFA_TABLET,BRAND_DOSAGE_FORM_PARENT,202612,2025-11-07,,266638.62,215369.82,199.63,,90.0,95.66,,,,,100.0,0.0,1,,0.65,0.0,,100.0,,Single
7405,03302151,IDHIFA_T,BRAND_NODETYPE,202612,2025-11-14,,1920145.75,1706243.64,132.62,,57.14,51.46,,,,,100.0,0.0,1,,1.0,0.0,,100.0,,Single
7406,03302151,IDHIFA_T,BRAND_NODETYPE,202612,2025-11-19,,1356593.32,1356593.32,130.3,,28.57,31.12,,,,,100.0,0.0,1,,1.43,0.0,,100.0,,Single
7407,03302151,IDHIFA_DRUG PRODUCT,BRAND_ENTERPRISE_CATEGORY,202612,2025-11-21,,1031396.07,-1031396.07,290.9,,0.0,0.0,,,,,100.0,0.0,1,,1.0,,,100.0,,Single
7408,03302151,IDHIFA_External,BRAND_PLANT_TYPE,202612,2025-11-28,,2475893.08,-2053365.98,92.49,,55.56,15.0,,,,,100.0,0.0,1,,1.11,0.0,,100.0,,Single
7409,03302151,IDHIFA_T,BRAND_NODETYPE,202612,2025-12-05,,1133592.8,-762854.53,473.29,,33.33,16.35,,,,,100.0,0.0,1,,1.0,0.0,,100.0,,Single
7410,03302151,IDHIFA_1434552,BRAND_MATERIAL,202612,2025-12-12,,29852.97,-29852.97,105.07,,100.0,100.0,,,,,100.0,0.0,1,,3.0,0.0,,100.0,,Single
7411,03302151,IDHIFA_T,BRAND_NODETYPE,202612,2025-12-17,,2975075.5,-2975075.5,112.49,,66.67,86.45,,,,,100.0,0.0,1,,1.17,0.0,,100.0,,Single
7412,03302151,IDHIFA_1434552_2091,BRAND_MATERIAL_PLANT,202612,2025-12-19,,870083.24,870083.24,102.99,,0.0,0.0,,,,,100.0,0.0,1,,1.0,,,100.0,,Single
7413,03302151,IDHIFA_DC,BRAND_NODETYPE,202612,2025-12-26,,223400.09,213459.33,476.6,,92.86,98.37,,,,,100.0,0.0,1,,0.71,0.0,,100.0,,Single
7414,03302151,IDHIFA_TABLET,BRAND_DOSAGE_FORM_PARENT,202612,2026-01-02,,464404.91,-426915.46,100.0,,89.47,99.75,,,,,45.61,60.54,0,,0.89,0.0,,14.93,,Single
7415,03302151,IDHIFA_FIN,BRAND_MATERIAL_TYPE,202612,2026-01-09,,18252.55,-18053.59,100.0,,94.12,100.0,,,,,100.0,0.0,1,,0.53,0.0,,100.0,,Single
7416,03302151,IDHIFA_1424989_2091,BRAND_MATERIAL_PLANT,202612,2026-01-16,,1023736.34,1023736.34,354.78,,0.0,0.0,,,,,100.0,0.0,1,,1.0,,,100.0,,Single
7417,03302151,IDHIFA_1434552_2091,BRAND_MATERIAL_PLANT,202612,2026-01-23,,1222241.15,1222241.15,131.33,,0.0,0.0,,,,,100.0,0.0,1,,1.0,,,100.0,,Single
7418,03302151,IDHIFA_nan,BRAND_DOSAGE_FORM_PARENT,202612,2026-01-30,,2013872.05,2013872.05,137.24,,0.0,0.0,,,,,100.0,0.0,1,,1.0,,,100.0,,Single
7419,03302151,IDHIFA_DC,BRAND_NODETYPE,202612,2026-02-06,,920313.81,919906.08,901.13,,85.71,99.89,,,,,100.0,0.0,1,,1.36,0.0,,100.0,,Single
7420,03302160,BREYANZI ((lisocabt)_PL,BRAND_NODETYPE,202612,2025-12-12,,31189394.8,29098852.98,100.0,,100.0,100.0,,,,,100.0,0.0,1,,0.63,0.0,,100.0,,Single
7421,03302160,BREYANZI ((lisocabt)_1438182,BRAND_MATERIAL,202612,2025-12-19,,1020719.7,1020719.7,762.55,,100.0,100.0,,,,,100.0,0.0,1,,1.0,0.0,,100.0,,Single
7422,03302160,BREYANZI ((lisocabt)_nan,BRAND_DOSAGE_FORM_PARENT,202612,2025-12-26,,7730004.62,4271831.35,100.79,,97.4,100.0,,,,,100.0,0.0,1,,0.73,0.0,,100.0,,Single
7423,03302160,BREYANZI ((lisocabt)_PL,BRAND_NODETYPE,202612,2026-01-02,,8226603.2,-2594808.76,100.0,,99.88,100.0,,,,,81.96,18.05,0,,0.96,0.0,,63.91,,Single
7424,03302160,BREYANZI ((lisocabt)_PL,BRAND_NODETYPE,202612,2026-01-09,,1371817.07,1036599.82,100.0,,99.27,87.26,,,,,100.0,0.0,1,,0.33,0.0,,100.0,,Single
7425,03302160,BREYANZI ((lisocabt)_PL,BRAND_NODETYPE,202612,2026-01-16,,14832847.65,8964649.6,100.0,,91.42,59.08,,,,,100.0,0.0,1,,0.66,0.0,,100.0,,Single
7426,03302160,BREYANZI ((lisocabt)_nan,BRAND_DOSAGE_FORM_PARENT,202612,2026-01-23,,26409082.19,11925345.17,100.2,,80.55,70.41,,,,,98.39,-2.62,1,,1.01,3.05,,101.01,,Single
7427,03302160,BREYANZI ((lisocabt)_2070,BRAND_PLANT,202612,2026-01-30,,1845449.26,-886572.66,85.96,,70.97,67.97,,,,,100.0,0.0,1,,1.13,0.0,,100.0,,Single
7428,03302160,BREYANZI ((lisocabt)_2075,BRAND_PLANT,202612,2026-02-06,,4722234.66,4722234.66,116.97,,93.43,36.28,,,,,100.0,0.0,1,,0.08,0.0,,100.0,,Single
7429,03302170,ABECMA (idecab vcle)_nan,BRAND_DOSAGE_FORM_PARENT,202612,2025-12-12,,13112.74,13112.74,100.0,,100.0,100.0,,,,,100.0,0.0,1,,0.4,0.0,,100.0,,Single
7430,03302170,ABECMA (idecab vcle)_PACK,BRAND_MATERIAL_TYPE,202612,2025-12-19,,110.41,-110.41,100.07,,100.0,100.0,,,,,100.0,0.0,1,,0.75,0.0,,100.0,,Single
7431,03302170,ABECMA (idecab vcle)_nan,BRAND_DOSAGE_FORM_PARENT,202612,2025-12-26,,9282.94,-9282.56,100.0,,100.0,100.0,,,,,100.0,0.0,1,,0.71,0.0,,100.0,,Single
7432,03302170,ABECMA (idecab vcle)_1456297,BRAND_MATERIAL,202612,2026-01-02,,6947.35,-6947.35,104.9,,100.0,100.0,,,,,130.56,-38.2,1,,2.0,0.0,,168.75,,Single
7433,03302170,ABECMA (idecab vcle)_RAW,BRAND_MATERIAL_TYPE,202612,2026-01-09,,0.01,0.01,100.0,,100.0,100.0,,,,,100.0,0.0,1,,0.17,0.0,,100.0,,Single
7434,03302170,ABECMA (idecab vcle)_nan,BRAND_DOSAGE_FORM_PARENT,202612,2026-01-16,,6674.07,-6673.97,100.0,,80.0,99.3,,,,,100.0,0.0,1,,0.47,0.0,,100.0,,Single
7435,03302170,ABECMA (idecab vcle)_nan,BRAND_DOSAGE_FORM_PARENT,202612,2026-01-23,,27690.57,-27453.49,100.0,,84.21,99.68,,,,,108.64,-14.96,1,,0.74,6.25,,123.6,,Single
7436,03302170,ABECMA (idecab vcle)_1456297,BRAND_MATERIAL,202612,2026-01-30,,3200.32,3200.32,122.54,,0.0,0.0,,,,,100.0,0.0,1,,1.0,,,100.0,,Single
7437,03302170,ABECMA (idecab vcle)_HALB,BRAND_MATERIAL_TYPE,202612,2026-02-06,,6866.86,6835.62,103.01,,100.0,100.0,,,,,100.0,0.0,1,,0.57,0.0,,100.0,,Single
7438,03302191,LENADEX_FIN,BRAND_MATERIAL_TYPE,202612,2025-07-25,,8785.68,8785.68,100.0,,100.0,100.0,,,,,100.0,0.0,1,,0.17,0.0,,100.0,,Single
7439,03302191,LENADEX_2026,BRAND_PLANT,202612,2025-08-01,,58968.57,58968.57,101.66,,100.0,100.0,,,,,100.0,0.0,1,,1.0,0.0,,100.0,,Single
7440,03302191,LENADEX_2026,BRAND_PLANT,202612,2025-08-08,,5078.71,5078.71,100.5,,100.0,100.0,,,,,100.0,0.0,1,,1.5,0.0,,100.0,,Single
7441,03302191,LENADEX_2027,BRAND_PLANT,202612,2025-08-15,,10614.67,10614.67,347.59,,100.0,100.0,,,,,100.0,0.0,1,,0.5,0.0,,100.0,,Single
7442,03302191,LENADEX_2027,BRAND_PLANT,202612,2025-08-22,,10614.67,-10614.67,176.15,,100.0,100.0,,,,,100.0,0.0,1,,0.5,0.0,,100.0,,Single
7443,03302191,LENADEX_FIN,BRAND_MATERIAL_TYPE,202612,2025-08-29,,123734.38,123734.38,100.0,,83.33,0.0,,,,,100.0,0.0,1,,0.17,0.0,,100.0,,Single
7444,03302191,LENADEX_FIN,BRAND_MATERIAL_TYPE,202612,2025-09-05,,14635.83,14635.83,100.0,,83.33,60.5,,,,,100.0,0.0,1,,0.83,0.0,,100.0,,Single
7445,03302191,LENADEX_FIN,BRAND_MATERIAL_TYPE,202612,2025-09-12,,121872.73,-121872.73,100.0,,100.0,100.0,,,,,100.0,0.0,1,,0.33,0.0,,100.0,,Single
7446,03302191,LENADEX_DC,BRAND_NODETYPE,202612,2025-09-18,,184927.78,-184887.28,128.3,,75.0,71.22,,,,,100.0,0.0,1,,1.5,0.0,,100.0,,Single
7447,03302191,LENADEX_DC,BRAND_NODETYPE,202612,2025-09-19,,202201.28,-202201.28,125.26,,50.0,0.0,,,,,100.0,0.0,1,,1.5,0.0,,100.0,,Single
7448,03302191,LENADEX_2026,BRAND_PLANT,202612,2025-09-26,,26324.38,-26324.38,716.07,,50.0,0.0,,,,,100.0,0.0,1,,2.0,0.0,,100.0,,Single
7449,03302191,LENADEX_DC,BRAND_NODETYPE,202612,2025-10-03,,64235.88,64235.88,282.54,,100.0,100.0,,,,,100.0,0.0,1,,1.0,0.0,,100.0,,Single
7450,03302191,LENADEX_2027,BRAND_PLANT,202612,2025-10-17,,63501.02,63501.02,361.85,,100.0,100.0,,,,,100.0,0.0,1,,1.0,0.0,,100.0,,Single
7451,03302191,LENADEX_DC,BRAND_NODETYPE,202612,2025-10-24,,8165.13,-8165.13,604.86,,75.0,100.0,,,,,100.0,0.0,1,,0.5,0.0,,100.0,,Single
7452,03302191,LENADEX_FIN,BRAND_MATERIAL_TYPE,202612,2025-10-31,,167702.85,167702.85,100.0,,83.33,18.85,,,,,100.0,0.0,1,,0.5,0.0,,100.0,,Single
7453,03302191,LENADEX_DC,BRAND_NODETYPE,202612,2025-11-07,,78508.53,78490.59,315.34,,100.0,100.0,,,,,100.0,0.0,1,,1.0,0.0,,100.0,,Single
7454,03302191,LENADEX_DC,BRAND_NODETYPE,202612,2025-11-14,,8067.15,-8067.15,323.38,,75.0,0.61,,,,,100.0,0.0,1,,0.5,0.0,,100.0,,Single
7455,03302191,LENADEX_FIN,BRAND_MATERIAL_TYPE,202612,2025-11-19,,174490.18,167818.16,100.0,,50.0,95.97,,,,,100.0,0.0,1,,1.17,0.0,,100.0,,Single
7456,03302191,LENADEX_DC,BRAND_NODETYPE,202612,2025-11-21,,11769.78,-11769.78,345.35,,50.0,71.73,,,,,100.0,0.0,1,,1.5,0.0,,100.0,,Single
7457,03302191,LENADEX_2027,BRAND_PLANT,202612,2025-11-28,,7871.19,-7871.19,668.98,,100.0,100.0,,,,,100.0,0.0,1,,1.0,0.0,,100.0,,Single
7458,03302191,LENADEX_2027,BRAND_PLANT,202612,2025-12-05,,3870.27,3870.27,175.61,,100.0,100.0,,,,,100.0,0.0,1,,0.5,0.0,,100.0,,Single
7459,03302191,LENADEX_T,BRAND_NODETYPE,202612,2025-12-12,,23485.92,-23485.92,593.84,,100.0,100.0,,,,,100.0,0.0,1,,0.5,0.0,,100.0,,Single
7460,03302191,LENADEX_DC,BRAND_NODETYPE,202612,2025-12-17,,73551.49,73551.49,499.92,,100.0,100.0,,,,,100.0,0.0,1,,1.0,0.0,,100.0,,Single
7461,03302191,LENADEX_2026,BRAND_PLANT,202612,2025-12-19,,4931.74,4931.74,3337.9,,100.0,100.0,,,,,100.0,0.0,1,,1.0,0.0,,100.0,,Single
7462,03302191,LENADEX_2026,BRAND_PLANT,202612,2025-12-26,,4931.74,-4931.74,549.94,,100.0,100.0,,,,,100.0,0.0,1,,0.5,0.0,,100.0,,Single
7463,03302191,LENADEX_FIN,BRAND_MATERIAL_TYPE,202612,2026-01-02,,1243910.17,1243910.17,100.0,,100.0,100.0,,,,,-0.18,97.24,-1,,1.17,0.0,,97.41,,Single
7464,03302191,LENADEX_FIN,BRAND_MATERIAL_TYPE,202612,2026-01-09,,0.0,0.0,100.0,,66.67,0.0,,,,,100.0,0.0,1,,0.5,0.0,,100.0,,Single
7465,03302191,LENADEX_FIN,BRAND_MATERIAL_TYPE,202612,2026-01-16,,0.0,-0.0,100.0,,100.0,100.0,,,,,100.0,0.0,1,,0.17,0.0,,100.0,,Single
7466,03302191,LENADEX_DC,BRAND_NODETYPE,202612,2026-01-23,,682393.75,682393.75,111.31,,100.0,100.0,,,,,-12.43,137.27,-1,,1.0,0.0,,149.7,,Single
7467,03302191,LENADEX_DC,BRAND_NODETYPE,202612,2026-01-30,,214393.6,-214393.6,119.83,,75.0,77.18,,,,,100.0,0.0,1,,1.25,0.0,,100.0,,Single
7468,03302191,LENADEX_FIN,BRAND_MATERIAL_TYPE,202612,2026-02-06,,6857.28,-5975.6,100.0,,66.67,6.43,,,,,100.0,0.0,1,,1.0,0.0,,100.0,,Single
7469,03303600,Augtyro_1456776_2023,BRAND_MATERIAL_PLANT,202612,2025-07-25,,401245.86,401245.86,1322.29,,100.0,100.0,,,,,100.0,0.0,1,,1.0,0.0,,100.0,,Single
7470,03303600,Augtyro_1448831_1718,BRAND_MATERIAL_PLANT,202612,2025-08-01,,3966041.45,-3966041.45,1334.51,,100.0,100.0,,,,,100.0,0.0,1,,1.0,0.0,,100.0,,Single
7471,03303600,Augtyro_1718,BRAND_PLANT,202612,2025-08-08,,53783035.71,53783035.71,107.75,,84.21,100.0,,,,,100.0,0.0,1,,0.63,0.0,,100.0,,Single
7472,03303600,Augtyro_nan,BRAND_DOSAGE_FORM_PARENT,202612,2025-08-15,,54868585.32,-53598238.11,114.83,,100.0,100.0,,,,,100.0,0.0,1,,0.64,0.0,,100.0,,Single
7473,03303600,Augtyro_1448831_1718,BRAND_MATERIAL_PLANT,202612,2025-08-22,,5408206.63,5408206.63,5092.56,,100.0,100.0,,,,,100.0,0.0,1,,1.0,0.0,,100.0,,Single
7474,03303600,Augtyro_1456776_2029,BRAND_MATERIAL_PLANT,202612,2025-08-29,,3782689.42,3782689.42,499.8,,0.0,0.0,,,,,100.0,0.0,1,,1.0,,,100.0,,Single
7475,03303600,Augtyro_1446856_1718,BRAND_MATERIAL_PLANT,202612,2025-09-05,,13871300.25,-13871300.25,486.85,,0.0,0.0,,,,,100.0,0.0,1,,1.0,,,100.0,,Single
7476,03303600,Augtyro_DC,BRAND_NODETYPE,202612,2025-09-12,,22504204.93,-14401012.31,415.66,,55.56,54.54,,,,,100.0,0.0,1,,0.41,0.0,,100.0,,Single
7477,03303600,Augtyro_1448831_1718,BRAND_MATERIAL_PLANT,202612,2025-09-18,,19284465.83,19284465.83,183.96,,100.0,100.0,,,,,100.0,0.0,1,,4.0,0.0,,100.0,,Single
7478,03303600,Augtyro_DC,BRAND_NODETYPE,202612,2025-09-19,,7528881.46,-6580472.64,147.7,,50.79,37.09,,,,,100.0,0.0,1,,0.52,0.0,,100.0,,Single
7479,03303600,Augtyro_DRUG PRODUCT,BRAND_ENTERPRISE_CATEGORY,202612,2025-09-26,,8285608.62,8011979.92,464.96,,42.86,6.88,,,,,100.0,0.0,1,,0.64,0.0,,100.0,,Single
7480,03303600,Augtyro_1446856_2029,BRAND_MATERIAL_PLANT,202612,2025-10-03,,7852742.7,7852742.7,581.86,,0.0,0.0,,,,,100.0,0.0,1,,1.0,,,100.0,,Single
7481,03303600,Augtyro_CAPSULE,BRAND_DOSAGE_FORM_PARENT,202612,2025-10-17,,10722402.75,6312205.8,119.3,,68.0,87.74,,,,,100.0,0.81,1,,0.54,0.0,,99.19,,Single
7482,03303600,Augtyro_DC,BRAND_NODETYPE,202612,2025-10-24,,7717477.79,-3821293.14,554.93,,63.89,37.63,,,,,100.0,0.0,1,,0.64,4.35,,100.0,,Single
7483,03303600,Augtyro_2029,BRAND_PLANT,202612,2025-10-31,,3256533.44,-2996603.19,108.5,,69.7,10.14,,,,,100.0,0.0,1,,0.64,0.0,,100.0,,Single
7484,03303600,Augtyro_CAPSULE,BRAND_DOSAGE_FORM_PARENT,202612,2025-11-07,,12937364.86,-9209766.58,126.22,,64.89,46.34,,,,,100.0,0.0,1,,0.64,1.64,,100.0,,Single
7485,03303600,Augtyro_1718,BRAND_PLANT,202612,2025-11-14,,825419.69,618803.04,267.26,,60.0,18.89,,,,,100.0,0.0,1,,0.4,0.0,,100.0,,Single
7486,03303600,Augtyro_DC,BRAND_NODETYPE,202612,2025-11-19,,19830425.41,-11791932.92,142.39,,74.63,56.92,,,,,99.55,0.22,1,,0.96,4.0,,99.32,,Single
7487,03303600,Augtyro_HALB,BRAND_MATERIAL_TYPE,202612,2025-11-21,,139990.46,-139990.46,94.78,,51.28,52.72,,,,,100.0,0.0,1,,0.13,5.0,,100.0,,Single
7488,03303600,Augtyro_1448831,BRAND_MATERIAL,202612,2025-11-28,,906468.19,906468.19,208.62,,100.0,100.0,,,,,100.0,0.0,1,,0.5,0.0,,100.0,,Single
7489,03303600,Augtyro_API,BRAND_ENTERPRISE_CATEGORY,202612,2025-12-05,,4166020.35,2851130.86,208.35,,70.0,96.38,,,,,100.0,0.0,1,,0.7,0.0,,100.0,,Single
7490,03303600,Augtyro_CAPSULE,BRAND_DOSAGE_FORM_PARENT,202612,2025-12-12,,10816434.6,10150968.54,134.24,,71.58,35.65,,,,,100.0,0.0,1,,0.21,1.47,,100.0,,Single
7491,03303600,Augtyro_DC,BRAND_NODETYPE,202612,2025-12-17,,15326926.31,8952161.32,104.9,,67.65,29.0,,,,,100.0,0.0,1,,0.88,6.52,,100.0,,Single
7492,03303600,Augtyro_CAPSULE,BRAND_DOSAGE_FORM_PARENT,202612,2025-12-19,,6232640.59,5991416.03,116.1,,70.53,17.45,,,,,100.0,0.0,1,,0.39,2.99,,100.0,,Single
7493,03303600,Augtyro_CAPSULE,BRAND_DOSAGE_FORM_PARENT,202612,2025-12-26,,1935986.23,1702650.55,103.03,,74.74,6.73,,,,,100.0,0.0,1,,0.32,2.82,,100.0,,Single
7494,03303600,Augtyro_External,BRAND_PLANT_TYPE,202612,2026-01-02,,42736747.7,-32514611.11,98.92,,88.24,88.04,,,,,15.53,89.42,0,,0.63,0.0,,73.89,,Single
7495,03303600,Augtyro_DRUG PRODUCT,BRAND_ENTERPRISE_CATEGORY,202612,2026-01-09,,5613943.3,-5253088.52,299.85,,52.94,97.11,,,,,100.0,0.0,1,,0.71,0.0,,100.0,,Single
7496,03303600,Augtyro_1448831_2029,BRAND_MATERIAL_PLANT,202612,2026-01-16,,2028628.18,2028628.18,102.49,,100.0,100.0,,,,,100.0,0.0,1,,1.0,0.0,,100.0,,Single
7497,03303600,Augtyro_External,BRAND_PLANT_TYPE,202612,2026-01-23,,31836207.38,-26158114.86,98.74,,69.23,92.39,,,,,-3.96,106.29,0,,0.92,0.0,,110.25,,Single
7498,03303600,Augtyro_HALB,BRAND_MATERIAL_TYPE,202612,2026-01-30,,1315364.07,-1315364.07,112.49,,55.26,25.59,,,,,100.0,0.0,1,,0.84,9.52,,100.0,,Single
7499,03303600,Augtyro_CAPSULE,BRAND_DOSAGE_FORM_PARENT,202612,2026-02-06,,2719719.51,2600514.71,138.08,,70.83,12.66,,,,,100.0,0.0,1,,0.59,0.0,,100.0,,Single
7500,04806060,BUFFERIN ENTERC 47ew_RAW MATERIAL,BRAND_ENTERPRISE_CATEGORY,202612,2025-07-25,,103516.36,102491.03,115.39,,63.64,100.0,,,,,100.0,0.0,1,,0.32,0.0,,100.0,,Single
7501,04806060,BUFFERIN ENTERC 47ew_1165815_1721,BRAND_MATERIAL_PLANT,202612,2025-08-01,,308600.88,308600.88,218.62,,100.0,100.0,,,,,100.0,0.0,1,,1.0,0.0,,100.0,,Single
7502,04806060,BUFFERIN ENTERC 47ew_FIN,BRAND_MATERIAL_TYPE,202612,2025-08-08,,138781.24,-116198.36,96.03,,50.0,100.0,,,,,100.0,0.0,1,,0.5,0.0,,100.0,,Single
7503,04806060,BUFFERIN ENTERC 47ew_PL,BRAND_NODETYPE,202612,2025-08-15,,186970.57,-102092.36,1548.42,,29.44,100.0,,,,,100.0,0.0,1,,0.1,0.0,,100.0,,Single
7504,04806060,BUFFERIN ENTERC 47ew_1165815_1721,BRAND_MATERIAL_PLANT,202612,2025-08-22,,232385.04,-232385.04,1203.39,,100.0,100.0,,,,,100.0,0.0,1,,3.0,0.0,,100.0,,Single
7505,04806060,BUFFERIN ENTERC 47ew_1165815_1721,BRAND_MATERIAL_PLANT,202612,2025-08-29,,228389.31,228389.31,1431.88,,100.0,100.0,,,,,100.0,0.0,1,,1.0,0.0,,100.0,,Single
7506,04806060,BUFFERIN ENTERC 47ew_TABLET,BRAND_DOSAGE_FORM_PARENT,202612,2025-09-05,,408820.78,306302.47,148.71,,55.56,59.72,,,,,100.0,0.0,1,,0.89,0.0,,100.0,,Single
7507,04806060,BUFFERIN ENTERC 47ew_TABLET,BRAND_DOSAGE_FORM_PARENT,202612,2025-09-12,,147643.6,-147643.6,365.58,,77.78,100.0,,,,,100.0,0.0,1,,0.33,0.0,,100.0,,Single
7508,04806060,BUFFERIN ENTERC 47ew_1165815_1721,BRAND_MATERIAL_PLANT,202612,2025-09-18,,229086.46,229086.46,101.06,,100.0,100.0,,,,,100.0,0.0,1,,1.0,0.0,,100.0,,Single
7509,04806060,BUFFERIN ENTERC 47ew_1279295B1,BRAND_MATERIAL,202612,2025-09-19,,20120.11,20120.11,119.96,,100.0,100.0,,,,,100.0,0.0,1,,2.0,0.0,,100.0,,Single
7510,04806060,BUFFERIN ENTERC 47ew_Internal,BRAND_PLANT_TYPE,202612,2025-09-26,,87742.96,-74122.62,100.0,,95.35,58.77,,,,,100.0,0.0,1,,0.35,0.0,,100.0,,Single
7511,04806060,BUFFERIN ENTERC 47ew_1165814_1721,BRAND_MATERIAL_PLANT,202612,2025-10-03,,236405.07,236405.07,898.26,,100.0,100.0,,,,,100.0,0.0,1,,1.0,0.0,,100.0,,Single
7512,04806060,BUFFERIN ENTERC 47ew_1165814_1721,BRAND_MATERIAL_PLANT,202612,2025-10-17,,236405.07,236405.07,365.93,,100.0,100.0,,,,,100.0,0.0,1,,1.0,0.0,,100.0,,Single
7513,04806060,BUFFERIN ENTERC 47ew_1278304_1721,BRAND_MATERIAL_PLANT,202612,2025-10-24,,263672.19,263672.19,127.37,,0.0,0.0,,,,,100.0,0.0,1,,2.0,,,100.0,,Single
7514,04806060,BUFFERIN ENTERC 47ew_HALB,BRAND_MATERIAL_TYPE,202612,2025-10-31,,141646.38,141646.38,422.0,,100.0,100.0,,,,,100.0,0.0,1,,0.15,0.0,,100.0,,Single
7515,04806060,BUFFERIN ENTERC 47ew_TABLET,BRAND_DOSAGE_FORM_PARENT,202612,2025-11-07,,592518.92,-546358.14,117.5,,55.56,100.0,,,,,100.0,0.0,1,,0.67,0.0,,100.0,,Single
7516,04806060,BUFFERIN ENTERC 47ew_PL,BRAND_NODETYPE,202612,2025-11-14,,606109.91,-404713.51,184.29,,24.6,80.1,,,,,100.0,0.0,1,,0.31,3.23,,100.0,,Single
7517,04806060,BUFFERIN ENTERC 47ew_TABLET,BRAND_DOSAGE_FORM_PARENT,202612,2025-11-19,,702232.7,-662451.86,122.29,,55.56,77.54,,,,,100.0,0.0,1,,1.22,0.0,,100.0,,Single
7518,04806060,BUFFERIN ENTERC 47ew_SOLUTION,BRAND_DOSAGE_FORM_PARENT,202612,2025-11-21,,56341.63,-56341.63,144.82,,66.67,71.25,,,,,100.0,0.0,1,,1.0,0.0,,100.0,,Single
7519,04806060,BUFFERIN ENTERC 47ew_Internal,BRAND_PLANT_TYPE,202612,2025-11-28,,68764.08,-57387.76,100.0,,26.64,100.0,,,,,100.0,0.0,1,,0.15,3.9,,100.0,,Single
7520,04806060,BUFFERIN ENTERC 47ew_DC,BRAND_NODETYPE,202612,2025-12-05,,52772.52,-50824.29,906.93,,37.5,100.0,,,,,100.0,0.0,1,,0.62,0.0,,100.0,,Single
7521,04806060,BUFFERIN ENTERC 47ew_TABLET,BRAND_DOSAGE_FORM_PARENT,202612,2025-12-12,,452800.47,363736.55,136.65,,77.78,96.63,,,,,100.0,0.0,1,,1.22,0.0,,100.0,,Single
7522,04806060,BUFFERIN ENTERC 47ew_HALB,BRAND_MATERIAL_TYPE,202612,2025-12-17,,210556.01,175246.64,438.78,,84.62,69.85,,,,,100.0,0.0,1,,0.77,0.0,,100.0,,Single
7523,04806060,BUFFERIN ENTERC 47ew_Internal,BRAND_PLANT_TYPE,202612,2025-12-19,,607706.94,-572492.37,100.0,,22.15,48.05,,,,,100.0,0.0,1,,0.3,4.69,,100.0,,Single
7524,04806060,BUFFERIN ENTERC 47ew_Internal,BRAND_PLANT_TYPE,202612,2025-12-26,,58948.84,-25756.4,100.0,,23.53,73.57,,,,,100.0,0.0,1,,0.23,1.47,,100.0,,Single
7525,04806060,BUFFERIN ENTERC 47ew_FIN,BRAND_MATERIAL_TYPE,202612,2026-01-02,,421552.33,404105.7,101.21,,50.0,100.0,,,,,100.0,0.0,1,,0.75,0.0,,100.0,,Single
7526,04806060,BUFFERIN ENTERC 47ew_1165815_1721,BRAND_MATERIAL_PLANT,202612,2026-01-09,,82522.25,-82522.25,308.16,,0.0,0.0,,,,,100.0,0.0,1,,1.0,,,100.0,,Single
7527,04806060,BUFFERIN ENTERC 47ew_DRUG PRODUCT,BRAND_ENTERPRISE_CATEGORY,202612,2026-01-16,,141767.46,141767.46,92.71,,100.0,100.0,,,,,100.0,0.0,1,,1.0,0.0,,100.0,,Single
7528,04806060,BUFFERIN ENTERC 47ew_1721,BRAND_PLANT,202612,2026-01-23,,700378.61,-425816.69,125.77,,19.2,36.29,,,,,100.0,0.0,1,,0.38,2.08,,100.0,,Single
7529,04806060,BUFFERIN ENTERC 47ew_1165814_1722,BRAND_MATERIAL_PLANT,202612,2026-01-30,,134071.94,134071.94,205.44,,0.0,0.0,,,,,100.0,0.0,1,,2.0,,,100.0,,Single
7530,04806060,BUFFERIN ENTERC 47ew_PL,BRAND_NODETYPE,202612,2026-02-06,,447955.46,-237644.07,205.12,,27.89,95.98,,,,,100.0,0.0,1,,0.15,0.0,,100.0,,Single
7531,05306360,Other OTC_nan,BRAND_DOSAGE_FORM_PARENT,202612,2025-07-25,,59186.15,-55780.95,139.58,,14.55,100.0,,,,,100.0,0.0,1,,0.1,0.0,,100.0,,Single
7532,05306360,Other OTC_TABLET,BRAND_DOSAGE_FORM_PARENT,202612,2025-08-01,,160028.66,-160028.66,115.18,,100.0,100.0,,,,,100.0,0.0,1,,0.67,0.0,,100.0,,Single
7533,05306360,Other OTC_Internal,BRAND_PLANT_TYPE,202612,2025-08-08,,509610.29,-470261.41,100.0,,15.5,100.0,,,,,100.0,0.0,1,,0.11,0.0,,100.0,,Single
7534,05306360,Other OTC_nan,BRAND_DOSAGE_FORM_PARENT,202612,2025-08-15,,25584.56,24517.98,290.88,,14.55,100.0,,,,,100.0,0.0,1,,0.11,0.0,,100.0,,Single
7535,05306360,Other OTC_1190887,BRAND_MATERIAL,202612,2025-08-22,,7156.56,-7156.56,505.16,,100.0,100.0,,,,,100.0,0.0,1,,1.0,0.0,,100.0,,Single
7536,05306360,Other OTC_1380400_1721,BRAND_MATERIAL_PLANT,202612,2025-08-29,,94637.97,94637.97,138.12,,0.0,0.0,,,,,100.0,0.0,1,,1.0,,,100.0,,Single
7537,05306360,Other OTC_1377203,BRAND_MATERIAL,202612,2025-09-05,,1304.67,1304.67,69.04,,100.0,100.0,,,,,100.0,0.0,1,,1.0,0.0,,100.0,,Single
7538,05306360,Other OTC_nan,BRAND_DOSAGE_FORM_PARENT,202612,2025-09-12,,1229.94,-1212.48,100.0,,13.81,86.4,,,,,100.0,0.0,1,,0.05,2.7,,100.0,,Single
7539,05306360,Other OTC_PL,BRAND_NODETYPE,202612,2025-09-18,,48636.04,-44509.4,100.0,,24.05,98.37,,,,,100.0,0.0,1,,0.32,2.63,,100.0,,Single
7540,05306360,Other OTC_PL,BRAND_NODETYPE,202612,2025-09-19,,58375.1,-52625.47,100.0,,17.09,92.89,,,,,100.0,0.0,1,,0.45,14.81,,100.0,,Single
7541,05306360,Other OTC_1377203,BRAND_MATERIAL,202612,2025-09-26,,334.53,-334.53,101.02,,0.0,0.0,,,,,100.0,0.0,1,,2.0,,,100.0,,Single
7542,05306360,Other OTC_1380400_1722,BRAND_MATERIAL_PLANT,202612,2025-10-03,,300026.49,300026.49,129.38,,0.0,0.0,,,,,100.0,0.0,1,,1.0,,,100.0,,Single
7543,05306360,Other OTC_1380400_1722,BRAND_MATERIAL_PLANT,202612,2025-10-17,,270643.71,270643.71,134.91,,0.0,0.0,,,,,100.0,0.0,1,,1.0,,,100.0,,Single
7544,05306360,Other OTC_nan,BRAND_DOSAGE_FORM_PARENT,202612,2025-10-24,,46968.79,33070.29,896.82,,13.81,88.59,,,,,100.0,0.0,1,,0.1,0.0,,100.0,,Single
7545,05306360,Other OTC_nan,BRAND_DOSAGE_FORM_PARENT,202612,2025-10-31,,30564.16,-30203.02,100.0,,13.75,2.58,,,,,100.0,0.0,1,,0.04,0.0,,100.0,,Single
7546,05306360,Other OTC_1279695,BRAND_MATERIAL,202612,2025-11-07,,26562.89,26562.89,128.32,,0.0,0.0,,,,,100.0,0.0,1,,1.0,,,100.0,,Single
7547,05306360,Other OTC_PL,BRAND_NODETYPE,202612,2025-11-14,,11025.75,-10105.62,100.0,,22.64,10.65,,,,,100.0,0.0,1,,0.19,2.78,,100.0,,Single
7548,05306360,Other OTC_PACKAGE COMPONENT,BRAND_ENTERPRISE_CATEGORY,202612,2025-11-19,,35757.38,-35208.47,158.38,,9.35,64.58,,,,,100.0,0.0,1,,0.13,0.0,,100.0,,Single
7549,05306360,Other OTC_PACKAGE COMPONENT,BRAND_ENTERPRISE_CATEGORY,202612,2025-11-21,,35468.9,-35467.54,126.24,,9.35,74.15,,,,,100.0,0.0,1,,0.16,0.0,,100.0,,Single
7550,05306360,Other OTC_nan,BRAND_DOSAGE_FORM_PARENT,202612,2025-11-28,,40766.42,36551.36,100.0,,13.01,56.23,,,,,100.0,0.0,1,,0.08,2.86,,100.0,,Single
7551,05306360,Other OTC_TABLET,BRAND_DOSAGE_FORM_PARENT,202612,2025-12-05,,76717.84,76717.84,170.28,,66.67,35.25,,,,,100.0,0.0,1,,0.67,0.0,,100.0,,Single
7552,05306360,Other OTC_PACKAGE COMPONENT,BRAND_ENTERPRISE_CATEGORY,202612,2025-12-12,,33038.68,30707.51,1127.08,,8.41,50.45,,,,,100.0,0.0,1,,0.09,0.0,,100.0,,Single
7553,05306360,Other OTC_Internal,BRAND_PLANT_TYPE,202612,2025-12-17,,136283.67,87210.03,100.0,,14.81,86.24,,,,,100.0,0.0,1,,0.26,10.0,,100.0,,Single
7554,05306360,Other OTC_nan,BRAND_DOSAGE_FORM_PARENT,202612,2025-12-19,,5989.89,-5689.05,100.0,,10.49,36.71,,,,,100.0,0.0,1,,0.06,0.0,,100.0,,Single
7555,05306360,Other OTC_HALB,BRAND_MATERIAL_TYPE,202612,2025-12-26,,79582.46,79582.46,253.37,,50.0,0.28,,,,,100.0,0.0,1,,0.5,0.0,,100.0,,Single
7556,05306360,Other OTC_1380400_1722,BRAND_MATERIAL_PLANT,202612,2026-01-02,,213962.37,-213962.37,102.84,,100.0,100.0,,,,,100.0,0.0,1,,1.0,0.0,,100.01,,Single
7557,05306360,Other OTC_HALB,BRAND_MATERIAL_TYPE,202612,2026-01-09,,1548108.64,1548108.64,149.64,,50.0,0.22,,,,,100.0,0.0,1,,0.5,0.0,,100.0,,Single
7558,05306360,Other OTC_PL,BRAND_NODETYPE,202612,2026-01-16,,2270656.21,-2202190.16,100.0,,15.72,12.68,,,,,100.0,0.0,1,,0.34,0.0,,100.0,,Single
7559,05306360,Other OTC_Internal,BRAND_PLANT_TYPE,202612,2026-01-23,,1569880.11,-1387753.49,100.0,,8.15,46.97,,,,,100.0,0.0,1,,0.31,0.0,,100.0,,Single
7560,05306360,Other OTC_nan,BRAND_DOSAGE_FORM_PARENT,202612,2026-01-30,,22396.81,-21783.79,100.0,,6.74,9.41,,,,,100.0,0.0,1,,0.07,11.11,,100.0,,Single
7561,05306360,Other OTC_nan,BRAND_DOSAGE_FORM_PARENT,202612,2026-02-06,,20671.53,-17652.58,176.68,,14.61,100.0,,,,,100.0,0.0,1,,0.1,0.0,,100.0,,Single
7562,08003500,CAMZYOS (mavacamten)_DC,BRAND_NODETYPE,202612,2025-07-25,,2821837.07,1153880.66,126.85,,94.47,100.0,,,,,100.0,0.0,1,,0.25,0.0,,100.0,,Single
7563,08003500,CAMZYOS (mavacamten)_1718,BRAND_PLANT,202612,2025-08-01,,3690220.57,3010207.79,182.41,,95.0,100.0,,,,,100.0,0.0,1,,0.42,0.0,,100.0,,Single
7564,08003500,CAMZYOS (mavacamten)_1454986_1718,BRAND_MATERIAL_PLANT,202612,2025-08-08,,2959744.8,2959744.8,129.84,,100.0,100.0,,,,,100.0,0.0,1,,1.0,0.0,,100.0,,Single
7565,08003500,CAMZYOS (mavacamten)_1454986_1718,BRAND_MATERIAL_PLANT,202612,2025-08-15,,2959744.8,-2959744.8,71.67,,100.0,100.0,,,,,100.0,0.0,1,,1.0,0.0,,100.0,,Single
7566,08003500,CAMZYOS (mavacamten)_External,BRAND_PLANT_TYPE,202612,2025-08-22,,1854986.36,884595.44,398.63,,98.17,100.0,,,,,100.0,0.0,1,,0.24,0.0,,100.0,,Single
7567,08003500,CAMZYOS (mavacamten)_1444365_1731,BRAND_MATERIAL_PLANT,202612,2025-08-29,,754055.38,-754055.38,2636.61,,0.0,0.0,,,,,100.0,0.0,1,,1.0,,,100.0,,Single
7568,08003500,CAMZYOS (mavacamten)_1461240_1610,BRAND_MATERIAL_PLANT,202612,2025-09-05,,385755.97,-385755.97,1081.73,,0.0,0.0,,,,,100.0,0.0,1,,1.0,,,100.0,,Single
7569,08003500,CAMZYOS (mavacamten)_CAPSULE,BRAND_DOSAGE_FORM_PARENT,202612,2025-09-12,,2235146.76,719491.7,170.73,,84.4,81.67,,,,,100.0,0.0,1,,0.25,0.65,,100.0,,Single
7570,08003500,CAMZYOS (mavacamten)_1444365_1731,BRAND_MATERIAL_PLANT,202612,2025-09-18,,754055.38,-754055.38,15035.42,,0.0,0.0,,,,,100.0,0.0,1,,1.0,,,100.0,,Single
7571,08003500,CAMZYOS (mavacamten)_MARKET UNIT,BRAND_ENTERPRISE_CATEGORY,202612,2025-09-19,,1947563.61,-723560.87,143.48,,81.73,50.59,,,,,113.75,-13.75,1,,0.44,2.21,,127.5,,Single
7572,08003500,CAMZYOS (mavacamten)_CAPSULE,BRAND_DOSAGE_FORM_PARENT,202612,2025-09-26,,2444770.62,848090.74,106.01,,89.4,59.88,,,,,100.0,0.0,1,,0.33,0.7,,100.0,,Single
7573,08003500,CAMZYOS (mavacamten)_1444365_2024,BRAND_MATERIAL_PLANT,202612,2025-10-03,,971833.11,971833.11,150.15,,0.0,0.0,,,,,100.0,0.0,1,,1.0,,,100.0,,Single
7574,08003500,CAMZYOS (mavacamten)_External,BRAND_PLANT_TYPE,202612,2025-10-17,,5688566.48,-2363352.84,93.67,,76.96,62.28,,,,,100.0,0.0,1,,0.5,0.0,,100.0,,Single
7575,08003500,CAMZYOS (mavacamten)_External,BRAND_PLANT_TYPE,202612,2025-10-24,,5022842.31,-3148249.26,117.04,,78.22,25.27,,,,,100.0,0.0,1,,0.66,0.63,,100.0,,Single
7576,08003500,CAMZYOS (mavacamten)_1444365_1724,BRAND_MATERIAL_PLANT,202612,2025-10-31,,1036586.18,-1036586.18,1201.18,,0.0,0.0,,,,,100.0,0.0,1,,1.0,,,100.0,,Single
7577,08003500,CAMZYOS (mavacamten)_2024,BRAND_PLANT,202612,2025-11-07,,3712639.67,-2527511.04,153.22,,85.83,80.74,,,,,100.0,0.0,1,,0.53,0.0,,100.0,,Single
7578,08003500,CAMZYOS (mavacamten)_HALB,BRAND_MATERIAL_TYPE,202612,2025-11-14,,2839452.04,2387803.68,108.33,,80.88,20.39,,,,,100.0,0.0,1,,0.59,0.0,,100.0,,Single
7579,08003500,CAMZYOS (mavacamten)_External,BRAND_PLANT_TYPE,202612,2025-11-19,,5474156.78,1733066.75,266.08,,79.59,71.1,,,,,100.0,0.0,1,,0.61,0.0,,100.0,,Single
7580,08003500,CAMZYOS (mavacamten)_T,BRAND_NODETYPE,202612,2025-11-21,,5275707.61,3977509.85,722.73,,78.21,35.31,,,,,100.0,0.0,1,,0.54,0.0,,100.0,,Single
7581,08003500,CAMZYOS (mavacamten)_DRUG PRODUCT,BRAND_ENTERPRISE_CATEGORY,202612,2025-11-28,,574255.97,408130.26,191.6,,77.5,76.07,,,,,100.0,0.0,1,,0.62,0.0,,100.0,,Single
7582,08003500,CAMZYOS (mavacamten)_Internal,BRAND_PLANT_TYPE,202612,2025-12-05,,3657066.06,1999052.91,921.21,,82.81,83.76,,,,,100.0,0.0,1,,0.67,3.02,,100.0,,Single
7583,08003500,CAMZYOS (mavacamten)_1718,BRAND_PLANT,202612,2025-12-12,,8732741.82,-8732043.92,95.19,,70.51,26.65,,,,,100.0,0.0,1,,0.51,0.0,,100.0,,Single
7584,08003500,CAMZYOS (mavacamten)_External,BRAND_PLANT_TYPE,202612,2025-12-17,,10286607.21,-6510488.02,89.98,,69.47,40.35,,,,,100.0,0.0,1,,0.92,2.27,,100.0,,Single
7585,08003500,CAMZYOS (mavacamten)_CAPSULE,BRAND_DOSAGE_FORM_PARENT,202612,2025-12-19,,6672147.52,4821583.68,105.21,,75.71,35.33,,,,,100.0,0.0,1,,0.49,1.6,,100.0,,Single
7586,08003500,CAMZYOS (mavacamten)_T,BRAND_NODETYPE,202612,2025-12-26,,2941826.54,2589828.73,153.5,,85.9,78.43,,,,,100.0,0.0,1,,0.33,0.0,,100.0,,Single
7587,08003500,CAMZYOS (mavacamten)_External,BRAND_PLANT_TYPE,202612,2026-01-02,,8094309.54,4927366.94,201.18,,90.58,81.28,,,,,-3.81,102.35,-1,,0.4,0.0,,106.16,,Single
7588,08003500,CAMZYOS (mavacamten)_HALB,BRAND_MATERIAL_TYPE,202612,2026-01-09,,2897826.13,-2809459.96,101.67,,91.43,7.21,,,,,100.0,0.0,1,,0.49,0.0,,100.0,,Single
7589,08003500,CAMZYOS (mavacamten)_1718,BRAND_PLANT,202612,2026-01-16,,599079.02,382812.08,316.32,,98.65,82.09,,,,,100.0,0.0,1,,0.18,0.0,,100.0,,Single
7590,08003500,CAMZYOS (mavacamten)_1718,BRAND_PLANT,202612,2026-01-23,,5881502.95,5862500.97,176.63,,72.97,70.31,,,,,71.79,30.0,1,,0.66,0.0,,41.79,,Single
7591,08003500,CAMZYOS (mavacamten)_DC,BRAND_NODETYPE,202612,2026-01-30,,7021962.44,-5168285.8,458.81,,73.54,29.24,,,,,100.0,0.0,1,,0.64,3.41,,100.0,,Single
7592,08003500,CAMZYOS (mavacamten)_1430003_2024,BRAND_MATERIAL_PLANT,202612,2026-02-06,,980384.35,-980384.35,121.25,,0.0,0.0,,,,,100.0,0.0,1,,3.0,,,100.0,,Single
7593,08101516, CM BCM Golcadomide_HALB,BRAND_MATERIAL_TYPE,202612,2025-11-14,,35603.79,-35603.79,100.0,,100.0,100.0,,,,,100.0,0.0,1,,0.5,0.0,,100.0,,Single
7594,08101516, CM BCM Golcadomide_HALB,BRAND_MATERIAL_TYPE,202612,2025-11-19,,35603.79,-35603.79,100.0,,100.0,100.0,,,,,100.0,0.0,1,,1.0,0.0,,100.0,,Single
7595,08101516, CM BCM Golcadomide_HALB,BRAND_MATERIAL_TYPE,202612,2025-12-12,,266998.67,-266998.67,100.0,,100.0,100.0,,,,,100.0,0.0,1,,0.5,0.0,,100.0,,Single
7596,08101516, CM BCM Golcadomide_HALB,BRAND_MATERIAL_TYPE,202612,2025-12-17,,266998.67,-266998.67,100.0,,100.0,100.0,,,,,100.0,0.0,1,,1.0,0.0,,100.0,,Single
7597,08101516, CM BCM Golcadomide_HALB,BRAND_MATERIAL_TYPE,202612,2026-01-23,,1613316.05,-1613316.05,100.0,,50.0,0.0,,,,,100.0,0.0,1,,0.5,0.0,,100.0,,Single
7598,08101516, CM BCM Golcadomide_HALB,BRAND_MATERIAL_TYPE,202612,2026-01-30,,1299184.75,-1299184.75,100.0,,50.0,0.0,,,,,100.0,0.0,1,,1.0,0.0,,100.0,,Single
7599,08101534, GPRC5D CAR-T_HALB,BRAND_MATERIAL_TYPE,202612,2025-12-12,,0.01,-0.01,100.0,,100.0,100.0,,,,,100.0,0.0,1,,1.0,0.0,,100.0,,Single
7600,08101534, GPRC5D CAR-T_HALB,BRAND_MATERIAL_TYPE,202612,2025-12-19,,0.01,-0.01,100.0,,100.0,100.0,,,,,100.0,0.0,1,,1.0,0.0,,100.0,,Single
7601,08101534, GPRC5D CAR-T_HALB,BRAND_MATERIAL_TYPE,202612,2025-12-26,,0.03,-0.03,100.0,,100.0,100.0,,,,,100.0,0.0,1,,2.0,0.0,,100.0,,Single
7602,08101534, GPRC5D CAR-T_HALB,BRAND_MATERIAL_TYPE,202612,2026-01-02,,0.04,-0.04,100.0,,100.0,100.0,,,,,100.0,0.0,1,,3.0,0.0,,100.0,,Single
7603,08101534, GPRC5D CAR-T_HALB,BRAND_MATERIAL_TYPE,202612,2026-01-09,,0.02,0.02,100.0,,100.0,100.0,,,,,100.0,0.0,1,,1.0,0.0,,100.0,,Single
7604,08101534, GPRC5D CAR-T_HALB,BRAND_MATERIAL_TYPE,202612,2026-01-16,,0.05,-0.05,100.0,,100.0,100.0,,,,,100.0,0.0,1,,1.0,0.0,,100.0,,Single
7605,08101534, GPRC5D CAR-T_HALB,BRAND_MATERIAL_TYPE,202612,2026-01-23,,0.1,0.1,100.0,,100.0,100.0,,,,,100.0,0.0,1,,1.0,0.0,,100.0,,Single
7606,08101534, GPRC5D CAR-T_HALB,BRAND_MATERIAL_TYPE,202612,2026-02-06,,0.22,0.22,100.0,,100.0,100.0,,,,,100.0,0.0,1,,1.0,0.0,,100.0,,Single
7607,08101588,CD19 NEX-T_2070,BRAND_PLANT,202612,2025-12-12,,563676.52,563676.52,100.0,,100.0,100.0,,,,,100.0,0.0,1,,0.92,0.0,,100.0,,Single
7608,08101588,CD19 NEX-T_nan,BRAND_DOSAGE_FORM_PARENT,202612,2025-12-19,,20165.94,-20165.94,100.0,,94.12,100.0,,,,,100.0,0.0,1,,0.35,0.0,,100.0,,Single
7609,08101588,CD19 NEX-T_nan,BRAND_DOSAGE_FORM_PARENT,202612,2025-12-26,,0.94,0.94,100.0,,93.1,89.37,,,,,100.0,0.0,1,,0.17,0.0,,100.0,,Single
7610,08101588,CD19 NEX-T_RAW,BRAND_MATERIAL_TYPE,202612,2026-01-02,,242183.96,241546.96,168.11,,100.0,100.0,,,,,0.0,100.64,-1,,0.58,0.0,,100.65,,Single
7611,08101588,CD19 NEX-T_2074,BRAND_PLANT,202612,2026-01-16,,21761.74,21761.74,335.51,,100.0,100.0,,,,,100.0,0.0,1,,0.5,0.0,,100.0,,Single
7612,08101588,CD19 NEX-T_1442861,BRAND_MATERIAL,202612,2026-01-23,,227171.58,227171.58,194.23,,50.0,78.37,,,,,0.0,96.63,-1,,1.0,0.0,,96.63,,Single
7613,08101588,CD19 NEX-T_1442861,BRAND_MATERIAL,202612,2026-01-30,,13870.12,-13870.12,100.0,,25.0,0.0,,,,,100.0,0.0,1,,1.0,0.0,,100.0,,Single
7614,08101588,CD19 NEX-T_2075,BRAND_PLANT,202612,2026-02-06,,190957.2,190957.2,108.62,,0.0,0.0,,,,,100.0,0.0,1,,1.0,,,100.0,,Single
7615,19621962,COBENFY (Xano-Trosp)_DC,BRAND_NODETYPE,202612,2025-07-25,,11180243.79,-11108865.41,117.13,,97.44,100.0,,,,,100.0,0.0,1,,0.26,0.0,,100.0,,Single
7616,19621962,COBENFY (Xano-Trosp)_MARKET UNIT,BRAND_ENTERPRISE_CATEGORY,202612,2025-08-01,,2143658.29,2139963.29,93.89,,100.0,100.0,,,,,100.0,0.0,1,,0.45,0.0,,100.0,,Single
7617,19621962,COBENFY (Xano-Trosp)_API,BRAND_ENTERPRISE_CATEGORY,202612,2025-08-08,,11513393.62,7908680.59,121.33,,92.31,100.0,,,,,100.0,0.0,1,,1.0,0.0,,100.0,,Single
7618,19621962,COBENFY (Xano-Trosp)_1718,BRAND_PLANT,202612,2025-08-15,,13649517.72,-13649517.71,262.47,,100.0,100.0,,,,,100.0,0.0,1,,1.0,0.0,,100.0,,Single
7619,19621962,COBENFY (Xano-Trosp)_1718,BRAND_PLANT,202612,2025-08-22,,12077057.0,12077057.0,392.34,,100.0,100.0,,,,,100.0,0.0,1,,1.0,0.0,,100.0,,Single
7620,19621962,COBENFY (Xano-Trosp)_API,BRAND_ENTERPRISE_CATEGORY,202612,2025-08-29,,15289087.47,13905516.02,116.34,,83.33,10.31,,,,,100.0,0.0,1,,0.58,0.0,,100.0,,Single
7621,19621962,COBENFY (Xano-Trosp)_API,BRAND_ENTERPRISE_CATEGORY,202612,2025-09-05,,13310653.01,13310652.82,103.98,,83.33,1.39,,,,,100.0,0.0,1,,0.5,0.0,,100.0,,Single
7622,19621962,COBENFY (Xano-Trosp)_API,BRAND_ENTERPRISE_CATEGORY,202612,2025-09-12,,13938651.06,-13938651.06,104.1,,83.33,1.79,,,,,100.0,0.0,1,,0.33,0.0,,100.0,,Single
7623,19621962,COBENFY (Xano-Trosp)_DC,BRAND_NODETYPE,202612,2025-09-18,,5438299.49,-3412859.76,337.44,,85.11,81.83,,,,,100.0,0.0,1,,0.94,0.0,,100.0,,Single
7624,19621962,COBENFY (Xano-Trosp)_2511,BRAND_PLANT,202612,2025-09-19,,15613398.08,-11346734.8,127.23,,75.76,79.33,,,,,100.0,0.0,1,,0.97,0.0,,100.0,,Single
7625,19621962,COBENFY (Xano-Trosp)_T,BRAND_NODETYPE,202612,2025-09-26,,4469553.82,4469553.82,322.07,,100.0,100.0,,,,,100.0,0.0,1,,1.0,0.0,,100.0,,Single
7626,19621962,COBENFY (Xano-Trosp)_1718,BRAND_PLANT,202612,2025-10-03,,12836744.29,10547226.79,989.91,,100.0,100.0,,,,,100.0,0.0,1,,2.0,0.0,,100.0,,Single
7627,19621962,COBENFY (Xano-Trosp)_T,BRAND_NODETYPE,202612,2025-10-17,,20176905.28,18216105.28,207.99,,66.67,74.4,,,,,100.0,0.0,1,,1.0,0.0,,100.0,,Single
7628,19621962,COBENFY (Xano-Trosp)_HALB,BRAND_MATERIAL_TYPE,202612,2025-10-24,,23839336.82,17299355.95,310.67,,46.15,5.17,,,,,100.0,0.0,1,,0.92,0.0,,100.0,,Single
7629,19621962,COBENFY (Xano-Trosp)_External,BRAND_PLANT_TYPE,202612,2025-10-31,,7603131.25,-6207878.54,134.44,,55.0,64.87,,,,,100.0,0.0,1,,0.62,0.0,,100.0,,Single
7630,19621962,COBENFY (Xano-Trosp)_MARKET UNIT,BRAND_ENTERPRISE_CATEGORY,202612,2025-11-07,,15294709.4,14886102.25,220.96,,73.17,79.37,,,,,100.0,0.0,1,,0.76,3.33,,100.0,,Single
7631,19621962,COBENFY (Xano-Trosp)_DC,BRAND_NODETYPE,202612,2025-11-14,,21113481.89,-14651656.88,132.55,,56.0,28.0,,,,,100.0,0.0,1,,0.54,0.0,,100.0,,Single
7632,19621962,COBENFY (Xano-Trosp)_HALB,BRAND_MATERIAL_TYPE,202612,2025-11-19,,44837448.7,-38511937.56,111.09,,62.96,92.21,,,,,100.0,0.0,1,,0.89,0.0,,100.0,,Single
7633,19621962,COBENFY (Xano-Trosp)_HALB,BRAND_MATERIAL_TYPE,202612,2025-11-21,,39657596.28,-31981609.04,104.79,,55.56,35.76,,,,,100.0,0.0,1,,1.0,0.0,,100.0,,Single
7634,19621962,COBENFY (Xano-Trosp)_1461221_1718,BRAND_MATERIAL_PLANT,202612,2025-11-28,,11746818.08,11746818.08,119.09,,0.0,0.0,,,,,100.0,0.0,1,,1.0,,,100.0,,Single
7635,19621962,COBENFY (Xano-Trosp)_1461221_1718,BRAND_MATERIAL_PLANT,202612,2025-12-05,,11715816.6,-11715816.6,234.01,,0.0,0.0,,,,,100.0,0.0,1,,1.0,,,100.0,,Single
7636,19621962,COBENFY (Xano-Trosp)_1460646_2511,BRAND_MATERIAL_PLANT,202612,2025-12-12,,1381979.91,-1381979.91,1870.03,,100.0,100.0,,,,,100.0,0.0,1,,1.0,0.0,,100.0,,Single
7637,19621962,COBENFY (Xano-Trosp)_HALB,BRAND_MATERIAL_TYPE,202612,2025-12-17,,7261802.01,-5029124.34,868.08,,82.14,100.0,,,,,100.0,0.0,1,,0.68,0.0,,100.0,,Single
7638,19621962,COBENFY (Xano-Trosp)_HALB,BRAND_MATERIAL_TYPE,202612,2025-12-19,,4790413.75,-4043071.46,195.98,,75.0,100.0,,,,,100.0,0.0,1,,0.57,0.0,,100.0,,Single
7639,19621962,COBENFY (Xano-Trosp)_HALB,BRAND_MATERIAL_TYPE,202612,2025-12-26,,1370429.69,1276546.33,103.31,,82.14,100.0,,,,,100.0,0.0,1,,0.46,0.0,,100.0,,Single
7640,19621962,COBENFY (Xano-Trosp)_External,BRAND_PLANT_TYPE,202612,2026-01-02,,38071239.0,-27177766.06,99.81,,74.36,94.26,,,,,-5.59,106.79,-1,,0.54,0.0,,112.39,,Single
7641,19621962,COBENFY (Xano-Trosp)_MARKET UNIT,BRAND_ENTERPRISE_CATEGORY,202612,2026-01-09,,9012241.47,9012241.47,289.92,,80.49,100.0,,,,,100.0,0.0,1,,0.22,0.0,,100.0,,Single
7642,19621962,COBENFY (Xano-Trosp)_FIN,BRAND_MATERIAL_TYPE,202612,2026-01-16,,7292688.16,6194812.8,423.87,,83.78,32.94,,,,,100.0,0.0,1,,0.43,0.0,,100.0,,Single
7643,19621962,COBENFY (Xano-Trosp)_HALB,BRAND_MATERIAL_TYPE,202612,2026-01-23,,45964866.81,-40398185.41,141.84,,66.67,97.83,,,,,43.27,61.6,0,,0.96,0.0,,18.32,,Single
7644,19621962,COBENFY (Xano-Trosp)_External,BRAND_PLANT_TYPE,202612,2026-01-30,,13225265.58,-7157648.82,103.32,,50.0,33.01,,,,,100.0,0.0,1,,1.2,0.0,,100.0,,Single
7645,19621962,COBENFY (Xano-Trosp)_1461122_1718,BRAND_MATERIAL_PLANT,202612,2026-02-06,,2869305.31,2869305.31,132.43,,100.0,100.0,,,,,100.0,0.0,1,,1.0,0.0,,100.0,,Single
7646,19951995,Opdivo SC_1455666,BRAND_MATERIAL,202612,2025-07-25,,13058535.13,-13058535.13,138.77,,100.0,100.0,,,,,100.0,0.0,1,,1.0,0.0,,100.0,,Single
7647,19951995,Opdivo SC_HALB,BRAND_MATERIAL_TYPE,202612,2025-08-01,,55349326.72,-42055630.64,219.22,,95.83,100.0,,,,,100.0,0.0,1,,0.38,0.0,,100.0,,Single
7648,19951995,Opdivo SC_API,BRAND_ENTERPRISE_CATEGORY,202612,2025-08-08,,148595737.13,139545644.41,128.17,,85.71,100.0,,,,,100.0,0.0,1,,0.71,0.0,,100.0,,Single
7649,19951995,Opdivo SC_nan,BRAND_DOSAGE_FORM_PARENT,202612,2025-08-15,,144188600.86,-135688308.76,107.36,,90.24,100.0,,,,,100.0,0.0,1,,0.51,0.0,,100.0,,Single
7650,19951995,Opdivo SC_1407906_1513,BRAND_MATERIAL_PLANT,202612,2025-08-22,,5403660.13,5403660.13,252.44,,100.0,100.0,,,,,100.0,0.0,1,,1.0,0.0,,100.0,,Single
7651,19951995,Opdivo SC_DC,BRAND_NODETYPE,202612,2025-08-29,,12806032.32,12770792.58,986.71,,63.64,100.0,,,,,100.0,0.0,1,,0.08,0.0,,100.0,,Single
7652,19951995,Opdivo SC_nan,BRAND_DOSAGE_FORM_PARENT,202612,2025-09-05,,14070159.48,-14048660.14,2048.91,,71.43,0.37,,,,,100.0,0.0,1,,0.5,0.0,,100.0,,Single
7653,19951995,Opdivo SC_1418368_1760,BRAND_MATERIAL_PLANT,202612,2025-09-12,,22798623.79,-22798623.79,38600.44,,100.0,100.0,,,,,100.0,0.0,1,,3.0,0.0,,100.0,,Single
7654,19951995,Opdivo SC_nan,BRAND_DOSAGE_FORM_PARENT,202612,2025-09-18,,44637091.26,-27285810.69,721.23,,60.47,2.27,,,,,100.0,0.0,1,,0.88,0.0,,100.0,,Single
7655,19951995,Opdivo SC_Internal,BRAND_PLANT_TYPE,202612,2025-09-19,,8820015.25,-8785117.25,990.13,,60.2,82.36,,,,,99.67,0.48,1,,0.39,1.69,,99.19,,Single
7656,19951995,Opdivo SC_1407906_1513,BRAND_MATERIAL_PLANT,202612,2025-09-26,,5403660.13,-5403660.13,209.16,,100.0,100.0,,,,,100.0,0.0,1,,1.0,0.0,,100.0,,Single
7657,19951995,Opdivo SC_INJECTION,BRAND_DOSAGE_FORM_PARENT,202612,2025-10-03,,37768511.99,-20949411.2,131.73,,60.91,61.96,,,,,100.0,0.0,1,,0.42,1.49,,100.0,,Single
7658,19951995,Opdivo SC_1457461_1749,BRAND_MATERIAL_PLANT,202612,2025-10-17,,12425568.25,-12425568.25,500.37,,100.0,100.0,,,,,100.0,0.0,1,,1.0,0.0,,100.0,,Single
7659,19951995,Opdivo SC_1455666,BRAND_MATERIAL,202612,2025-10-24,,9616631.19,9616631.19,134.14,,100.0,100.0,,,,,100.0,0.0,1,,2.0,0.0,,100.0,,Single
7660,19951995,Opdivo SC_1749,BRAND_PLANT,202612,2025-10-31,,7857905.04,-7559283.46,569.92,,60.0,22.18,,,,,100.0,0.0,1,,0.45,0.0,,100.0,,Single
7661,19951995,Opdivo SC_MARKET UNIT,BRAND_ENTERPRISE_CATEGORY,202612,2025-11-07,,25828906.93,14142523.15,99.53,,45.14,63.49,,,,,100.0,0.0,1,,0.43,0.0,,100.0,,Single
7662,19951995,Opdivo SC_INJECTION,BRAND_DOSAGE_FORM_PARENT,202612,2025-11-14,,66254584.02,-28944237.18,382.53,,44.44,60.82,,,,,100.0,0.0,1,,0.56,0.0,,100.0,,Single
7663,19951995,Opdivo SC_INJECTION,BRAND_DOSAGE_FORM_PARENT,202612,2025-11-19,,62390919.46,-40396853.47,5145.52,,44.44,49.08,,,,,100.0,0.0,1,,0.82,4.69,,100.0,,Single
7664,19951995,Opdivo SC_Internal,BRAND_PLANT_TYPE,202612,2025-11-21,,25887848.37,-18263782.67,184.39,,50.0,51.01,,,,,100.0,0.0,1,,0.3,0.0,,100.0,,Single
7665,19951995,Opdivo SC_Internal,BRAND_PLANT_TYPE,202612,2025-11-28,,14915457.66,8956103.16,665.04,,60.18,93.15,,,,,100.0,0.0,1,,0.33,0.0,,100.0,,Single
7666,19951995,Opdivo SC_1407906,BRAND_MATERIAL,202612,2025-12-05,,33191323.97,-33191323.97,129.43,,0.0,0.0,,,,,100.0,0.0,1,,1.67,,,100.0,,Single
7667,19951995,Opdivo SC_1455632_1513,BRAND_MATERIAL_PLANT,202612,2025-12-12,,3160654.79,-3160654.79,60.51,,0.0,0.0,,,,,100.0,0.0,1,,1.0,,,100.0,,Single
7668,19951995,Opdivo SC_1760,BRAND_PLANT,202612,2025-12-17,,26865322.22,-26826169.06,1799.34,,75.0,100.0,,,,,100.0,0.0,1,,1.0,0.0,,100.0,,Single
7669,19951995,Opdivo SC_HALB,BRAND_MATERIAL_TYPE,202612,2025-12-19,,75056285.23,43734956.39,132.01,,68.75,43.38,,,,,100.0,0.0,1,,0.85,0.0,,100.0,,Single
7670,19951995,Opdivo SC_1455632,BRAND_MATERIAL,202612,2025-12-26,,3349966.32,3349966.32,139.37,,0.0,0.0,,,,,100.0,0.0,1,,1.0,,,100.0,,Single
7671,19951995,Opdivo SC_INJECTION,BRAND_DOSAGE_FORM_PARENT,202612,2026-01-02,,44950685.64,-30933684.27,69.71,,58.62,92.51,,,,,-2.26,103.65,-1,,0.38,1.18,,105.91,,Dual
7672,19951995,Opdivo SC_nan,BRAND_DOSAGE_FORM_PARENT,202612,2026-01-02,,16466140.39,-13443072.71,30.29,,90.48,100.0,,,,,3.58,96.32,-1,,0.36,0.0,,92.74,,Dual
7673,19951995,Opdivo SC_1761,BRAND_PLANT,202612,2026-01-09,,13493206.21,13493206.21,218.91,,62.07,100.0,,,,,100.0,0.0,1,,0.17,5.56,,100.0,,Single
7674,19951995,Opdivo SC_1513,BRAND_PLANT,202612,2026-01-16,,6162827.66,4786750.14,871.82,,61.54,50.76,,,,,100.0,0.0,1,,1.23,12.5,,100.0,,Single
7675,19951995,Opdivo SC_INJECTION,BRAND_DOSAGE_FORM_PARENT,202612,2026-01-23,,69321955.67,-33335575.07,63.31,,52.82,79.59,,,,,34.79,89.67,0,,0.61,2.67,,54.88,,Dual
7676,19951995,Opdivo SC_nan,BRAND_DOSAGE_FORM_PARENT,202612,2026-01-23,,32192566.75,-19315637.84,36.69,,64.29,81.97,,,,,-4.47,58.24,1,,1.62,3.7,,62.7,,Dual
7677,19951995,Opdivo SC_1445646,BRAND_MATERIAL,202612,2026-01-30,,17865806.05,17865806.05,374.49,,100.0,100.0,,,,,100.0,0.0,1,,3.0,0.0,,100.0,,Single
7678,19951995,Opdivo SC_1418368_1760,BRAND_MATERIAL_PLANT,202612,2026-02-06,,11115644.44,11115644.44,83.85,,100.0,100.0,,,,,100.0,0.0,1,,1.0,0.0,,100.0,,Single
